Model_A,Model_B,W,p_value,z,r_effect,p_adj
Random Forest (All),Logistic Regression (All),677.5,3.5233957064472736e-10,6.273800652842299,0.6273800652842298,2.0153823440878405e-07
Random Forest (All),SVM (All),2329.0,0.5003662063505103,0.6739136611147221,0.0673913661114722,1.0
Random Forest (All),K-Neighbors (All),223.5,2.5062149489578493e-15,7.913316321548885,0.7913316321548886,1.927279295748586e-12
Random Forest (All),Decision Tree (All),363.5,1.0701259000357734e-13,7.431944640771496,0.7431944640771496,7.405271228247552e-11
Random Forest (All),Naive Bayes (All),63.0,2.5576939468880457e-17,8.465174529220656,0.8465174529220656,2.4400400253311955e-14
Random Forest (All),Random Forest (MW - inCV),1308.0,2.858449157217855e-05,4.184459885588887,0.4184459885588887,0.010204663491267743
Random Forest (All),Random Forest (Wilcoxon - inCV),434.0,6.497335443025256e-13,7.189616932369681,0.7189616932369681,4.294738727839694e-10
Random Forest (All),Random Forest (Kruskal - inCV),0.0,,inf,inf,
Random Forest (All),Random Forest (Chi-square - inCV),1353.5,5.625036913179746e-05,4.028012435398688,0.4028012435398688,0.019012624766547543
Random Forest (All),Random Forest (KS - inCV),1499.5,0.0004218752800389194,3.5260073377138315,0.3526007337713831,0.1240313323314423
Random Forest (All),Logistic Regression (MW - inCV),2048.0,0.10098682509144873,-1.640088221385291,-0.1640088221385291,1.0
Random Forest (All),Logistic Regression (Wilcoxon - inCV),2154.5,0.20269775269172974,1.2739031196071648,0.12739031196071648,1.0
Random Forest (All),Logistic Regression (Kruskal - inCV),677.5,3.5233957064472736e-10,6.273800652842299,0.6273800652842298,2.0153823440878405e-07
Random Forest (All),Logistic Regression (Chi-square - inCV),1814.0,0.014499173769433136,-2.444652576415928,-0.2444652576415928,1.0
Random Forest (All),Logistic Regression (KS - inCV),1944.0,0.04575104158256545,-1.9976829707261203,-0.19976829707261204,1.0
Random Forest (All),SVM (MW - inCV),47.0,1.593120599115462e-17,8.52017525784491,0.852017525784491,1.566037548930499e-14
Random Forest (All),SVM (Wilcoxon - inCV),76.0,3.750168121901122e-17,8.420457541992109,0.8420457541992109,3.4685370711255536e-14
Random Forest (All),SVM (Kruskal - inCV),2329.0,0.5003662063505103,0.6739136611147221,0.0673913661114722,1.0
Random Forest (All),SVM (Chi-square - inCV),42.0,1.3730751465304756e-17,8.537373202870253,0.8537373202870253,1.3675828459443537e-14
Random Forest (All),SVM (KS - inCV),60.0,2.3411826498645862e-17,8.475477001851372,0.8475477001851373,2.2449526078099724e-14
Random Forest (All),K-Neighbors (MW - inCV),115.0,1.167521602462096e-16,8.28637511837185,0.828637511837185,1.021581402154334e-13
Random Forest (All),K-Neighbors (Wilcoxon - inCV),117.0,1.2370784421819017e-16,8.279486223404247,0.8279486223404247,1.0774953231404364e-13
Random Forest (All),K-Neighbors (Kruskal - inCV),223.5,2.5062149489578493e-15,7.913316321548885,0.7913316321548886,1.927279295748586e-12
Random Forest (All),K-Neighbors (Chi-square - inCV),152.0,3.3738797373974887e-16,8.159150882512495,0.8159150882512496,2.796946302302518e-13
Random Forest (All),K-Neighbors (KS - inCV),93.0,6.164454944752347e-17,8.362036912411103,0.8362036912411103,5.5541739052218646e-14
Random Forest (All),Decision Tree (MW - inCV),949.0,6.000040731702688e-08,5.418799953523709,0.5418799953523709,2.754018695851534e-05
Random Forest (All),Decision Tree (Wilcoxon - inCV),124.0,1.513561252382034e-16,8.255430149050131,0.8255430149050131,1.3016626770485493e-13
Random Forest (All),Decision Tree (Kruskal - inCV),363.5,1.0701259000357734e-13,7.431944640771496,0.7431944640771496,7.405271228247552e-11
Random Forest (All),Decision Tree (Chi-square - inCV),1165.5,2.9480054831515923e-06,4.674409532542129,0.4674409532542129,0.00112908610004706
Random Forest (All),Decision Tree (KS - inCV),1086.0,7.507504934383819e-07,4.947753105746094,0.49477531057460944,0.0003107873617490377
Random Forest (All),Naive Bayes (MW - inCV),1957.5,0.051026534073113666,1.9512565574807983,0.19512565574807983,1.0
Random Forest (All),Naive Bayes (Wilcoxon - inCV),751.0,1.0632103609428091e-09,6.099619820842961,0.6099619820842961,5.868921192404307e-07
Random Forest (All),Naive Bayes (Kruskal - inCV),63.0,2.5576939468880457e-17,8.465174529220656,0.8465174529220656,2.4400400253311955e-14
Random Forest (All),Naive Bayes (Chi-square - inCV),2260.0,0.36221207567078584,0.9111581032670488,0.09111581032670488,1.0
Random Forest (All),Naive Bayes (KS - inCV),2294.5,0.5286954060202651,0.6299987439533117,0.06299987439533117,1.0
Random Forest (All),Integrated-SelectFromModel (L1-LR selector) + LR,70.5,3.189891208075128e-17,8.439393271459618,0.8439393271459619,2.972978605926019e-14
Random Forest (All),Integrated-SelectFromModel (L1-LR selector) + SVM,1978.5,0.060237655361057116,1.8790500806081403,0.18790500806081403,1.0
Random Forest (All),Integrated-SelectFromModel (L1-LR selector) + KNN,146.0,2.843605682127755e-16,8.179780846817208,0.8179780846817207,2.382941561623059e-13
Random Forest (All),Integrated-SelectFromModel (L1-LR selector) + Naive Bayes,49.0,1.6902646941643073e-17,8.513317474081898,0.8513317474081898,1.654769135586857e-14
Random Forest (All),Integrated-SelectFromModel (RF selector) + RF,1998.5,0.09628323934741896,-1.6631458726336732,-0.16631458726336731,1.0
Random Forest (All),Integrated-SelectFromModel (RF selector) + LR,250.0,5.190304424448059e-15,7.822212137938738,0.7822212137938738,3.903108927184941e-12
Random Forest (All),Integrated-SelectFromModel (RF selector) + KNN,3.0,4.265602464311227e-18,8.671474477130175,0.8671474477130175,4.38077373084763e-15
Random Forest (All),Integrated-RFECV (L1-LR) + LR,617.0,5.368408120782896e-11,6.560343190851478,0.6560343190851479,3.2156764643489546e-08
Random Forest (All),Integrated-RFECV (L1-LR) + KNN,121.0,1.388390715047386e-16,8.265732924029821,0.8265732924029822,1.2007735122620318e-13
Random Forest (All),Integrated-RFECV (L1-LR) + Naive Bayes,719.0,5.311312974646554e-10,6.209619255717476,0.6209619255717476,2.99026920472601e-07
Logistic Regression (All),SVM (All),524.5,6.0533113057054715e-12,-6.8783891788775575,-0.6878389178877558,3.837799367817269e-09
Logistic Regression (All),K-Neighbors (All),1005.5,1.74586395742865e-07,5.224542320483829,0.5224542320483829,7.646884133537486e-05
Logistic Regression (All),Decision Tree (All),1943.5,0.045566137553594996,1.9993903284897692,0.1999390328489769,1.0
Logistic Regression (All),Naive Bayes (All),99.0,7.343095847008848e-17,8.341376070589163,0.8341376070589164,6.556359173076749e-14
Logistic Regression (All),Random Forest (MW - inCV),1333.0,4.158391929104762e-05,-4.098498355096233,-0.4098498355096233,0.014429619993993524
Logistic Regression (All),Random Forest (Wilcoxon - inCV),2014.5,0.07921246671067578,-1.7552739112403228,-0.1755273911240323,1.0
Logistic Regression (All),Random Forest (Kruskal - inCV),677.5,3.5233957064472736e-10,-6.273800652842299,-0.6273800652842298,2.0153823440878405e-07
Logistic Regression (All),Random Forest (Chi-square - inCV),1311.5,3.0137797627958307e-05,-4.172422612339998,-0.4172422612339998,0.010638642562669283
Logistic Regression (All),Random Forest (KS - inCV),1259.0,1.3433269643104169e-05,-4.3529256845886986,-0.4352925684588699,0.004904743838350552
Logistic Regression (All),Logistic Regression (MW - inCV),684.0,2.4520132848583004e-10,-6.329974745470425,-0.6329974745470425,1.4246197185026726e-07
Logistic Regression (All),Logistic Regression (Wilcoxon - inCV),990.5,1.3195247368523553e-07,-5.276113370929383,-0.5276113370929383,5.885080326361505e-05
Logistic Regression (All),Logistic Regression (Kruskal - inCV),0.0,,inf,inf,
Logistic Regression (All),Logistic Regression (Chi-square - inCV),584.5,2.5220435692049816e-11,-6.672079218755426,-0.6672079218755427,1.5384465772150387e-08
Logistic Regression (All),Logistic Regression (KS - inCV),588.5,2.7695484072522187e-11,-6.658330818779772,-0.6658330818779772,1.6811158832020967e-08
Logistic Regression (All),SVM (MW - inCV),594.0,3.148674895875746e-11,6.639444519134575,0.6639444519134574,1.901799637108951e-08
Logistic Regression (All),SVM (Wilcoxon - inCV),518.0,5.1736653358855396e-12,6.900728158743694,0.6900728158743694,3.290451153623203e-09
Logistic Regression (All),SVM (Kruskal - inCV),524.5,6.0533113057054715e-12,-6.8783891788775575,-0.6878389178877558,3.837799367817269e-09
Logistic Regression (All),SVM (Chi-square - inCV),500.5,3.3804655783306855e-12,6.960924648983414,0.6960924648983414,2.1736393668666306e-09
Logistic Regression (All),SVM (KS - inCV),633.5,7.841719379360186e-11,6.5036058578476315,0.6503605857847632,4.665823030719311e-08
Logistic Regression (All),K-Neighbors (MW - inCV),1723.0,0.005823761781340258,2.757542637057256,0.27575426370572564,1.0
Logistic Regression (All),K-Neighbors (Wilcoxon - inCV),1544.5,0.0007481977087694914,3.371280000127898,0.3371280000127898,0.21398454470807454
Logistic Regression (All),K-Neighbors (Kruskal - inCV),1005.5,1.74586395742865e-07,5.224542320483829,0.5224542320483829,7.646884133537486e-05
Logistic Regression (All),K-Neighbors (Chi-square - inCV),1675.5,0.0034906522453202775,2.9208612709779613,0.29208612709779613,0.8656817568394288
Logistic Regression (All),K-Neighbors (KS - inCV),1481.5,0.0003333589568767283,3.587894625327345,0.35878946253273447,0.10134112289052541
Logistic Regression (All),Decision Tree (MW - inCV),2250.0,0.34438288748322254,-0.9455407292747964,-0.09455407292747964,1.0
Logistic Regression (All),Decision Tree (Wilcoxon - inCV),1134.0,1.7294463328499938e-06,4.782713391308421,0.47827133913084213,0.0006796724088100475
Logistic Regression (All),Decision Tree (Kruskal - inCV),1943.5,0.045566137553594996,1.9993903284897692,0.1999390328489769,1.0
Logistic Regression (All),Decision Tree (Chi-square - inCV),2038.5,0.09437676895921553,-1.6727487442996951,-0.16727487442996952,1.0
Logistic Regression (All),Decision Tree (KS - inCV),2147.5,0.19429779985952167,-1.2979695465499477,-0.12979695465499477,1.0
Logistic Regression (All),Naive Bayes (MW - inCV),1105.5,1.056914150663158e-06,-4.880734572095436,-0.48807345720954365,0.00042487948856658955
Logistic Regression (All),Naive Bayes (Wilcoxon - inCV),1965.5,0.07535349592605456,-1.7783067038460514,-0.17783067038460515,1.0
Logistic Regression (All),Naive Bayes (Kruskal - inCV),99.0,7.343095847008848e-17,8.341376070589163,0.8341376070589164,6.556359173076749e-14
Logistic Regression (All),Naive Bayes (Chi-square - inCV),885.5,1.7288308923016873e-08,-5.6371544070304305,-0.563715440703043,8.2983882830481e-06
Logistic Regression (All),Naive Bayes (KS - inCV),865.0,1.1455600575474856e-08,-5.707636109441013,-0.5707636109441012,5.727800287737428e-06
Logistic Regression (All),Integrated-SelectFromModel (L1-LR selector) + LR,10.0,5.26831977190652e-18,8.647406149874067,0.8647406149874067,5.384222806888464e-15
Logistic Regression (All),Integrated-SelectFromModel (L1-LR selector) + SVM,824.0,4.9572996143605665e-09,-5.848599201805195,-0.5848599201805195,2.5530093013956916e-06
Logistic Regression (All),Integrated-SelectFromModel (L1-LR selector) + KNN,816.5,4.244116868369072e-09,5.874386676239961,0.5874386676239961,2.2111848884202867e-06
Logistic Regression (All),Integrated-SelectFromModel (L1-LR selector) + Naive Bayes,49.0,1.6904481702255348e-17,8.513304893397803,0.8513304893397804,1.654769135586857e-14
Logistic Regression (All),Integrated-SelectFromModel (RF selector) + RF,654.5,1.2643322229898814e-10,-6.431400876079301,-0.6431400876079301,7.408986826720705e-08
Logistic Regression (All),Integrated-SelectFromModel (RF selector) + LR,780.0,1.974564488440507e-09,5.999885718489162,0.5999885718489162,1.0662648237578739e-06
Logistic Regression (All),Integrated-SelectFromModel (RF selector) + KNN,15.0,6.12472726248735e-18,8.630195357452102,0.8630195357452102,6.24074913460832e-15
Logistic Regression (All),Integrated-RFECV (L1-LR) + LR,1835.0,0.017670750967036335,2.37244589504156,0.237244589504156,1.0
Logistic Regression (All),Integrated-RFECV (L1-LR) + KNN,840.0,6.890096702406004e-09,5.793581642239173,0.5793581642239173,3.527729511631874e-06
Logistic Regression (All),Integrated-RFECV (L1-LR) + Naive Bayes,1610.5,0.001664546777840324,3.1443527160792772,0.3144352716079277,0.44609853646120684
SVM (All),K-Neighbors (All),126.0,1.6032325636866424e-16,8.248553489200859,0.8248553489200858,1.3691606093883926e-13
SVM (All),Decision Tree (All),545.5,1.0022842015229733e-11,6.806174085816216,0.6806174085816216,6.2141620494424346e-09
SVM (All),Naive Bayes (All),53.0,1.9033478145708283e-17,8.4995452935402,0.8499545293540199,1.8443440323191328e-14
SVM (All),Random Forest (MW - inCV),2098.0,0.14205889893461485,1.4681668778194106,0.14681668778194107,1.0
SVM (All),Random Forest (Wilcoxon - inCV),1310.5,2.9686514815753148e-05,4.175857864407295,0.41758578644072947,0.010538712759592367
SVM (All),Random Forest (Kruskal - inCV),2329.0,0.5003662063505103,-0.6739136611147221,-0.0673913661114722,1.0
SVM (All),Random Forest (Chi-square - inCV),2105.5,0.1491950705299452,1.4423804691340636,0.14423804691340636,1.0
SVM (All),Random Forest (KS - inCV),2145.0,0.19135937959768057,1.3065682675642347,0.13065682675642348,1.0
SVM (All),Logistic Regression (MW - inCV),2034.0,0.09136852799403297,-1.6882224877924923,-0.16882224877924923,1.0
SVM (All),Logistic Regression (Wilcoxon - inCV),2514.5,0.9712006361859252,-0.03610249088416605,-0.0036102490884166046,1.0
SVM (All),Logistic Regression (Kruskal - inCV),524.5,6.0533113057054715e-12,6.8783891788775575,0.6878389178877558,3.837799367817269e-09
SVM (All),Logistic Regression (Chi-square - inCV),1856.0,0.021433991649729978,-2.300251217668512,-0.2300251217668512,1.0
SVM (All),Logistic Regression (KS - inCV),1919.5,0.037350663093683595,-2.0819103076535774,-0.20819103076535775,1.0
SVM (All),SVM (MW - inCV),57.5,2.174221178447846e-17,8.484085357779028,0.8484085357779028,2.08942655248838e-14
SVM (All),SVM (Wilcoxon - inCV),100.0,7.559341600282153e-17,8.337943906486645,0.8337943906486645,6.70513599945027e-14
SVM (All),SVM (Kruskal - inCV),0.0,,inf,inf,
SVM (All),SVM (Chi-square - inCV),64.0,2.634541346387695e-17,8.4617236923149,0.84617236923149,2.492142471268365e-14
SVM (All),SVM (KS - inCV),125.0,1.557840387948608e-16,8.25198572188369,0.825198572188369,1.3335113720840084e-13
SVM (All),K-Neighbors (MW - inCV),419.0,4.4493251919254117e-13,7.241138872342839,0.7241138872342839,2.9765985533981004e-10
SVM (All),K-Neighbors (Wilcoxon - inCV),318.0,3.2390842730070814e-14,7.588388536748875,0.7588388536748875,2.2932716652890135e-11
SVM (All),K-Neighbors (Kruskal - inCV),126.0,1.6032325636866424e-16,8.248553489200859,0.8248553489200858,1.3691606093883926e-13
SVM (All),K-Neighbors (Chi-square - inCV),410.0,3.5402583945402904e-13,7.272067790604342,0.7272067790604342,2.386134157920156e-10
SVM (All),K-Neighbors (KS - inCV),285.0,2.1098147677994667e-14,7.643752073450154,0.7643752073450154,1.514847003280017e-11
SVM (All),Decision Tree (MW - inCV),1362.5,6.41352455075422e-05,3.9970555840374113,0.3997055584037411,0.02154944249053418
SVM (All),Decision Tree (Wilcoxon - inCV),226.0,2.6856063057638546e-15,7.904708815451147,0.7904708815451147,2.054488823909349e-12
SVM (All),Decision Tree (Kruskal - inCV),545.5,1.0022842015229733e-11,6.806174085816216,0.6806174085816216,6.2141620494424346e-09
SVM (All),Decision Tree (Chi-square - inCV),1543.0,0.000734290577150672,3.3764449755849846,0.33764449755849846,0.21147568621939355
SVM (All),Decision Tree (KS - inCV),1469.0,0.0002824633750431414,3.630873717628823,0.3630873717628823,0.08841103638850326
SVM (All),Naive Bayes (MW - inCV),2358.5,0.5669943767464136,0.5724836244458089,0.05724836244458089,1.0
SVM (All),Naive Bayes (Wilcoxon - inCV),1350.5,5.383504056324568e-05,4.038321480328864,0.40383214803288636,0.018357748832066777
SVM (All),Naive Bayes (Kruskal - inCV),53.0,1.9033478145708283e-17,8.4995452935402,0.8499545293540199,1.8443440323191328e-14
SVM (All),Naive Bayes (Chi-square - inCV),2450.5,0.797830268608584,-0.25615614719351454,-0.025615614719351455,1.0
SVM (All),Naive Bayes (KS - inCV),2392.0,0.6474545249788694,-0.45730125890590057,-0.045730125890590057,1.0
SVM (All),Integrated-SelectFromModel (L1-LR selector) + LR,19.0,6.9062884340117215e-18,8.616448424600216,0.8616448424600216,7.016789048955909e-15
SVM (All),Integrated-SelectFromModel (L1-LR selector) + SVM,181.5,0.0036183083773194884,0.0,0.0,0.8901038608205941
SVM (All),Integrated-SelectFromModel (L1-LR selector) + KNN,106.0,8.997452359022574e-17,8.31732008769357,0.831732008769357,7.926755528298887e-14
SVM (All),Integrated-SelectFromModel (L1-LR selector) + Naive Bayes,35.0,1.1147719595548441e-17,8.561428860579973,0.8561428860579973,1.1190467968067498e-14
SVM (All),Integrated-SelectFromModel (RF selector) + RF,2234.5,0.31787291619292823,-0.9988385332327395,-0.09988385332327396,1.0
SVM (All),Integrated-SelectFromModel (RF selector) + LR,168.0,5.312093957226147e-16,8.104137644366606,0.8104137644366606,4.3452928570109877e-13
SVM (All),Integrated-SelectFromModel (RF selector) + KNN,1.0,4.0161556854627e-18,8.67833190526259,0.8678331905262591,4.140189735314971e-15
SVM (All),Integrated-RFECV (L1-LR) + LR,665.0,2.659500269484925e-10,6.317429308286263,0.6317429308286263,1.5371911557622865e-07
SVM (All),Integrated-RFECV (L1-LR) + KNN,149.0,3.097733124502193e-16,8.169459828408842,0.8169459828408842,2.5835094258348287e-13
SVM (All),Integrated-RFECV (L1-LR) + Naive Bayes,736.0,7.691454230248242e-10,6.151167690187466,0.6151167690187467,4.2764485520180223e-07
K-Neighbors (All),Decision Tree (All),1683.5,0.0038115067936580946,-2.8933546315808765,-0.28933546315808767,0.9147554034778786
K-Neighbors (All),Naive Bayes (All),1484.0,0.00034452085377202716,3.5792961621942774,0.35792961621942776,0.1040452978391522
K-Neighbors (All),Random Forest (MW - inCV),455.0,1.1002748121353853e-12,-7.11734294399574,-0.711734294399574,7.217802767608127e-10
K-Neighbors (All),Random Forest (Wilcoxon - inCV),803.5,3.2374630520090396e-09,-5.919080591759487,-0.5919080591759487,1.7029055653567548e-06
K-Neighbors (All),Random Forest (Kruskal - inCV),223.5,2.5062149489578493e-15,-7.913316321548885,-0.7913316321548886,1.927279295748586e-12
K-Neighbors (All),Random Forest (Chi-square - inCV),431.0,6.027785259387459e-13,-7.199852222511833,-0.7199852222511833,4.0084771974926604e-10
K-Neighbors (All),Random Forest (KS - inCV),358.0,9.272919291801863e-14,-7.450866451998847,-0.7450866451998847,6.444678907802295e-11
K-Neighbors (All),Logistic Regression (MW - inCV),206.0,1.5427344182356265e-15,-7.973475312323277,-0.7973475312323277,1.2093884204639845e-12
K-Neighbors (All),Logistic Regression (Wilcoxon - inCV),285.0,1.3410675488191009e-14,-7.701853340424776,-0.7701853340424776,9.816614457355819e-12
K-Neighbors (All),Logistic Regression (Kruskal - inCV),1005.5,1.74586395742865e-07,-5.224542320483829,-0.5224542320483829,7.646884133537486e-05
K-Neighbors (All),Logistic Regression (Chi-square - inCV),168.0,5.312355559705196e-16,-8.10413165638032,-0.810413165638032,4.3452928570109877e-13
K-Neighbors (All),Logistic Regression (KS - inCV),173.0,6.118237096853962e-16,-8.086940032162289,-0.8086940032162289,4.955286013221352e-13
K-Neighbors (All),SVM (MW - inCV),1717.0,0.0054666602746094375,2.778166473633983,0.2778166473633983,1.0
K-Neighbors (All),SVM (Wilcoxon - inCV),1577.5,0.001122696871147999,3.2578248250450335,0.32578248250450337,0.30761894269455176
K-Neighbors (All),SVM (Kruskal - inCV),126.0,1.6032325636866424e-16,-8.248553489200859,-0.8248553489200858,1.3691606093883926e-13
K-Neighbors (All),SVM (Chi-square - inCV),1615.5,0.0017650458888077997,3.1271587558555063,0.31271587558555064,0.46420706875645135
K-Neighbors (All),SVM (KS - inCV),1740.5,0.006989002228182167,2.6973678328407305,0.269736783284073,1.0
K-Neighbors (All),K-Neighbors (MW - inCV),1691.0,0.0041364100623959045,-2.8675671571461097,-0.286756715714611,0.9637835445382458
K-Neighbors (All),K-Neighbors (Wilcoxon - inCV),1780.5,0.010472194960584411,-2.559834737476003,-0.2559834737476003,1.0
K-Neighbors (All),K-Neighbors (Kruskal - inCV),0.0,,inf,inf,
K-Neighbors (All),K-Neighbors (Chi-square - inCV),1742.5,0.007134649632097323,-2.690493166027375,-0.2690493166027375,1.0
K-Neighbors (All),K-Neighbors (KS - inCV),1958.0,0.051231797823484054,-1.9495330672683984,-0.19495330672683983,1.0
K-Neighbors (All),Decision Tree (MW - inCV),912.5,2.9512064228850403e-08,-5.544307003474942,-0.5544307003474942,1.390018225178854e-05
K-Neighbors (All),Decision Tree (Wilcoxon - inCV),2390.0,0.6425227007038453,-0.46417453982580903,-0.0464174539825809,1.0
K-Neighbors (All),Decision Tree (Kruskal - inCV),1683.5,0.0038115067936580946,-2.8933546315808765,-0.28933546315808767,0.9147554034778786
K-Neighbors (All),Decision Tree (Chi-square - inCV),792.0,2.5437471371412896e-09,-5.958621356676846,-0.5958621356676846,1.3558172240963072e-06
K-Neighbors (All),Decision Tree (KS - inCV),866.0,1.1690386181290213e-08,-5.704180915543041,-0.5704180915543041,5.821812318282526e-06
K-Neighbors (All),Naive Bayes (MW - inCV),409.0,3.4511030102304506e-13,-7.275511496275754,-0.7275511496275754,2.3329456349157845e-10
K-Neighbors (All),Naive Bayes (Wilcoxon - inCV),795.0,2.7093112642049258e-09,-5.948306374524493,-0.5948306374524492,1.4386442812928156e-06
K-Neighbors (All),Naive Bayes (Kruskal - inCV),1484.0,0.00034452085377202716,3.5792961621942774,0.35792961621942776,0.1040452978391522
K-Neighbors (All),Naive Bayes (Chi-square - inCV),285.0,1.3410675488191009e-14,-7.701853340424776,-0.7701853340424776,9.816614457355819e-12
K-Neighbors (All),Naive Bayes (KS - inCV),290.0,1.5339500347761715e-14,-7.684667381560618,-0.7684667381560618,1.1151816752822767e-11
K-Neighbors (All),Integrated-SelectFromModel (L1-LR selector) + LR,1576.5,0.001109198752937334,3.261255933516888,0.3261255933516888,0.3072116311017081
K-Neighbors (All),Integrated-SelectFromModel (L1-LR selector) + SVM,247.0,4.782259792813318e-15,-7.832509781021268,-0.7832509781021268,3.6102736530463432e-12
K-Neighbors (All),Integrated-SelectFromModel (L1-LR selector) + KNN,285.0,0.14284596404358202,0.0,0.0,1.0
K-Neighbors (All),Integrated-SelectFromModel (L1-LR selector) + Naive Bayes,1168.0,3.074032673882924e-06,4.665810260248403,0.4665810260248403,0.001168132416075511
K-Neighbors (All),Integrated-SelectFromModel (RF selector) + RF,191.0,1.0147464384053003e-15,-8.025062044099544,-0.8025062044099543,8.046939256554031e-13
K-Neighbors (All),Integrated-SelectFromModel (RF selector) + LR,2255.0,0.3532251001615734,-0.9283518234256363,-0.09283518234256363,1.0
K-Neighbors (All),Integrated-SelectFromModel (RF selector) + KNN,180.0,1.145080434821716e-15,8.010215040666253,0.8010215040666253,9.046135435091557e-13
K-Neighbors (All),Integrated-RFECV (L1-LR) + LR,1570.0,0.0010248842991594004,-3.28360507802702,-0.328360507802702,0.2879924880637915
K-Neighbors (All),Integrated-RFECV (L1-LR) + KNN,2197.0,0.4181073015786999,0.8097092480074515,0.08097092480074515,1.0
K-Neighbors (All),Integrated-RFECV (L1-LR) + Naive Bayes,2017.0,0.08069476711764395,-1.7466690205520583,-0.17466690205520582,1.0
Decision Tree (All),Naive Bayes (All),875.0,1.401249829740757e-08,5.673235991950584,0.5673235991950584,6.865788005932441e-06
Decision Tree (All),Random Forest (MW - inCV),791.5,2.5170606995738885e-09,-5.9603449243558515,-0.5960344924355852,1.3466274742720304e-06
Decision Tree (All),Random Forest (Wilcoxon - inCV),1479.0,0.0003225328400872348,-3.5964957585559736,-0.35964957585559737,0.09901758190678109
Decision Tree (All),Random Forest (Kruskal - inCV),363.5,1.0701259000357734e-13,-7.431944640771496,-0.7431944640771496,7.405271228247552e-11
Decision Tree (All),Random Forest (Chi-square - inCV),758.0,1.2358311828241377e-09,-6.075524487736866,-0.6075524487736865,6.797071505532757e-07
Decision Tree (All),Random Forest (KS - inCV),725.0,6.054768350718949e-10,-6.188998437285613,-0.6188998437285613,3.390670276402612e-07
Decision Tree (All),Logistic Regression (MW - inCV),322.5,3.649381155302425e-14,-7.572916063520344,-0.7572916063520344,2.5728137144882095e-11
Decision Tree (All),Logistic Regression (Wilcoxon - inCV),545.0,9.904176684925045e-12,-6.807888220554043,-0.6807888220554043,6.160397898023378e-09
Decision Tree (All),Logistic Regression (Kruskal - inCV),1943.5,0.045566137553594996,-1.9993903284897692,-0.1999390328489769,1.0
Decision Tree (All),Logistic Regression (Chi-square - inCV),261.0,7.0062856931374904e-15,-7.784367445924922,-0.7784367445924922,5.2196828413874305e-12
Decision Tree (All),Logistic Regression (KS - inCV),272.0,9.44216564806221e-15,-7.746551596418314,-0.7746551596418314,6.987202579566036e-12
Decision Tree (All),SVM (MW - inCV),1121.0,1.3831902112075882e-06,4.827411647301958,0.48274116473019585,0.0005518928942718277
Decision Tree (All),SVM (Wilcoxon - inCV),1000.5,1.5907460439591668e-07,5.241733970107007,0.5241733970107008,7.031097514299517e-05
Decision Tree (All),SVM (Kruskal - inCV),545.5,1.0022842015229733e-11,-6.806174085816216,-0.6806174085816216,6.2141620494424346e-09
Decision Tree (All),SVM (Chi-square - inCV),1038.5,3.203266464395375e-07,5.111077432970853,0.5111077432970853,0.00013549817144392436
Decision Tree (All),SVM (KS - inCV),1131.5,1.6569653705498545e-06,4.791309209768717,0.4791309209768717,0.0006561582867377424
Decision Tree (All),K-Neighbors (MW - inCV),2480.0,0.8770383312474567,-0.15472473228531908,-0.015472473228531907,1.0
Decision Tree (All),K-Neighbors (Wilcoxon - inCV),2248.0,0.34088498720784577,0.9524180928489526,0.09524180928489526,1.0
Decision Tree (All),K-Neighbors (Kruskal - inCV),1683.5,0.0038115067936580946,2.8933546315808765,0.28933546315808767,0.9147554034778786
Decision Tree (All),K-Neighbors (Chi-square - inCV),2403.0,0.6748685607674054,-0.4194756309199826,-0.041947563091998256,1.0
Decision Tree (All),K-Neighbors (KS - inCV),2129.0,0.17333121448950595,1.3615776441108085,0.13615776441108085,1.0
Decision Tree (All),Decision Tree (MW - inCV),1452.5,0.00022637127376293206,-3.6876088441717054,-0.36876088441717053,0.07243880760413826
Decision Tree (All),Decision Tree (Wilcoxon - inCV),1420.0,0.00014507341488223058,3.799354566722363,0.37993545667223627,0.04729393325160717
Decision Tree (All),Decision Tree (Kruskal - inCV),0.0,,inf,inf,
Decision Tree (All),Decision Tree (Chi-square - inCV),1150.5,2.290070741555878e-06,-4.725980989470472,-0.4725980989470472,0.0008908375184652366
Decision Tree (All),Decision Tree (KS - inCV),1276.0,1.7510543599430172e-05,-4.294477248983183,-0.4294477248983183,0.006321306239394292
Decision Tree (All),Naive Bayes (MW - inCV),717.5,5.139767314249976e-10,-6.214776746793653,-0.6214776746793653,2.9039685325512365e-07
Decision Tree (All),Naive Bayes (Wilcoxon - inCV),1457.0,0.00024053638284954242,-3.6721309329716516,-0.36721309329716517,0.07625003336330495
Decision Tree (All),Naive Bayes (Kruskal - inCV),875.0,1.401249829740757e-08,5.673235991950584,0.5673235991950584,6.865788005932441e-06
Decision Tree (All),Naive Bayes (Chi-square - inCV),542.0,9.217972669668928e-12,-6.818213278409651,-0.681821327840965,5.76123291854308e-09
Decision Tree (All),Naive Bayes (KS - inCV),529.0,6.747577489046266e-12,-6.862901458699935,-0.6862901458699935,4.237478663121055e-09
Decision Tree (All),Integrated-SelectFromModel (L1-LR selector) + LR,1011.0,1.9334197539194187e-07,5.205627659554961,0.5205627659554961,8.371707534471083e-05
Decision Tree (All),Integrated-SelectFromModel (L1-LR selector) + SVM,813.0,3.9466942854531636e-09,-5.886412132254182,-0.5886412132254182,2.0641211112920048e-06
Decision Tree (All),Integrated-SelectFromModel (L1-LR selector) + KNN,1467.5,0.00027686791706136714,3.636033895302171,0.3636033895302171,0.08721339387433065
Decision Tree (All),Integrated-SelectFromModel (L1-LR selector) + Naive Bayes,694.0,3.062392464844995e-10,6.295586743705533,0.6295586743705532,1.7578132748210272e-07
Decision Tree (All),Integrated-SelectFromModel (RF selector) + RF,298.0,1.9010539917799166e-14,-7.657149426711485,-0.7657149426711485,1.3744620360568797e-11
Decision Tree (All),Integrated-SelectFromModel (RF selector) + LR,1888.0,0.0285087982770462,2.1902129253772857,0.21902129253772856,1.0
Decision Tree (All),Integrated-SelectFromModel (RF selector) + KNN,138.0,2.262528715891485e-16,8.207281401688514,0.8207281401688513,1.9140992936441966e-13
Decision Tree (All),Integrated-RFECV (L1-LR) + LR,2287.5,0.4141554808994107,-0.8166027537280734,-0.08166027537280734,1.0
Decision Tree (All),Integrated-RFECV (L1-LR) + KNN,1363.5,6.507287525679386e-05,3.9936172566532933,0.39936172566532935,0.021669267460512353
Decision Tree (All),Integrated-RFECV (L1-LR) + Naive Bayes,2439.0,0.7674623006604582,-0.2956959365501517,-0.02956959365501517,1.0
Naive Bayes (All),Random Forest (MW - inCV),188.0,9.329158018986396e-16,-8.03537703387345,-0.803537703387345,7.435338941132158e-13
Naive Bayes (All),Random Forest (Wilcoxon - inCV),312.0,2.7613717272752885e-14,-7.609040989788558,-0.7609040989788558,1.971619413274556e-11
Naive Bayes (All),Random Forest (Kruskal - inCV),63.0,2.5576939468880457e-17,-8.465174529220656,-0.8465174529220656,2.4400400253311955e-14
Naive Bayes (All),Random Forest (Chi-square - inCV),176.0,6.658061666306976e-16,-8.07663102529366,-0.8076631025293659,5.353081579710808e-13
Naive Bayes (All),Random Forest (KS - inCV),175.0,6.472361242414471e-16,-8.080081293122886,-0.8080081293122886,5.216723161386063e-13
Naive Bayes (All),Logistic Regression (MW - inCV),46.0,1.5464256185349574e-17,-8.52361988317171,-0.852361988317171,1.523229234256933e-14
Naive Bayes (All),Logistic Regression (Wilcoxon - inCV),78.0,3.976797993175688e-17,-8.413580892304894,-0.8413580892304895,3.658654153721633e-14
Naive Bayes (All),Logistic Regression (Kruskal - inCV),99.0,7.343095847008848e-17,-8.341376070589163,-0.8341376070589164,6.556359173076749e-14
Naive Bayes (All),Logistic Regression (Chi-square - inCV),44.0,1.4572088793000763e-17,-8.530496543020982,-0.8530496543020982,1.4411795816277754e-14
Naive Bayes (All),Logistic Regression (KS - inCV),42.0,1.3731500834606288e-17,-8.537366894765498,-0.8537366894765498,1.3675828459443537e-14
Naive Bayes (All),SVM (MW - inCV),2105.0,0.14871125075272015,-1.4440985683469616,-0.14440985683469615,1.0
Naive Bayes (All),SVM (Wilcoxon - inCV),2304.0,0.4473324208168965,-0.7598697904370176,-0.07598697904370176,1.0
Naive Bayes (All),SVM (Kruskal - inCV),53.0,1.9033478145708283e-17,-8.4995452935402,-0.8499545293540199,1.8443440323191328e-14
Naive Bayes (All),SVM (Chi-square - inCV),2234.5,0.317873988923964,-0.9988363191521774,-0.09988363191521774,1.0
Naive Bayes (All),SVM (KS - inCV),2186.0,0.24377869777154315,-1.1655938444514762,-0.11655938444514762,1.0
Naive Bayes (All),K-Neighbors (MW - inCV),861.5,1.0673892748168855e-08,-5.719657603480632,-0.5719657603480632,5.3689680523289346e-06
Naive Bayes (All),K-Neighbors (Wilcoxon - inCV),842.0,7.177500057686207e-09,-5.786717814571823,-0.5786717814571822,3.6533475293622796e-06
Naive Bayes (All),K-Neighbors (Kruskal - inCV),1484.0,0.00034452085377202716,-3.5792961621942774,-0.35792961621942776,0.1040452978391522
Naive Bayes (All),K-Neighbors (Chi-square - inCV),881.5,1.5961823586633986e-08,-5.650891055798267,-0.5650891055798267,7.709560792344215e-06
Naive Bayes (All),K-Neighbors (KS - inCV),979.0,1.0627255151103879e-07,-5.315658063486674,-0.5315658063486673,4.803519328298953e-05
Naive Bayes (All),Decision Tree (MW - inCV),406.0,3.1971698402869067e-13,-7.2858211103028845,-0.7285821110302885,2.1708783215548096e-10
Naive Bayes (All),Decision Tree (Wilcoxon - inCV),1548.5,0.0007864315036625076,-3.357526690591425,-0.3357526690591425,0.22334654704015217
Naive Bayes (All),Decision Tree (Kruskal - inCV),875.0,1.401249829740757e-08,-5.673235991950584,-0.5673235991950584,6.865788005932441e-06
Naive Bayes (All),Decision Tree (Chi-square - inCV),315.5,3.031111645650427e-14,-7.5969843552091705,-0.7596984355209171,2.152089268411803e-11
Naive Bayes (All),Decision Tree (KS - inCV),373.0,1.369299546879079e-13,-7.399275063441004,-0.7399275063441004,9.379701896121691e-11
Naive Bayes (All),Naive Bayes (MW - inCV),74.0,3.536288390303153e-17,-8.427334191679323,-0.8427334191679323,3.281675626201326e-14
Naive Bayes (All),Naive Bayes (Wilcoxon - inCV),232.0,3.1684934549908844e-15,-7.884084691783042,-0.7884084691783042,2.411223519248063e-12
Naive Bayes (All),Naive Bayes (Kruskal - inCV),0.0,,inf,inf,
Naive Bayes (All),Naive Bayes (Chi-square - inCV),50.0,1.7415252083634357e-17,-8.509853987925876,-0.8509853987925876,1.6978950026291046e-14
Naive Bayes (All),Naive Bayes (KS - inCV),50.0,1.7414307719272868e-17,-8.509860275692551,-0.8509860275692551,1.6978950026291046e-14
Naive Bayes (All),Integrated-SelectFromModel (L1-LR selector) + LR,2144.5,0.19077681811835534,-1.3082845363238544,-0.13082845363238543,1.0
Naive Bayes (All),Integrated-SelectFromModel (L1-LR selector) + SVM,84.0,4.7408945782600864e-17,-8.392950943243257,-0.8392950943243257,4.314214066216679e-14
Naive Bayes (All),Integrated-SelectFromModel (L1-LR selector) + KNN,1686.0,0.003917162928199868,-2.8847566752751725,-0.28847566752751724,0.9205332881269689
Naive Bayes (All),Integrated-SelectFromModel (L1-LR selector) + Naive Bayes,61.0,4.407167742928806e-06,0.0,0.0,0.00166150223908416
Naive Bayes (All),Integrated-SelectFromModel (RF selector) + RF,48.0,1.6412062569258175e-17,-8.51673063761309,-0.851673063761309,1.610023338044227e-14
Naive Bayes (All),Integrated-SelectFromModel (RF selector) + LR,982.0,1.1246128094267259e-07,-5.305343073712765,-0.5305343073712765,5.0495115143259995e-05
Naive Bayes (All),Integrated-SelectFromModel (RF selector) + KNN,1086.0,7.507504934383819e-07,4.947753105746094,0.49477531057460944,0.0003107873617490377
Naive Bayes (All),Integrated-RFECV (L1-LR) + LR,761.0,1.317780812894983e-09,-6.065213987057238,-0.6065213987057237,7.221438854664507e-07
Naive Bayes (All),Integrated-RFECV (L1-LR) + KNN,1757.5,0.008317104252523903,-2.63891821715784,-0.263891821715784,1.0
Naive Bayes (All),Integrated-RFECV (L1-LR) + Naive Bayes,1030.0,7.611824048209433e-07,-4.9450655667501024,-0.49450655667501026,0.0003113236035717658
Random Forest (MW - inCV),Random Forest (Wilcoxon - inCV),841.0,7.030668968469228e-09,5.790190375921328,0.5790190375921328,3.5856411739193062e-06
Random Forest (MW - inCV),Random Forest (Kruskal - inCV),1308.0,2.858449157217855e-05,-4.184459885588887,-0.4184459885588887,0.010204663491267743
Random Forest (MW - inCV),Random Forest (Chi-square - inCV),2286.5,0.41218543475753444,-0.8200538055757454,-0.08200538055757453,1.0
Random Forest (MW - inCV),Random Forest (KS - inCV),2239.0,0.41010099513418274,-0.8237159136147175,-0.08237159136147175,1.0
Random Forest (MW - inCV),Logistic Regression (MW - inCV),1086.0,7.50694110504922e-07,-4.947767729012985,-0.4947767729012985,0.0003107873617490377
Random Forest (MW - inCV),Logistic Regression (Wilcoxon - inCV),1704.0,0.010567127351670775,-2.556696815918495,-0.2556696815918495,1.0
Random Forest (MW - inCV),Logistic Regression (Kruskal - inCV),1333.0,4.158391929104762e-05,4.098498355096233,0.4098498355096233,0.014429619993993524
Random Forest (MW - inCV),Logistic Regression (Chi-square - inCV),835.0,6.217057894934149e-09,-5.8108119207723385,-0.5810811920772339,3.1893507001012185e-06
Random Forest (MW - inCV),Logistic Regression (KS - inCV),898.0,2.216572002818759e-08,-5.594187588105622,-0.5594187588105621,1.0506551293360918e-05
Random Forest (MW - inCV),SVM (MW - inCV),119.0,1.3105159989297636e-16,8.272615686188397,0.8272615686188397,1.1349068550731753e-13
Random Forest (MW - inCV),SVM (Wilcoxon - inCV),152.0,3.3738797373974887e-16,8.159150882512495,0.8159150882512496,2.796946302302518e-13
Random Forest (MW - inCV),SVM (Kruskal - inCV),2098.0,0.14205889893461485,-1.4681668778194106,-0.14681668778194107,1.0
Random Forest (MW - inCV),SVM (Chi-square - inCV),72.0,3.334095720080036e-17,8.434223305131184,0.8434223305131183,3.0973749239543533e-14
Random Forest (MW - inCV),SVM (KS - inCV),123.0,1.4705985781821357e-16,8.258868478974765,0.8258868478974766,1.2661853758148187e-13
Random Forest (MW - inCV),K-Neighbors (MW - inCV),282.0,1.2369783442859362e-14,7.7121683225771305,0.7712168322577131,9.091790830501632e-12
Random Forest (MW - inCV),K-Neighbors (Wilcoxon - inCV),272.5,9.570366916253549e-15,7.744838155241741,0.7744838155241741,7.062930784195119e-12
Random Forest (MW - inCV),K-Neighbors (Kruskal - inCV),455.0,1.1002748121353853e-12,7.11734294399574,0.711734294399574,7.217802767608127e-10
Random Forest (MW - inCV),K-Neighbors (Chi-square - inCV),290.0,1.5340180665174975e-14,7.684661703504184,0.7684661703504184,1.1151816752822767e-11
Random Forest (MW - inCV),K-Neighbors (KS - inCV),172.0,5.947675673336121e-16,8.090384334830132,0.8090384334830132,4.823564971075594e-13
Random Forest (MW - inCV),Decision Tree (MW - inCV),1380.0,8.25431894205227e-05,3.9368935815120247,0.3936893581512025,0.027321795698193013
Random Forest (MW - inCV),Decision Tree (Wilcoxon - inCV),202.0,1.3799942349902587e-15,7.987234513306586,0.7987234513306586,1.0846754687023434e-12
Random Forest (MW - inCV),Decision Tree (Kruskal - inCV),791.5,2.5170606995738885e-09,5.9603449243558515,0.5960344924355852,1.3466274742720304e-06
Random Forest (MW - inCV),Decision Tree (Chi-square - inCV),1683.5,0.0038114808478244945,2.893356769431025,0.28933567694310247,0.9147554034778786
Random Forest (MW - inCV),Decision Tree (KS - inCV),1642.0,0.0023970689635707514,3.0360408369044642,0.30360408369044645,0.6160467236376831
Random Forest (MW - inCV),Naive Bayes (MW - inCV),2062.5,0.14993782743780282,-1.4397511106773853,-0.14397511106773853,1.0
Random Forest (MW - inCV),Naive Bayes (Wilcoxon - inCV),1599.0,0.0014530609646736213,3.183898215266493,0.3183898215266493,0.3908733994972041
Random Forest (MW - inCV),Naive Bayes (Kruskal - inCV),188.0,9.329158018986396e-16,8.03537703387345,0.803537703387345,7.435338941132158e-13
Random Forest (MW - inCV),Naive Bayes (Chi-square - inCV),1737.0,0.009999698192454663,-2.575839739820188,-0.2575839739820188,1.0
Random Forest (MW - inCV),Naive Bayes (KS - inCV),1704.5,0.004784906799377049,-2.8211684638223438,-0.2821168463822344,1.0
Random Forest (MW - inCV),Integrated-SelectFromModel (L1-LR selector) + LR,186.0,8.819249297031816e-16,8.042265578302729,0.8042265578302729,7.046580188328421e-13
Random Forest (MW - inCV),Integrated-SelectFromModel (L1-LR selector) + SVM,2381.5,0.6217297392201836,0.49340034418521195,0.049340034418521195,1.0
Random Forest (MW - inCV),Integrated-SelectFromModel (L1-LR selector) + KNN,327.0,4.110505581041374e-14,7.557449174349099,0.7557449174349099,2.889685423472086e-11
Random Forest (MW - inCV),Integrated-SelectFromModel (L1-LR selector) + Naive Bayes,157.0,3.8893217843757656e-16,8.141959245591904,0.8141959245591904,3.2048011503256307e-13
Random Forest (MW - inCV),Integrated-SelectFromModel (RF selector) + RF,1088.0,7.776198566757954e-07,-4.940902006212524,-0.4940902006212524,0.00031649128166704875
Random Forest (MW - inCV),Integrated-SelectFromModel (RF selector) + LR,549.5,1.1024819524279646e-11,6.79244586024536,0.679244586024536,6.7912888269562615e-09
Random Forest (MW - inCV),Integrated-SelectFromModel (RF selector) + KNN,23.0,7.786562267157256e-18,8.602695115063746,0.8602695115063745,7.895574138897458e-15
Random Forest (MW - inCV),Integrated-RFECV (L1-LR) + LR,942.0,8.765620144343926e-08,5.3506142297783725,0.5350614229778372,3.9883571656764864e-05
Random Forest (MW - inCV),Integrated-RFECV (L1-LR) + KNN,257.0,6.2835872740427154e-15,7.7981207452993475,0.7798120745299347,4.700123280983951e-12
Random Forest (MW - inCV),Integrated-RFECV (L1-LR) + Naive Bayes,1027.0,2.5963447446667405e-07,5.150614421409069,0.515061442140907,0.00011034465164833647
Random Forest (Wilcoxon - inCV),Random Forest (Kruskal - inCV),434.0,6.497335443025256e-13,-7.189616932369681,-0.7189616932369681,4.294738727839694e-10
Random Forest (Wilcoxon - inCV),Random Forest (Chi-square - inCV),869.5,1.25414847678582e-08,-5.692197249012921,-0.569219724901292,6.195493475321951e-06
Random Forest (Wilcoxon - inCV),Random Forest (KS - inCV),866.5,1.1806313708409044e-08,-5.702499674406679,-0.5702499674406679,5.855931599370886e-06
Random Forest (Wilcoxon - inCV),Logistic Regression (MW - inCV),501.5,3.46448153959856e-12,-6.957465743248577,-0.6957465743248578,2.220732666882677e-09
Random Forest (Wilcoxon - inCV),Logistic Regression (Wilcoxon - inCV),783.0,2.103669969793295e-09,-5.98959285676913,-0.598959285676913,1.1296707737789994e-06
Random Forest (Wilcoxon - inCV),Logistic Regression (Kruskal - inCV),2014.5,0.07921246671067578,1.7552739112403228,0.1755273911240323,1.0
Random Forest (Wilcoxon - inCV),Logistic Regression (Chi-square - inCV),364.0,1.0840821565852752e-13,-7.430230967137581,-0.7430230967137581,7.458485237306693e-11
Random Forest (Wilcoxon - inCV),Logistic Regression (KS - inCV),386.0,1.915095279515426e-13,-7.354593142974403,-0.7354593142974404,1.3060949806295205e-10
Random Forest (Wilcoxon - inCV),SVM (MW - inCV),337.5,5.4214866676094556e-14,7.521346710140424,0.7521346710140424,3.7841976939914e-11
Random Forest (Wilcoxon - inCV),SVM (Wilcoxon - inCV),333.0,4.815116250988497e-14,7.536835901317902,0.7536835901317902,3.3657662594409595e-11
Random Forest (Wilcoxon - inCV),SVM (Kruskal - inCV),1310.5,2.9686514815753148e-05,-4.175857864407295,-0.41758578644072947,0.010538712759592367
Random Forest (Wilcoxon - inCV),SVM (Chi-square - inCV),283.0,1.2706460131142384e-14,7.708741386885746,0.7708741386885747,9.313835276127368e-12
Random Forest (Wilcoxon - inCV),SVM (KS - inCV),313.0,2.836039593351179e-14,7.605591412930988,0.7605591412930988,2.0192601904660393e-11
Random Forest (Wilcoxon - inCV),K-Neighbors (MW - inCV),853.0,8.983700483299091e-09,5.748879138509925,0.5748879138509925,4.527785043582742e-06
Random Forest (Wilcoxon - inCV),K-Neighbors (Wilcoxon - inCV),714.5,4.812602270190663e-10,6.225096328552795,0.6225096328552795,2.723932884927915e-07
Random Forest (Wilcoxon - inCV),K-Neighbors (Kruskal - inCV),803.5,3.2374630520090396e-09,5.919080591759487,0.5919080591759487,1.7029055653567548e-06
Random Forest (Wilcoxon - inCV),K-Neighbors (Chi-square - inCV),875.0,1.4011812257004981e-08,5.673244375648777,0.5673244375648777,6.865788005932441e-06
Random Forest (Wilcoxon - inCV),K-Neighbors (KS - inCV),597.0,3.3776192572875705e-11,6.629090298473167,0.6629090298473167,2.0333267928871176e-08
Random Forest (Wilcoxon - inCV),Decision Tree (MW - inCV),2333.0,0.7430771569640123,-0.32778112857354674,-0.03277811285735467,1.0
Random Forest (Wilcoxon - inCV),Decision Tree (Wilcoxon - inCV),459.5,1.2307489818864089e-12,7.1018757067852425,0.7101875706785242,8.012175872080522e-10
Random Forest (Wilcoxon - inCV),Decision Tree (Kruskal - inCV),1479.0,0.0003225328400872348,3.5964957585559736,0.35964957585559737,0.09901758190678109
Random Forest (Wilcoxon - inCV),Decision Tree (Chi-square - inCV),2355.0,0.6753357240439102,-0.4188363678449673,-0.04188363678449673,1.0
Random Forest (Wilcoxon - inCV),Decision Tree (KS - inCV),2447.5,0.7898765194190633,-0.2664709629407702,-0.026647096294077022,1.0
Random Forest (Wilcoxon - inCV),Naive Bayes (MW - inCV),1157.0,2.5555214001358506e-06,-4.703649238689892,-0.4703649238689892,0.000988986781852574
Random Forest (Wilcoxon - inCV),Naive Bayes (Wilcoxon - inCV),2402.5,0.67361102815749,-0.4211972830626543,-0.04211972830626543,1.0
Random Forest (Wilcoxon - inCV),Naive Bayes (Kruskal - inCV),312.0,2.7613717272752885e-14,7.609040989788558,0.7609040989788558,1.971619413274556e-11
Random Forest (Wilcoxon - inCV),Naive Bayes (Chi-square - inCV),818.5,4.4229579036365465e-09,-5.8675446998804714,-0.5867544699880471,2.2955151519873676e-06
Random Forest (Wilcoxon - inCV),Naive Bayes (KS - inCV),772.5,1.6838862418180423e-09,-6.025691002049733,-0.6025691002049733,9.160341155490151e-07
Random Forest (Wilcoxon - inCV),Integrated-SelectFromModel (L1-LR selector) + LR,331.0,4.5687496558876386e-14,7.543684706872474,0.7543684706872474,3.202693508777235e-11
Random Forest (Wilcoxon - inCV),Integrated-SelectFromModel (L1-LR selector) + SVM,1645.5,0.0024944722949849056,-3.02401116871703,-0.302401116871703,0.6360904352211509
Random Forest (Wilcoxon - inCV),Integrated-SelectFromModel (L1-LR selector) + KNN,650.0,1.1418828146523043e-10,6.446863845221632,0.6446863845221632,6.71427095015555e-08
Random Forest (Wilcoxon - inCV),Integrated-SelectFromModel (L1-LR selector) + Naive Bayes,262.5,7.297222583493055e-15,7.779221454488096,0.7779221454488096,5.42183637953534e-12
Random Forest (Wilcoxon - inCV),Integrated-SelectFromModel (RF selector) + RF,343.0,6.264000204975267e-14,-7.502441438976228,-0.7502441438976228,4.366008142867761e-11
Random Forest (Wilcoxon - inCV),Integrated-SelectFromModel (RF selector) + LR,898.0,2.2169416412571883e-08,5.594158653960316,0.5594158653960316,1.0506551293360918e-05
Random Forest (Wilcoxon - inCV),Integrated-SelectFromModel (RF selector) + KNN,35.0,1.1145884430346113e-17,8.561447838245096,0.8561447838245095,1.1190467968067498e-14
Random Forest (Wilcoxon - inCV),Integrated-RFECV (L1-LR) + LR,1648.5,0.0025808612038916963,3.013696178943124,0.3013696178943124,0.6555387457884909
Random Forest (Wilcoxon - inCV),Integrated-RFECV (L1-LR) + KNN,703.5,3.778506531634551e-10,6.262913330171307,0.6262913330171307,2.146191709968425e-07
Random Forest (Wilcoxon - inCV),Integrated-RFECV (L1-LR) + Naive Bayes,1522.5,0.0005669990463162929,3.4469282963215706,0.3446928296321571,0.16499672247804123
Random Forest (Kruskal - inCV),Random Forest (Chi-square - inCV),1353.5,5.625036913179746e-05,4.028012435398688,0.4028012435398688,0.019012624766547543
Random Forest (Kruskal - inCV),Random Forest (KS - inCV),1499.5,0.0004218752800389194,3.5260073377138315,0.3526007337713831,0.1240313323314423
Random Forest (Kruskal - inCV),Logistic Regression (MW - inCV),2048.0,0.10098682509144873,-1.640088221385291,-0.1640088221385291,1.0
Random Forest (Kruskal - inCV),Logistic Regression (Wilcoxon - inCV),2154.5,0.20269775269172974,1.2739031196071648,0.12739031196071648,1.0
Random Forest (Kruskal - inCV),Logistic Regression (Kruskal - inCV),677.5,3.5233957064472736e-10,6.273800652842299,0.6273800652842298,2.0153823440878405e-07
Random Forest (Kruskal - inCV),Logistic Regression (Chi-square - inCV),1814.0,0.014499173769433136,-2.444652576415928,-0.2444652576415928,1.0
Random Forest (Kruskal - inCV),Logistic Regression (KS - inCV),1944.0,0.04575104158256545,-1.9976829707261203,-0.19976829707261204,1.0
Random Forest (Kruskal - inCV),SVM (MW - inCV),47.0,1.593120599115462e-17,8.52017525784491,0.852017525784491,1.566037548930499e-14
Random Forest (Kruskal - inCV),SVM (Wilcoxon - inCV),76.0,3.750168121901122e-17,8.420457541992109,0.8420457541992109,3.4685370711255536e-14
Random Forest (Kruskal - inCV),SVM (Kruskal - inCV),2329.0,0.5003662063505103,0.6739136611147221,0.0673913661114722,1.0
Random Forest (Kruskal - inCV),SVM (Chi-square - inCV),42.0,1.3730751465304756e-17,8.537373202870253,0.8537373202870253,1.3675828459443537e-14
Random Forest (Kruskal - inCV),SVM (KS - inCV),60.0,2.3411826498645862e-17,8.475477001851372,0.8475477001851373,2.2449526078099724e-14
Random Forest (Kruskal - inCV),K-Neighbors (MW - inCV),115.0,1.167521602462096e-16,8.28637511837185,0.828637511837185,1.021581402154334e-13
Random Forest (Kruskal - inCV),K-Neighbors (Wilcoxon - inCV),117.0,1.2370784421819017e-16,8.279486223404247,0.8279486223404247,1.0774953231404364e-13
Random Forest (Kruskal - inCV),K-Neighbors (Kruskal - inCV),223.5,2.5062149489578493e-15,7.913316321548885,0.7913316321548886,1.927279295748586e-12
Random Forest (Kruskal - inCV),K-Neighbors (Chi-square - inCV),152.0,3.3738797373974887e-16,8.159150882512495,0.8159150882512496,2.796946302302518e-13
Random Forest (Kruskal - inCV),K-Neighbors (KS - inCV),93.0,6.164454944752347e-17,8.362036912411103,0.8362036912411103,5.5541739052218646e-14
Random Forest (Kruskal - inCV),Decision Tree (MW - inCV),949.0,6.000040731702688e-08,5.418799953523709,0.5418799953523709,2.754018695851534e-05
Random Forest (Kruskal - inCV),Decision Tree (Wilcoxon - inCV),124.0,1.513561252382034e-16,8.255430149050131,0.8255430149050131,1.3016626770485493e-13
Random Forest (Kruskal - inCV),Decision Tree (Kruskal - inCV),363.5,1.0701259000357734e-13,7.431944640771496,0.7431944640771496,7.405271228247552e-11
Random Forest (Kruskal - inCV),Decision Tree (Chi-square - inCV),1165.5,2.9480054831515923e-06,4.674409532542129,0.4674409532542129,0.00112908610004706
Random Forest (Kruskal - inCV),Decision Tree (KS - inCV),1086.0,7.507504934383819e-07,4.947753105746094,0.49477531057460944,0.0003107873617490377
Random Forest (Kruskal - inCV),Naive Bayes (MW - inCV),1957.5,0.051026534073113666,1.9512565574807983,0.19512565574807983,1.0
Random Forest (Kruskal - inCV),Naive Bayes (Wilcoxon - inCV),751.0,1.0632103609428091e-09,6.099619820842961,0.6099619820842961,5.868921192404307e-07
Random Forest (Kruskal - inCV),Naive Bayes (Kruskal - inCV),63.0,2.5576939468880457e-17,8.465174529220656,0.8465174529220656,2.4400400253311955e-14
Random Forest (Kruskal - inCV),Naive Bayes (Chi-square - inCV),2260.0,0.36221207567078584,0.9111581032670488,0.09111581032670488,1.0
Random Forest (Kruskal - inCV),Naive Bayes (KS - inCV),2294.5,0.5286954060202651,0.6299987439533117,0.06299987439533117,1.0
Random Forest (Kruskal - inCV),Integrated-SelectFromModel (L1-LR selector) + LR,70.5,3.189891208075128e-17,8.439393271459618,0.8439393271459619,2.972978605926019e-14
Random Forest (Kruskal - inCV),Integrated-SelectFromModel (L1-LR selector) + SVM,1978.5,0.060237655361057116,1.8790500806081403,0.18790500806081403,1.0
Random Forest (Kruskal - inCV),Integrated-SelectFromModel (L1-LR selector) + KNN,146.0,2.843605682127755e-16,8.179780846817208,0.8179780846817207,2.382941561623059e-13
Random Forest (Kruskal - inCV),Integrated-SelectFromModel (L1-LR selector) + Naive Bayes,49.0,1.6902646941643073e-17,8.513317474081898,0.8513317474081898,1.654769135586857e-14
Random Forest (Kruskal - inCV),Integrated-SelectFromModel (RF selector) + RF,1998.5,0.09628323934741896,-1.6631458726336732,-0.16631458726336731,1.0
Random Forest (Kruskal - inCV),Integrated-SelectFromModel (RF selector) + LR,250.0,5.190304424448059e-15,7.822212137938738,0.7822212137938738,3.903108927184941e-12
Random Forest (Kruskal - inCV),Integrated-SelectFromModel (RF selector) + KNN,3.0,4.265602464311227e-18,8.671474477130175,0.8671474477130175,4.38077373084763e-15
Random Forest (Kruskal - inCV),Integrated-RFECV (L1-LR) + LR,617.0,5.368408120782896e-11,6.560343190851478,0.6560343190851479,3.2156764643489546e-08
Random Forest (Kruskal - inCV),Integrated-RFECV (L1-LR) + KNN,121.0,1.388390715047386e-16,8.265732924029821,0.8265732924029822,1.2007735122620318e-13
Random Forest (Kruskal - inCV),Integrated-RFECV (L1-LR) + Naive Bayes,719.0,5.311312974646554e-10,6.209619255717476,0.6209619255717476,2.99026920472601e-07
Random Forest (Chi-square - inCV),Random Forest (KS - inCV),2288.0,0.5139534890998303,-0.6526941275743697,-0.06526941275743697,1.0
Random Forest (Chi-square - inCV),Logistic Regression (MW - inCV),1239.5,9.870870456504999e-06,-4.4199829156679575,-0.44199829156679576,0.0036324803279938396
Random Forest (Chi-square - inCV),Logistic Regression (Wilcoxon - inCV),1920.5,0.03766576819063312,-2.0784735109380073,-0.20784735109380073,1.0
Random Forest (Chi-square - inCV),Logistic Regression (Kruskal - inCV),1311.5,3.0137797627958307e-05,4.172422612339998,0.4172422612339998,0.010638642562669283
Random Forest (Chi-square - inCV),Logistic Regression (Chi-square - inCV),989.5,1.294948241022303e-07,-5.279559500251144,-0.5279559500251144,5.788418637369694e-05
Random Forest (Chi-square - inCV),Logistic Regression (KS - inCV),1066.5,5.308340867407893e-07,-5.014819016541818,-0.5014819016541818,0.00022188864825764995
Random Forest (Chi-square - inCV),SVM (MW - inCV),74.0,5.2841371942710734e-17,8.380192137676971,0.8380192137676972,4.7874282980095923e-14
Random Forest (Chi-square - inCV),SVM (Wilcoxon - inCV),121.0,1.3881774708231582e-16,8.265751246241454,0.8265751246241454,1.2007735122620318e-13
Random Forest (Chi-square - inCV),SVM (Kruskal - inCV),2105.5,0.1491950705299452,-1.4423804691340636,-0.14423804691340636,1.0
Random Forest (Chi-square - inCV),SVM (Chi-square - inCV),55.0,3.0014622449935787e-17,8.446507693951801,0.8446507693951801,2.8123701235589832e-14
Random Forest (Chi-square - inCV),SVM (KS - inCV),97.0,6.927297752845722e-17,8.348265057015292,0.8348265057015292,6.199931488796921e-14
Random Forest (Chi-square - inCV),K-Neighbors (MW - inCV),214.0,1.9267905457755787e-15,7.945968713574423,0.7945968713574423,1.4950478190206495e-12
Random Forest (Chi-square - inCV),K-Neighbors (Wilcoxon - inCV),270.0,8.944433632236105e-15,7.753428251186549,0.7753428251186549,6.627825321486953e-12
Random Forest (Chi-square - inCV),K-Neighbors (Kruskal - inCV),431.0,6.027785259387459e-13,7.199852222511833,0.7199852222511833,4.0084771974926604e-10
Random Forest (Chi-square - inCV),K-Neighbors (Chi-square - inCV),240.0,3.946966963364527e-15,7.856601293116517,0.7856601293116517,2.983907024303583e-12
Random Forest (Chi-square - inCV),K-Neighbors (KS - inCV),145.0,2.7634597675585546e-16,8.183225220632782,0.8183225220632782,2.321306204749186e-13
Random Forest (Chi-square - inCV),Decision Tree (MW - inCV),1490.5,0.00037517473388499155,3.556957563383571,0.3556957563383571,0.11142689596384249
Random Forest (Chi-square - inCV),Decision Tree (Wilcoxon - inCV),235.0,3.4411209290334005e-15,7.873769709630686,0.7873769709630686,2.604928543278284e-12
Random Forest (Chi-square - inCV),Decision Tree (Kruskal - inCV),758.0,1.2358311828241377e-09,6.075524487736866,0.6075524487736865,6.797071505532757e-07
Random Forest (Chi-square - inCV),Decision Tree (Chi-square - inCV),1720.5,0.005672479869634939,2.7661364243693582,0.2766136424369358,1.0
Random Forest (Chi-square - inCV),Decision Tree (KS - inCV),1643.5,0.00243835815509722,3.0308878285663017,0.30308878285663016,0.6242196877048883
Random Forest (Chi-square - inCV),Naive Bayes (MW - inCV),2124.5,0.16849392247475203,-1.3770592747155743,-0.13770592747155744,1.0
Random Forest (Chi-square - inCV),Naive Bayes (Wilcoxon - inCV),1550.0,0.001244323388148806,3.228520502853477,0.3228520502853477,0.3372116381883264
Random Forest (Chi-square - inCV),Naive Bayes (Kruskal - inCV),176.0,6.658061666306976e-16,8.07663102529366,0.8076631025293659,5.353081579710808e-13
Random Forest (Chi-square - inCV),Naive Bayes (Chi-square - inCV),1819.5,0.015276683925606892,-2.4257525159241027,-0.24257525159241028,1.0
Random Forest (Chi-square - inCV),Naive Bayes (KS - inCV),1705.0,0.007197926535292921,-2.6875456379641207,-0.26875456379641205,1.0
Random Forest (Chi-square - inCV),Integrated-SelectFromModel (L1-LR selector) + LR,217.5,2.1227989034491392e-15,7.933952163353641,0.7933952163353641,1.6388007534627354e-12
Random Forest (Chi-square - inCV),Integrated-SelectFromModel (L1-LR selector) + SVM,2388.5,0.6388325685182004,-0.4693316879321347,-0.04693316879321347,1.0
Random Forest (Chi-square - inCV),Integrated-SelectFromModel (L1-LR selector) + KNN,298.0,1.9010539917799166e-14,7.657149426711485,0.7657149426711485,1.3744620360568797e-11
Random Forest (Chi-square - inCV),Integrated-SelectFromModel (L1-LR selector) + Naive Bayes,156.0,3.7803773014780846e-16,8.145397572976023,0.8145397572976023,3.11881127371942e-13
Random Forest (Chi-square - inCV),Integrated-SelectFromModel (RF selector) + RF,1044.5,9.895427755337365e-07,-4.893706703938399,-0.4893706703938399,0.0003987857385400958
Random Forest (Chi-square - inCV),Integrated-SelectFromModel (RF selector) + LR,528.0,6.586773433319089e-12,6.866344859497339,0.6866344859497339,4.143080489557707e-09
Random Forest (Chi-square - inCV),Integrated-SelectFromModel (RF selector) + KNN,15.0,6.1243858043261234e-18,8.63020173413669,0.8630201734136691,6.24074913460832e-15
Random Forest (Chi-square - inCV),Integrated-RFECV (L1-LR) + LR,1024.0,2.457268387165292e-07,5.160929403561423,0.5160929403561423,0.00010467963329324143
Random Forest (Chi-square - inCV),Integrated-RFECV (L1-LR) + KNN,281.0,1.2041350928165e-14,7.715600949052795,0.7715600949052794,8.86243428312944e-12
Random Forest (Chi-square - inCV),Integrated-RFECV (L1-LR) + Naive Bayes,1033.5,2.924241706268629e-07,5.128265293412301,0.5128265293412302,0.00012398784834578987
Random Forest (KS - inCV),Logistic Regression (MW - inCV),1251.0,1.1843527880060859e-05,-4.380448507189365,-0.43804485071893645,0.004346574731982336
Random Forest (KS - inCV),Logistic Regression (Wilcoxon - inCV),1930.0,0.05714189471176094,-1.9022238606369424,-0.19022238606369424,1.0
Random Forest (KS - inCV),Logistic Regression (Kruskal - inCV),1259.0,1.3433269643104169e-05,4.3529256845886986,0.4352925684588699,0.004904743838350552
Random Forest (KS - inCV),Logistic Regression (Chi-square - inCV),977.0,1.0232460397238602e-07,-5.322546521551146,-0.5322546521551146,4.645537020346325e-05
Random Forest (KS - inCV),Logistic Regression (KS - inCV),1018.5,2.2204871731185155e-07,-5.1798631680382865,-0.5179863168038287,9.548094844409617e-05
Random Forest (KS - inCV),SVM (MW - inCV),90.5,5.731266452046339e-17,8.37062657134587,0.8370626571345869,5.175333606197844e-14
Random Forest (KS - inCV),SVM (Wilcoxon - inCV),115.0,1.1675816768575178e-16,8.28636899572487,0.8286368995724869,1.021581402154334e-13
Random Forest (KS - inCV),SVM (Kruskal - inCV),2145.0,0.19135937959768057,-1.3065682675642347,-0.13065682675642348,1.0
Random Forest (KS - inCV),SVM (Chi-square - inCV),64.0,2.634541346387695e-17,8.4617236923149,0.84617236923149,2.492142471268365e-14
Random Forest (KS - inCV),SVM (KS - inCV),90.5,5.731868159923011e-17,8.370614201525425,0.8370614201525426,5.175333606197844e-14
Random Forest (KS - inCV),K-Neighbors (MW - inCV),220.0,2.2751447371769075e-15,7.925344620392458,0.7925344620392458,1.7541365923633956e-12
Random Forest (KS - inCV),K-Neighbors (Wilcoxon - inCV),215.0,1.9808842535982793e-15,7.942536257313051,0.7942536257313051,1.5332044122850682e-12
Random Forest (KS - inCV),K-Neighbors (Kruskal - inCV),358.0,9.272919291801863e-14,7.450866451998847,0.7450866451998847,6.444678907802295e-11
Random Forest (KS - inCV),K-Neighbors (Chi-square - inCV),211.0,1.7727523930271524e-15,7.956289566849523,0.7956289566849523,1.3792013617751246e-12
Random Forest (KS - inCV),K-Neighbors (KS - inCV),149.0,3.097733124502193e-16,8.169459828408842,0.8169459828408842,2.5835094258348287e-13
Random Forest (KS - inCV),Decision Tree (MW - inCV),1415.0,0.0001353358276290586,3.81654057640312,0.381654057640312,0.04425481563470216
Random Forest (KS - inCV),Decision Tree (Wilcoxon - inCV),216.0,2.0363767547221916e-15,7.939109662051378,0.7939109662051378,1.574119231400254e-12
Random Forest (KS - inCV),Decision Tree (Kruskal - inCV),725.0,6.054768350718949e-10,6.188998437285613,0.6188998437285613,3.390670276402612e-07
Random Forest (KS - inCV),Decision Tree (Chi-square - inCV),1672.0,0.003358216699623377,2.932891091596272,0.2932891091596272,0.8361959582062208
Random Forest (KS - inCV),Decision Tree (KS - inCV),1617.5,0.0018067650237920366,3.1202844066068276,0.31202844066068275,0.47156567120972154
Random Forest (KS - inCV),Naive Bayes (MW - inCV),2167.5,0.21899402167105453,-1.229207489262322,-0.1229207489262322,1.0
Random Forest (KS - inCV),Naive Bayes (Wilcoxon - inCV),1520.0,0.0008584260314645377,3.3332343516643363,0.33332343516643365,0.24207614087299964
Random Forest (KS - inCV),Naive Bayes (Kruskal - inCV),175.0,6.472361242414471e-16,8.080081293122886,0.8080081293122886,5.216723161386063e-13
Random Forest (KS - inCV),Naive Bayes (Chi-square - inCV),1873.5,0.025086037610841473,-2.2400752562053134,-0.22400752562053133,1.0
Random Forest (KS - inCV),Naive Bayes (KS - inCV),1803.5,0.013110039133799607,-2.4807660386098376,-0.24807660386098376,1.0
Random Forest (KS - inCV),Integrated-SelectFromModel (L1-LR selector) + LR,197.0,1.200077562359478e-15,8.004443893240166,0.8004443893240166,9.456611191392687e-13
Random Forest (KS - inCV),Integrated-SelectFromModel (L1-LR selector) + SVM,2426.0,0.7335591482691758,-0.3403949140507087,-0.03403949140507087,1.0
Random Forest (KS - inCV),Integrated-SelectFromModel (L1-LR selector) + KNN,247.0,4.781819408008402e-15,7.83252135563146,0.783252135563146,3.6102736530463432e-12
Random Forest (KS - inCV),Integrated-SelectFromModel (L1-LR selector) + Naive Bayes,147.5,2.9677667414607234e-16,8.174629395821192,0.8174629395821192,2.4810529958611647e-13
Random Forest (KS - inCV),Integrated-SelectFromModel (RF selector) + RF,1231.5,8.687301424293184e-06,-4.447506047052674,-0.44475060470526745,0.003214301526988478
Random Forest (KS - inCV),Integrated-SelectFromModel (RF selector) + LR,489.0,2.5516038810159953e-12,7.0004397265581275,0.7000439726558128,1.645784503255317e-09
Random Forest (KS - inCV),Integrated-SelectFromModel (RF selector) + KNN,13.0,5.766559568715046e-18,8.637084770684686,0.8637084770684685,5.881890760089347e-15
Random Forest (KS - inCV),Integrated-RFECV (L1-LR) + LR,951.5,6.295154050531734e-08,5.410208138909994,0.5410208138909993,2.8768854010930024e-05
Random Forest (KS - inCV),Integrated-RFECV (L1-LR) + KNN,221.0,2.339075754036752e-15,7.921900439669178,0.7921900439669178,1.801088330608299e-12
Random Forest (KS - inCV),Integrated-RFECV (L1-LR) + Naive Bayes,998.0,1.5182713618970914e-07,5.2503297949185965,0.5250329794918597,6.725942133204114e-05
Logistic Regression (MW - inCV),Logistic Regression (Wilcoxon - inCV),832.5,1.6521305697701893e-08,5.644966873431538,0.5644966873431538,7.94674804059461e-06
Logistic Regression (MW - inCV),Logistic Regression (Kruskal - inCV),684.0,2.4520132848583004e-10,6.329974745470425,0.6329974745470425,1.4246197185026726e-07
Logistic Regression (MW - inCV),Logistic Regression (Chi-square - inCV),472.0,0.0011090672602949753,0.0,0.0,0.3072116311017081
Logistic Regression (MW - inCV),Logistic Regression (KS - inCV),1759.5,0.6326667610042291,0.0,0.0,1.0
Logistic Regression (MW - inCV),SVM (MW - inCV),94.0,6.347763876924946e-17,8.3585800467892,0.83585800467892,5.699993605692299e-14
Logistic Regression (MW - inCV),SVM (Wilcoxon - inCV),60.0,2.3409307693534644e-17,8.475489526616133,0.8475489526616133,2.2449526078099724e-14
Logistic Regression (MW - inCV),SVM (Kruskal - inCV),2034.0,0.09136852799403297,1.6882224877924923,0.16882224877924923,1.0
Logistic Regression (MW - inCV),SVM (Chi-square - inCV),45.5,1.5233799066788066e-17,8.525357945856634,0.8525357945856633,1.5020525879853034e-14
Logistic Regression (MW - inCV),SVM (KS - inCV),105.5,8.868377898551115e-17,8.319033105873993,0.8319033105873993,7.821909306522084e-14
Logistic Regression (MW - inCV),K-Neighbors (MW - inCV),145.0,2.7635984900711525e-16,8.183219174201323,0.8183219174201323,2.321306204749186e-13
Logistic Regression (MW - inCV),K-Neighbors (Wilcoxon - inCV),158.5,4.057960399444363e-16,8.13681979095913,0.813681979095913,3.339701408742711e-13
Logistic Regression (MW - inCV),K-Neighbors (Kruskal - inCV),206.0,1.5427344182356265e-15,7.973475312323277,0.7973475312323277,1.2093884204639845e-12
Logistic Regression (MW - inCV),K-Neighbors (Chi-square - inCV),139.0,2.3281022293705063e-16,8.203849138506035,0.8203849138506035,1.9649182815887073e-13
Logistic Regression (MW - inCV),K-Neighbors (KS - inCV),81.0,4.342298919012428e-17,8.403265917774076,0.8403265917774076,3.977335421955903e-14
Logistic Regression (MW - inCV),Decision Tree (MW - inCV),711.0,4.4567023686399437e-10,6.23713048328902,0.623713048328902,2.526950243018848e-07
Logistic Regression (MW - inCV),Decision Tree (Wilcoxon - inCV),83.0,4.6041751652443625e-17,8.396389268086866,0.8396389268086866,4.199007750702859e-14
Logistic Regression (MW - inCV),Decision Tree (Kruskal - inCV),322.5,3.649381155302425e-14,7.572916063520344,0.7572916063520344,2.5728137144882095e-11
Logistic Regression (MW - inCV),Decision Tree (Chi-square - inCV),1047.0,3.737733248612916e-07,5.08185162861145,0.508185162861145,0.00015735856976660376
Logistic Regression (MW - inCV),Decision Tree (KS - inCV),947.5,5.828984407659396e-08,5.423969463787809,0.5423969463787809,2.6813328275233222e-05
Logistic Regression (MW - inCV),Naive Bayes (MW - inCV),1363.0,6.460084029684221e-05,3.9953423245143793,0.39953423245143793,0.021576680659145298
Logistic Regression (MW - inCV),Naive Bayes (Wilcoxon - inCV),489.0,4.1567440102173545e-12,6.9317471655885745,0.6931747165588574,2.647845934508455e-09
Logistic Regression (MW - inCV),Naive Bayes (Kruskal - inCV),46.0,1.5464256185349574e-17,8.52361988317171,0.852361988317171,1.523229234256933e-14
Logistic Regression (MW - inCV),Naive Bayes (Chi-square - inCV),1569.5,0.0036867655131097386,2.9037889852231413,0.29037889852231413,0.8954871143858111
Logistic Regression (MW - inCV),Naive Bayes (KS - inCV),1756.5,0.008232943532597445,2.642364356676302,0.2642364356676302,1.0
Logistic Regression (MW - inCV),Integrated-SelectFromModel (L1-LR selector) + LR,64.0,2.634541346387695e-17,8.4617236923149,0.84617236923149,2.492142471268365e-14
Logistic Regression (MW - inCV),Integrated-SelectFromModel (L1-LR selector) + SVM,1787.0,0.011164837002302152,2.537496858952709,0.2537496858952709,1.0
Logistic Regression (MW - inCV),Integrated-SelectFromModel (L1-LR selector) + KNN,109.0,9.815788244911677e-17,8.306992822153099,0.8306992822153099,8.618262079032453e-14
Logistic Regression (MW - inCV),Integrated-SelectFromModel (L1-LR selector) + Naive Bayes,40.0,1.293738574390612e-17,8.544249862719521,0.8544249862719522,1.2898573586674401e-14
Logistic Regression (MW - inCV),Integrated-SelectFromModel (RF selector) + RF,2182.0,0.306468830272249,1.0226595767963,0.10226595767963001,1.0
Logistic Regression (MW - inCV),Integrated-SelectFromModel (RF selector) + LR,149.5,3.1418704325926104e-16,8.167752735971924,0.8167752735971924,2.6108943294844593e-13
Logistic Regression (MW - inCV),Integrated-SelectFromModel (RF selector) + KNN,0.0,3.8965598450959084e-18,8.681770230106196,0.8681770230106196,4.032484450422398e-15
Logistic Regression (MW - inCV),Integrated-RFECV (L1-LR) + LR,373.0,2.1910594588996064e-13,7.336589113499112,0.7336589113499112,1.492111491510632e-10
Logistic Regression (MW - inCV),Integrated-RFECV (L1-LR) + KNN,79.0,4.094909588487825e-17,8.410148781553126,0.8410148781553126,3.755032092643336e-14
Logistic Regression (MW - inCV),Integrated-RFECV (L1-LR) + Naive Bayes,568.0,1.7106597437436288e-11,6.728801718937754,0.6728801718937754,1.050345082658588e-08
Logistic Regression (Wilcoxon - inCV),Logistic Regression (Kruskal - inCV),990.5,1.3195247368523553e-07,5.276113370929383,0.5276113370929383,5.885080326361505e-05
Logistic Regression (Wilcoxon - inCV),Logistic Regression (Chi-square - inCV),516.5,8.153373579079599e-12,-6.835826215221509,-0.6835826215221509,5.104011860503829e-09
Logistic Regression (Wilcoxon - inCV),Logistic Regression (KS - inCV),692.5,2.9608638659906196e-10,-6.3008140762690195,-0.6300814076269019,1.705457586810597e-07
Logistic Regression (Wilcoxon - inCV),SVM (MW - inCV),110.0,1.5248634787339235e-16,8.254541609998352,0.8254541609998352,1.3083328647537065e-13
Logistic Regression (Wilcoxon - inCV),SVM (Wilcoxon - inCV),103.0,8.247327673694126e-17,8.32763507746748,0.832763507746748,7.282390335871913e-14
Logistic Regression (Wilcoxon - inCV),SVM (Kruskal - inCV),2514.5,0.9712006361859252,0.03610249088416605,0.0036102490884166046,1.0
Logistic Regression (Wilcoxon - inCV),SVM (Chi-square - inCV),63.0,2.5581057720235416e-17,8.465155764958993,0.8465155764958994,2.4400400253311955e-14
Logistic Regression (Wilcoxon - inCV),SVM (KS - inCV),123.0,2.2272676936299325e-16,8.209167808336627,0.8209167808336627,1.8864957365045528e-13
Logistic Regression (Wilcoxon - inCV),K-Neighbors (MW - inCV),206.0,1.5425872709999802e-15,7.973487095230011,0.7973487095230011,1.2093884204639845e-12
Logistic Regression (Wilcoxon - inCV),K-Neighbors (Wilcoxon - inCV),183.5,8.222531010109313e-16,8.050843569912773,0.8050843569912773,6.586247339097559e-13
Logistic Regression (Wilcoxon - inCV),K-Neighbors (Kruskal - inCV),285.0,1.3410675488191009e-14,7.701853340424776,0.7701853340424776,9.816614457355819e-12
Logistic Regression (Wilcoxon - inCV),K-Neighbors (Chi-square - inCV),193.0,1.0732392891005303e-15,8.018179459763651,0.8018179459763651,8.489322776785195e-13
Logistic Regression (Wilcoxon - inCV),K-Neighbors (KS - inCV),118.0,1.273111903586884e-16,8.276066243636928,0.8276066243636928,1.1063342442170022e-13
Logistic Regression (Wilcoxon - inCV),Decision Tree (MW - inCV),1147.5,2.176596512071926e-06,4.736295971622827,0.4736295971622827,0.0008488726397080512
Logistic Regression (Wilcoxon - inCV),Decision Tree (Wilcoxon - inCV),85.0,4.881102137205527e-17,8.38952501611092,0.8389525016110919,4.432040740582618e-14
Logistic Regression (Wilcoxon - inCV),Decision Tree (Kruskal - inCV),545.0,9.904176684925045e-12,6.807888220554043,0.6807888220554043,6.160397898023378e-09
Logistic Regression (Wilcoxon - inCV),Decision Tree (Chi-square - inCV),1455.5,0.00023571892695469022,3.677296571487202,0.3677296571487202,0.07495861877159149
Logistic Regression (Wilcoxon - inCV),Decision Tree (KS - inCV),1306.5,4.5344785108796394e-05,4.078409816138404,0.40784098161384036,0.015598606077425959
Logistic Regression (Wilcoxon - inCV),Naive Bayes (MW - inCV),2312.0,0.463943947112915,-0.7323680618924466,-0.07323680618924466,1.0
Logistic Regression (Wilcoxon - inCV),Naive Bayes (Wilcoxon - inCV),638.0,8.690081056052926e-11,6.4881429497202925,0.6488142949720292,5.135837904127279e-08
Logistic Regression (Wilcoxon - inCV),Naive Bayes (Kruskal - inCV),78.0,3.976797993175688e-17,8.413580892304894,0.8413580892304895,3.658654153721633e-14
Logistic Regression (Wilcoxon - inCV),Naive Bayes (Chi-square - inCV),2351.0,0.5496590066884159,-0.5982711750965214,-0.05982711750965214,1.0
Logistic Regression (Wilcoxon - inCV),Naive Bayes (KS - inCV),2266.0,0.373177438204924,-0.8905373205658305,-0.08905373205658304,1.0
Logistic Regression (Wilcoxon - inCV),Integrated-SelectFromModel (L1-LR selector) + LR,110.0,1.0103677602731473e-16,8.30356063264546,0.830356063264546,8.860925257595502e-14
Logistic Regression (Wilcoxon - inCV),Integrated-SelectFromModel (L1-LR selector) + SVM,2227.5,0.30635256660780197,1.0229054200009469,0.10229054200009469,1.0
Logistic Regression (Wilcoxon - inCV),Integrated-SelectFromModel (L1-LR selector) + KNN,160.0,4.2352711132048135e-16,8.131638255129172,0.8131638255129172,3.4813928550543567e-13
Logistic Regression (Wilcoxon - inCV),Integrated-SelectFromModel (L1-LR selector) + Naive Bayes,67.0,2.8782421504419467e-17,8.451402465584566,0.8451402465584567,2.7026693792649878e-14
Logistic Regression (Wilcoxon - inCV),Integrated-SelectFromModel (RF selector) + RF,1941.0,0.04464381643687682,-2.007995061714502,-0.2007995061714502,1.0
Logistic Regression (Wilcoxon - inCV),Integrated-SelectFromModel (RF selector) + LR,282.0,1.2369783442859362e-14,7.7121683225771305,0.7712168322577131,9.091790830501632e-12
Logistic Regression (Wilcoxon - inCV),Integrated-SelectFromModel (RF selector) + KNN,4.0,4.396371788056219e-18,8.668036144665017,0.8668036144665017,4.501884710969568e-15
Logistic Regression (Wilcoxon - inCV),Integrated-RFECV (L1-LR) + LR,637.0,8.49508794745374e-11,6.491562101215168,0.6491562101215168,5.0375871528400675e-08
Logistic Regression (Wilcoxon - inCV),Integrated-RFECV (L1-LR) + KNN,142.0,2.536781950250505e-16,8.193528102314087,0.8193528102314087,2.1359704021109254e-13
Logistic Regression (Wilcoxon - inCV),Integrated-RFECV (L1-LR) + Naive Bayes,771.5,1.6486804117555855e-09,6.029107068051269,0.6029107068051269,8.985308244067941e-07
Logistic Regression (Kruskal - inCV),Logistic Regression (Chi-square - inCV),584.5,2.5220435692049816e-11,-6.672079218755426,-0.6672079218755427,1.5384465772150387e-08
Logistic Regression (Kruskal - inCV),Logistic Regression (KS - inCV),588.5,2.7695484072522187e-11,-6.658330818779772,-0.6658330818779772,1.6811158832020967e-08
Logistic Regression (Kruskal - inCV),SVM (MW - inCV),594.0,3.148674895875746e-11,6.639444519134575,0.6639444519134574,1.901799637108951e-08
Logistic Regression (Kruskal - inCV),SVM (Wilcoxon - inCV),518.0,5.1736653358855396e-12,6.900728158743694,0.6900728158743694,3.290451153623203e-09
Logistic Regression (Kruskal - inCV),SVM (Kruskal - inCV),524.5,6.0533113057054715e-12,-6.8783891788775575,-0.6878389178877558,3.837799367817269e-09
Logistic Regression (Kruskal - inCV),SVM (Chi-square - inCV),500.5,3.3804655783306855e-12,6.960924648983414,0.6960924648983414,2.1736393668666306e-09
Logistic Regression (Kruskal - inCV),SVM (KS - inCV),633.5,7.841719379360186e-11,6.5036058578476315,0.6503605857847632,4.665823030719311e-08
Logistic Regression (Kruskal - inCV),K-Neighbors (MW - inCV),1723.0,0.005823761781340258,2.757542637057256,0.27575426370572564,1.0
Logistic Regression (Kruskal - inCV),K-Neighbors (Wilcoxon - inCV),1544.5,0.0007481977087694914,3.371280000127898,0.3371280000127898,0.21398454470807454
Logistic Regression (Kruskal - inCV),K-Neighbors (Kruskal - inCV),1005.5,1.74586395742865e-07,5.224542320483829,0.5224542320483829,7.646884133537486e-05
Logistic Regression (Kruskal - inCV),K-Neighbors (Chi-square - inCV),1675.5,0.0034906522453202775,2.9208612709779613,0.29208612709779613,0.8656817568394288
Logistic Regression (Kruskal - inCV),K-Neighbors (KS - inCV),1481.5,0.0003333589568767283,3.587894625327345,0.35878946253273447,0.10134112289052541
Logistic Regression (Kruskal - inCV),Decision Tree (MW - inCV),2250.0,0.34438288748322254,-0.9455407292747964,-0.09455407292747964,1.0
Logistic Regression (Kruskal - inCV),Decision Tree (Wilcoxon - inCV),1134.0,1.7294463328499938e-06,4.782713391308421,0.47827133913084213,0.0006796724088100475
Logistic Regression (Kruskal - inCV),Decision Tree (Kruskal - inCV),1943.5,0.045566137553594996,1.9993903284897692,0.1999390328489769,1.0
Logistic Regression (Kruskal - inCV),Decision Tree (Chi-square - inCV),2038.5,0.09437676895921553,-1.6727487442996951,-0.16727487442996952,1.0
Logistic Regression (Kruskal - inCV),Decision Tree (KS - inCV),2147.5,0.19429779985952167,-1.2979695465499477,-0.12979695465499477,1.0
Logistic Regression (Kruskal - inCV),Naive Bayes (MW - inCV),1105.5,1.056914150663158e-06,-4.880734572095436,-0.48807345720954365,0.00042487948856658955
Logistic Regression (Kruskal - inCV),Naive Bayes (Wilcoxon - inCV),1965.5,0.07535349592605456,-1.7783067038460514,-0.17783067038460515,1.0
Logistic Regression (Kruskal - inCV),Naive Bayes (Kruskal - inCV),99.0,7.343095847008848e-17,8.341376070589163,0.8341376070589164,6.556359173076749e-14
Logistic Regression (Kruskal - inCV),Naive Bayes (Chi-square - inCV),885.5,1.7288308923016873e-08,-5.6371544070304305,-0.563715440703043,8.2983882830481e-06
Logistic Regression (Kruskal - inCV),Naive Bayes (KS - inCV),865.0,1.1455600575474856e-08,-5.707636109441013,-0.5707636109441012,5.727800287737428e-06
Logistic Regression (Kruskal - inCV),Integrated-SelectFromModel (L1-LR selector) + LR,10.0,5.26831977190652e-18,8.647406149874067,0.8647406149874067,5.384222806888464e-15
Logistic Regression (Kruskal - inCV),Integrated-SelectFromModel (L1-LR selector) + SVM,824.0,4.9572996143605665e-09,-5.848599201805195,-0.5848599201805195,2.5530093013956916e-06
Logistic Regression (Kruskal - inCV),Integrated-SelectFromModel (L1-LR selector) + KNN,816.5,4.244116868369072e-09,5.874386676239961,0.5874386676239961,2.2111848884202867e-06
Logistic Regression (Kruskal - inCV),Integrated-SelectFromModel (L1-LR selector) + Naive Bayes,49.0,1.6904481702255348e-17,8.513304893397803,0.8513304893397804,1.654769135586857e-14
Logistic Regression (Kruskal - inCV),Integrated-SelectFromModel (RF selector) + RF,654.5,1.2643322229898814e-10,-6.431400876079301,-0.6431400876079301,7.408986826720705e-08
Logistic Regression (Kruskal - inCV),Integrated-SelectFromModel (RF selector) + LR,780.0,1.974564488440507e-09,5.999885718489162,0.5999885718489162,1.0662648237578739e-06
Logistic Regression (Kruskal - inCV),Integrated-SelectFromModel (RF selector) + KNN,15.0,6.12472726248735e-18,8.630195357452102,0.8630195357452102,6.24074913460832e-15
Logistic Regression (Kruskal - inCV),Integrated-RFECV (L1-LR) + LR,1835.0,0.017670750967036335,2.37244589504156,0.237244589504156,1.0
Logistic Regression (Kruskal - inCV),Integrated-RFECV (L1-LR) + KNN,840.0,6.890096702406004e-09,5.793581642239173,0.5793581642239173,3.527729511631874e-06
Logistic Regression (Kruskal - inCV),Integrated-RFECV (L1-LR) + Naive Bayes,1610.5,0.001664546777840324,3.1443527160792772,0.3144352716079277,0.44609853646120684
Logistic Regression (Chi-square - inCV),Logistic Regression (KS - inCV),925.0,0.012713801783775626,0.0,0.0,1.0
Logistic Regression (Chi-square - inCV),SVM (MW - inCV),56.0,2.080101296156224e-17,8.489230311387844,0.8489230311387844,2.0010574469022876e-14
Logistic Regression (Chi-square - inCV),SVM (Wilcoxon - inCV),31.0,9.891919965849452e-18,8.575194832041241,0.8575194832041241,1.0000731085473796e-14
Logistic Regression (Chi-square - inCV),SVM (Kruskal - inCV),1856.0,0.021433991649729978,2.300251217668512,0.2300251217668512,1.0
Logistic Regression (Chi-square - inCV),SVM (Chi-square - inCV),28.0,9.043447712466442e-18,8.585509821815151,0.8585509821815152,9.15196908501604e-15
Logistic Regression (Chi-square - inCV),SVM (KS - inCV),78.0,3.976797993175688e-17,8.413580892304894,0.8413580892304895,3.658654153721633e-14
Logistic Regression (Chi-square - inCV),K-Neighbors (MW - inCV),64.0,2.6344000753365383e-17,8.461729944528267,0.8461729944528267,2.492142471268365e-14
Logistic Regression (Chi-square - inCV),K-Neighbors (Wilcoxon - inCV),76.5,3.804591709857687e-17,8.41876948192376,0.841876948192376,3.5040289647789294e-14
Logistic Regression (Chi-square - inCV),K-Neighbors (Kruskal - inCV),168.0,5.312355559705196e-16,8.10413165638032,0.810413165638032,4.3452928570109877e-13
Logistic Regression (Chi-square - inCV),K-Neighbors (Chi-square - inCV),69.0,3.052494899512079e-17,8.444538294905088,0.8444538294905088,2.857135225943306e-14
Logistic Regression (Chi-square - inCV),K-Neighbors (KS - inCV),38.0,1.219062650217942e-17,8.551113886049155,0.8551113886049155,1.216624524917506e-14
Logistic Regression (Chi-square - inCV),Decision Tree (MW - inCV),589.5,2.8352617666983173e-11,6.654882651960783,0.6654882651960783,1.7153333688524818e-08
Logistic Regression (Chi-square - inCV),Decision Tree (Wilcoxon - inCV),36.0,1.1484549237468879e-17,8.55799685907021,0.8557996859070209,1.1496033786706347e-14
Logistic Regression (Chi-square - inCV),Decision Tree (Kruskal - inCV),261.0,7.0062856931374904e-15,7.784367445924922,0.7784367445924922,5.2196828413874305e-12
Logistic Regression (Chi-square - inCV),Decision Tree (Chi-square - inCV),893.5,2.0274860793449464e-08,5.609639416906377,0.5609639416906377,9.650833737681945e-06
Logistic Regression (Chi-square - inCV),Decision Tree (KS - inCV),799.0,2.9465489920423203e-09,5.934548680064672,0.5934548680064672,1.5585994533477403e-06
Logistic Regression (Chi-square - inCV),Naive Bayes (MW - inCV),1200.5,8.65199223199566e-06,4.448381095993492,0.44483810959934916,0.0032098891180703903
Logistic Regression (Chi-square - inCV),Naive Bayes (Wilcoxon - inCV),426.5,5.3792792736317e-13,7.215356672069253,0.7215356672069253,3.587979275512344e-10
Logistic Regression (Chi-square - inCV),Naive Bayes (Kruskal - inCV),44.0,1.4572088793000763e-17,8.530496543020982,0.8530496543020982,1.4411795816277754e-14
Logistic Regression (Chi-square - inCV),Naive Bayes (Chi-square - inCV),1421.0,0.00014708752050425456,3.7959358700904287,0.3795935870090429,0.04765635664337848
Logistic Regression (Chi-square - inCV),Naive Bayes (KS - inCV),1480.5,0.0003289876673924664,3.591335606281908,0.3591335606281908,0.10034123855470226
Logistic Regression (Chi-square - inCV),Integrated-SelectFromModel (L1-LR selector) + LR,53.0,1.903450784800175e-17,8.499539013395058,0.8499539013395058,1.8443440323191328e-14
Logistic Regression (Chi-square - inCV),Integrated-SelectFromModel (L1-LR selector) + SVM,1619.0,0.0018386004323863387,3.1151361186060242,0.31151361186060245,0.4780361124204481
Logistic Regression (Chi-square - inCV),Integrated-SelectFromModel (L1-LR selector) + KNN,75.0,3.641679657916183e-17,8.423895866835716,0.8423895866835716,3.3721953632303856e-14
Logistic Regression (Chi-square - inCV),Integrated-SelectFromModel (L1-LR selector) + Naive Bayes,33.0,1.0501887534614503e-17,8.568305510267185,0.8568305510267186,1.056489885982219e-14
Logistic Regression (Chi-square - inCV),Integrated-SelectFromModel (RF selector) + RF,1890.0,0.041167740316580624,2.041836621050663,0.20418366210506628,1.0
Logistic Regression (Chi-square - inCV),Integrated-SelectFromModel (RF selector) + LR,132.0,1.9047698552539597e-16,8.227929589124708,0.8227929589124707,1.6190543769658657e-13
Logistic Regression (Chi-square - inCV),Integrated-SelectFromModel (RF selector) + KNN,0.0,3.896340037647931e-18,8.681776644898465,0.8681776644898465,4.032484450422398e-15
Logistic Regression (Chi-square - inCV),Integrated-RFECV (L1-LR) + LR,276.0,1.65213709225523e-14,7.675158909446597,0.7675158909446597,1.1961472547927866e-11
Logistic Regression (Chi-square - inCV),Integrated-RFECV (L1-LR) + KNN,37.0,1.1832715745334613e-17,8.55455221089276,0.8554552210892761,1.1831419149523995e-14
Logistic Regression (Chi-square - inCV),Integrated-RFECV (L1-LR) + Naive Bayes,496.0,3.029235216778424e-12,6.976361107677416,0.6976361107677416,1.950827479605305e-09
Logistic Regression (KS - inCV),SVM (MW - inCV),54.0,1.9605533672026747e-17,8.49610696615608,0.8496106966156081,1.8899734459833785e-14
Logistic Regression (KS - inCV),SVM (Wilcoxon - inCV),34.0,1.0818860714475819e-17,8.564879842267336,0.8564879842267337,1.0872955018048199e-14
Logistic Regression (KS - inCV),SVM (Kruskal - inCV),1919.5,0.037350663093683595,2.0819103076535774,0.20819103076535775,1.0
Logistic Regression (KS - inCV),SVM (Chi-square - inCV),32.0,1.0191280420149898e-17,8.571762835640573,0.8571762835640573,1.0283001943931248e-14
Logistic Regression (KS - inCV),SVM (KS - inCV),82.0,4.471110025498778e-17,8.399833799400772,0.8399833799400772,4.086594563305883e-14
Logistic Regression (KS - inCV),K-Neighbors (MW - inCV),64.0,2.6346826245998054e-17,8.461717440115388,0.8461717440115388,2.492142471268365e-14
Logistic Regression (KS - inCV),K-Neighbors (Wilcoxon - inCV),83.5,4.671548368196831e-17,8.394682510997873,0.8394682510997873,4.255780563427313e-14
Logistic Regression (KS - inCV),K-Neighbors (Kruskal - inCV),173.0,6.118237096853962e-16,8.086940032162289,0.8086940032162289,4.955286013221352e-13
Logistic Regression (KS - inCV),K-Neighbors (Chi-square - inCV),76.0,3.74976980662222e-17,8.42046998543264,0.8420469985432639,3.4685370711255536e-14
Logistic Regression (KS - inCV),K-Neighbors (KS - inCV),32.0,1.0192401713884697e-17,8.571750168606682,0.8571750168606682,1.0283001943931248e-14
Logistic Regression (KS - inCV),Decision Tree (MW - inCV),625.5,6.528292954577047e-11,6.531112517568902,0.6531112517568902,3.897390893882497e-08
Logistic Regression (KS - inCV),Decision Tree (Wilcoxon - inCV),45.0,1.5013268321137124e-17,8.527045612143908,0.8527045612143909,1.481809583296234e-14
Logistic Regression (KS - inCV),Decision Tree (Kruskal - inCV),272.0,9.44216564806221e-15,7.746551596418314,0.7746551596418314,6.987202579566036e-12
Logistic Regression (KS - inCV),Decision Tree (Chi-square - inCV),902.0,2.399359572556492e-08,5.580421837517773,0.5580421837517773,1.1324977182466643e-05
Logistic Regression (KS - inCV),Decision Tree (KS - inCV),822.0,4.756584889115518e-09,5.8554715351533,0.58554715351533,2.459154387672723e-06
Logistic Regression (KS - inCV),Naive Bayes (MW - inCV),1325.0,9.630207165788296e-05,3.8997248378254348,0.38997248378254346,0.031779683647101375
Logistic Regression (KS - inCV),Naive Bayes (Wilcoxon - inCV),473.5,1.7417287709137972e-12,7.053739052273019,0.7053739052273019,1.1286402435521406e-09
Logistic Regression (KS - inCV),Naive Bayes (Kruskal - inCV),42.0,1.3731500834606288e-17,8.537366894765498,0.8537366894765498,1.3675828459443537e-14
Logistic Regression (KS - inCV),Naive Bayes (Chi-square - inCV),1573.5,0.001069453587052561,3.2715878445571036,0.32715878445571034,0.29837755078766454
Logistic Regression (KS - inCV),Naive Bayes (KS - inCV),1637.0,0.002263836821430807,3.0532414850503726,0.30532414850503725,0.5840698999291483
Logistic Regression (KS - inCV),Integrated-SelectFromModel (L1-LR selector) + LR,50.0,2.5846465641141113e-17,8.463952711815104,0.8463952711815104,2.4476602962160633e-14
Logistic Regression (KS - inCV),Integrated-SelectFromModel (L1-LR selector) + SVM,1667.0,0.0031767989880437516,2.9500914348797522,0.29500914348797525,0.7941997470109379
Logistic Regression (KS - inCV),Integrated-SelectFromModel (L1-LR selector) + KNN,76.0,3.749968959265466e-17,8.420463763705479,0.8420463763705479,3.4685370711255536e-14
Logistic Regression (KS - inCV),Integrated-SelectFromModel (L1-LR selector) + Naive Bayes,31.0,9.893009181510366e-18,8.575182159954398,0.8575182159954398,1.0000731085473796e-14
Logistic Regression (KS - inCV),Integrated-SelectFromModel (RF selector) + RF,2070.0,0.11771316091920647,1.564444739476536,0.1564444739476536,1.0
Logistic Regression (KS - inCV),Integrated-SelectFromModel (RF selector) + LR,132.0,1.905059820296527e-16,8.22791135075015,0.822791135075015,1.6190543769658657e-13
Logistic Regression (KS - inCV),Integrated-SelectFromModel (RF selector) + KNN,0.0,3.896120241954008e-18,8.681783059704948,0.8681783059704948,4.032484450422398e-15
Logistic Regression (KS - inCV),Integrated-RFECV (L1-LR) + LR,315.0,4.734740198753542e-14,7.539031660717311,0.753903166071731,3.314318139127479e-11
Logistic Regression (KS - inCV),Integrated-RFECV (L1-LR) + KNN,42.0,1.3732250242604873e-17,8.537360586674728,0.8537360586674728,1.3675828459443537e-14
Logistic Regression (KS - inCV),Integrated-RFECV (L1-LR) + Naive Bayes,543.0,9.442136734669708e-12,6.814759840027914,0.6814759840027914,5.882451185699228e-09
SVM (MW - inCV),SVM (Wilcoxon - inCV),2090.5,0.17958967792350433,1.3420194850418192,0.13420194850418193,1.0
SVM (MW - inCV),SVM (Kruskal - inCV),57.5,2.174221178447846e-17,-8.484085357779028,-0.8484085357779028,2.08942655248838e-14
SVM (MW - inCV),SVM (Chi-square - inCV),743.5,0.10234600912604136,0.0,0.0,1.0
SVM (MW - inCV),SVM (KS - inCV),1760.5,0.5158976660727737,0.0,0.0,1.0
SVM (MW - inCV),K-Neighbors (MW - inCV),872.5,1.3325640940595208e-08,-5.681836002255331,-0.568183600225533,6.5428897018322474e-06
SVM (MW - inCV),K-Neighbors (Wilcoxon - inCV),1062.5,4.941832918994716e-07,-5.028557514779599,-0.5028557514779599,0.0002070627993058786
SVM (MW - inCV),K-Neighbors (Kruskal - inCV),1717.0,0.0054666602746094375,-2.778166473633983,-0.2778166473633983,1.0
SVM (MW - inCV),K-Neighbors (Chi-square - inCV),871.5,1.3059963095953273e-08,-5.685278530385002,-0.5685278530385002,6.42550184320901e-06
SVM (MW - inCV),K-Neighbors (KS - inCV),1113.5,2.0137773970914933e-06,-4.752036769082101,-0.4752036769082101,0.0007873869622627739
SVM (MW - inCV),Decision Tree (MW - inCV),385.0,1.8665724385272545e-13,-7.358020602012956,-0.7358020602012956,1.2748689755141147e-10
SVM (MW - inCV),Decision Tree (Wilcoxon - inCV),1915.0,0.03595983918092655,-2.09738125402773,-0.20973812540277298,1.0
SVM (MW - inCV),Decision Tree (Kruskal - inCV),1121.0,1.3831902112075882e-06,-4.827411647301958,-0.48274116473019585,0.0005518928942718277
SVM (MW - inCV),Decision Tree (Chi-square - inCV),329.0,4.333861669542593e-14,-7.550561356559686,-0.7550561356559686,3.0423708920189e-11
SVM (MW - inCV),Decision Tree (KS - inCV),460.0,1.2462984954007447e-12,-7.100140802047247,-0.7100140802047247,8.10094022010484e-10
SVM (MW - inCV),Naive Bayes (MW - inCV),169.0,5.464146754116382e-16,-8.100705302441527,-0.8100705302441528,4.4478154578507346e-13
SVM (MW - inCV),Naive Bayes (Wilcoxon - inCV),444.0,8.357259893498916e-13,-7.15516457316673,-0.715516457316673,5.507434269815785e-10
SVM (MW - inCV),Naive Bayes (Kruskal - inCV),2105.0,0.14871125075272015,1.4440985683469616,0.14440985683469615,1.0
SVM (MW - inCV),Naive Bayes (Chi-square - inCV),101.0,7.782270439305223e-17,-8.334505579102526,-0.8334505579102526,6.887309338785122e-14
SVM (MW - inCV),Naive Bayes (KS - inCV),101.0,7.782270439305223e-17,-8.334505579102526,-0.8334505579102526,6.887309338785122e-14
SVM (MW - inCV),Integrated-SelectFromModel (L1-LR selector) + LR,2358.0,0.5658317267963462,0.5742010974141489,0.05742010974141489,1.0
SVM (MW - inCV),Integrated-SelectFromModel (L1-LR selector) + SVM,174.0,9.65434287514514e-16,-8.03117512374831,-0.8031175123748311,7.665548242865242e-13
SVM (MW - inCV),Integrated-SelectFromModel (L1-LR selector) + KNN,2075.0,0.12180361871181229,-1.5472473228531913,-0.15472473228531913,1.0
SVM (MW - inCV),Integrated-SelectFromModel (L1-LR selector) + Naive Bayes,1720.0,0.00564264523421602,2.7678555893316767,0.2767855589331677,1.0
SVM (MW - inCV),Integrated-SelectFromModel (RF selector) + RF,82.0,4.471110025498778e-17,-8.399833799400772,-0.8399833799400772,4.086594563305883e-14
SVM (MW - inCV),Integrated-SelectFromModel (RF selector) + LR,1425.0,0.00015546980358498242,-3.7821657116745415,-0.37821657116745416,0.050216746557949325
SVM (MW - inCV),Integrated-SelectFromModel (RF selector) + KNN,820.0,4.563786971596856e-09,5.862343858348937,0.5862343858348937,2.364041651287171e-06
SVM (MW - inCV),Integrated-RFECV (L1-LR) + LR,1098.0,9.272092570399588e-07,-4.906489551826353,-0.4906489551826353,0.0003745925398441433
SVM (MW - inCV),Integrated-RFECV (L1-LR) + KNN,2059.5,0.10947853092698051,-1.6005413973070235,-0.16005413973070234,1.0
SVM (MW - inCV),Integrated-RFECV (L1-LR) + Naive Bayes,1452.0,0.00022484958214565314,-3.6893252831588326,-0.36893252831588325,0.07217671586875465
SVM (Wilcoxon - inCV),SVM (Kruskal - inCV),100.0,7.559341600282153e-17,-8.337943906486645,-0.8337943906486645,6.70513599945027e-14
SVM (Wilcoxon - inCV),SVM (Chi-square - inCV),2354.5,0.6740602231970867,-0.4205821598309549,-0.04205821598309549,1.0
SVM (Wilcoxon - inCV),SVM (KS - inCV),2104.5,0.14822623289274026,-1.4458252113886094,-0.14458252113886094,1.0
SVM (Wilcoxon - inCV),K-Neighbors (MW - inCV),868.0,1.217165937195365e-08,-5.697304265855829,-0.5697304265855829,6.024971389117057e-06
SVM (Wilcoxon - inCV),K-Neighbors (Wilcoxon - inCV),933.5,4.447386849387371e-08,-5.47209803182412,-0.547209803182412,2.06358749811574e-05
SVM (Wilcoxon - inCV),K-Neighbors (Kruskal - inCV),1577.5,0.001122696871147999,-3.2578248250450335,-0.32578248250450337,0.30761894269455176
SVM (Wilcoxon - inCV),K-Neighbors (Chi-square - inCV),842.0,7.177682673659333e-09,-5.786713538862049,-0.5786713538862049,3.6533475293622796e-06
SVM (Wilcoxon - inCV),K-Neighbors (KS - inCV),1071.0,5.75304606041702e-07,-4.999328016507868,-0.4999328016507868,0.00023990202071938973
SVM (Wilcoxon - inCV),Decision Tree (MW - inCV),430.0,5.877424606020045e-13,-7.203295869727636,-0.7203295869727636,3.9143647876093496e-10
SVM (Wilcoxon - inCV),Decision Tree (Wilcoxon - inCV),1787.5,0.011220153696016954,-2.5357664457871754,-0.25357664457871754,1.0
SVM (Wilcoxon - inCV),Decision Tree (Kruskal - inCV),1000.5,1.5907460439591668e-07,-5.241733970107007,-0.5241733970107008,7.031097514299517e-05
SVM (Wilcoxon - inCV),Decision Tree (Chi-square - inCV),415.0,4.0204547308354697e-13,-7.254870780489408,-0.7254870780489407,2.6977251243906e-10
SVM (Wilcoxon - inCV),Decision Tree (KS - inCV),451.0,9.957645890740353e-13,-7.131090994661154,-0.7131090994661153,6.542173350216412e-10
SVM (Wilcoxon - inCV),Naive Bayes (MW - inCV),127.0,2.501240999418116e-16,-8.195225357752154,-0.8195225357752154,2.108546162509472e-13
SVM (Wilcoxon - inCV),Naive Bayes (Wilcoxon - inCV),394.0,2.3520055161493516e-13,-7.327091897119758,-0.7327091897119759,1.5993637509815591e-10
SVM (Wilcoxon - inCV),Naive Bayes (Kruskal - inCV),2304.0,0.4473324208168965,0.7598697904370176,0.07598697904370176,1.0
SVM (Wilcoxon - inCV),Naive Bayes (Chi-square - inCV),94.0,6.347431632174053e-17,-8.358586222800737,-0.8358586222800737,5.699993605692299e-14
SVM (Wilcoxon - inCV),Naive Bayes (KS - inCV),89.5,5.566992414771795e-17,-8.374052531450058,-0.8374052531450058,5.032561142953702e-14
SVM (Wilcoxon - inCV),Integrated-SelectFromModel (L1-LR selector) + LR,2493.5,0.9137516682113791,0.10830763270598258,0.010830763270598258,1.0
SVM (Wilcoxon - inCV),Integrated-SelectFromModel (L1-LR selector) + SVM,174.0,6.293307461307002e-16,-8.083501707318682,-0.8083501707318682,5.078699121274751e-13
SVM (Wilcoxon - inCV),Integrated-SelectFromModel (L1-LR selector) + KNN,1849.5,0.020201088204223876,-2.3225918640913634,-0.23225918640913634,1.0
SVM (Wilcoxon - inCV),Integrated-SelectFromModel (L1-LR selector) + Naive Bayes,1935.5,0.0426732549986513,2.026893992937681,0.20268939929376809,1.0
SVM (Wilcoxon - inCV),Integrated-SelectFromModel (RF selector) + RF,89.0,5.4866059752084997e-17,-8.375765507711945,-0.8375765507711945,4.965378407563692e-14
SVM (Wilcoxon - inCV),Integrated-SelectFromModel (RF selector) + LR,1328.5,3.889258998143227e-05,-4.113961754826523,-0.4113961754826523,0.013573513903519864
SVM (Wilcoxon - inCV),Integrated-SelectFromModel (RF selector) + KNN,1019.5,2.2619666330683162e-07,5.176409526296385,0.5176409526296385,9.703836855863076e-05
SVM (Wilcoxon - inCV),Integrated-RFECV (L1-LR) + LR,1000.5,1.5907794407962814e-07,-5.241730097088201,-0.5241730097088201,7.031097514299517e-05
SVM (Wilcoxon - inCV),Integrated-RFECV (L1-LR) + KNN,1906.0,0.03331017564382367,-2.1283246507691684,-0.21283246507691683,1.0
SVM (Wilcoxon - inCV),Integrated-RFECV (L1-LR) + Naive Bayes,1283.5,1.966272999527214e-05,-4.2686866014351255,-0.42686866014351255,0.007058920068302698
SVM (Kruskal - inCV),SVM (Chi-square - inCV),64.0,2.634541346387695e-17,8.4617236923149,0.84617236923149,2.492142471268365e-14
SVM (Kruskal - inCV),SVM (KS - inCV),125.0,1.557840387948608e-16,8.25198572188369,0.825198572188369,1.3335113720840084e-13
SVM (Kruskal - inCV),K-Neighbors (MW - inCV),419.0,4.4493251919254117e-13,7.241138872342839,0.7241138872342839,2.9765985533981004e-10
SVM (Kruskal - inCV),K-Neighbors (Wilcoxon - inCV),318.0,3.2390842730070814e-14,7.588388536748875,0.7588388536748875,2.2932716652890135e-11
SVM (Kruskal - inCV),K-Neighbors (Kruskal - inCV),126.0,1.6032325636866424e-16,8.248553489200859,0.8248553489200858,1.3691606093883926e-13
SVM (Kruskal - inCV),K-Neighbors (Chi-square - inCV),410.0,3.5402583945402904e-13,7.272067790604342,0.7272067790604342,2.386134157920156e-10
SVM (Kruskal - inCV),K-Neighbors (KS - inCV),285.0,2.1098147677994667e-14,7.643752073450154,0.7643752073450154,1.514847003280017e-11
SVM (Kruskal - inCV),Decision Tree (MW - inCV),1362.5,6.41352455075422e-05,3.9970555840374113,0.3997055584037411,0.02154944249053418
SVM (Kruskal - inCV),Decision Tree (Wilcoxon - inCV),226.0,2.6856063057638546e-15,7.904708815451147,0.7904708815451147,2.054488823909349e-12
SVM (Kruskal - inCV),Decision Tree (Kruskal - inCV),545.5,1.0022842015229733e-11,6.806174085816216,0.6806174085816216,6.2141620494424346e-09
SVM (Kruskal - inCV),Decision Tree (Chi-square - inCV),1543.0,0.000734290577150672,3.3764449755849846,0.33764449755849846,0.21147568621939355
SVM (Kruskal - inCV),Decision Tree (KS - inCV),1469.0,0.0002824633750431414,3.630873717628823,0.3630873717628823,0.08841103638850326
SVM (Kruskal - inCV),Naive Bayes (MW - inCV),2358.5,0.5669943767464136,0.5724836244458089,0.05724836244458089,1.0
SVM (Kruskal - inCV),Naive Bayes (Wilcoxon - inCV),1350.5,5.383504056324568e-05,4.038321480328864,0.40383214803288636,0.018357748832066777
SVM (Kruskal - inCV),Naive Bayes (Kruskal - inCV),53.0,1.9033478145708283e-17,8.4995452935402,0.8499545293540199,1.8443440323191328e-14
SVM (Kruskal - inCV),Naive Bayes (Chi-square - inCV),2450.5,0.797830268608584,-0.25615614719351454,-0.025615614719351455,1.0
SVM (Kruskal - inCV),Naive Bayes (KS - inCV),2392.0,0.6474545249788694,-0.45730125890590057,-0.045730125890590057,1.0
SVM (Kruskal - inCV),Integrated-SelectFromModel (L1-LR selector) + LR,19.0,6.9062884340117215e-18,8.616448424600216,0.8616448424600216,7.016789048955909e-15
SVM (Kruskal - inCV),Integrated-SelectFromModel (L1-LR selector) + SVM,181.5,0.0036183083773194884,0.0,0.0,0.8901038608205941
SVM (Kruskal - inCV),Integrated-SelectFromModel (L1-LR selector) + KNN,106.0,8.997452359022574e-17,8.31732008769357,0.831732008769357,7.926755528298887e-14
SVM (Kruskal - inCV),Integrated-SelectFromModel (L1-LR selector) + Naive Bayes,35.0,1.1147719595548441e-17,8.561428860579973,0.8561428860579973,1.1190467968067498e-14
SVM (Kruskal - inCV),Integrated-SelectFromModel (RF selector) + RF,2234.5,0.31787291619292823,-0.9988385332327395,-0.09988385332327396,1.0
SVM (Kruskal - inCV),Integrated-SelectFromModel (RF selector) + LR,168.0,5.312093957226147e-16,8.104137644366606,0.8104137644366606,4.3452928570109877e-13
SVM (Kruskal - inCV),Integrated-SelectFromModel (RF selector) + KNN,1.0,4.0161556854627e-18,8.67833190526259,0.8678331905262591,4.140189735314971e-15
SVM (Kruskal - inCV),Integrated-RFECV (L1-LR) + LR,665.0,2.659500269484925e-10,6.317429308286263,0.6317429308286263,1.5371911557622865e-07
SVM (Kruskal - inCV),Integrated-RFECV (L1-LR) + KNN,149.0,3.097733124502193e-16,8.169459828408842,0.8169459828408842,2.5835094258348287e-13
SVM (Kruskal - inCV),Integrated-RFECV (L1-LR) + Naive Bayes,736.0,7.691454230248242e-10,6.151167690187466,0.6151167690187467,4.2764485520180223e-07
SVM (Chi-square - inCV),SVM (KS - inCV),1286.0,0.2738659780324505,0.0,0.0,1.0
SVM (Chi-square - inCV),K-Neighbors (MW - inCV),734.0,7.364873579820131e-10,-6.1580443449557025,-0.6158044344955702,4.102234583959813e-07
SVM (Chi-square - inCV),K-Neighbors (Wilcoxon - inCV),851.0,8.625283424079514e-09,-5.755760041013874,-0.5755760041013873,4.355768129160155e-06
SVM (Chi-square - inCV),K-Neighbors (Kruskal - inCV),1615.5,0.0017650458888077997,-3.1271587558555063,-0.31271587558555064,0.46420706875645135
SVM (Chi-square - inCV),K-Neighbors (Chi-square - inCV),614.0,5.009986541221738e-11,-6.570638776131859,-0.6570638776131859,3.0110019112742645e-08
SVM (Chi-square - inCV),K-Neighbors (KS - inCV),980.5,1.0932454337836521e-07,-5.3105005685997195,-0.531050056859972,4.919604452026435e-05
SVM (Chi-square - inCV),Decision Tree (MW - inCV),362.0,1.0291798129875554e-13,-7.437102131847674,-0.7437102131847675,7.132216104003759e-11
SVM (Chi-square - inCV),Decision Tree (Wilcoxon - inCV),1843.0,0.01903000182013723,-2.344942741238216,-0.23449427412382162,1.0
SVM (Chi-square - inCV),Decision Tree (Kruskal - inCV),1038.5,3.203266464395375e-07,-5.111077432970853,-0.5111077432970853,0.00013549817144392436
SVM (Chi-square - inCV),Decision Tree (Chi-square - inCV),300.0,2.005534251506086e-14,-7.650272777024273,-0.7650272777024273,1.441979126832876e-11
SVM (Chi-square - inCV),Decision Tree (KS - inCV),415.0,4.0206139549571546e-13,-7.254865420009535,-0.7254865420009535,2.6977251243906e-10
SVM (Chi-square - inCV),Naive Bayes (MW - inCV),118.0,1.273111903586884e-16,-8.276066243636928,-0.8276066243636928,1.1063342442170022e-13
SVM (Chi-square - inCV),Naive Bayes (Wilcoxon - inCV),366.0,1.1418130573477691e-13,-7.423365277279004,-0.7423365277279004,7.832837573405697e-11
SVM (Chi-square - inCV),Naive Bayes (Kruskal - inCV),2234.5,0.317873988923964,0.9988363191521774,0.09988363191521774,1.0
SVM (Chi-square - inCV),Naive Bayes (Chi-square - inCV),70.0,3.143651442726708e-17,-8.441099964980454,-0.8441099964980454,2.939314098949472e-14
SVM (Chi-square - inCV),Naive Bayes (KS - inCV),63.0,2.5579684900141998e-17,-8.465162019699015,-0.8465162019699015,2.4400400253311955e-14
SVM (Chi-square - inCV),Integrated-SelectFromModel (L1-LR selector) + LR,2502.0,0.9369676351244136,-0.07908170513080914,-0.007908170513080914,1.0
SVM (Chi-square - inCV),Integrated-SelectFromModel (L1-LR selector) + SVM,166.0,5.020142338158485e-16,-8.111008306067534,-0.8111008306067534,4.111496574951799e-13
SVM (Chi-square - inCV),Integrated-SelectFromModel (L1-LR selector) + KNN,1884.0,0.027526604953887535,-2.203967853219768,-0.22039678532197682,1.0
SVM (Chi-square - inCV),Integrated-SelectFromModel (L1-LR selector) + Naive Bayes,1856.0,0.02143428035595933,2.3002461188048415,0.23002461188048415,1.0
SVM (Chi-square - inCV),Integrated-SelectFromModel (RF selector) + RF,65.0,2.7132293679999324e-17,-8.458291614603631,-0.8458291614603631,2.5504356059199363e-14
SVM (Chi-square - inCV),Integrated-SelectFromModel (RF selector) + LR,1351.0,5.4232259285032855e-05,-4.03659634895477,-0.403659634895477,0.01838473589762614
SVM (Chi-square - inCV),Integrated-SelectFromModel (RF selector) + KNN,946.0,5.663038831727763e-08,5.429126962485546,0.5429126962485545,2.6163239402582265e-05
SVM (Chi-square - inCV),Integrated-RFECV (L1-LR) + LR,1006.5,1.7785962539598202e-07,-5.221103990559193,-0.5221103990559193,7.71910774218562e-05
SVM (Chi-square - inCV),Integrated-RFECV (L1-LR) + KNN,1950.0,0.04803730722886081,-1.9770382458679674,-0.19770382458679675,1.0
SVM (Chi-square - inCV),Integrated-RFECV (L1-LR) + Naive Bayes,1337.0,4.4127540573354234e-05,-4.084732932332425,-0.40847329323324255,0.015224001497807211
SVM (KS - inCV),K-Neighbors (MW - inCV),845.0,7.631842034704124e-09,-5.776394273387846,-0.5776394273387846,3.861712069560286e-06
SVM (KS - inCV),K-Neighbors (Wilcoxon - inCV),946.0,5.663038831727763e-08,-5.429126962485546,-0.5429126962485545,2.6163239402582265e-05
SVM (KS - inCV),K-Neighbors (Kruskal - inCV),1740.5,0.006989002228182167,-2.6973678328407305,-0.269736783284073,1.0
SVM (KS - inCV),K-Neighbors (Chi-square - inCV),745.0,1.558371259124821e-09,-6.038205913444883,-0.6038205913444883,8.508707074821523e-07
SVM (KS - inCV),K-Neighbors (KS - inCV),977.0,1.0233124288463868e-07,-5.322534723335944,-0.5322534723335944,4.645537020346325e-05
SVM (KS - inCV),Decision Tree (MW - inCV),455.0,1.1003167789661516e-12,-7.1173376851246815,-0.7117337685124682,7.217802767608127e-10
SVM (KS - inCV),Decision Tree (Wilcoxon - inCV),1941.5,0.04482776957003922,-2.0062669934200863,-0.20062669934200864,1.0
SVM (KS - inCV),Decision Tree (Kruskal - inCV),1131.5,1.6569653705498545e-06,-4.791309209768717,-0.4791309209768717,0.0006561582867377424
SVM (KS - inCV),Decision Tree (Chi-square - inCV),433.0,6.339428788808821e-13,-7.1929755728246185,-0.7192975572824618,4.2030412869802483e-10
SVM (KS - inCV),Decision Tree (KS - inCV),504.0,3.682506902547097e-12,-6.948859643302889,-0.6948859643302889,2.356804417630142e-09
SVM (KS - inCV),Naive Bayes (MW - inCV),186.0,8.820532776195385e-16,-8.042247751452479,-0.8042247751452478,7.046580188328421e-13
SVM (KS - inCV),Naive Bayes (Wilcoxon - inCV),479.0,1.995289467917909e-12,-7.034812630018724,-0.7034812630018724,1.2909522857428873e-09
SVM (KS - inCV),Naive Bayes (Kruskal - inCV),2186.0,0.24377869777154315,1.1655938444514762,0.11655938444514762,1.0
SVM (KS - inCV),Naive Bayes (Chi-square - inCV),136.0,2.1364721341462352e-16,-8.214164120658388,-0.8214164120658388,1.8117283697560073e-13
SVM (KS - inCV),Naive Bayes (KS - inCV),122.0,1.4289849453522757e-16,-8.262294599186214,-0.8262294599186214,1.2317850228936616e-13
SVM (KS - inCV),Integrated-SelectFromModel (L1-LR selector) + LR,2383.5,0.6265956623367096,-0.4865240438199524,-0.04865240438199524,1.0
SVM (KS - inCV),Integrated-SelectFromModel (L1-LR selector) + SVM,234.5,3.393972838779224e-15,-7.875494692377894,-0.7875494692377895,2.5726314117946517e-12
SVM (KS - inCV),Integrated-SelectFromModel (L1-LR selector) + KNN,2050.5,0.1027874849147066,-1.631487549239603,-0.1631487549239603,1.0
SVM (KS - inCV),Integrated-SelectFromModel (L1-LR selector) + Naive Bayes,1825.5,0.01616751960794877,2.405111782282618,0.2405111782282618,1.0
SVM (KS - inCV),Integrated-SelectFromModel (RF selector) + RF,93.0,6.165746764702665e-17,-8.362012198175472,-0.8362012198175472,5.5541739052218646e-14
SVM (KS - inCV),Integrated-SelectFromModel (RF selector) + LR,1478.0,0.0003182848257162607,-3.5999447307906314,-0.3599944730790631,0.0980317263206083
SVM (KS - inCV),Integrated-SelectFromModel (RF selector) + KNN,886.5,1.763843403906454e-08,5.633699418877677,0.5633699418877677,8.43117147067285e-06
SVM (KS - inCV),Integrated-RFECV (L1-LR) + LR,1161.0,2.733672530544432e-06,-4.68987855193723,-0.46898785519372305,0.0010497302517290619
SVM (KS - inCV),Integrated-RFECV (L1-LR) + KNN,2055.0,0.10609157247759944,-1.6160126764950147,-0.16160126764950147,1.0
SVM (KS - inCV),Integrated-RFECV (L1-LR) + Naive Bayes,1484.5,0.00034679057014550885,-3.5775796431749898,-0.35775796431749896,0.1040452978391522
K-Neighbors (MW - inCV),K-Neighbors (Wilcoxon - inCV),2253.0,0.4384316505320254,0.7748443307311148,0.07748443307311148,1.0
K-Neighbors (MW - inCV),K-Neighbors (Kruskal - inCV),1691.0,0.0041364100623959045,2.8675671571461097,0.286756715714611,0.9637835445382458
K-Neighbors (MW - inCV),K-Neighbors (Chi-square - inCV),872.0,0.46376757211330233,0.0,0.0,1.0
K-Neighbors (MW - inCV),K-Neighbors (KS - inCV),1412.5,0.03379193600021792,2.1225457391278257,0.21225457391278257,1.0
K-Neighbors (MW - inCV),Decision Tree (MW - inCV),1323.5,3.6094759817434736e-05,-4.131153404449702,-0.41311534044497017,0.012633165936102158
K-Neighbors (MW - inCV),Decision Tree (Wilcoxon - inCV),1511.0,0.0004894560285750338,3.4864613914169045,0.34864613914169046,0.14292116034390986
K-Neighbors (MW - inCV),Decision Tree (Kruskal - inCV),2480.0,0.8770383312474567,0.15472473228531908,0.015472473228531907,1.0
K-Neighbors (MW - inCV),Decision Tree (Chi-square - inCV),1180.0,3.754181106348498e-06,-4.624546914650629,-0.46245469146506285,0.0014190804581997321
K-Neighbors (MW - inCV),Decision Tree (KS - inCV),1204.5,9.232052902677938e-06,-4.434419915621601,-0.4434419915621601,0.003406627521088159
K-Neighbors (MW - inCV),Naive Bayes (MW - inCV),346.0,6.777230750229835e-14,-7.492115369993566,-0.7492115369993566,4.716952602159965e-11
K-Neighbors (MW - inCV),Naive Bayes (Wilcoxon - inCV),1050.0,3.9463181370104824e-07,-5.071529144319463,-0.5071529144319463,0.00016574536175444025
K-Neighbors (MW - inCV),Naive Bayes (Kruskal - inCV),861.5,1.0673892748168855e-08,5.719657603480632,0.5719657603480632,5.3689680523289346e-06
K-Neighbors (MW - inCV),Naive Bayes (Chi-square - inCV),212.0,1.822758080253685e-15,-7.9528453632616385,-0.7952845363261638,1.4162830283571134e-12
K-Neighbors (MW - inCV),Naive Bayes (KS - inCV),189.0,9.595359087770175e-16,-8.031926834664585,-0.8031926834664584,7.628310474777289e-13
K-Neighbors (MW - inCV),Integrated-SelectFromModel (L1-LR selector) + LR,932.0,4.319830929241881e-08,5.477251475865018,0.5477251475865018,2.0087213820974746e-05
K-Neighbors (MW - inCV),Integrated-SelectFromModel (L1-LR selector) + SVM,585.0,2.5518517304774215e-11,-6.670355125189315,-0.6670355125189315,1.551525852130272e-08
K-Neighbors (MW - inCV),Integrated-SelectFromModel (L1-LR selector) + KNN,1473.0,0.00029789567109320017,3.6171230807166754,0.36171230807166754,0.09264555370998526
K-Neighbors (MW - inCV),Integrated-SelectFromModel (L1-LR selector) + Naive Bayes,676.0,2.0510100055459917e-10,6.357472030651266,0.6357472030651266,1.195738833233313e-07
K-Neighbors (MW - inCV),Integrated-SelectFromModel (RF selector) + RF,81.0,4.3420692379431254e-17,-8.403272126784886,-0.8403272126784886,3.977335421955903e-14
K-Neighbors (MW - inCV),Integrated-SelectFromModel (RF selector) + LR,1887.5,0.02838429374789709,2.1919337073753544,0.21919337073753545,1.0
K-Neighbors (MW - inCV),Integrated-SelectFromModel (RF selector) + KNN,164.0,4.74378149802136e-16,8.117884955754745,0.8117884955754745,3.889900828377515e-13
K-Neighbors (MW - inCV),Integrated-RFECV (L1-LR) + LR,2246.0,0.33741098946309456,-0.9592933401689787,-0.09592933401689788,1.0
K-Neighbors (MW - inCV),Integrated-RFECV (L1-LR) + KNN,1578.0,0.0011295553972773152,3.2560960327599386,0.32560960327599386,0.30761894269455176
K-Neighbors (MW - inCV),Integrated-RFECV (L1-LR) + Naive Bayes,2460.5,0.8244911593790953,-0.2217722801389977,-0.02217722801389977,1.0
K-Neighbors (Wilcoxon - inCV),K-Neighbors (Kruskal - inCV),1780.5,0.010472194960584411,2.559834737476003,0.2559834737476003,1.0
K-Neighbors (Wilcoxon - inCV),K-Neighbors (Chi-square - inCV),2448.5,0.92630649560771,0.09249281996377201,0.009249281996377201,1.0
K-Neighbors (Wilcoxon - inCV),K-Neighbors (KS - inCV),2067.5,0.11570995816325712,1.573038265101966,0.15730382651019661,1.0
K-Neighbors (Wilcoxon - inCV),Decision Tree (MW - inCV),1266.0,1.4988495742080432e-05,-4.3288573751162485,-0.43288573751162485,0.005440823954375197
K-Neighbors (Wilcoxon - inCV),Decision Tree (Wilcoxon - inCV),1611.5,0.0016842259286277332,3.140912065391978,0.3140912065391978,0.4463198710863493
K-Neighbors (Wilcoxon - inCV),Decision Tree (Kruskal - inCV),2248.0,0.34088498720784577,-0.9524180928489526,-0.09524180928489526,1.0
K-Neighbors (Wilcoxon - inCV),Decision Tree (Chi-square - inCV),1073.0,5.96154520880477e-07,-4.992458739410395,-0.49924587394103953,0.00024740412616539796
K-Neighbors (Wilcoxon - inCV),Decision Tree (KS - inCV),1158.0,2.5991504722241795e-06,-4.700193534089585,-0.47001935340895845,0.0010032550200044631
K-Neighbors (Wilcoxon - inCV),Naive Bayes (MW - inCV),287.5,1.4342902904072583e-14,-7.693263206372206,-0.7693263206372206,1.044163331416484e-11
K-Neighbors (Wilcoxon - inCV),Naive Bayes (Wilcoxon - inCV),801.0,3.0725119878566056e-09,-5.927676410219783,-0.5927676410219783,1.619213817600431e-06
K-Neighbors (Wilcoxon - inCV),Naive Bayes (Kruskal - inCV),842.0,7.177500057686207e-09,5.786717814571823,0.5786717814571822,3.6533475293622796e-06
K-Neighbors (Wilcoxon - inCV),Naive Bayes (Chi-square - inCV),170.0,5.620763167977926e-16,-8.097266972516893,-0.8097266972516893,4.564059692398076e-13
K-Neighbors (Wilcoxon - inCV),Naive Bayes (KS - inCV),148.0,3.010681278678945e-16,-8.172898153252449,-0.8172898153252449,2.5139188676969194e-13
K-Neighbors (Wilcoxon - inCV),Integrated-SelectFromModel (L1-LR selector) + LR,944.0,5.4491301187257605e-08,5.43599559429088,0.543599559429088,2.522947244970027e-05
K-Neighbors (Wilcoxon - inCV),Integrated-SelectFromModel (L1-LR selector) + SVM,480.5,2.0702150414285186e-12,-7.029670725016909,-0.7029670725016909,1.337358916762823e-09
K-Neighbors (Wilcoxon - inCV),Integrated-SelectFromModel (L1-LR selector) + KNN,1597.0,0.0014189642160793382,3.1907654548667526,0.31907654548667524,0.38312033834142134
K-Neighbors (Wilcoxon - inCV),Integrated-SelectFromModel (L1-LR selector) + Naive Bayes,632.0,7.577682824193111e-11,6.508753738135758,0.6508753738135759,4.516298963219094e-08
K-Neighbors (Wilcoxon - inCV),Integrated-SelectFromModel (RF selector) + RF,63.0,2.5581057720235416e-17,-8.465155764958993,-0.8465155764958994,2.4400400253311955e-14
K-Neighbors (Wilcoxon - inCV),Integrated-SelectFromModel (RF selector) + LR,1993.0,0.06737132717421686,1.8291888167986126,0.18291888167986126,1.0
K-Neighbors (Wilcoxon - inCV),Integrated-SelectFromModel (RF selector) + KNN,152.0,3.3738797373974887e-16,8.159150882512495,0.8159150882512496,2.796946302302518e-13
K-Neighbors (Wilcoxon - inCV),Integrated-RFECV (L1-LR) + LR,2145.0,0.19136101989144993,-1.306563440570438,-0.1306563440570438,1.0
K-Neighbors (Wilcoxon - inCV),Integrated-RFECV (L1-LR) + KNN,1692.0,0.004181634937971656,2.864124594724143,0.28641245947241434,0.9659576706714526
K-Neighbors (Wilcoxon - inCV),Integrated-RFECV (L1-LR) + Naive Bayes,2522.0,0.9917699626976146,-0.010315005017062062,-0.0010315005017062062,1.0
K-Neighbors (Kruskal - inCV),K-Neighbors (Chi-square - inCV),1742.5,0.007134649632097323,-2.690493166027375,-0.2690493166027375,1.0
K-Neighbors (Kruskal - inCV),K-Neighbors (KS - inCV),1958.0,0.051231797823484054,-1.9495330672683984,-0.19495330672683983,1.0
K-Neighbors (Kruskal - inCV),Decision Tree (MW - inCV),912.5,2.9512064228850403e-08,-5.544307003474942,-0.5544307003474942,1.390018225178854e-05
K-Neighbors (Kruskal - inCV),Decision Tree (Wilcoxon - inCV),2390.0,0.6425227007038453,-0.46417453982580903,-0.0464174539825809,1.0
K-Neighbors (Kruskal - inCV),Decision Tree (Kruskal - inCV),1683.5,0.0038115067936580946,-2.8933546315808765,-0.28933546315808767,0.9147554034778786
K-Neighbors (Kruskal - inCV),Decision Tree (Chi-square - inCV),792.0,2.5437471371412896e-09,-5.958621356676846,-0.5958621356676846,1.3558172240963072e-06
K-Neighbors (Kruskal - inCV),Decision Tree (KS - inCV),866.0,1.1690386181290213e-08,-5.704180915543041,-0.5704180915543041,5.821812318282526e-06
K-Neighbors (Kruskal - inCV),Naive Bayes (MW - inCV),409.0,3.4511030102304506e-13,-7.275511496275754,-0.7275511496275754,2.3329456349157845e-10
K-Neighbors (Kruskal - inCV),Naive Bayes (Wilcoxon - inCV),795.0,2.7093112642049258e-09,-5.948306374524493,-0.5948306374524492,1.4386442812928156e-06
K-Neighbors (Kruskal - inCV),Naive Bayes (Kruskal - inCV),1484.0,0.00034452085377202716,3.5792961621942774,0.35792961621942776,0.1040452978391522
K-Neighbors (Kruskal - inCV),Naive Bayes (Chi-square - inCV),285.0,1.3410675488191009e-14,-7.701853340424776,-0.7701853340424776,9.816614457355819e-12
K-Neighbors (Kruskal - inCV),Naive Bayes (KS - inCV),290.0,1.5339500347761715e-14,-7.684667381560618,-0.7684667381560618,1.1151816752822767e-11
K-Neighbors (Kruskal - inCV),Integrated-SelectFromModel (L1-LR selector) + LR,1576.5,0.001109198752937334,3.261255933516888,0.3261255933516888,0.3072116311017081
K-Neighbors (Kruskal - inCV),Integrated-SelectFromModel (L1-LR selector) + SVM,247.0,4.782259792813318e-15,-7.832509781021268,-0.7832509781021268,3.6102736530463432e-12
K-Neighbors (Kruskal - inCV),Integrated-SelectFromModel (L1-LR selector) + KNN,285.0,0.14284596404358202,0.0,0.0,1.0
K-Neighbors (Kruskal - inCV),Integrated-SelectFromModel (L1-LR selector) + Naive Bayes,1168.0,3.074032673882924e-06,4.665810260248403,0.4665810260248403,0.001168132416075511
K-Neighbors (Kruskal - inCV),Integrated-SelectFromModel (RF selector) + RF,191.0,1.0147464384053003e-15,-8.025062044099544,-0.8025062044099543,8.046939256554031e-13
K-Neighbors (Kruskal - inCV),Integrated-SelectFromModel (RF selector) + LR,2255.0,0.3532251001615734,-0.9283518234256363,-0.09283518234256363,1.0
K-Neighbors (Kruskal - inCV),Integrated-SelectFromModel (RF selector) + KNN,180.0,1.145080434821716e-15,8.010215040666253,0.8010215040666253,9.046135435091557e-13
K-Neighbors (Kruskal - inCV),Integrated-RFECV (L1-LR) + LR,1570.0,0.0010248842991594004,-3.28360507802702,-0.328360507802702,0.2879924880637915
K-Neighbors (Kruskal - inCV),Integrated-RFECV (L1-LR) + KNN,2197.0,0.4181073015786999,0.8097092480074515,0.08097092480074515,1.0
K-Neighbors (Kruskal - inCV),Integrated-RFECV (L1-LR) + Naive Bayes,2017.0,0.08069476711764395,-1.7466690205520583,-0.17466690205520582,1.0
K-Neighbors (Chi-square - inCV),K-Neighbors (KS - inCV),1153.0,0.0768104550998885,0.0,0.0,1.0
K-Neighbors (Chi-square - inCV),Decision Tree (MW - inCV),1340.0,4.6130169531979994e-05,-4.074414939673602,-0.4074414939673602,0.015822648149469137
K-Neighbors (Chi-square - inCV),Decision Tree (Wilcoxon - inCV),1680.5,0.0036881712522788723,2.9036696213547835,0.29036696213547836,0.8954871143858111
K-Neighbors (Chi-square - inCV),Decision Tree (Kruskal - inCV),2403.0,0.6748685607674054,0.4194756309199826,0.041947563091998256,1.0
K-Neighbors (Chi-square - inCV),Decision Tree (Chi-square - inCV),1133.5,1.7146804337869397e-06,-4.784436090130469,-0.4784436090130469,0.0006755840909120543
K-Neighbors (Chi-square - inCV),Decision Tree (KS - inCV),1200.0,8.58225348802423e-06,-4.450119467036808,-0.4450119467036808,0.003201180551033038
K-Neighbors (Chi-square - inCV),Naive Bayes (MW - inCV),364.0,1.0841271541326848e-13,-7.430225477079438,-0.7430225477079438,7.458485237306693e-11
K-Neighbors (Chi-square - inCV),Naive Bayes (Wilcoxon - inCV),993.0,1.3828094314789343e-07,-5.267517552469087,-0.5267517552469088,6.139673875766468e-05
K-Neighbors (Chi-square - inCV),Naive Bayes (Kruskal - inCV),881.5,1.5961823586633986e-08,5.650891055798267,0.5650891055798267,7.709560792344215e-06
K-Neighbors (Chi-square - inCV),Naive Bayes (Chi-square - inCV),233.0,3.2569186661536936e-15,-7.880646364398922,-0.7880646364398922,2.4720012676106533e-12
K-Neighbors (Chi-square - inCV),Naive Bayes (KS - inCV),209.0,1.6767599457345124e-15,-7.963177989307488,-0.7963177989307488,1.306195997727185e-12
K-Neighbors (Chi-square - inCV),Integrated-SelectFromModel (L1-LR selector) + LR,1002.0,1.6358590673584748e-07,5.2365726060120235,0.5236572606012023,7.181421305703705e-05
K-Neighbors (Chi-square - inCV),Integrated-SelectFromModel (L1-LR selector) + SVM,614.0,5.009986541221738e-11,-6.570638776131859,-0.6570638776131859,3.0110019112742645e-08
K-Neighbors (Chi-square - inCV),Integrated-SelectFromModel (L1-LR selector) + KNN,1476.0,0.0003099867486518915,3.6068080909427693,0.3606808090942769,0.09609490553956267
K-Neighbors (Chi-square - inCV),Integrated-SelectFromModel (L1-LR selector) + Naive Bayes,693.5,3.028723044557974e-10,6.297301256970144,0.6297301256970144,1.741515750620835e-07
K-Neighbors (Chi-square - inCV),Integrated-SelectFromModel (RF selector) + RF,97.0,6.927659466137696e-17,-8.348258888638997,-0.8348258888638996,6.199931488796921e-14
K-Neighbors (Chi-square - inCV),Integrated-SelectFromModel (RF selector) + LR,1985.0,0.06335371896508572,1.8567009030711732,0.1856700903071173,1.0
K-Neighbors (Chi-square - inCV),Integrated-SelectFromModel (RF selector) + KNN,179.0,7.245111326644271e-16,8.066316043141306,0.8066316043141306,5.810579283968706e-13
K-Neighbors (Chi-square - inCV),Integrated-RFECV (L1-LR) + LR,2238.0,0.3237403572137556,-0.9868006883704239,-0.09868006883704239,1.0
K-Neighbors (Chi-square - inCV),Integrated-RFECV (L1-LR) + KNN,1650.5,0.002639945207182718,3.0068217407812607,0.3006821740781261,0.6679061374172276
K-Neighbors (Chi-square - inCV),Integrated-RFECV (L1-LR) + Naive Bayes,2470.0,0.8500078381888263,-0.1891084253128046,-0.01891084253128046,1.0
K-Neighbors (KS - inCV),Decision Tree (MW - inCV),1116.0,1.2686490998242189e-06,-4.844603284222548,-0.4844603284222548,0.0005074596399296875
K-Neighbors (KS - inCV),Decision Tree (Wilcoxon - inCV),1824.5,0.016016105432113268,2.4085483325748016,0.24085483325748017,1.0
K-Neighbors (KS - inCV),Decision Tree (Kruskal - inCV),2129.0,0.17333121448950595,-1.3615776441108085,-0.13615776441108085,1.0
K-Neighbors (KS - inCV),Decision Tree (Chi-square - inCV),931.0,4.2364164109600684e-08,-5.480701949462926,-0.5480701949462926,1.978406463918352e-05
K-Neighbors (KS - inCV),Decision Tree (KS - inCV),1021.5,2.3467986774354863e-07,-5.169532861366067,-0.5169532861366066,0.00010044298339423881
K-Neighbors (KS - inCV),Naive Bayes (MW - inCV),254.5,5.869438749537936e-15,-7.80672232564038,-0.7806722325640381,4.396209623403914e-12
K-Neighbors (KS - inCV),Naive Bayes (Wilcoxon - inCV),778.0,1.8925940456138504e-09,-6.0067668166322035,-0.6006766816632203,1.0238933786770931e-06
K-Neighbors (KS - inCV),Naive Bayes (Kruskal - inCV),979.0,1.0627255151103879e-07,5.315658063486674,0.5315658063486673,4.803519328298953e-05
K-Neighbors (KS - inCV),Naive Bayes (Chi-square - inCV),144.0,2.68581105054408e-16,-8.186657501585442,-0.8186657501585441,2.2587670935075712e-13
K-Neighbors (KS - inCV),Naive Bayes (KS - inCV),116.0,1.2018657535267367e-16,-8.282924548247854,-0.8282924548247854,1.0480269370753143e-13
K-Neighbors (KS - inCV),Integrated-SelectFromModel (L1-LR selector) + LR,1158.0,2.599106269441614e-06,4.700197006976896,0.47001970069768956,0.0010032550200044631
K-Neighbors (KS - inCV),Integrated-SelectFromModel (L1-LR selector) + SVM,436.0,1.1053669816071924e-12,-7.116706276019719,-0.7116706276019719,7.217802767608127e-10
K-Neighbors (KS - inCV),Integrated-SelectFromModel (L1-LR selector) + KNN,1716.0,0.00540908636227326,2.781604798477589,0.27816047984775893,1.0
K-Neighbors (KS - inCV),Integrated-SelectFromModel (L1-LR selector) + Naive Bayes,804.0,3.271472782016045e-09,5.917361428067427,0.5917361428067427,1.7142517377764078e-06
K-Neighbors (KS - inCV),Integrated-SelectFromModel (RF selector) + RF,52.0,1.847789855850658e-17,-8.502983620924319,-0.8502983620924318,1.794203950030989e-14
K-Neighbors (KS - inCV),Integrated-SelectFromModel (RF selector) + LR,2200.5,0.26453462670609573,1.1157372361463573,0.11157372361463573,1.0
K-Neighbors (KS - inCV),Integrated-SelectFromModel (RF selector) + KNN,229.0,2.917295855137348e-15,7.894393840920326,0.7894393840920326,2.2229794416146593e-12
K-Neighbors (KS - inCV),Integrated-RFECV (L1-LR) + LR,1941.0,0.044645235425910444,-2.007981708666146,-0.20079817086661458,1.0
K-Neighbors (KS - inCV),Integrated-RFECV (L1-LR) + KNN,1885.0,0.027769232252834737,2.200531151766799,0.2200531151766799,1.0
K-Neighbors (KS - inCV),Integrated-RFECV (L1-LR) + Naive Bayes,2344.0,0.5337201279968469,-0.6223372565253947,-0.06223372565253947,1.0
Decision Tree (MW - inCV),Decision Tree (Wilcoxon - inCV),596.5,9.09853560367391e-11,6.481217569390059,0.6481217569390059,5.3681360061676074e-08
Decision Tree (MW - inCV),Decision Tree (Kruskal - inCV),1452.5,0.00022637127376293206,3.6876088441717054,0.36876088441717053,0.07243880760413826
Decision Tree (MW - inCV),Decision Tree (Chi-square - inCV),1056.5,0.36661881729627765,0.0,0.0,1.0
Decision Tree (MW - inCV),Decision Tree (KS - inCV),1427.0,0.3546084469284093,0.0,0.0,1.0
Decision Tree (MW - inCV),Naive Bayes (MW - inCV),1446.0,0.00020728690966998354,-3.7099662123731836,-0.37099662123731836,0.0667463849137347
Decision Tree (MW - inCV),Naive Bayes (Wilcoxon - inCV),2342.0,0.6424983429164441,0.46420854048305504,0.0464208540483055,1.0
Decision Tree (MW - inCV),Naive Bayes (Kruskal - inCV),406.0,3.1971698402869067e-13,7.2858211103028845,0.7285821110302885,2.1708783215548096e-10
Decision Tree (MW - inCV),Naive Bayes (Chi-square - inCV),1205.0,5.66319485758843e-06,-4.538588793560467,-0.4538588793560467,0.002123698071595661
Decision Tree (MW - inCV),Naive Bayes (KS - inCV),1166.5,2.9978400596068467e-06,-4.6709677513245795,-0.46709677513245795,0.0011421770627102086
Decision Tree (MW - inCV),Integrated-SelectFromModel (L1-LR selector) + LR,526.5,6.353150462808263e-12,6.87149727716023,0.687149727716023,4.0024847915692055e-09
Decision Tree (MW - inCV),Integrated-SelectFromModel (L1-LR selector) + SVM,1657.0,0.002840738034365121,-2.9844659642503677,-0.2984465964250368,0.7158659846600105
Decision Tree (MW - inCV),Integrated-SelectFromModel (L1-LR selector) + KNN,776.5,1.8333894204915855e-09,6.011919873225387,0.6011919873225386,9.936970659064393e-07
Decision Tree (MW - inCV),Integrated-SelectFromModel (L1-LR selector) + Naive Bayes,321.0,3.507386885783358e-14,7.578067955308537,0.7578067955308537,2.476215141363051e-11
Decision Tree (MW - inCV),Integrated-SelectFromModel (RF selector) + RF,879.0,1.51826260372399e-08,-5.659486874258564,-0.5659486874258564,7.363573628061352e-06
Decision Tree (MW - inCV),Integrated-SelectFromModel (RF selector) + LR,1130.0,1.6149164377890813e-06,4.796463156830949,0.4796463156830949,0.0006411218258022653
Decision Tree (MW - inCV),Integrated-SelectFromModel (RF selector) + KNN,60.0,2.3413085997284582e-17,8.475470739489811,0.8475470739489811,2.2449526078099724e-14
Decision Tree (MW - inCV),Integrated-RFECV (L1-LR) + LR,1889.0,0.04082432417871556,2.0453098099478972,0.20453098099478972,1.0
Decision Tree (MW - inCV),Integrated-RFECV (L1-LR) + KNN,864.0,1.1227625712821653e-08,5.711057565230255,0.5711057565230255,5.625040482123648e-06
Decision Tree (MW - inCV),Integrated-RFECV (L1-LR) + Naive Bayes,1719.0,0.005583470492122405,2.77128982394677,0.277128982394677,1.0
Decision Tree (Wilcoxon - inCV),Decision Tree (Kruskal - inCV),1420.0,0.00014507341488223058,-3.799354566722363,-0.37993545667223627,0.04729393325160717
Decision Tree (Wilcoxon - inCV),Decision Tree (Chi-square - inCV),550.0,1.832173547590331e-11,-6.718807822781062,-0.6718807822781062,1.1231223846728728e-08
Decision Tree (Wilcoxon - inCV),Decision Tree (KS - inCV),517.0,1.3523606570659049e-11,-6.7629219879201505,-0.6762921987920151,8.317018040955315e-09
Decision Tree (Wilcoxon - inCV),Naive Bayes (MW - inCV),227.0,2.7607481043139143e-15,-7.901270490607541,-0.790127049060754,2.1064508035915167e-12
Decision Tree (Wilcoxon - inCV),Naive Bayes (Wilcoxon - inCV),433.5,6.419279049031264e-13,-7.191267037375405,-0.7191267037375405,4.2495627304586966e-10
Decision Tree (Wilcoxon - inCV),Naive Bayes (Kruskal - inCV),1548.5,0.0007864315036625076,3.357526690591425,0.3357526690591425,0.22334654704015217
Decision Tree (Wilcoxon - inCV),Naive Bayes (Chi-square - inCV),110.0,1.0104199612316775e-16,-8.303554497309491,-0.8303554497309491,8.860925257595502e-14
Decision Tree (Wilcoxon - inCV),Naive Bayes (KS - inCV),106.0,8.998385137455785e-17,-8.317307796683917,-0.8317307796683917,7.926755528298887e-14
Decision Tree (Wilcoxon - inCV),Integrated-SelectFromModel (L1-LR selector) + LR,1845.0,0.019384089495076966,2.3380608936523624,0.23380608936523622,1.0
Decision Tree (Wilcoxon - inCV),Integrated-SelectFromModel (L1-LR selector) + SVM,407.0,3.2800105956902744e-13,-7.282372018758385,-0.7282372018758385,2.2205671732823157e-10
Decision Tree (Wilcoxon - inCV),Integrated-SelectFromModel (L1-LR selector) + KNN,2337.0,0.5180170574396306,0.6464050705980061,0.06464050705980061,1.0
Decision Tree (Wilcoxon - inCV),Integrated-SelectFromModel (L1-LR selector) + Naive Bayes,1312.0,3.0367724968345853e-05,4.17069111693538,0.417069111693538,0.010659071463889395
Decision Tree (Wilcoxon - inCV),Integrated-SelectFromModel (RF selector) + RF,86.5,5.1001906495390406e-17,-8.38436132617224,-0.8384361326172239,4.6258729191319095e-14
Decision Tree (Wilcoxon - inCV),Integrated-SelectFromModel (RF selector) + LR,2251.5,0.34702101884629566,-0.9403832343878425,-0.09403832343878425,1.0
Decision Tree (Wilcoxon - inCV),Integrated-SelectFromModel (RF selector) + KNN,574.0,1.9706448488009824e-11,6.708181682964099,0.67081816829641,1.2040640026174002e-08
Decision Tree (Wilcoxon - inCV),Integrated-RFECV (L1-LR) + LR,1575.0,0.0010891910531910522,-3.266413428403841,-0.3266413428403841,0.3027951127871125
Decision Tree (Wilcoxon - inCV),Integrated-RFECV (L1-LR) + KNN,2477.0,0.8689127230459117,-0.16503971443767373,-0.016503971443767373,1.0
Decision Tree (Wilcoxon - inCV),Integrated-RFECV (L1-LR) + Naive Bayes,1958.0,0.0512321415151757,-1.949530186324837,-0.1949530186324837,1.0
Decision Tree (Kruskal - inCV),Decision Tree (Chi-square - inCV),1150.5,2.290070741555878e-06,-4.725980989470472,-0.4725980989470472,0.0008908375184652366
Decision Tree (Kruskal - inCV),Decision Tree (KS - inCV),1276.0,1.7510543599430172e-05,-4.294477248983183,-0.4294477248983183,0.006321306239394292
Decision Tree (Kruskal - inCV),Naive Bayes (MW - inCV),717.5,5.139767314249976e-10,-6.214776746793653,-0.6214776746793653,2.9039685325512365e-07
Decision Tree (Kruskal - inCV),Naive Bayes (Wilcoxon - inCV),1457.0,0.00024053638284954242,-3.6721309329716516,-0.36721309329716517,0.07625003336330495
Decision Tree (Kruskal - inCV),Naive Bayes (Kruskal - inCV),875.0,1.401249829740757e-08,5.673235991950584,0.5673235991950584,6.865788005932441e-06
Decision Tree (Kruskal - inCV),Naive Bayes (Chi-square - inCV),542.0,9.217972669668928e-12,-6.818213278409651,-0.681821327840965,5.76123291854308e-09
Decision Tree (Kruskal - inCV),Naive Bayes (KS - inCV),529.0,6.747577489046266e-12,-6.862901458699935,-0.6862901458699935,4.237478663121055e-09
Decision Tree (Kruskal - inCV),Integrated-SelectFromModel (L1-LR selector) + LR,1011.0,1.9334197539194187e-07,5.205627659554961,0.5205627659554961,8.371707534471083e-05
Decision Tree (Kruskal - inCV),Integrated-SelectFromModel (L1-LR selector) + SVM,813.0,3.9466942854531636e-09,-5.886412132254182,-0.5886412132254182,2.0641211112920048e-06
Decision Tree (Kruskal - inCV),Integrated-SelectFromModel (L1-LR selector) + KNN,1467.5,0.00027686791706136714,3.636033895302171,0.3636033895302171,0.08721339387433065
Decision Tree (Kruskal - inCV),Integrated-SelectFromModel (L1-LR selector) + Naive Bayes,694.0,3.062392464844995e-10,6.295586743705533,0.6295586743705532,1.7578132748210272e-07
Decision Tree (Kruskal - inCV),Integrated-SelectFromModel (RF selector) + RF,298.0,1.9010539917799166e-14,-7.657149426711485,-0.7657149426711485,1.3744620360568797e-11
Decision Tree (Kruskal - inCV),Integrated-SelectFromModel (RF selector) + LR,1888.0,0.0285087982770462,2.1902129253772857,0.21902129253772856,1.0
Decision Tree (Kruskal - inCV),Integrated-SelectFromModel (RF selector) + KNN,138.0,2.262528715891485e-16,8.207281401688514,0.8207281401688513,1.9140992936441966e-13
Decision Tree (Kruskal - inCV),Integrated-RFECV (L1-LR) + LR,2287.5,0.4141554808994107,-0.8166027537280734,-0.08166027537280734,1.0
Decision Tree (Kruskal - inCV),Integrated-RFECV (L1-LR) + KNN,1363.5,6.507287525679386e-05,3.9936172566532933,0.39936172566532935,0.021669267460512353
Decision Tree (Kruskal - inCV),Integrated-RFECV (L1-LR) + Naive Bayes,2439.0,0.7674623006604582,-0.2956959365501517,-0.02956959365501517,1.0
Decision Tree (Chi-square - inCV),Decision Tree (KS - inCV),1042.0,0.42343673183389563,0.0,0.0,1.0
Decision Tree (Chi-square - inCV),Naive Bayes (MW - inCV),1610.5,0.001664559994531778,-3.144350392776097,-0.31443503927760974,0.44609853646120684
Decision Tree (Chi-square - inCV),Naive Bayes (Wilcoxon - inCV),2490.5,0.9055746014059253,0.11862229475207801,0.011862229475207802,1.0
Decision Tree (Chi-square - inCV),Naive Bayes (Kruskal - inCV),315.5,3.031111645650427e-14,7.5969843552091705,0.7596984355209171,2.152089268411803e-11
Decision Tree (Chi-square - inCV),Naive Bayes (Chi-square - inCV),1392.5,9.864064242863227e-05,-3.893911516792198,-0.3893911516792198,0.03245277135902001
Decision Tree (Chi-square - inCV),Naive Bayes (KS - inCV),1343.0,4.82181586788552e-05,-4.064099965142782,-0.4064099965142782,0.01649061026816848
Decision Tree (Chi-square - inCV),Integrated-SelectFromModel (L1-LR selector) + LR,468.0,1.5201411577359335e-12,7.072639429131145,0.7072639429131146,9.865716113706209e-10
Decision Tree (Chi-square - inCV),Integrated-SelectFromModel (L1-LR selector) + SVM,1862.0,0.0226303667276144,-2.2796177931449675,-0.22796177931449674,1.0
Decision Tree (Chi-square - inCV),Integrated-SelectFromModel (L1-LR selector) + KNN,661.0,2.429691944737185e-10,6.331385657415506,0.6331385657415506,1.4140807118370417e-07
Decision Tree (Chi-square - inCV),Integrated-SelectFromModel (L1-LR selector) + Naive Bayes,257.5,6.369455153152281e-15,7.796407343488028,0.7796407343488028,4.757982999404754e-12
Decision Tree (Chi-square - inCV),Integrated-SelectFromModel (RF selector) + RF,1097.5,9.190691492181066e-07,-4.908219594014008,-0.4908219594014008,0.0003722230054333332
Decision Tree (Chi-square - inCV),Integrated-SelectFromModel (RF selector) + LR,1023.5,2.434700659924897e-07,5.16265619643575,0.516265619643575,0.0001039617181787931
Decision Tree (Chi-square - inCV),Integrated-SelectFromModel (RF selector) + KNN,55.0,2.019345605913072e-17,8.492674913849989,0.8492674913849989,1.9446298184942885e-14
Decision Tree (Chi-square - inCV),Integrated-RFECV (L1-LR) + LR,1768.0,0.0092460591672331,2.602819599305329,0.26028195993053294,1.0
Decision Tree (Chi-square - inCV),Integrated-RFECV (L1-LR) + KNN,757.0,2.018417880860651e-09,5.996317838720969,0.5996317838720968,1.0859088199030303e-06
Decision Tree (Chi-square - inCV),Integrated-RFECV (L1-LR) + Naive Bayes,1619.0,0.001838686519824989,3.115122308307412,0.3115122308307412,0.4780361124204481
Decision Tree (KS - inCV),Naive Bayes (MW - inCV),1497.0,0.0004083879836281179,-3.53460316252542,-0.353460316252542,0.12047445517029477
Decision Tree (KS - inCV),Naive Bayes (Wilcoxon - inCV),2449.0,0.7938513827119553,0.2613126881140875,0.02613126881140875,1.0
Decision Tree (KS - inCV),Naive Bayes (Kruskal - inCV),373.0,1.369299546879079e-13,7.399275063441004,0.7399275063441004,9.379701896121691e-11
Decision Tree (KS - inCV),Naive Bayes (Chi-square - inCV),1243.0,1.7076454490598e-05,-4.300043554542159,-0.43000435545421595,0.006181676525596476
Decision Tree (KS - inCV),Naive Bayes (KS - inCV),1231.0,8.618984140500819e-06,-4.449202209915325,-0.4449202209915325,0.0032062621002663045
Decision Tree (KS - inCV),Integrated-SelectFromModel (L1-LR selector) + LR,508.0,4.059304369484221e-12,6.935101209554139,0.6935101209554139,2.5898361877309327e-09
Decision Tree (KS - inCV),Integrated-SelectFromModel (L1-LR selector) + SVM,1778.0,0.010216017903763027,-2.568430555936298,-0.2568430555936298,1.0
Decision Tree (KS - inCV),Integrated-SelectFromModel (L1-LR selector) + KNN,724.0,9.870060998082003e-10,6.111497401397216,0.6111497401397216,5.458143731939347e-07
Decision Tree (KS - inCV),Integrated-SelectFromModel (L1-LR selector) + Naive Bayes,305.0,2.2919846510761976e-14,7.633086792742411,0.7633086792742411,1.6410610101705573e-11
Decision Tree (KS - inCV),Integrated-SelectFromModel (RF selector) + RF,1071.0,5.75304606041702e-07,-4.999328016507868,-0.4999328016507868,0.00023990202071938973
Decision Tree (KS - inCV),Integrated-SelectFromModel (RF selector) + LR,1089.0,7.915698945664686e-07,4.937434475418811,0.49374344754188104,0.00032137737719398625
Decision Tree (KS - inCV),Integrated-SelectFromModel (RF selector) + KNN,70.0,3.143651442726708e-17,8.441099964980454,0.8441099964980454,2.939314098949472e-14
Decision Tree (KS - inCV),Integrated-RFECV (L1-LR) + LR,1849.5,0.02020118048308418,2.3225901479718463,0.23225901479718464,1.0
Decision Tree (KS - inCV),Integrated-RFECV (L1-LR) + KNN,822.0,4.756584889115518e-09,5.8554715351533,0.58554715351533,2.459154387672723e-06
Decision Tree (KS - inCV),Integrated-RFECV (L1-LR) + Naive Bayes,1665.0,0.0031068245458067655,2.9569659200364597,0.29569659200364595,0.7798129609974981
Naive Bayes (MW - inCV),Naive Bayes (Wilcoxon - inCV),427.0,8.794371393033727e-13,7.148167890602236,0.7148167890602236,5.786696376616192e-10
Naive Bayes (MW - inCV),Naive Bayes (Kruskal - inCV),74.0,3.536288390303153e-17,8.427334191679323,0.8427334191679323,3.281675626201326e-14
Naive Bayes (MW - inCV),Naive Bayes (Chi-square - inCV),404.0,0.00010044136981242231,0.0,0.0,0.03294476929847452
Naive Bayes (MW - inCV),Naive Bayes (KS - inCV),859.5,1.3400939449045222e-05,-4.353453722327647,-0.43534537223276465,0.004904743838350552
Naive Bayes (MW - inCV),Integrated-SelectFromModel (L1-LR selector) + LR,99.0,7.341947562236e-17,8.341394560474942,0.8341394560474942,6.556359173076749e-14
Naive Bayes (MW - inCV),Integrated-SelectFromModel (L1-LR selector) + SVM,2391.5,0.6462209517644169,0.45901840158267576,0.04590184015826758,1.0
Naive Bayes (MW - inCV),Integrated-SelectFromModel (L1-LR selector) + KNN,250.0,5.191257998789323e-15,7.822189019204592,0.7822189019204593,3.903108927184941e-12
Naive Bayes (MW - inCV),Integrated-SelectFromModel (L1-LR selector) + Naive Bayes,70.0,3.143819212354019e-17,8.44109372801019,0.8441093728010189,2.939314098949472e-14
Naive Bayes (MW - inCV),Integrated-SelectFromModel (RF selector) + RF,1712.5,0.0052116971940376075,-2.793649256305108,-0.2793649256305108,1.0
Naive Bayes (MW - inCV),Integrated-SelectFromModel (RF selector) + LR,299.0,1.9525208775303745e-14,7.653716757047121,0.7653716757047121,1.4058150318218696e-11
Naive Bayes (MW - inCV),Integrated-SelectFromModel (RF selector) + KNN,5.0,4.531606414731291e-18,8.664585007977873,0.8664585007977873,4.635833362270111e-15
Naive Bayes (MW - inCV),Integrated-RFECV (L1-LR) + LR,893.0,2.0075873381476438e-08,5.611346144765669,0.5611346144765669,9.576191602964261e-06
Naive Bayes (MW - inCV),Integrated-RFECV (L1-LR) + KNN,314.0,2.912692143387897e-14,7.602141846285348,0.7602141846285349,2.0709241139487948e-11
Naive Bayes (MW - inCV),Integrated-RFECV (L1-LR) + Naive Bayes,928.5,4.0355334522114616e-08,5.489289668744712,0.5489289668744712,1.888629655634964e-05
Naive Bayes (Wilcoxon - inCV),Naive Bayes (Kruskal - inCV),232.0,3.1684934549908844e-15,7.884084691783042,0.7884084691783042,2.411223519248063e-12
Naive Bayes (Wilcoxon - inCV),Naive Bayes (Chi-square - inCV),137.0,3.340972770067051e-16,-8.160334780033276,-0.8160334780033276,2.7730073991556526e-13
Naive Bayes (Wilcoxon - inCV),Naive Bayes (KS - inCV),124.5,1.5350339863365261e-16,-8.253747575444095,-0.8253747575444095,1.3155241262904029e-13
Naive Bayes (Wilcoxon - inCV),Integrated-SelectFromModel (L1-LR selector) + LR,309.0,2.5498891487229275e-14,7.6193334832059385,0.7619333483205939,1.8231707413368933e-11
Naive Bayes (Wilcoxon - inCV),Integrated-SelectFromModel (L1-LR selector) + SVM,1643.0,0.003685132157966301,-2.9039277283609715,-0.29039277283609716,0.8954871143858111
Naive Bayes (Wilcoxon - inCV),Integrated-SelectFromModel (L1-LR selector) + KNN,571.0,1.8360893521121156e-11,6.718496672738006,0.6718496672738006,1.1236866834926147e-08
Naive Bayes (Wilcoxon - inCV),Integrated-SelectFromModel (L1-LR selector) + Naive Bayes,173.0,6.117637053359695e-16,8.086951982742985,0.8086951982742985,4.955286013221352e-13
Naive Bayes (Wilcoxon - inCV),Integrated-SelectFromModel (RF selector) + RF,663.5,1.549137075327392e-10,-6.400455883892872,-0.6400455883892872,9.04696051991197e-08
Naive Bayes (Wilcoxon - inCV),Integrated-SelectFromModel (RF selector) + LR,881.0,1.5802171472045105e-08,5.6526185727208595,0.565261857272086,7.648250992469832e-06
Naive Bayes (Wilcoxon - inCV),Integrated-SelectFromModel (RF selector) + KNN,24.0,8.023842397878198e-18,8.599250433859643,0.8599250433859643,8.128152349050614e-15
Naive Bayes (Wilcoxon - inCV),Integrated-RFECV (L1-LR) + LR,1679.0,0.003627799372735349,2.908833564103533,0.29088335641035334,0.8901038608205941
Naive Bayes (Wilcoxon - inCV),Integrated-RFECV (L1-LR) + KNN,730.0,6.751982352861727e-10,6.1717930942735135,0.6171793094273513,3.7676061528968437e-07
Naive Bayes (Wilcoxon - inCV),Integrated-RFECV (L1-LR) + Naive Bayes,1493.0,0.0006092458173557912,3.427464562062858,0.3427464562062858,0.17632348291557357
Naive Bayes (Kruskal - inCV),Naive Bayes (Chi-square - inCV),50.0,1.7415252083634357e-17,-8.509853987925876,-0.8509853987925876,1.6978950026291046e-14
Naive Bayes (Kruskal - inCV),Naive Bayes (KS - inCV),50.0,1.7414307719272868e-17,-8.509860275692551,-0.8509860275692551,1.6978950026291046e-14
Naive Bayes (Kruskal - inCV),Integrated-SelectFromModel (L1-LR selector) + LR,2144.5,0.19077681811835534,-1.3082845363238544,-0.13082845363238543,1.0
Naive Bayes (Kruskal - inCV),Integrated-SelectFromModel (L1-LR selector) + SVM,84.0,4.7408945782600864e-17,-8.392950943243257,-0.8392950943243257,4.314214066216679e-14
Naive Bayes (Kruskal - inCV),Integrated-SelectFromModel (L1-LR selector) + KNN,1686.0,0.003917162928199868,-2.8847566752751725,-0.28847566752751724,0.9205332881269689
Naive Bayes (Kruskal - inCV),Integrated-SelectFromModel (L1-LR selector) + Naive Bayes,61.0,4.407167742928806e-06,0.0,0.0,0.00166150223908416
Naive Bayes (Kruskal - inCV),Integrated-SelectFromModel (RF selector) + RF,48.0,1.6412062569258175e-17,-8.51673063761309,-0.851673063761309,1.610023338044227e-14
Naive Bayes (Kruskal - inCV),Integrated-SelectFromModel (RF selector) + LR,982.0,1.1246128094267259e-07,-5.305343073712765,-0.5305343073712765,5.0495115143259995e-05
Naive Bayes (Kruskal - inCV),Integrated-SelectFromModel (RF selector) + KNN,1086.0,7.507504934383819e-07,4.947753105746094,0.49477531057460944,0.0003107873617490377
Naive Bayes (Kruskal - inCV),Integrated-RFECV (L1-LR) + LR,761.0,1.317780812894983e-09,-6.065213987057238,-0.6065213987057237,7.221438854664507e-07
Naive Bayes (Kruskal - inCV),Integrated-RFECV (L1-LR) + KNN,1757.5,0.008317104252523903,-2.63891821715784,-0.263891821715784,1.0
Naive Bayes (Kruskal - inCV),Integrated-RFECV (L1-LR) + Naive Bayes,1030.0,7.611824048209433e-07,-4.9450655667501024,-0.49450655667501026,0.0003113236035717658
Naive Bayes (Chi-square - inCV),Naive Bayes (KS - inCV),1205.5,0.13284142377637762,0.0,0.0,1.0
Naive Bayes (Chi-square - inCV),Integrated-SelectFromModel (L1-LR selector) + LR,68.0,2.9641054725688535e-17,8.447970382778427,0.8447970382778427,2.7803309332695845e-14
Naive Bayes (Chi-square - inCV),Integrated-SelectFromModel (L1-LR selector) + SVM,2118.0,0.16169267328920844,1.3994013133195802,0.139940131331958,1.0
Naive Bayes (Chi-square - inCV),Integrated-SelectFromModel (L1-LR selector) + KNN,161.0,4.3571215496604904e-16,8.128199930285563,0.8128199930285562,3.5771967922712626e-13
Naive Bayes (Chi-square - inCV),Integrated-SelectFromModel (L1-LR selector) + Naive Bayes,42.0,1.3731500834606288e-17,8.537366894765498,0.8537366894765498,1.3675828459443537e-14
Naive Bayes (Chi-square - inCV),Integrated-SelectFromModel (RF selector) + RF,1970.0,0.056355744683811514,-1.9082745181630643,-0.19082745181630642,1.0
Naive Bayes (Chi-square - inCV),Integrated-SelectFromModel (RF selector) + LR,208.5,1.6536911886526958e-15,7.964891270418421,0.796489127041842,1.2898791271491027e-12
Naive Bayes (Chi-square - inCV),Integrated-SelectFromModel (RF selector) + KNN,1.0,4.015702944049438e-18,8.678344729780314,0.8678344729780314,4.140189735314971e-15
Naive Bayes (Chi-square - inCV),Integrated-RFECV (L1-LR) + LR,740.0,8.387779111867956e-10,6.137409845837449,0.6137409845837449,4.6468296279748475e-07
Naive Bayes (Chi-square - inCV),Integrated-RFECV (L1-LR) + KNN,214.0,1.926608014201868e-15,7.945980455832925,0.7945980455832925,1.4950478190206495e-12
Naive Bayes (Chi-square - inCV),Integrated-RFECV (L1-LR) + Naive Bayes,799.0,2.9463127662528173e-09,5.934561834863872,0.5934561834863872,1.5585994533477403e-06
Naive Bayes (KS - inCV),Integrated-SelectFromModel (L1-LR selector) + LR,71.0,3.237665051616236e-17,8.43765540062607,0.8437655400626071,3.011028498003099e-14
Naive Bayes (KS - inCV),Integrated-SelectFromModel (L1-LR selector) + SVM,2052.0,0.10387792862004108,1.6263372643970246,0.16263372643970248,1.0
Naive Bayes (KS - inCV),Integrated-SelectFromModel (L1-LR selector) + KNN,169.0,5.464146754116382e-16,8.100705302441527,0.8100705302441528,4.4478154578507346e-13
Naive Bayes (KS - inCV),Integrated-SelectFromModel (L1-LR selector) + Naive Bayes,42.0,1.3732250242604873e-17,8.537360586674728,0.8537360586674728,1.3675828459443537e-14
Naive Bayes (KS - inCV),Integrated-SelectFromModel (RF selector) + RF,2042.0,0.09677078362341628,-1.6607145806716397,-0.16607145806716397,1.0
Naive Bayes (KS - inCV),Integrated-SelectFromModel (RF selector) + LR,207.0,1.5861932638772303e-15,7.970042876385995,0.7970042876385995,1.238816939088117e-12
Naive Bayes (KS - inCV),Integrated-SelectFromModel (RF selector) + KNN,3.0,4.265842540306607e-18,8.671468069931041,0.8671468069931041,4.38077373084763e-15
Naive Bayes (KS - inCV),Integrated-RFECV (L1-LR) + LR,720.0,5.428767521009437e-10,6.2061809283333575,0.6206180928333358,3.045538579286294e-07
Naive Bayes (KS - inCV),Integrated-RFECV (L1-LR) + KNN,205.0,1.5003056702036536e-15,7.976919531154231,0.7976919531154232,1.1777399511098681e-12
Naive Bayes (KS - inCV),Integrated-RFECV (L1-LR) + Naive Bayes,787.5,2.3137261344648488e-09,5.974093829905379,0.5974093829905379,1.2401572080731589e-06
Integrated-SelectFromModel (L1-LR selector) + LR,Integrated-SelectFromModel (L1-LR selector) + SVM,32.5,1.0345718222196264e-17,-8.570031004914624,-0.8570031004914623,1.0418138249751639e-14
Integrated-SelectFromModel (L1-LR selector) + LR,Integrated-SelectFromModel (L1-LR selector) + KNN,1829.0,0.016707786253850717,-2.3930758593462698,-0.23930758593462698,1.0
Integrated-SelectFromModel (L1-LR selector) + LR,Integrated-SelectFromModel (L1-LR selector) + Naive Bayes,1613.5,0.001724173262129157,3.1340400419921313,0.3134040041992131,0.4551817412020974
Integrated-SelectFromModel (L1-LR selector) + LR,Integrated-SelectFromModel (RF selector) + RF,62.0,2.4830587173979676e-17,-8.468625376343976,-0.8468625376343976,2.371321075115059e-14
Integrated-SelectFromModel (L1-LR selector) + LR,Integrated-SelectFromModel (RF selector) + LR,922.5,3.589892665739322e-08,-5.509923704228586,-0.5509923704228586,1.683659660231742e-05
Integrated-SelectFromModel (L1-LR selector) + LR,Integrated-SelectFromModel (RF selector) + KNN,775.5,1.7949428214064537e-09,6.015353758514798,0.6015353758514798,9.746539520237044e-07
Integrated-SelectFromModel (L1-LR selector) + LR,Integrated-RFECV (L1-LR) + LR,821.0,1.3030134431204253e-08,-5.685669276170408,-0.5685669276170409,6.423856274583697e-06
Integrated-SelectFromModel (L1-LR selector) + LR,Integrated-RFECV (L1-LR) + KNN,1978.0,0.06000388244707512,-1.8807650791126573,-0.18807650791126573,1.0
Integrated-SelectFromModel (L1-LR selector) + LR,Integrated-RFECV (L1-LR) + Naive Bayes,1186.0,6.827914854486023e-06,-4.49898352392976,-0.449898352392976,0.0025536401555777723
Integrated-SelectFromModel (L1-LR selector) + SVM,Integrated-SelectFromModel (L1-LR selector) + KNN,118.0,1.2732426005945698e-16,8.276054013572518,0.8276054013572518,1.1063342442170022e-13
Integrated-SelectFromModel (L1-LR selector) + SVM,Integrated-SelectFromModel (L1-LR selector) + Naive Bayes,52.0,1.8478899002670448e-17,8.502977338238663,0.8502977338238663,1.794203950030989e-14
Integrated-SelectFromModel (L1-LR selector) + SVM,Integrated-SelectFromModel (RF selector) + RF,1955.5,0.05021455085390157,-1.9581317857389502,-0.19581317857389502,1.0
Integrated-SelectFromModel (L1-LR selector) + SVM,Integrated-SelectFromModel (RF selector) + LR,280.5,1.1878508441683798e-14,7.717337218048644,0.7717337218048643,8.754460721520959e-12
Integrated-SelectFromModel (L1-LR selector) + SVM,Integrated-SelectFromModel (RF selector) + KNN,1.0,4.0161556854627e-18,8.67833190526259,0.8678331905262591,4.140189735314971e-15
Integrated-SelectFromModel (L1-LR selector) + SVM,Integrated-RFECV (L1-LR) + LR,926.0,6.428298173111488e-08,5.406458866227463,0.5406458866227463,2.9313039669388385e-05
Integrated-SelectFromModel (L1-LR selector) + SVM,Integrated-RFECV (L1-LR) + KNN,266.0,8.024813726266165e-15,7.767187299751873,0.7767187299751873,5.9544117848894944e-12
Integrated-SelectFromModel (L1-LR selector) + SVM,Integrated-RFECV (L1-LR) + Naive Bayes,905.0,4.259052675620403e-08,5.479759123762119,0.5479759123762119,1.9847185468391077e-05
Integrated-SelectFromModel (L1-LR selector) + KNN,Integrated-SelectFromModel (L1-LR selector) + Naive Bayes,1284.0,1.9815366734152885e-05,4.2669611309155595,0.426696113091556,0.007093901290826733
Integrated-SelectFromModel (L1-LR selector) + KNN,Integrated-SelectFromModel (RF selector) + RF,99.0,7.343095847008848e-17,-8.341376070589163,-0.8341376070589164,6.556359173076749e-14
Integrated-SelectFromModel (L1-LR selector) + KNN,Integrated-SelectFromModel (RF selector) + LR,1964.5,0.05395671284782596,-1.927183922758266,-0.1927183922758266,1.0
Integrated-SelectFromModel (L1-LR selector) + KNN,Integrated-SelectFromModel (RF selector) + KNN,393.0,3.6813354582507495e-13,7.266788850746961,0.7266788850746961,2.4738574279445036e-10
Integrated-SelectFromModel (L1-LR selector) + KNN,Integrated-RFECV (L1-LR) + LR,1332.5,4.127835958040945e-05,-4.100205405560957,-0.4100205405560957,0.014364869133982487
Integrated-SelectFromModel (L1-LR selector) + KNN,Integrated-RFECV (L1-LR) + KNN,2366.5,0.8343926519996141,-0.20907120633339743,-0.020907120633339743,1.0
Integrated-SelectFromModel (L1-LR selector) + KNN,Integrated-RFECV (L1-LR) + Naive Bayes,1884.5,0.02764763157990567,-2.2022503167291165,-0.22022503167291166,1.0
Integrated-SelectFromModel (L1-LR selector) + Naive Bayes,Integrated-SelectFromModel (RF selector) + RF,37.0,1.1831419149523995e-17,-8.55456485249343,-0.8554564852493429,1.1831419149523995e-14
Integrated-SelectFromModel (L1-LR selector) + Naive Bayes,Integrated-SelectFromModel (RF selector) + LR,687.0,2.621556924197195e-10,-6.319650401480274,-0.6319650401480275,1.5178814591101758e-07
Integrated-SelectFromModel (L1-LR selector) + Naive Bayes,Integrated-SelectFromModel (RF selector) + KNN,1528.0,0.0006080120100537019,3.428014934861716,0.3428014934861716,0.17632348291557357
Integrated-SelectFromModel (L1-LR selector) + Naive Bayes,Integrated-RFECV (L1-LR) + LR,647.0,1.0667282058637565e-10,-6.457178827373985,-0.6457178827373985,6.283029132537526e-08
Integrated-SelectFromModel (L1-LR selector) + Naive Bayes,Integrated-RFECV (L1-LR) + KNN,1476.0,0.00030998356625665377,-3.6068107559514493,-0.36068107559514495,0.09609490553956267
Integrated-SelectFromModel (L1-LR selector) + Naive Bayes,Integrated-RFECV (L1-LR) + Naive Bayes,843.0,2.0501006374115565e-08,-5.60771938442905,-0.560771938442905,9.737978027704893e-06
Integrated-SelectFromModel (RF selector) + RF,Integrated-SelectFromModel (RF selector) + LR,201.5,1.3607578460156673e-15,7.98896548279618,0.798896548279618,1.0709164248143303e-12
Integrated-SelectFromModel (RF selector) + RF,Integrated-SelectFromModel (RF selector) + KNN,0.0,3.8965598450959084e-18,8.681770230106196,0.8681770230106196,4.032484450422398e-15
Integrated-SelectFromModel (RF selector) + RF,Integrated-RFECV (L1-LR) + LR,504.5,3.727509173323512e-12,6.947145612726278,0.6947145612726278,2.3818783617537244e-09
Integrated-SelectFromModel (RF selector) + RF,Integrated-RFECV (L1-LR) + KNN,95.0,6.536103994610527e-17,8.355129369963587,0.8355129369963586,5.856349179171032e-14
Integrated-SelectFromModel (RF selector) + RF,Integrated-RFECV (L1-LR) + Naive Bayes,651.0,1.1681027180135773e-10,6.44342075691842,0.644342075691842,6.856762954739699e-08
Integrated-SelectFromModel (RF selector) + LR,Integrated-SelectFromModel (RF selector) + KNN,185.0,8.576774246556675e-16,8.04568013403901,0.804568013403901,6.86141939724534e-13
Integrated-SelectFromModel (RF selector) + LR,Integrated-RFECV (L1-LR) + LR,1832.0,0.017183187645036804,-2.3827643983549605,-0.23827643983549604,1.0
Integrated-SelectFromModel (RF selector) + LR,Integrated-RFECV (L1-LR) + KNN,2146.0,0.19253172167463906,-1.3031260785807985,-0.13031260785807985,1.0
Integrated-SelectFromModel (RF selector) + LR,Integrated-RFECV (L1-LR) + Naive Bayes,2181.0,0.23689451742101053,-1.1827846201366619,-0.11827846201366618,1.0
Integrated-SelectFromModel (RF selector) + KNN,Integrated-RFECV (L1-LR) + LR,259.0,6.6349563597202115e-15,-7.791249852411849,-0.7791249852411849,4.9496774443512774e-12
Integrated-SelectFromModel (RF selector) + KNN,Integrated-RFECV (L1-LR) + KNN,637.0,8.49508794745374e-11,-6.491562101215168,-0.6491562101215168,5.0375871528400675e-08
Integrated-SelectFromModel (RF selector) + KNN,Integrated-RFECV (L1-LR) + Naive Bayes,455.0,1.1003167789661516e-12,-7.1173376851246815,-0.7117337685124682,7.217802767608127e-10
Integrated-RFECV (L1-LR) + LR,Integrated-RFECV (L1-LR) + KNN,1011.5,1.9512396097979566e-07,5.2039238762065,0.52039238762065,8.409842718229193e-05
Integrated-RFECV (L1-LR) + LR,Integrated-RFECV (L1-LR) + Naive Bayes,1999.5,0.09698783907858971,1.6596353167084386,0.16596353167084385,1.0
Integrated-RFECV (L1-LR) + KNN,Integrated-RFECV (L1-LR) + Naive Bayes,1493.0,0.00038765090504787276,-3.54835123860182,-0.354835123860182,0.11474466789417034
