Model_A,Model_B,W,p_value,z,r_effect,p_adj
Random Forest (All),Logistic Regression (All),0.0,3.895900458013434e-18,8.681789474525653,0.8681789474525653,4.007760994340263e-15
Random Forest (All),SVM (All),709.0,1.150157421832578e-09,6.087042089649236,0.6087042089649236,4.0255509764140233e-07
Random Forest (All),K-Neighbors (All),721.0,2.5402069959041173e-09,5.958848984003441,0.5958848984003441,8.585899646155916e-07
Random Forest (All),Decision Tree (All),169.0,5.4628026092279985e-16,8.100735229935745,0.8100735229935745,2.458261174152599e-13
Random Forest (All),Naive Bayes (All),0.0,3.8965598450959084e-18,8.681770230106196,0.8681770230106196,4.007760994340263e-15
Random Forest (All),Random Forest (MW - inCV),1072.0,4.434205710477829e-06,4.589917812440715,0.45899178124407153,0.0011218540447508907
Random Forest (All),Random Forest (Wilcoxon - inCV),1187.5,0.00021128526783680687,3.7051264896748872,0.3705126489674887,0.04267962410303499
Random Forest (All),Random Forest (Kruskal - inCV),0.0,,inf,inf,
Random Forest (All),Random Forest (Chi-square - inCV),1403.0,0.001759860911404472,3.1280235311889815,0.31280235311889815,0.3044559376729737
Random Forest (All),Random Forest (KS - inCV),1800.0,0.05366918677090596,1.929497043389314,0.19294970433893138,1.0
Random Forest (All),Logistic Regression (MW - inCV),0.0,3.896340037647931e-18,8.681776644898465,0.8681776644898465,4.007760994340263e-15
Random Forest (All),Logistic Regression (Wilcoxon - inCV),0.0,3.895900458013434e-18,8.681789474525653,0.8681789474525653,4.007760994340263e-15
Random Forest (All),Logistic Regression (Kruskal - inCV),0.0,3.895900458013434e-18,8.681789474525653,0.8681789474525653,4.007760994340263e-15
Random Forest (All),Logistic Regression (Chi-square - inCV),0.0,3.896340037647931e-18,8.681776644898465,0.8681776644898465,4.007760994340263e-15
Random Forest (All),Logistic Regression (KS - inCV),0.0,3.895900458013434e-18,8.681789474525653,0.8681789474525653,4.007760994340263e-15
Random Forest (All),SVM (MW - inCV),916.5,0.0007387340403123409,3.3747849100757557,0.33747849100757554,0.1403594676593448
Random Forest (All),SVM (Wilcoxon - inCV),787.0,0.004889464601129194,0.0,0.0,0.782314336180671
Random Forest (All),SVM (Kruskal - inCV),709.0,1.150157421832578e-09,6.087042089649236,0.6087042089649236,4.0255509764140233e-07
Random Forest (All),SVM (Chi-square - inCV),648.5,0.00011339090032598732,3.8599916485760195,0.38599916485760194,0.024379043570087272
Random Forest (All),SVM (KS - inCV),788.0,0.001236661522900414,0.0,0.0,0.22507239716787533
Random Forest (All),K-Neighbors (MW - inCV),732.0,3.270871309638284e-09,5.917391680565721,0.5917391680565721,1.0924710174191868e-06
Random Forest (All),K-Neighbors (Wilcoxon - inCV),921.0,2.72311730631882e-07,5.141666807126229,0.5141666807126228,7.924271361387766e-05
Random Forest (All),K-Neighbors (Kruskal - inCV),721.0,2.5402069959041173e-09,5.958848984003441,0.5958848984003441,8.585899646155916e-07
Random Forest (All),K-Neighbors (Chi-square - inCV),1129.0,4.340432804861344e-06,4.594377371356792,0.4594377371356792,0.0011068103652396427
Random Forest (All),K-Neighbors (KS - inCV),1364.0,6.553104890576306e-05,3.9919541353530352,0.3991954135353035,0.014351299710362109
Random Forest (All),Decision Tree (MW - inCV),264.0,7.595906487525934e-15,7.7741443784765005,0.7774144378476501,3.2814316026112034e-12
Random Forest (All),Decision Tree (Wilcoxon - inCV),174.0,9.650974634921463e-16,8.031217927869017,0.8031217927869017,4.265730788635287e-13
Random Forest (All),Decision Tree (Kruskal - inCV),169.0,5.4628026092279985e-16,8.100735229935745,0.8100735229935745,2.458261174152599e-13
Random Forest (All),Decision Tree (Chi-square - inCV),426.0,5.310278304032828e-13,7.217113170597033,0.7217113170597033,2.2143860527816893e-10
Random Forest (All),Decision Tree (KS - inCV),320.0,3.4135945494438096e-14,7.581584706881039,0.7581584706881039,1.4576048726125068e-11
Random Forest (All),Naive Bayes (MW - inCV),0.0,3.895680685825537e-18,8.681795889360576,0.8681795889360575,4.007760994340263e-15
Random Forest (All),Naive Bayes (Wilcoxon - inCV),0.0,3.896340037647931e-18,8.681776644898465,0.8681776644898465,4.007760994340263e-15
Random Forest (All),Naive Bayes (Kruskal - inCV),0.0,3.8965598450959084e-18,8.681770230106196,0.8681770230106196,4.007760994340263e-15
Random Forest (All),Naive Bayes (Chi-square - inCV),0.0,3.895900458013434e-18,8.681789474525653,0.8681789474525653,4.007760994340263e-15
Random Forest (All),Naive Bayes (KS - inCV),0.0,3.895900458013434e-18,8.681789474525653,0.8681789474525653,4.007760994340263e-15
Random Forest (All),Integrated-SelectFromModel (L1-LR selector) + LR,0.0,3.895680685825537e-18,8.681795889360576,0.8681795889360575,4.007760994340263e-15
Random Forest (All),Integrated-SelectFromModel (L1-LR selector) + SVM,711.0,1.2027400673165573e-09,6.079878023100685,0.6079878023100684,4.1614806329152883e-07
Random Forest (All),Integrated-SelectFromModel (L1-LR selector) + KNN,727.0,1.7324546582822309e-09,6.021090860766968,0.6021090860766968,5.959644024490874e-07
Random Forest (All),Integrated-SelectFromModel (L1-LR selector) + Naive Bayes,0.0,3.896340037647931e-18,8.681776644898465,0.8681776644898465,4.007760994340263e-15
Random Forest (All),Integrated-SelectFromModel (RF selector) + RF,544.0,0.6517199781664778,0.0,0.0,1.0
Random Forest (All),Integrated-SelectFromModel (RF selector) + LR,0.0,3.896120241954008e-18,8.681783059704948,0.8681783059704948,4.007760994340263e-15
Random Forest (All),Integrated-SelectFromModel (RF selector) + KNN,743.0,2.440175980705815e-09,5.965411956852142,0.5965411956852142,8.296598334399771e-07
Random Forest (All),Integrated-RFECV (L1-LR) + LR,0.0,3.896340037647931e-18,8.681776644898465,0.8681776644898465,4.007760994340263e-15
Random Forest (All),Integrated-RFECV (L1-LR) + KNN,676.5,3.44269033181677e-10,6.277405654689765,0.6277405654689765,1.229040448458587e-07
Random Forest (All),Integrated-RFECV (L1-LR) + Naive Bayes,2.0,4.139140769112086e-18,8.674899990130227,0.8674899990130227,4.007760994340263e-15
Logistic Regression (All),SVM (All),0.0,3.887776709393054e-18,-8.68202683288841,-0.868202683288841,4.007760994340263e-15
Logistic Regression (All),K-Neighbors (All),0.0,3.892385512934327e-18,-8.681892113590798,-0.8681892113590799,4.007760994340263e-15
Logistic Regression (All),Decision Tree (All),0.0,3.8965598450959084e-18,-8.681770230106196,-0.8681770230106196,4.007760994340263e-15
Logistic Regression (All),Naive Bayes (All),0.0,3.8965598450959084e-18,8.681770230106196,0.8681770230106196,4.007760994340263e-15
Logistic Regression (All),Random Forest (MW - inCV),0.0,3.896340037647931e-18,-8.681776644898465,-0.8681776644898465,4.007760994340263e-15
Logistic Regression (All),Random Forest (Wilcoxon - inCV),0.0,3.8965598450959084e-18,-8.681770230106196,-0.8681770230106196,4.007760994340263e-15
Logistic Regression (All),Random Forest (Kruskal - inCV),0.0,3.895900458013434e-18,-8.681789474525653,-0.8681789474525653,4.007760994340263e-15
Logistic Regression (All),Random Forest (Chi-square - inCV),0.0,3.896340037647931e-18,-8.681776644898465,-0.8681776644898465,4.007760994340263e-15
Logistic Regression (All),Random Forest (KS - inCV),0.0,3.895900458013434e-18,-8.681789474525653,-0.8681789474525653,4.007760994340263e-15
Logistic Regression (All),Logistic Regression (MW - inCV),5.0,4.531861061109546e-18,8.664578605888165,0.8664578605888165,4.007760994340263e-15
Logistic Regression (All),Logistic Regression (Wilcoxon - inCV),0.0,3.8965598450959084e-18,8.681770230106196,0.8681770230106196,4.007760994340263e-15
Logistic Regression (All),Logistic Regression (Kruskal - inCV),0.0,,inf,inf,
Logistic Regression (All),Logistic Regression (Chi-square - inCV),7.0,4.813431763854939e-18,8.657708353209635,0.8657708353209635,4.007760994340263e-15
Logistic Regression (All),Logistic Regression (KS - inCV),3.0,4.2663227307182344e-18,8.671455255575378,0.8671455255575378,4.007760994340263e-15
Logistic Regression (All),SVM (MW - inCV),0.0,3.896340037647931e-18,-8.681776644898465,-0.8681776644898465,4.007760994340263e-15
Logistic Regression (All),SVM (Wilcoxon - inCV),0.0,3.895900458013434e-18,-8.681789474525653,-0.8681789474525653,4.007760994340263e-15
Logistic Regression (All),SVM (Kruskal - inCV),0.0,3.887776709393054e-18,-8.68202683288841,-0.868202683288841,4.007760994340263e-15
Logistic Regression (All),SVM (Chi-square - inCV),0.0,3.896120241954008e-18,-8.681783059704948,-0.8681783059704948,4.007760994340263e-15
Logistic Regression (All),SVM (KS - inCV),0.0,3.896340037647931e-18,-8.681776644898465,-0.8681776644898465,4.007760994340263e-15
Logistic Regression (All),K-Neighbors (MW - inCV),0.0,3.896120241954008e-18,-8.681783059704948,-0.8681783059704948,4.007760994340263e-15
Logistic Regression (All),K-Neighbors (Wilcoxon - inCV),0.0,3.895900458013434e-18,-8.681789474525653,-0.8681789474525653,4.007760994340263e-15
Logistic Regression (All),K-Neighbors (Kruskal - inCV),0.0,3.892385512934327e-18,-8.681892113590798,-0.8681892113590799,4.007760994340263e-15
Logistic Regression (All),K-Neighbors (Chi-square - inCV),0.0,3.896340037647931e-18,-8.681776644898465,-0.8681776644898465,4.007760994340263e-15
Logistic Regression (All),K-Neighbors (KS - inCV),0.0,3.896120241954008e-18,-8.681783059704948,-0.8681783059704948,4.007760994340263e-15
Logistic Regression (All),Decision Tree (MW - inCV),0.0,3.896340037647931e-18,-8.681776644898465,-0.8681776644898465,4.007760994340263e-15
Logistic Regression (All),Decision Tree (Wilcoxon - inCV),0.0,3.8965598450959084e-18,-8.681770230106196,-0.8681770230106196,4.007760994340263e-15
Logistic Regression (All),Decision Tree (Kruskal - inCV),0.0,3.8965598450959084e-18,-8.681770230106196,-0.8681770230106196,4.007760994340263e-15
Logistic Regression (All),Decision Tree (Chi-square - inCV),0.0,3.896340037647931e-18,-8.681776644898465,-0.8681776644898465,4.007760994340263e-15
Logistic Regression (All),Decision Tree (KS - inCV),0.0,3.896340037647931e-18,-8.681776644898465,-0.8681776644898465,4.007760994340263e-15
Logistic Regression (All),Naive Bayes (MW - inCV),1101.0,9.771666438723215e-07,-4.896181812681127,-0.48961818126811274,0.00027067516035263303
Logistic Regression (All),Naive Bayes (Wilcoxon - inCV),1821.0,0.015495739833762862,-2.4205806898989155,-0.24205806898989154,1.0
Logistic Regression (All),Naive Bayes (Kruskal - inCV),0.0,3.8965598450959084e-18,8.681770230106196,0.8681770230106196,4.007760994340263e-15
Logistic Regression (All),Naive Bayes (Chi-square - inCV),986.0,1.2125765529866575e-07,-5.2915897540142245,-0.5291589754014224,3.649855424489839e-05
Logistic Regression (All),Naive Bayes (KS - inCV),1328.0,0.0001614571024415789,-3.7727514650977607,-0.37727514650977606,0.03309870600052368
Logistic Regression (All),Integrated-SelectFromModel (L1-LR selector) + LR,912.0,4.888163978407861e-08,-5.455331230316066,-0.5455331230316066,1.541593233361921e-05
Logistic Regression (All),Integrated-SelectFromModel (L1-LR selector) + SVM,0.0,3.887776709393054e-18,-8.68202683288841,-0.868202683288841,4.007760994340263e-15
Logistic Regression (All),Integrated-SelectFromModel (L1-LR selector) + KNN,0.0,3.89150724648996e-18,-8.681917773925889,-0.8681917773925889,4.007760994340263e-15
Logistic Regression (All),Integrated-SelectFromModel (L1-LR selector) + Naive Bayes,0.0,3.8965598450959084e-18,8.681770230106196,0.8681770230106196,4.007760994340263e-15
Logistic Regression (All),Integrated-SelectFromModel (RF selector) + RF,0.0,3.896120241954008e-18,-8.681783059704948,-0.8681783059704948,4.007760994340263e-15
Logistic Regression (All),Integrated-SelectFromModel (RF selector) + LR,1256.0,1.2815360586603802e-05,4.36323422653654,0.436323422653654,0.003037240459025101
Logistic Regression (All),Integrated-SelectFromModel (RF selector) + KNN,0.0,3.888654177718331e-18,-8.682001171586306,-0.8682001171586305,4.007760994340263e-15
Logistic Regression (All),Integrated-RFECV (L1-LR) + LR,160.0,6.475570799340683e-16,8.080020836227616,0.8080020836227616,2.886955777458142e-13
Logistic Regression (All),Integrated-RFECV (L1-LR) + KNN,0.0,3.8965598450959084e-18,-8.681770230106196,-0.8681770230106196,4.007760994340263e-15
Logistic Regression (All),Integrated-RFECV (L1-LR) + Naive Bayes,28.0,9.044445868078013e-18,8.585497134485216,0.8585497134485216,4.2685073202841604e-15
SVM (All),K-Neighbors (All),171.0,0.4599467991606868,0.0,0.0,1.0
SVM (All),Decision Tree (All),665.0,1.6000633275491936e-10,6.395515763670964,0.6395515763670965,5.9202343119320165e-08
SVM (All),Naive Bayes (All),0.0,3.8926051089021165e-18,8.681885698542576,0.8681885698542576,4.007760994340263e-15
SVM (All),Random Forest (MW - inCV),2048.0,0.10094802691868529,-1.6402748764348614,-0.16402748764348613,1.0
SVM (All),Random Forest (Wilcoxon - inCV),1567.0,0.0009861592619004643,-3.2944458984582585,-0.32944458984582586,0.18313681678533344
SVM (All),Random Forest (Kruskal - inCV),709.0,1.150157421832578e-09,-6.087042089649236,-0.6087042089649236,4.0255509764140233e-07
SVM (All),Random Forest (Chi-square - inCV),1751.0,0.00777852934473222,-2.66153482730633,-0.266153482730633,1.0
SVM (All),Random Forest (KS - inCV),1405.0,0.000117458577400453,-3.8513706256845617,-0.38513706256845615,0.02501867698629649
SVM (All),Logistic Regression (MW - inCV),0.0,3.8904096776002905e-18,8.681949849664708,0.8681949849664707,4.007760994340263e-15
SVM (All),Logistic Regression (Wilcoxon - inCV),0.0,3.8906291678999676e-18,8.681943434488504,0.8681943434488504,4.007760994340263e-15
SVM (All),Logistic Regression (Kruskal - inCV),0.0,3.887776709393054e-18,8.68202683288841,0.868202683288841,4.007760994340263e-15
SVM (All),Logistic Regression (Chi-square - inCV),0.0,3.889092982277817e-18,8.681988341020581,0.8681988341020581,4.007760994340263e-15
SVM (All),Logistic Regression (KS - inCV),0.0,3.8904096776002905e-18,8.681949849664708,0.8681949849664707,4.007760994340263e-15
SVM (All),SVM (MW - inCV),1043.0,2.611337606230248e-06,-4.699238181334864,-0.4699238181334864,0.0006883649926370773
SVM (All),SVM (Wilcoxon - inCV),805.0,1.1888780109647462e-07,-5.295197570754013,-0.5295197570754013,3.602300373223181e-05
SVM (All),SVM (Kruskal - inCV),0.0,,inf,inf,
SVM (All),SVM (Chi-square - inCV),1110.0,5.114685498608681e-06,-4.560027776636573,-0.45600277766365727,0.001283786060150779
SVM (All),SVM (KS - inCV),951.0,4.772405225793465e-07,-5.035244006134631,-0.5035244006134632,0.00013410458684479635
SVM (All),K-Neighbors (MW - inCV),2424.0,0.7283622392522768,0.3473049408925939,0.03473049408925939,1.0
SVM (All),K-Neighbors (Wilcoxon - inCV),2144.0,0.19014808305992925,1.3101411701474381,0.1310141170147438,1.0
SVM (All),K-Neighbors (Kruskal - inCV),171.0,0.4599467991606868,0.0,0.0,1.0
SVM (All),K-Neighbors (Chi-square - inCV),2014.0,0.07887296157095264,-1.7572631746282674,-0.17572631746282674,1.0
SVM (All),K-Neighbors (KS - inCV),1876.0,0.025630953720024576,-2.2317581189300055,-0.22317581189300056,1.0
SVM (All),Decision Tree (MW - inCV),1037.0,3.1131412755647025e-07,5.116465541389912,0.5116465541389912,8.934715460870696e-05
SVM (All),Decision Tree (Wilcoxon - inCV),912.0,4.878459599246586e-08,5.455684321214891,0.5455684321214891,1.541593233361921e-05
SVM (All),Decision Tree (Kruskal - inCV),665.0,1.6000633275491936e-10,6.395515763670964,0.6395515763670965,5.9202343119320165e-08
SVM (All),Decision Tree (Chi-square - inCV),1503.0,0.0004410087821192142,3.5142432409211852,0.35142432409211855,0.08599671251324677
SVM (All),Decision Tree (KS - inCV),1217.0,6.8727607283953005e-06,4.497591434297762,0.4497591434297762,0.001690699139185244
SVM (All),Naive Bayes (MW - inCV),0.0,3.8919463562279835e-18,8.681904943729903,0.8681904943729902,4.007760994340263e-15
SVM (All),Naive Bayes (Wilcoxon - inCV),0.0,3.890190199038486e-18,8.681956264855135,0.8681956264855135,4.007760994340263e-15
SVM (All),Naive Bayes (Kruskal - inCV),0.0,3.8926051089021165e-18,8.681885698542576,0.8681885698542576,4.007760994340263e-15
SVM (All),Naive Bayes (Chi-square - inCV),0.0,3.887776709393054e-18,8.68202683288841,0.868202683288841,4.007760994340263e-15
SVM (All),Naive Bayes (KS - inCV),0.0,3.872232844773201e-18,8.682482358868281,0.8682482358868281,4.007760994340263e-15
SVM (All),Integrated-SelectFromModel (L1-LR selector) + LR,0.0,3.8904096776002905e-18,8.681949849664708,0.8681949849664707,4.007760994340263e-15
SVM (All),Integrated-SelectFromModel (L1-LR selector) + SVM,0.0,0.31731050786291415,0.0,0.0,1.0
SVM (All),Integrated-SelectFromModel (L1-LR selector) + KNN,205.0,0.7831951812196762,0.0,0.0,1.0
SVM (All),Integrated-SelectFromModel (L1-LR selector) + Naive Bayes,0.0,3.892824716613678e-18,8.681879283508577,0.8681879283508577,4.007760994340263e-15
SVM (All),Integrated-SelectFromModel (RF selector) + RF,658.0,1.336368379568496e-10,-6.422974554681046,-0.6422974554681046,5.024745107177545e-08
SVM (All),Integrated-SelectFromModel (RF selector) + LR,0.0,3.892165928709803e-18,8.68189852865324,0.868189852865324,4.007760994340263e-15
SVM (All),Integrated-SelectFromModel (RF selector) + KNN,10.0,0.0677020054450176,0.0,0.0,1.0
SVM (All),Integrated-RFECV (L1-LR) + LR,0.0,3.893483610217646e-18,8.681860038491894,0.8681860038491894,4.007760994340263e-15
SVM (All),Integrated-RFECV (L1-LR) + KNN,1648.0,0.5411653102553802,0.0,0.0,1.0
SVM (All),Integrated-RFECV (L1-LR) + Naive Bayes,3.0,6.233577356405031e-18,8.628180275059451,0.8628180275059452,4.007760994340263e-15
K-Neighbors (All),Decision Tree (All),647.0,1.0658208766861435e-10,6.4573076505625036,0.6457307650562504,4.050119331407345e-08
K-Neighbors (All),Naive Bayes (All),0.0,3.892824716613678e-18,8.681879283508577,0.8681879283508577,4.007760994340263e-15
K-Neighbors (All),Random Forest (MW - inCV),2041.0,0.09605141257274406,-1.6643054062950289,-0.16643054062950288,1.0
K-Neighbors (All),Random Forest (Wilcoxon - inCV),1598.0,0.0014345048785466869,-3.1876168408916685,-0.31876168408916683,0.25677637325985697
K-Neighbors (All),Random Forest (Kruskal - inCV),721.0,2.5402069959041173e-09,-5.958848984003441,-0.5958848984003441,8.585899646155916e-07
K-Neighbors (All),Random Forest (Chi-square - inCV),1758.0,0.00835433481141787,-2.637403676805965,-0.2637403676805965,1.0
K-Neighbors (All),Random Forest (KS - inCV),1415.0,0.00013520600680022482,-3.8167774755149977,-0.38167774755149975,0.028258055421246986
K-Neighbors (All),Logistic Regression (MW - inCV),0.0,3.893483610217646e-18,8.681860038491894,0.8681860038491894,4.007760994340263e-15
K-Neighbors (All),Logistic Regression (Wilcoxon - inCV),0.0,3.892824716613678e-18,8.681879283508577,0.8681879283508577,4.007760994340263e-15
K-Neighbors (All),Logistic Regression (Kruskal - inCV),0.0,3.892385512934327e-18,8.681892113590798,0.8681892113590799,4.007760994340263e-15
K-Neighbors (All),Logistic Regression (Chi-square - inCV),0.0,3.8917267954882246e-18,8.681911358820786,0.8681911358820786,4.007760994340263e-15
K-Neighbors (All),Logistic Regression (KS - inCV),0.0,3.893703264910611e-18,8.681853623514773,0.8681853623514773,4.007760994340263e-15
K-Neighbors (All),SVM (MW - inCV),1180.0,2.708397480389873e-05,-4.196693769034372,-0.4196693769034372,0.006256398179700607
K-Neighbors (All),SVM (Wilcoxon - inCV),961.0,2.682468848816845e-06,-4.693746138470226,-0.4693746138470226,0.0007001243695411966
K-Neighbors (All),SVM (Kruskal - inCV),171.0,0.4599467991606868,0.0,0.0,1.0
K-Neighbors (All),SVM (Chi-square - inCV),1198.0,3.6166226459801275e-05,-4.130698748099353,-0.4130698748099353,0.008173567179915088
K-Neighbors (All),SVM (KS - inCV),1029.0,2.049794986662824e-06,-4.748452023234937,-0.4748452023234937,0.0005513948514122997
K-Neighbors (All),K-Neighbors (MW - inCV),2439.0,0.7674519541618275,0.2957094834748892,0.02957094834748892,1.0
K-Neighbors (All),K-Neighbors (Wilcoxon - inCV),2171.0,0.22350955181120513,1.2172488428477821,0.1217248842847782,1.0
K-Neighbors (All),K-Neighbors (Kruskal - inCV),0.0,,inf,inf,
K-Neighbors (All),K-Neighbors (Chi-square - inCV),1991.0,0.06633332999911988,-1.8361645086199063,-0.18361645086199063,1.0
K-Neighbors (All),K-Neighbors (KS - inCV),1915.0,0.0359479141421876,-2.09751609243844,-0.209751609243844,1.0
K-Neighbors (All),Decision Tree (MW - inCV),990.0,1.3064577149512658e-07,5.27793782940013,0.527793782940013,3.893243990554772e-05
K-Neighbors (All),Decision Tree (Wilcoxon - inCV),895.0,3.48925572182554e-08,5.514926589945764,0.5514926589945764,1.1235403424278238e-05
K-Neighbors (All),Decision Tree (Kruskal - inCV),647.0,1.0658208766861435e-10,6.4573076505625036,0.6457307650562504,4.050119331407345e-08
K-Neighbors (All),Decision Tree (Chi-square - inCV),1458.0,0.0002436570411207457,3.6688362848907228,0.3668836284890723,0.04873140822414914
K-Neighbors (All),Decision Tree (KS - inCV),1158.0,2.5976037458002914e-06,4.70031508972613,0.47003150897261303,0.0006883649926370773
K-Neighbors (All),Naive Bayes (MW - inCV),0.0,3.892824716613678e-18,8.681879283508577,0.8681879283508577,4.007760994340263e-15
K-Neighbors (All),Naive Bayes (Wilcoxon - inCV),0.0,3.892385512934327e-18,8.681892113590798,0.8681892113590799,4.007760994340263e-15
K-Neighbors (All),Naive Bayes (Kruskal - inCV),0.0,3.892824716613678e-18,8.681879283508577,0.8681879283508577,4.007760994340263e-15
K-Neighbors (All),Naive Bayes (Chi-square - inCV),0.0,3.8919463562279835e-18,8.681904943729903,0.8681904943729902,4.007760994340263e-15
K-Neighbors (All),Naive Bayes (KS - inCV),0.0,3.881201677059062e-18,8.682219299907324,0.8682219299907323,4.007760994340263e-15
K-Neighbors (All),Integrated-SelectFromModel (L1-LR selector) + LR,0.0,3.892165928709803e-18,8.68189852865324,0.868189852865324,4.007760994340263e-15
K-Neighbors (All),Integrated-SelectFromModel (L1-LR selector) + SVM,170.0,0.446044393167209,0.0,0.0,1.0
K-Neighbors (All),Integrated-SelectFromModel (L1-LR selector) + KNN,50.0,0.3498767105178351,0.0,0.0,1.0
K-Neighbors (All),Integrated-SelectFromModel (L1-LR selector) + Naive Bayes,0.0,3.892385512934327e-18,8.681892113590798,0.8681892113590799,4.007760994340263e-15
K-Neighbors (All),Integrated-SelectFromModel (RF selector) + RF,675.0,3.2964514014622563e-10,-6.284153376489744,-0.6284153376489744,1.1867225045264122e-07
K-Neighbors (All),Integrated-SelectFromModel (RF selector) + LR,0.0,3.8926051089021165e-18,8.681885698542576,0.8681885698542576,4.007760994340263e-15
K-Neighbors (All),Integrated-SelectFromModel (RF selector) + KNN,192.0,0.26855685101998583,0.0,0.0,1.0
K-Neighbors (All),Integrated-RFECV (L1-LR) + LR,0.0,3.89414260953766e-18,8.68184079360319,0.8681840793603189,4.007760994340263e-15
K-Neighbors (All),Integrated-RFECV (L1-LR) + KNN,1727.0,0.3364519903527373,0.9611992561238226,0.09611992561238226,1.0
K-Neighbors (All),Integrated-RFECV (L1-LR) + Naive Bayes,3.0,6.2378744021065855e-18,8.628101440615252,0.8628101440615252,4.007760994340263e-15
Decision Tree (All),Naive Bayes (All),0.0,3.8965598450959084e-18,8.681770230106196,0.8681770230106196,4.007760994340263e-15
Decision Tree (All),Random Forest (MW - inCV),547.0,1.7048219083868774e-11,-6.729299186433627,-0.6729299186433627,6.699950099960428e-09
Decision Tree (All),Random Forest (Wilcoxon - inCV),424.0,8.150795514651333e-13,-7.158595235686662,-0.7158595235686662,3.3499769565216977e-10
Decision Tree (All),Random Forest (Kruskal - inCV),169.0,5.4628026092279985e-16,-8.100735229935745,-0.8100735229935745,2.458261174152599e-13
Decision Tree (All),Random Forest (Chi-square - inCV),432.0,1.6161682145891203e-12,-7.064137356248815,-0.7064137356248815,6.57780463337772e-10
Decision Tree (All),Random Forest (KS - inCV),311.0,1.0683969374649275e-13,-7.43215846557885,-0.7432158465578851,4.5193190454766434e-11
Decision Tree (All),Logistic Regression (MW - inCV),0.0,3.896340037647931e-18,8.681776644898465,0.8681776644898465,4.007760994340263e-15
Decision Tree (All),Logistic Regression (Wilcoxon - inCV),0.0,3.896340037647931e-18,8.681776644898465,0.8681776644898465,4.007760994340263e-15
Decision Tree (All),Logistic Regression (Kruskal - inCV),0.0,3.8965598450959084e-18,8.681770230106196,0.8681770230106196,4.007760994340263e-15
Decision Tree (All),Logistic Regression (Chi-square - inCV),0.0,3.8965598450959084e-18,8.681770230106196,0.8681770230106196,4.007760994340263e-15
Decision Tree (All),Logistic Regression (KS - inCV),0.0,3.8965598450959084e-18,8.681770230106196,0.8681770230106196,4.007760994340263e-15
Decision Tree (All),SVM (MW - inCV),222.0,2.404322506485966e-15,-7.918479667260425,-0.7918479667260425,1.0458802903213953e-12
Decision Tree (All),SVM (Wilcoxon - inCV),217.0,2.093498682829967e-15,-7.935677193126419,-0.7935677193126419,9.190459217623556e-13
Decision Tree (All),SVM (Kruskal - inCV),665.0,1.6000633275491936e-10,-6.395515763670964,-0.6395515763670965,5.9202343119320165e-08
Decision Tree (All),SVM (Chi-square - inCV),219.0,2.2126219931024543e-15,-7.928806381587171,-0.7928806381587171,9.669158109857725e-13
Decision Tree (All),SVM (KS - inCV),175.0,6.472995016722292e-16,-8.080069352677777,-0.8080069352677777,2.886955777458142e-13
Decision Tree (All),K-Neighbors (MW - inCV),766.0,4.088317052746459e-09,-5.880579855879063,-0.5880579855879062,1.353232944459078e-06
Decision Tree (All),K-Neighbors (Wilcoxon - inCV),466.0,3.8211121573852455e-12,-6.943644556106649,-0.6943644556106648,1.5322659751114834e-09
Decision Tree (All),K-Neighbors (Kruskal - inCV),647.0,1.0658208766861435e-10,-6.4573076505625036,-0.6457307650562504,4.050119331407345e-08
Decision Tree (All),K-Neighbors (Chi-square - inCV),500.5,9.015977322560609e-12,-6.821396407599316,-0.6821396407599316,3.570327019734001e-09
Decision Tree (All),K-Neighbors (KS - inCV),490.0,4.261211886939325e-12,-6.928235759550474,-0.6928235759550474,1.7002235428887906e-09
Decision Tree (All),Decision Tree (MW - inCV),1508.0,0.014007923612891165,-2.457060135360971,-0.2457060135360971,1.0
Decision Tree (All),Decision Tree (Wilcoxon - inCV),2121.5,0.2813682421932652,-1.077250785896315,-0.1077250785896315,1.0
Decision Tree (All),Decision Tree (Kruskal - inCV),0.0,,inf,inf,
Decision Tree (All),Decision Tree (Chi-square - inCV),1072.5,1.2182516024010426e-05,-4.374295687153407,-0.4374295687153407,0.002911621329738492
Decision Tree (All),Decision Tree (KS - inCV),1330.0,0.0016317327399140622,-3.1501739552870185,-0.31501739552870184,0.28718496222487494
Decision Tree (All),Naive Bayes (MW - inCV),0.0,3.8965598450959084e-18,8.681770230106196,0.8681770230106196,4.007760994340263e-15
Decision Tree (All),Naive Bayes (Wilcoxon - inCV),0.0,3.8965598450959084e-18,8.681770230106196,0.8681770230106196,4.007760994340263e-15
Decision Tree (All),Naive Bayes (Kruskal - inCV),0.0,3.8965598450959084e-18,8.681770230106196,0.8681770230106196,4.007760994340263e-15
Decision Tree (All),Naive Bayes (Chi-square - inCV),0.0,3.896340037647931e-18,8.681776644898465,0.8681776644898465,4.007760994340263e-15
Decision Tree (All),Naive Bayes (KS - inCV),0.0,3.8965598450959084e-18,8.681770230106196,0.8681770230106196,4.007760994340263e-15
Decision Tree (All),Integrated-SelectFromModel (L1-LR selector) + LR,0.0,3.8965598450959084e-18,8.681770230106196,0.8681770230106196,4.007760994340263e-15
Decision Tree (All),Integrated-SelectFromModel (L1-LR selector) + SVM,658.0,1.3664642369138819e-10,-6.419584909018114,-0.6419584909018113,5.110576246057918e-08
Decision Tree (All),Integrated-SelectFromModel (L1-LR selector) + KNN,637.0,8.487786801453725e-11,-6.491691610363155,-0.6491691610363155,3.242334558155323e-08
Decision Tree (All),Integrated-SelectFromModel (L1-LR selector) + Naive Bayes,0.0,3.896340037647931e-18,8.681776644898465,0.8681776644898465,4.007760994340263e-15
Decision Tree (All),Integrated-SelectFromModel (RF selector) + RF,149.0,3.0969583002671013e-16,-8.169490009822692,-0.8169490009822692,1.402922110020997e-13
Decision Tree (All),Integrated-SelectFromModel (RF selector) + LR,0.0,3.8965598450959084e-18,8.681770230106196,0.8681770230106196,4.007760994340263e-15
Decision Tree (All),Integrated-SelectFromModel (RF selector) + KNN,616.0,5.239009812214722e-11,-6.563980379753254,-0.6563980379753254,2.011779767890453e-08
Decision Tree (All),Integrated-RFECV (L1-LR) + LR,0.0,3.8965598450959084e-18,8.681770230106196,0.8681770230106196,4.007760994340263e-15
Decision Tree (All),Integrated-RFECV (L1-LR) + KNN,899.0,3.7826652472821375e-08,-5.5007092546837635,-0.5500709254683763,1.210452879130284e-05
Decision Tree (All),Integrated-RFECV (L1-LR) + Naive Bayes,6.0,4.670683307897806e-18,8.661140281044558,0.8661140281044558,4.007760994340263e-15
Naive Bayes (All),Random Forest (MW - inCV),0.0,3.896340037647931e-18,-8.681776644898465,-0.8681776644898465,4.007760994340263e-15
Naive Bayes (All),Random Forest (Wilcoxon - inCV),0.0,3.8965598450959084e-18,-8.681770230106196,-0.8681770230106196,4.007760994340263e-15
Naive Bayes (All),Random Forest (Kruskal - inCV),0.0,3.8965598450959084e-18,-8.681770230106196,-0.8681770230106196,4.007760994340263e-15
Naive Bayes (All),Random Forest (Chi-square - inCV),0.0,3.8965598450959084e-18,-8.681770230106196,-0.8681770230106196,4.007760994340263e-15
Naive Bayes (All),Random Forest (KS - inCV),0.0,3.8965598450959084e-18,-8.681770230106196,-0.8681770230106196,4.007760994340263e-15
Naive Bayes (All),Logistic Regression (MW - inCV),0.0,3.8965598450959084e-18,-8.681770230106196,-0.8681770230106196,4.007760994340263e-15
Naive Bayes (All),Logistic Regression (Wilcoxon - inCV),0.0,3.8965598450959084e-18,-8.681770230106196,-0.8681770230106196,4.007760994340263e-15
Naive Bayes (All),Logistic Regression (Kruskal - inCV),0.0,3.8965598450959084e-18,-8.681770230106196,-0.8681770230106196,4.007760994340263e-15
Naive Bayes (All),Logistic Regression (Chi-square - inCV),0.0,3.8965598450959084e-18,-8.681770230106196,-0.8681770230106196,4.007760994340263e-15
Naive Bayes (All),Logistic Regression (KS - inCV),0.0,3.896120241954008e-18,-8.681783059704948,-0.8681783059704948,4.007760994340263e-15
Naive Bayes (All),SVM (MW - inCV),0.0,3.896120241954008e-18,-8.681783059704948,-0.8681783059704948,4.007760994340263e-15
Naive Bayes (All),SVM (Wilcoxon - inCV),0.0,3.896120241954008e-18,-8.681783059704948,-0.8681783059704948,4.007760994340263e-15
Naive Bayes (All),SVM (Kruskal - inCV),0.0,3.8926051089021165e-18,-8.681885698542576,-0.8681885698542576,4.007760994340263e-15
Naive Bayes (All),SVM (Chi-square - inCV),0.0,3.896120241954008e-18,-8.681783059704948,-0.8681783059704948,4.007760994340263e-15
Naive Bayes (All),SVM (KS - inCV),0.0,3.896120241954008e-18,-8.681783059704948,-0.8681783059704948,4.007760994340263e-15
Naive Bayes (All),K-Neighbors (MW - inCV),0.0,3.896120241954008e-18,-8.681783059704948,-0.8681783059704948,4.007760994340263e-15
Naive Bayes (All),K-Neighbors (Wilcoxon - inCV),0.0,3.8965598450959084e-18,-8.681770230106196,-0.8681770230106196,4.007760994340263e-15
Naive Bayes (All),K-Neighbors (Kruskal - inCV),0.0,3.892824716613678e-18,-8.681879283508577,-0.8681879283508577,4.007760994340263e-15
Naive Bayes (All),K-Neighbors (Chi-square - inCV),0.0,3.8965598450959084e-18,-8.681770230106196,-0.8681770230106196,4.007760994340263e-15
Naive Bayes (All),K-Neighbors (KS - inCV),0.0,3.8965598450959084e-18,-8.681770230106196,-0.8681770230106196,4.007760994340263e-15
Naive Bayes (All),Decision Tree (MW - inCV),0.0,3.8965598450959084e-18,-8.681770230106196,-0.8681770230106196,4.007760994340263e-15
Naive Bayes (All),Decision Tree (Wilcoxon - inCV),0.0,3.896340037647931e-18,-8.681776644898465,-0.8681776644898465,4.007760994340263e-15
Naive Bayes (All),Decision Tree (Kruskal - inCV),0.0,3.8965598450959084e-18,-8.681770230106196,-0.8681770230106196,4.007760994340263e-15
Naive Bayes (All),Decision Tree (Chi-square - inCV),0.0,3.8965598450959084e-18,-8.681770230106196,-0.8681770230106196,4.007760994340263e-15
Naive Bayes (All),Decision Tree (KS - inCV),0.0,3.8965598450959084e-18,-8.681770230106196,-0.8681770230106196,4.007760994340263e-15
Naive Bayes (All),Naive Bayes (MW - inCV),0.0,3.8965598450959084e-18,-8.681770230106196,-0.8681770230106196,4.007760994340263e-15
Naive Bayes (All),Naive Bayes (Wilcoxon - inCV),0.0,3.896340037647931e-18,-8.681776644898465,-0.8681776644898465,4.007760994340263e-15
Naive Bayes (All),Naive Bayes (Kruskal - inCV),0.0,,inf,inf,
Naive Bayes (All),Naive Bayes (Chi-square - inCV),0.0,3.8965598450959084e-18,-8.681770230106196,-0.8681770230106196,4.007760994340263e-15
Naive Bayes (All),Naive Bayes (KS - inCV),0.0,3.8965598450959084e-18,-8.681770230106196,-0.8681770230106196,4.007760994340263e-15
Naive Bayes (All),Integrated-SelectFromModel (L1-LR selector) + LR,0.0,3.8965598450959084e-18,-8.681770230106196,-0.8681770230106196,4.007760994340263e-15
Naive Bayes (All),Integrated-SelectFromModel (L1-LR selector) + SVM,0.0,3.8926051089021165e-18,-8.681885698542576,-0.8681885698542576,4.007760994340263e-15
Naive Bayes (All),Integrated-SelectFromModel (L1-LR selector) + KNN,0.0,3.8930443360697965e-18,-8.681872868488796,-0.8681872868488796,4.007760994340263e-15
Naive Bayes (All),Integrated-SelectFromModel (L1-LR selector) + Naive Bayes,0.0,1.140214479510659e-07,0.0,0.0,3.47765416250751e-05
Naive Bayes (All),Integrated-SelectFromModel (RF selector) + RF,0.0,3.896340037647931e-18,-8.681776644898465,-0.8681776644898465,4.007760994340263e-15
Naive Bayes (All),Integrated-SelectFromModel (RF selector) + LR,0.0,3.8965598450959084e-18,-8.681770230106196,-0.8681770230106196,4.007760994340263e-15
Naive Bayes (All),Integrated-SelectFromModel (RF selector) + KNN,0.0,3.893263967270896e-18,-8.681866453483236,-0.8681866453483236,4.007760994340263e-15
Naive Bayes (All),Integrated-RFECV (L1-LR) + LR,0.0,3.8965598450959084e-18,-8.681770230106196,-0.8681770230106196,4.007760994340263e-15
Naive Bayes (All),Integrated-RFECV (L1-LR) + KNN,0.0,3.896340037647931e-18,-8.681776644898465,-0.8681776644898465,4.007760994340263e-15
Naive Bayes (All),Integrated-RFECV (L1-LR) + Naive Bayes,917.0,1.50758162783455e-07,5.25163111022991,0.5251631110229911,4.447365802111923e-05
Random Forest (MW - inCV),Random Forest (Wilcoxon - inCV),1340.5,0.13189451814671888,0.0,0.0,1.0
Random Forest (MW - inCV),Random Forest (Kruskal - inCV),1072.0,4.434205710477829e-06,-4.589917812440715,-0.45899178124407153,0.0011218540447508907
Random Forest (MW - inCV),Random Forest (Chi-square - inCV),992.5,0.10186227014373128,0.0,0.0,1.0
Random Forest (MW - inCV),Random Forest (KS - inCV),661.5,9.183437573601826e-05,-3.9112113214164714,-0.3911211321416471,0.01992805953471596
Random Forest (MW - inCV),Logistic Regression (MW - inCV),0.0,3.896340037647931e-18,8.681776644898465,0.8681776644898465,4.007760994340263e-15
Random Forest (MW - inCV),Logistic Regression (Wilcoxon - inCV),0.0,3.896340037647931e-18,8.681776644898465,0.8681776644898465,4.007760994340263e-15
Random Forest (MW - inCV),Logistic Regression (Kruskal - inCV),0.0,3.896340037647931e-18,8.681776644898465,0.8681776644898465,4.007760994340263e-15
Random Forest (MW - inCV),Logistic Regression (Chi-square - inCV),0.0,3.896340037647931e-18,8.681776644898465,0.8681776644898465,4.007760994340263e-15
Random Forest (MW - inCV),Logistic Regression (KS - inCV),0.0,3.896340037647931e-18,8.681776644898465,0.8681776644898465,4.007760994340263e-15
Random Forest (MW - inCV),SVM (MW - inCV),1656.0,0.009526539029906942,-2.5925570113320378,-0.2592557011332038,1.0
Random Forest (MW - inCV),SVM (Wilcoxon - inCV),1739.0,0.021795911939971574,-2.2939057697228917,-0.22939057697228918,1.0
Random Forest (MW - inCV),SVM (Kruskal - inCV),2048.0,0.10094802691868529,1.6402748764348614,0.16402748764348613,1.0
Random Forest (MW - inCV),SVM (Chi-square - inCV),1576.0,0.008970508723283551,-2.613176024841487,-0.2613176024841487,1.0
Random Forest (MW - inCV),SVM (KS - inCV),1460.0,0.0015140679481110905,-3.171973552654987,-0.3171973552654987,0.26799002681566303
Random Forest (MW - inCV),K-Neighbors (MW - inCV),1696.0,0.08452583474127963,1.725009087956501,0.1725009087956501,1.0
Random Forest (MW - inCV),K-Neighbors (Wilcoxon - inCV),2260.0,0.9408211469727987,0.07423782739347382,0.007423782739347381,1.0
Random Forest (MW - inCV),K-Neighbors (Kruskal - inCV),2041.0,0.09605141257274406,1.6643054062950289,0.16643054062950288,1.0
Random Forest (MW - inCV),K-Neighbors (Chi-square - inCV),2090.5,0.8502060123616866,0.0,0.0,1.0
Random Forest (MW - inCV),K-Neighbors (KS - inCV),1805.5,0.3301824325547593,0.0,0.0,1.0
Random Forest (MW - inCV),Decision Tree (MW - inCV),675.0,3.3308395722109864e-10,6.282540734222264,0.6282540734222264,1.192440566851533e-07
Random Forest (MW - inCV),Decision Tree (Wilcoxon - inCV),559.0,2.2717776327965047e-11,6.687395214778449,0.6687395214778449,8.837214991578404e-09
Random Forest (MW - inCV),Decision Tree (Kruskal - inCV),547.0,1.7048219083868774e-11,6.729299186433627,0.6729299186433627,6.699950099960428e-09
Random Forest (MW - inCV),Decision Tree (Chi-square - inCV),1025.5,1.1666096302632394e-06,4.86122601659597,0.48612260165959703,0.0003208176483223908
Random Forest (MW - inCV),Decision Tree (KS - inCV),926.0,1.074742884970565e-07,5.313610373195802,0.5313610373195802,3.288713228009929e-05
Random Forest (MW - inCV),Naive Bayes (MW - inCV),0.0,3.8965598450959084e-18,8.681770230106196,0.8681770230106196,4.007760994340263e-15
Random Forest (MW - inCV),Naive Bayes (Wilcoxon - inCV),0.0,3.896340037647931e-18,8.681776644898465,0.8681776644898465,4.007760994340263e-15
Random Forest (MW - inCV),Naive Bayes (Kruskal - inCV),0.0,3.896340037647931e-18,8.681776644898465,0.8681776644898465,4.007760994340263e-15
Random Forest (MW - inCV),Naive Bayes (Chi-square - inCV),0.0,3.896340037647931e-18,8.681776644898465,0.8681776644898465,4.007760994340263e-15
Random Forest (MW - inCV),Naive Bayes (KS - inCV),0.0,3.896340037647931e-18,8.681776644898465,0.8681776644898465,4.007760994340263e-15
Random Forest (MW - inCV),Integrated-SelectFromModel (L1-LR selector) + LR,0.0,3.896340037647931e-18,8.681776644898465,0.8681776644898465,4.007760994340263e-15
Random Forest (MW - inCV),Integrated-SelectFromModel (L1-LR selector) + SVM,2061.0,0.11058478766373216,1.595570189059012,0.15955701890590118,1.0
Random Forest (MW - inCV),Integrated-SelectFromModel (L1-LR selector) + KNN,2110.0,0.15357785121222833,1.4270070892812183,0.14270070892812184,1.0
Random Forest (MW - inCV),Integrated-SelectFromModel (L1-LR selector) + Naive Bayes,0.0,3.896340037647931e-18,8.681776644898465,0.8681776644898465,4.007760994340263e-15
Random Forest (MW - inCV),Integrated-SelectFromModel (RF selector) + RF,842.5,5.681623174877173e-08,-5.428542140655884,-0.5428542140655883,1.7726664305616778e-05
Random Forest (MW - inCV),Integrated-SelectFromModel (RF selector) + LR,0.0,3.896120241954008e-18,8.681783059704948,0.8681783059704948,4.007760994340263e-15
Random Forest (MW - inCV),Integrated-SelectFromModel (RF selector) + KNN,2148.0,0.19483909356269824,1.2963959880892786,0.12963959880892786,1.0
Random Forest (MW - inCV),Integrated-RFECV (L1-LR) + LR,0.0,3.896340037647931e-18,8.681776644898465,0.8681776644898465,4.007760994340263e-15
Random Forest (MW - inCV),Integrated-RFECV (L1-LR) + KNN,1892.5,0.042041640460828734,2.0331077275293197,0.20331077275293197,1.0
Random Forest (MW - inCV),Integrated-RFECV (L1-LR) + Naive Bayes,4.0,4.396866285628059e-18,8.668023335361992,0.8668023335361992,4.007760994340263e-15
Random Forest (Wilcoxon - inCV),Random Forest (Kruskal - inCV),1187.5,0.00021128526783680687,-3.7051264896748872,-0.3705126489674887,0.04267962410303499
Random Forest (Wilcoxon - inCV),Random Forest (Chi-square - inCV),1615.0,0.8303681227783946,0.0,0.0,1.0
Random Forest (Wilcoxon - inCV),Random Forest (KS - inCV),1347.0,0.07218879938417375,-1.7979255956116584,-0.17979255956116585,1.0
Random Forest (Wilcoxon - inCV),Logistic Regression (MW - inCV),0.0,3.8965598450959084e-18,8.681770230106196,0.8681770230106196,4.007760994340263e-15
Random Forest (Wilcoxon - inCV),Logistic Regression (Wilcoxon - inCV),0.0,3.8965598450959084e-18,8.681770230106196,0.8681770230106196,4.007760994340263e-15
Random Forest (Wilcoxon - inCV),Logistic Regression (Kruskal - inCV),0.0,3.8965598450959084e-18,8.681770230106196,0.8681770230106196,4.007760994340263e-15
Random Forest (Wilcoxon - inCV),Logistic Regression (Chi-square - inCV),0.0,3.896120241954008e-18,8.681783059704948,0.8681783059704948,4.007760994340263e-15
Random Forest (Wilcoxon - inCV),Logistic Regression (KS - inCV),0.0,3.8965598450959084e-18,8.681770230106196,0.8681770230106196,4.007760994340263e-15
Random Forest (Wilcoxon - inCV),SVM (MW - inCV),2120.5,0.2797844402282853,-1.0808037045713346,-0.10808037045713345,1.0
Random Forest (Wilcoxon - inCV),SVM (Wilcoxon - inCV),1988.0,0.2140540901829232,-1.2424947124055827,-0.12424947124055827,1.0
Random Forest (Wilcoxon - inCV),SVM (Kruskal - inCV),1567.0,0.0009861592619004643,3.2944458984582585,0.32944458984582586,0.18313681678533344
Random Forest (Wilcoxon - inCV),SVM (Chi-square - inCV),2160.5,0.2723302615219816,-1.097712015116488,-0.1097712015116488,1.0
Random Forest (Wilcoxon - inCV),SVM (KS - inCV),1903.0,0.08841826110803919,-1.703801053512887,-0.1703801053512887,1.0
Random Forest (Wilcoxon - inCV),K-Neighbors (MW - inCV),1472.5,0.0027231966470722658,2.997370349020115,0.29973703490201153,0.4493274467669239
Random Forest (Wilcoxon - inCV),K-Neighbors (Wilcoxon - inCV),1868.0,0.09276295166124655,1.6809998090107077,0.16809998090107076,1.0
Random Forest (Wilcoxon - inCV),K-Neighbors (Kruskal - inCV),1598.0,0.0014345048785466869,3.1876168408916685,0.31876168408916683,0.25677637325985697
Random Forest (Wilcoxon - inCV),K-Neighbors (Chi-square - inCV),1904.5,0.12171443474282054,1.547617420218512,0.1547617420218512,1.0
Random Forest (Wilcoxon - inCV),K-Neighbors (KS - inCV),2134.0,0.3828938438225785,0.8725767022802248,0.08725767022802247,1.0
Random Forest (Wilcoxon - inCV),Decision Tree (MW - inCV),425.5,2.216047785414343e-12,7.020166013058278,0.7020166013058278,8.974993530928088e-10
Random Forest (Wilcoxon - inCV),Decision Tree (Wilcoxon - inCV),342.0,1.5468549382743955e-13,7.383065830312407,0.7383065830312406,6.496790740752461e-11
Random Forest (Wilcoxon - inCV),Decision Tree (Kruskal - inCV),424.0,8.150795514651333e-13,7.158595235686662,0.7158595235686662,3.3499769565216977e-10
Random Forest (Wilcoxon - inCV),Decision Tree (Chi-square - inCV),833.5,1.0083438080564792e-08,5.729319395114412,0.5729319395114412,3.307367690425252e-06
Random Forest (Wilcoxon - inCV),Decision Tree (KS - inCV),675.5,5.600952052338259e-10,6.201269461453922,0.6201269461453922,1.9827370265277436e-07
Random Forest (Wilcoxon - inCV),Naive Bayes (MW - inCV),0.0,3.896120241954008e-18,8.681783059704948,0.8681783059704948,4.007760994340263e-15
Random Forest (Wilcoxon - inCV),Naive Bayes (Wilcoxon - inCV),0.0,3.8965598450959084e-18,8.681770230106196,0.8681770230106196,4.007760994340263e-15
Random Forest (Wilcoxon - inCV),Naive Bayes (Kruskal - inCV),0.0,3.8965598450959084e-18,8.681770230106196,0.8681770230106196,4.007760994340263e-15
Random Forest (Wilcoxon - inCV),Naive Bayes (Chi-square - inCV),0.0,3.896340037647931e-18,8.681776644898465,0.8681776644898465,4.007760994340263e-15
Random Forest (Wilcoxon - inCV),Naive Bayes (KS - inCV),0.0,3.896340037647931e-18,8.681776644898465,0.8681776644898465,4.007760994340263e-15
Random Forest (Wilcoxon - inCV),Integrated-SelectFromModel (L1-LR selector) + LR,0.0,3.8965598450959084e-18,8.681770230106196,0.8681770230106196,4.007760994340263e-15
Random Forest (Wilcoxon - inCV),Integrated-SelectFromModel (L1-LR selector) + SVM,1586.0,0.0012418044625408036,3.229100041048813,0.3229100041048813,0.22507239716787533
Random Forest (Wilcoxon - inCV),Integrated-SelectFromModel (L1-LR selector) + KNN,1679.0,0.0036246079593740227,2.9091087128231137,0.29091087128231136,0.5908110973779657
Random Forest (Wilcoxon - inCV),Integrated-SelectFromModel (L1-LR selector) + Naive Bayes,0.0,3.896340037647931e-18,8.681776644898465,0.8681776644898465,4.007760994340263e-15
Random Forest (Wilcoxon - inCV),Integrated-SelectFromModel (RF selector) + RF,1076.0,3.4838218705297044e-05,-4.139290098200219,-0.41392900982002195,0.00790827564610243
Random Forest (Wilcoxon - inCV),Integrated-SelectFromModel (RF selector) + LR,0.0,3.896340037647931e-18,8.681776644898465,0.8681776644898465,4.007760994340263e-15
Random Forest (Wilcoxon - inCV),Integrated-SelectFromModel (RF selector) + KNN,1649.0,0.00259249804329555,3.01233093017081,0.301233093017081,0.4349548889835921
Random Forest (Wilcoxon - inCV),Integrated-RFECV (L1-LR) + LR,0.0,3.8965598450959084e-18,8.681770230106196,0.8681770230106196,4.007760994340263e-15
Random Forest (Wilcoxon - inCV),Integrated-RFECV (L1-LR) + KNN,1445.0,0.0008029632062954671,3.351771300787306,0.3351771300787306,0.1509570827835478
Random Forest (Wilcoxon - inCV),Integrated-RFECV (L1-LR) + Naive Bayes,5.0,4.531606414731291e-18,8.664585007977873,0.8664585007977873,4.007760994340263e-15
Random Forest (Kruskal - inCV),Random Forest (Chi-square - inCV),1403.0,0.001759860911404472,3.1280235311889815,0.31280235311889815,0.3044559376729737
Random Forest (Kruskal - inCV),Random Forest (KS - inCV),1800.0,0.05366918677090596,1.929497043389314,0.19294970433893138,1.0
Random Forest (Kruskal - inCV),Logistic Regression (MW - inCV),0.0,3.896340037647931e-18,8.681776644898465,0.8681776644898465,4.007760994340263e-15
Random Forest (Kruskal - inCV),Logistic Regression (Wilcoxon - inCV),0.0,3.895900458013434e-18,8.681789474525653,0.8681789474525653,4.007760994340263e-15
Random Forest (Kruskal - inCV),Logistic Regression (Kruskal - inCV),0.0,3.895900458013434e-18,8.681789474525653,0.8681789474525653,4.007760994340263e-15
Random Forest (Kruskal - inCV),Logistic Regression (Chi-square - inCV),0.0,3.896340037647931e-18,8.681776644898465,0.8681776644898465,4.007760994340263e-15
Random Forest (Kruskal - inCV),Logistic Regression (KS - inCV),0.0,3.895900458013434e-18,8.681789474525653,0.8681789474525653,4.007760994340263e-15
Random Forest (Kruskal - inCV),SVM (MW - inCV),916.5,0.0007387340403123409,3.3747849100757557,0.33747849100757554,0.1403594676593448
Random Forest (Kruskal - inCV),SVM (Wilcoxon - inCV),787.0,0.004889464601129194,0.0,0.0,0.782314336180671
Random Forest (Kruskal - inCV),SVM (Kruskal - inCV),709.0,1.150157421832578e-09,6.087042089649236,0.6087042089649236,4.0255509764140233e-07
Random Forest (Kruskal - inCV),SVM (Chi-square - inCV),648.5,0.00011339090032598732,3.8599916485760195,0.38599916485760194,0.024379043570087272
Random Forest (Kruskal - inCV),SVM (KS - inCV),788.0,0.001236661522900414,0.0,0.0,0.22507239716787533
Random Forest (Kruskal - inCV),K-Neighbors (MW - inCV),732.0,3.270871309638284e-09,5.917391680565721,0.5917391680565721,1.0924710174191868e-06
Random Forest (Kruskal - inCV),K-Neighbors (Wilcoxon - inCV),921.0,2.72311730631882e-07,5.141666807126229,0.5141666807126228,7.924271361387766e-05
Random Forest (Kruskal - inCV),K-Neighbors (Kruskal - inCV),721.0,2.5402069959041173e-09,5.958848984003441,0.5958848984003441,8.585899646155916e-07
Random Forest (Kruskal - inCV),K-Neighbors (Chi-square - inCV),1129.0,4.340432804861344e-06,4.594377371356792,0.4594377371356792,0.0011068103652396427
Random Forest (Kruskal - inCV),K-Neighbors (KS - inCV),1364.0,6.553104890576306e-05,3.9919541353530352,0.3991954135353035,0.014351299710362109
Random Forest (Kruskal - inCV),Decision Tree (MW - inCV),264.0,7.595906487525934e-15,7.7741443784765005,0.7774144378476501,3.2814316026112034e-12
Random Forest (Kruskal - inCV),Decision Tree (Wilcoxon - inCV),174.0,9.650974634921463e-16,8.031217927869017,0.8031217927869017,4.265730788635287e-13
Random Forest (Kruskal - inCV),Decision Tree (Kruskal - inCV),169.0,5.4628026092279985e-16,8.100735229935745,0.8100735229935745,2.458261174152599e-13
Random Forest (Kruskal - inCV),Decision Tree (Chi-square - inCV),426.0,5.310278304032828e-13,7.217113170597033,0.7217113170597033,2.2143860527816893e-10
Random Forest (Kruskal - inCV),Decision Tree (KS - inCV),320.0,3.4135945494438096e-14,7.581584706881039,0.7581584706881039,1.4576048726125068e-11
Random Forest (Kruskal - inCV),Naive Bayes (MW - inCV),0.0,3.895680685825537e-18,8.681795889360576,0.8681795889360575,4.007760994340263e-15
Random Forest (Kruskal - inCV),Naive Bayes (Wilcoxon - inCV),0.0,3.896340037647931e-18,8.681776644898465,0.8681776644898465,4.007760994340263e-15
Random Forest (Kruskal - inCV),Naive Bayes (Kruskal - inCV),0.0,3.8965598450959084e-18,8.681770230106196,0.8681770230106196,4.007760994340263e-15
Random Forest (Kruskal - inCV),Naive Bayes (Chi-square - inCV),0.0,3.895900458013434e-18,8.681789474525653,0.8681789474525653,4.007760994340263e-15
Random Forest (Kruskal - inCV),Naive Bayes (KS - inCV),0.0,3.895900458013434e-18,8.681789474525653,0.8681789474525653,4.007760994340263e-15
Random Forest (Kruskal - inCV),Integrated-SelectFromModel (L1-LR selector) + LR,0.0,3.895680685825537e-18,8.681795889360576,0.8681795889360575,4.007760994340263e-15
Random Forest (Kruskal - inCV),Integrated-SelectFromModel (L1-LR selector) + SVM,711.0,1.2027400673165573e-09,6.079878023100685,0.6079878023100684,4.1614806329152883e-07
Random Forest (Kruskal - inCV),Integrated-SelectFromModel (L1-LR selector) + KNN,727.0,1.7324546582822309e-09,6.021090860766968,0.6021090860766968,5.959644024490874e-07
Random Forest (Kruskal - inCV),Integrated-SelectFromModel (L1-LR selector) + Naive Bayes,0.0,3.896340037647931e-18,8.681776644898465,0.8681776644898465,4.007760994340263e-15
Random Forest (Kruskal - inCV),Integrated-SelectFromModel (RF selector) + RF,544.0,0.6517199781664778,0.0,0.0,1.0
Random Forest (Kruskal - inCV),Integrated-SelectFromModel (RF selector) + LR,0.0,3.896120241954008e-18,8.681783059704948,0.8681783059704948,4.007760994340263e-15
Random Forest (Kruskal - inCV),Integrated-SelectFromModel (RF selector) + KNN,743.0,2.440175980705815e-09,5.965411956852142,0.5965411956852142,8.296598334399771e-07
Random Forest (Kruskal - inCV),Integrated-RFECV (L1-LR) + LR,0.0,3.896340037647931e-18,8.681776644898465,0.8681776644898465,4.007760994340263e-15
Random Forest (Kruskal - inCV),Integrated-RFECV (L1-LR) + KNN,676.5,3.44269033181677e-10,6.277405654689765,0.6277405654689765,1.229040448458587e-07
Random Forest (Kruskal - inCV),Integrated-RFECV (L1-LR) + Naive Bayes,2.0,4.139140769112086e-18,8.674899990130227,0.8674899990130227,4.007760994340263e-15
Random Forest (Chi-square - inCV),Random Forest (KS - inCV),848.0,0.02095661873826902,0.0,0.0,1.0
Random Forest (Chi-square - inCV),Logistic Regression (MW - inCV),0.0,3.896340037647931e-18,8.681776644898465,0.8681776644898465,4.007760994340263e-15
Random Forest (Chi-square - inCV),Logistic Regression (Wilcoxon - inCV),0.0,3.896120241954008e-18,8.681783059704948,0.8681783059704948,4.007760994340263e-15
Random Forest (Chi-square - inCV),Logistic Regression (Kruskal - inCV),0.0,3.896340037647931e-18,8.681776644898465,0.8681776644898465,4.007760994340263e-15
Random Forest (Chi-square - inCV),Logistic Regression (Chi-square - inCV),0.0,3.896340037647931e-18,8.681776644898465,0.8681776644898465,4.007760994340263e-15
Random Forest (Chi-square - inCV),Logistic Regression (KS - inCV),0.0,3.896120241954008e-18,8.681783059704948,0.8681783059704948,4.007760994340263e-15
Random Forest (Chi-square - inCV),SVM (MW - inCV),2115.0,0.2712057210128058,-1.1002901532959775,-0.11002901532959775,1.0
Random Forest (Chi-square - inCV),SVM (Wilcoxon - inCV),2119.0,0.35415722970062535,-0.9265557674087436,-0.09265557674087435,1.0
Random Forest (Chi-square - inCV),SVM (Kruskal - inCV),1751.0,0.00777852934473222,2.66153482730633,0.266153482730633,1.0
Random Forest (Chi-square - inCV),SVM (Chi-square - inCV),2109.5,0.3366843993139188,-0.9607370458939996,-0.09607370458939996,1.0
Random Forest (Chi-square - inCV),SVM (KS - inCV),1918.5,0.0993514668411877,-1.6480058689867112,-0.1648005868986711,1.0
Random Forest (Chi-square - inCV),K-Neighbors (MW - inCV),1504.5,0.002618072619877155,3.009350069420922,0.3009350069420922,0.4349548889835921
Random Forest (Chi-square - inCV),K-Neighbors (Wilcoxon - inCV),1926.5,0.1423174180504079,1.4672155870888808,0.1467215587088881,1.0
Random Forest (Chi-square - inCV),K-Neighbors (Kruskal - inCV),1758.0,0.00835433481141787,2.637403676805965,0.2637403676805965,1.0
Random Forest (Chi-square - inCV),K-Neighbors (Chi-square - inCV),2118.0,0.2127493285195362,1.2460410405058653,0.12460410405058653,1.0
Random Forest (Chi-square - inCV),K-Neighbors (KS - inCV),1989.0,0.4515014019077358,0.0,0.0,1.0
Random Forest (Chi-square - inCV),Decision Tree (MW - inCV),559.0,3.737876567277662e-11,6.614112400963713,0.6614112400963713,1.4465582315364552e-08
Random Forest (Chi-square - inCV),Decision Tree (Wilcoxon - inCV),352.5,3.2684224745647453e-13,7.28284931125831,0.728284931125831,1.3694690168426282e-10
Random Forest (Chi-square - inCV),Decision Tree (Kruskal - inCV),432.0,1.6161682145891203e-12,7.064137356248815,0.7064137356248815,6.57780463337772e-10
Random Forest (Chi-square - inCV),Decision Tree (Chi-square - inCV),856.5,2.699451253702806e-08,5.559889746945124,0.5559889746945124,8.746222061997092e-06
Random Forest (Chi-square - inCV),Decision Tree (KS - inCV),732.0,1.9602003461227377e-09,6.001071176550787,0.6001071176550787,6.684283180278536e-07
Random Forest (Chi-square - inCV),Naive Bayes (MW - inCV),0.0,3.896120241954008e-18,8.681783059704948,0.8681783059704948,4.007760994340263e-15
Random Forest (Chi-square - inCV),Naive Bayes (Wilcoxon - inCV),0.0,3.896340037647931e-18,8.681776644898465,0.8681776644898465,4.007760994340263e-15
Random Forest (Chi-square - inCV),Naive Bayes (Kruskal - inCV),0.0,3.8965598450959084e-18,8.681770230106196,0.8681770230106196,4.007760994340263e-15
Random Forest (Chi-square - inCV),Naive Bayes (Chi-square - inCV),0.0,3.895900458013434e-18,8.681789474525653,0.8681789474525653,4.007760994340263e-15
Random Forest (Chi-square - inCV),Naive Bayes (KS - inCV),0.0,3.896340037647931e-18,8.681776644898465,0.8681776644898465,4.007760994340263e-15
Random Forest (Chi-square - inCV),Integrated-SelectFromModel (L1-LR selector) + LR,0.0,3.896120241954008e-18,8.681783059704948,0.8681783059704948,4.007760994340263e-15
Random Forest (Chi-square - inCV),Integrated-SelectFromModel (L1-LR selector) + SVM,1763.0,0.008786048715816322,2.6202687849986024,0.2620268784998602,1.0
Random Forest (Chi-square - inCV),Integrated-SelectFromModel (L1-LR selector) + KNN,1813.0,0.014355629748211186,2.448239245555566,0.24482392455555663,1.0
Random Forest (Chi-square - inCV),Integrated-SelectFromModel (L1-LR selector) + Naive Bayes,0.0,3.8965598450959084e-18,8.681770230106196,0.8681770230106196,4.007760994340263e-15
Random Forest (Chi-square - inCV),Integrated-SelectFromModel (RF selector) + RF,1197.5,9.502386841687571e-05,-3.9029588363840824,-0.3902958836384082,0.020525155578045153
Random Forest (Chi-square - inCV),Integrated-SelectFromModel (RF selector) + LR,0.0,3.8965598450959084e-18,8.681770230106196,0.8681770230106196,4.007760994340263e-15
Random Forest (Chi-square - inCV),Integrated-SelectFromModel (RF selector) + KNN,1829.0,0.0166982053949009,2.393286302683668,0.23932863026836682,1.0
Random Forest (Chi-square - inCV),Integrated-RFECV (L1-LR) + LR,0.0,3.896120241954008e-18,8.681783059704948,0.8681783059704948,4.007760994340263e-15
Random Forest (Chi-square - inCV),Integrated-RFECV (L1-LR) + KNN,1596.5,0.0033072417146656754,2.9376368499324497,0.29376368499324496,0.5423876412051708
Random Forest (Chi-square - inCV),Integrated-RFECV (L1-LR) + Naive Bayes,3.0,4.265842540306607e-18,8.671468069931041,0.8671468069931041,4.007760994340263e-15
Random Forest (KS - inCV),Logistic Regression (MW - inCV),0.0,3.8965598450959084e-18,8.681770230106196,0.8681770230106196,4.007760994340263e-15
Random Forest (KS - inCV),Logistic Regression (Wilcoxon - inCV),0.0,3.8965598450959084e-18,8.681770230106196,0.8681770230106196,4.007760994340263e-15
Random Forest (KS - inCV),Logistic Regression (Kruskal - inCV),0.0,3.895900458013434e-18,8.681789474525653,0.8681789474525653,4.007760994340263e-15
Random Forest (KS - inCV),Logistic Regression (Chi-square - inCV),0.0,3.896120241954008e-18,8.681783059704948,0.8681783059704948,4.007760994340263e-15
Random Forest (KS - inCV),Logistic Regression (KS - inCV),0.0,3.896120241954008e-18,8.681783059704948,0.8681783059704948,4.007760994340263e-15
Random Forest (KS - inCV),SVM (MW - inCV),2331.5,0.7390590746841667,-0.333099635279354,-0.0333099635279354,1.0
Random Forest (KS - inCV),SVM (Wilcoxon - inCV),2316.0,0.6979959332576724,-0.3880271616383922,-0.03880271616383922,1.0
Random Forest (KS - inCV),SVM (Kruskal - inCV),1405.0,0.000117458577400453,3.8513706256845617,0.38513706256845615,0.02501867698629649
Random Forest (KS - inCV),SVM (Chi-square - inCV),2279.5,0.6048993460711836,-0.5173679246686298,-0.05173679246686298,1.0
Random Forest (KS - inCV),SVM (KS - inCV),2396.0,0.916743143935386,-0.10453707992826693,-0.010453707992826692,1.0
Random Forest (KS - inCV),K-Neighbors (MW - inCV),1271.5,4.326577261480026e-05,4.089310308721878,0.40893103087218774,0.009605001520485658
Random Forest (KS - inCV),K-Neighbors (Wilcoxon - inCV),1674.5,0.007784936172820866,2.6612576463379414,0.2661257646337941,1.0
Random Forest (KS - inCV),K-Neighbors (Kruskal - inCV),1415.0,0.00013520600680022482,3.8167774755149977,0.38167774755149975,0.028258055421246986
Random Forest (KS - inCV),K-Neighbors (Chi-square - inCV),1671.5,0.007542476279825174,2.671892696399335,0.2671892696399335,1.0
Random Forest (KS - inCV),K-Neighbors (KS - inCV),1589.0,0.04606382258703479,1.9948080176246155,0.19948080176246155,1.0
Random Forest (KS - inCV),Decision Tree (MW - inCV),450.0,9.710402488622969e-13,7.134550408409968,0.7134550408409968,3.9715546178467944e-10
Random Forest (KS - inCV),Decision Tree (Wilcoxon - inCV),244.0,1.0724652372996751e-14,7.7303556659244155,0.7730355665924415,4.611600520388603e-12
Random Forest (KS - inCV),Decision Tree (Kruskal - inCV),311.0,1.0683969374649275e-13,7.43215846557885,0.7432158465578851,4.5193190454766434e-11
Random Forest (KS - inCV),Decision Tree (Chi-square - inCV),657.5,2.244336013072169e-10,6.343616161413539,0.6343616161413539,8.191826447713417e-08
Random Forest (KS - inCV),Decision Tree (KS - inCV),537.5,2.2273013299729585e-11,6.6902891038865135,0.6690289103886513,8.686475186894538e-09
Random Forest (KS - inCV),Naive Bayes (MW - inCV),0.0,3.896120241954008e-18,8.681783059704948,0.8681783059704948,4.007760994340263e-15
Random Forest (KS - inCV),Naive Bayes (Wilcoxon - inCV),0.0,3.896340037647931e-18,8.681776644898465,0.8681776644898465,4.007760994340263e-15
Random Forest (KS - inCV),Naive Bayes (Kruskal - inCV),0.0,3.8965598450959084e-18,8.681770230106196,0.8681770230106196,4.007760994340263e-15
Random Forest (KS - inCV),Naive Bayes (Chi-square - inCV),0.0,3.895241176705637e-18,8.681808719073084,0.8681808719073084,4.007760994340263e-15
Random Forest (KS - inCV),Naive Bayes (KS - inCV),0.0,3.896120241954008e-18,8.681783059704948,0.8681783059704948,4.007760994340263e-15
Random Forest (KS - inCV),Integrated-SelectFromModel (L1-LR selector) + LR,0.0,3.896340037647931e-18,8.681776644898465,0.8681776644898465,4.007760994340263e-15
Random Forest (KS - inCV),Integrated-SelectFromModel (L1-LR selector) + SVM,1416.0,0.00013700338507030931,3.813516480442402,0.3813516480442402,0.028359700709554028
Random Forest (KS - inCV),Integrated-SelectFromModel (L1-LR selector) + KNN,1466.0,0.00027108442873755056,3.641471225181542,0.3641471225181542,0.05367471689003501
Random Forest (KS - inCV),Integrated-SelectFromModel (L1-LR selector) + Naive Bayes,0.0,3.8965598450959084e-18,8.681770230106196,0.8681770230106196,4.007760994340263e-15
Random Forest (KS - inCV),Integrated-SelectFromModel (RF selector) + RF,1613.5,0.013361643268888173,-2.4739819891827906,-0.24739819891827905,1.0
Random Forest (KS - inCV),Integrated-SelectFromModel (RF selector) + LR,0.0,3.896120241954008e-18,8.681783059704948,0.8681783059704948,4.007760994340263e-15
Random Forest (KS - inCV),Integrated-SelectFromModel (RF selector) + KNN,1482.0,0.00033512380352368487,3.5865173291324766,0.35865173291324765,0.06601938929416593
Random Forest (KS - inCV),Integrated-RFECV (L1-LR) + LR,0.0,3.896340037647931e-18,8.681776644898465,0.8681776644898465,4.007760994340263e-15
Random Forest (KS - inCV),Integrated-RFECV (L1-LR) + KNN,1207.5,4.227533545270949e-05,4.094679186006713,0.40946791860067133,0.009427399805954216
Random Forest (KS - inCV),Integrated-RFECV (L1-LR) + Naive Bayes,4.0,4.3971135541818935e-18,8.668016930731772,0.8668016930731772,4.007760994340263e-15
Logistic Regression (MW - inCV),Logistic Regression (Wilcoxon - inCV),2141.0,0.4943793171304349,0.6833601140412809,0.0683360114041281,1.0
Logistic Regression (MW - inCV),Logistic Regression (Kruskal - inCV),5.0,4.531861061109546e-18,-8.664578605888165,-0.8664578605888165,4.007760994340263e-15
Logistic Regression (MW - inCV),Logistic Regression (Chi-square - inCV),508.0,0.7225316857879955,0.0,0.0,1.0
Logistic Regression (MW - inCV),Logistic Regression (KS - inCV),725.0,1.0597178121208847e-05,4.404615269251977,0.4404615269251977,0.002543322749090123
Logistic Regression (MW - inCV),SVM (MW - inCV),0.0,3.896120241954008e-18,-8.681783059704948,-0.8681783059704948,4.007760994340263e-15
Logistic Regression (MW - inCV),SVM (Wilcoxon - inCV),0.0,3.896120241954008e-18,-8.681783059704948,-0.8681783059704948,4.007760994340263e-15
Logistic Regression (MW - inCV),SVM (Kruskal - inCV),0.0,3.8904096776002905e-18,-8.681949849664708,-0.8681949849664707,4.007760994340263e-15
Logistic Regression (MW - inCV),SVM (Chi-square - inCV),0.0,3.895680685825537e-18,-8.681795889360576,-0.8681795889360575,4.007760994340263e-15
Logistic Regression (MW - inCV),SVM (KS - inCV),0.0,3.895680685825537e-18,-8.681795889360576,-0.8681795889360575,4.007760994340263e-15
Logistic Regression (MW - inCV),K-Neighbors (MW - inCV),0.0,3.895900458013434e-18,-8.681789474525653,-0.8681789474525653,4.007760994340263e-15
Logistic Regression (MW - inCV),K-Neighbors (Wilcoxon - inCV),0.0,3.896340037647931e-18,-8.681776644898465,-0.8681776644898465,4.007760994340263e-15
Logistic Regression (MW - inCV),K-Neighbors (Kruskal - inCV),0.0,3.893483610217646e-18,-8.681860038491894,-0.8681860038491894,4.007760994340263e-15
Logistic Regression (MW - inCV),K-Neighbors (Chi-square - inCV),0.0,3.895900458013434e-18,-8.681789474525653,-0.8681789474525653,4.007760994340263e-15
Logistic Regression (MW - inCV),K-Neighbors (KS - inCV),0.0,3.8965598450959084e-18,-8.681770230106196,-0.8681770230106196,4.007760994340263e-15
Logistic Regression (MW - inCV),Decision Tree (MW - inCV),0.0,3.8965598450959084e-18,-8.681770230106196,-0.8681770230106196,4.007760994340263e-15
Logistic Regression (MW - inCV),Decision Tree (Wilcoxon - inCV),0.0,3.8965598450959084e-18,-8.681770230106196,-0.8681770230106196,4.007760994340263e-15
Logistic Regression (MW - inCV),Decision Tree (Kruskal - inCV),0.0,3.896340037647931e-18,-8.681776644898465,-0.8681776644898465,4.007760994340263e-15
Logistic Regression (MW - inCV),Decision Tree (Chi-square - inCV),0.0,3.8965598450959084e-18,-8.681770230106196,-0.8681770230106196,4.007760994340263e-15
Logistic Regression (MW - inCV),Decision Tree (KS - inCV),0.0,3.8965598450959084e-18,-8.681770230106196,-0.8681770230106196,4.007760994340263e-15
Logistic Regression (MW - inCV),Naive Bayes (MW - inCV),0.0,3.8965598450959084e-18,-8.681770230106196,-0.8681770230106196,4.007760994340263e-15
Logistic Regression (MW - inCV),Naive Bayes (Wilcoxon - inCV),1.0,4.0161556854627e-18,-8.67833190526259,-0.8678331905262591,4.007760994340263e-15
Logistic Regression (MW - inCV),Naive Bayes (Kruskal - inCV),0.0,3.8965598450959084e-18,8.681770230106196,0.8681770230106196,4.007760994340263e-15
Logistic Regression (MW - inCV),Naive Bayes (Chi-square - inCV),0.0,3.896340037647931e-18,-8.681776644898465,-0.8681776644898465,4.007760994340263e-15
Logistic Regression (MW - inCV),Naive Bayes (KS - inCV),1.0,4.0161556854627e-18,-8.67833190526259,-0.8678331905262591,4.007760994340263e-15
Logistic Regression (MW - inCV),Integrated-SelectFromModel (L1-LR selector) + LR,0.0,3.896340037647931e-18,-8.681776644898465,-0.8681776644898465,4.007760994340263e-15
Logistic Regression (MW - inCV),Integrated-SelectFromModel (L1-LR selector) + SVM,0.0,3.8906291678999676e-18,-8.681943434488504,-0.8681943434488504,4.007760994340263e-15
Logistic Regression (MW - inCV),Integrated-SelectFromModel (L1-LR selector) + KNN,0.0,3.893483610217646e-18,-8.681860038491894,-0.8681860038491894,4.007760994340263e-15
Logistic Regression (MW - inCV),Integrated-SelectFromModel (L1-LR selector) + Naive Bayes,0.0,3.8965598450959084e-18,8.681770230106196,0.8681770230106196,4.007760994340263e-15
Logistic Regression (MW - inCV),Integrated-SelectFromModel (RF selector) + RF,0.0,3.896120241954008e-18,-8.681783059704948,-0.8681783059704948,4.007760994340263e-15
Logistic Regression (MW - inCV),Integrated-SelectFromModel (RF selector) + LR,89.0,5.486894326681338e-17,-8.375759319025226,-0.8375759319025227,2.5075107072933715e-14
Logistic Regression (MW - inCV),Integrated-SelectFromModel (RF selector) + KNN,0.0,3.8917267954882246e-18,-8.681911358820786,-0.8681911358820786,4.007760994340263e-15
Logistic Regression (MW - inCV),Integrated-RFECV (L1-LR) + LR,1880.0,0.037827186284675636,2.07672241795051,0.207672241795051,1.0
Logistic Regression (MW - inCV),Integrated-RFECV (L1-LR) + KNN,0.0,3.8965598450959084e-18,-8.681770230106196,-0.8681770230106196,4.007760994340263e-15
Logistic Regression (MW - inCV),Integrated-RFECV (L1-LR) + Naive Bayes,52.0,1.847789855850658e-17,8.502983620924319,0.8502983620924318,8.59222282970556e-15
Logistic Regression (Wilcoxon - inCV),Logistic Regression (Kruskal - inCV),0.0,3.8965598450959084e-18,-8.681770230106196,-0.8681770230106196,4.007760994340263e-15
Logistic Regression (Wilcoxon - inCV),Logistic Regression (Chi-square - inCV),2071.5,0.6622537505579147,-0.4368036515969923,-0.04368036515969923,1.0
Logistic Regression (Wilcoxon - inCV),Logistic Regression (KS - inCV),1473.5,0.004207851805862073,2.8621443757053955,0.28621443757053955,0.6816719925496558
Logistic Regression (Wilcoxon - inCV),SVM (MW - inCV),0.0,3.894801714589673e-18,-8.681821548842466,-0.8681821548842465,4.007760994340263e-15
Logistic Regression (Wilcoxon - inCV),SVM (Wilcoxon - inCV),0.0,3.895900458013434e-18,-8.681789474525653,-0.8681789474525653,4.007760994340263e-15
Logistic Regression (Wilcoxon - inCV),SVM (Kruskal - inCV),0.0,3.8906291678999676e-18,-8.681943434488504,-0.8681943434488504,4.007760994340263e-15
Logistic Regression (Wilcoxon - inCV),SVM (Chi-square - inCV),0.0,3.895460925389839e-18,-8.681802304209718,-0.8681802304209718,4.007760994340263e-15
Logistic Regression (Wilcoxon - inCV),SVM (KS - inCV),0.0,3.895680685825537e-18,-8.681795889360576,-0.8681795889360575,4.007760994340263e-15
Logistic Regression (Wilcoxon - inCV),K-Neighbors (MW - inCV),0.0,3.896120241954008e-18,-8.681783059704948,-0.8681783059704948,4.007760994340263e-15
Logistic Regression (Wilcoxon - inCV),K-Neighbors (Wilcoxon - inCV),0.0,3.896340037647931e-18,-8.681776644898465,-0.8681776644898465,4.007760994340263e-15
Logistic Regression (Wilcoxon - inCV),K-Neighbors (Kruskal - inCV),0.0,3.892824716613678e-18,-8.681879283508577,-0.8681879283508577,4.007760994340263e-15
Logistic Regression (Wilcoxon - inCV),K-Neighbors (Chi-square - inCV),0.0,3.896120241954008e-18,-8.681783059704948,-0.8681783059704948,4.007760994340263e-15
Logistic Regression (Wilcoxon - inCV),K-Neighbors (KS - inCV),0.0,3.896340037647931e-18,-8.681776644898465,-0.8681776644898465,4.007760994340263e-15
Logistic Regression (Wilcoxon - inCV),Decision Tree (MW - inCV),0.0,3.8965598450959084e-18,-8.681770230106196,-0.8681770230106196,4.007760994340263e-15
Logistic Regression (Wilcoxon - inCV),Decision Tree (Wilcoxon - inCV),0.0,3.896340037647931e-18,-8.681776644898465,-0.8681776644898465,4.007760994340263e-15
Logistic Regression (Wilcoxon - inCV),Decision Tree (Kruskal - inCV),0.0,3.896340037647931e-18,-8.681776644898465,-0.8681776644898465,4.007760994340263e-15
Logistic Regression (Wilcoxon - inCV),Decision Tree (Chi-square - inCV),0.0,3.8965598450959084e-18,-8.681770230106196,-0.8681770230106196,4.007760994340263e-15
Logistic Regression (Wilcoxon - inCV),Decision Tree (KS - inCV),0.0,3.8965598450959084e-18,-8.681770230106196,-0.8681770230106196,4.007760994340263e-15
Logistic Regression (Wilcoxon - inCV),Naive Bayes (MW - inCV),0.0,3.896340037647931e-18,-8.681776644898465,-0.8681776644898465,4.007760994340263e-15
Logistic Regression (Wilcoxon - inCV),Naive Bayes (Wilcoxon - inCV),0.0,3.896340037647931e-18,-8.681776644898465,-0.8681776644898465,4.007760994340263e-15
Logistic Regression (Wilcoxon - inCV),Naive Bayes (Kruskal - inCV),0.0,3.8965598450959084e-18,8.681770230106196,0.8681770230106196,4.007760994340263e-15
Logistic Regression (Wilcoxon - inCV),Naive Bayes (Chi-square - inCV),0.0,3.896340037647931e-18,-8.681776644898465,-0.8681776644898465,4.007760994340263e-15
Logistic Regression (Wilcoxon - inCV),Naive Bayes (KS - inCV),0.0,3.896120241954008e-18,-8.681783059704948,-0.8681783059704948,4.007760994340263e-15
Logistic Regression (Wilcoxon - inCV),Integrated-SelectFromModel (L1-LR selector) + LR,0.0,3.8965598450959084e-18,-8.681770230106196,-0.8681770230106196,4.007760994340263e-15
Logistic Regression (Wilcoxon - inCV),Integrated-SelectFromModel (L1-LR selector) + SVM,0.0,3.8906291678999676e-18,-8.681943434488504,-0.8681943434488504,4.007760994340263e-15
Logistic Regression (Wilcoxon - inCV),Integrated-SelectFromModel (L1-LR selector) + KNN,0.0,3.892824716613678e-18,-8.681879283508577,-0.8681879283508577,4.007760994340263e-15
Logistic Regression (Wilcoxon - inCV),Integrated-SelectFromModel (L1-LR selector) + Naive Bayes,0.0,3.8965598450959084e-18,8.681770230106196,0.8681770230106196,4.007760994340263e-15
Logistic Regression (Wilcoxon - inCV),Integrated-SelectFromModel (RF selector) + RF,0.0,3.895900458013434e-18,-8.681789474525653,-0.8681789474525653,4.007760994340263e-15
Logistic Regression (Wilcoxon - inCV),Integrated-SelectFromModel (RF selector) + LR,100.0,7.558947866680112e-17,-8.337950067241387,-0.8337950067241386,3.4468802272061306e-14
Logistic Regression (Wilcoxon - inCV),Integrated-SelectFromModel (RF selector) + KNN,0.0,3.891068183715535e-18,-8.681930604178755,-0.8681930604178755,4.007760994340263e-15
Logistic Regression (Wilcoxon - inCV),Integrated-RFECV (L1-LR) + LR,1892.0,0.041867081438053406,2.0348389406136933,0.20348389406136932,1.0
Logistic Regression (Wilcoxon - inCV),Integrated-RFECV (L1-LR) + KNN,0.0,3.8965598450959084e-18,-8.681770230106196,-0.8681770230106196,4.007760994340263e-15
Logistic Regression (Wilcoxon - inCV),Integrated-RFECV (L1-LR) + Naive Bayes,52.0,1.8478899002670448e-17,8.502977338238663,0.8502977338238663,8.59222282970556e-15
Logistic Regression (Kruskal - inCV),Logistic Regression (Chi-square - inCV),7.0,4.813431763854939e-18,8.657708353209635,0.8657708353209635,4.007760994340263e-15
Logistic Regression (Kruskal - inCV),Logistic Regression (KS - inCV),3.0,4.2663227307182344e-18,8.671455255575378,0.8671455255575378,4.007760994340263e-15
Logistic Regression (Kruskal - inCV),SVM (MW - inCV),0.0,3.896340037647931e-18,-8.681776644898465,-0.8681776644898465,4.007760994340263e-15
Logistic Regression (Kruskal - inCV),SVM (Wilcoxon - inCV),0.0,3.895900458013434e-18,-8.681789474525653,-0.8681789474525653,4.007760994340263e-15
Logistic Regression (Kruskal - inCV),SVM (Kruskal - inCV),0.0,3.887776709393054e-18,-8.68202683288841,-0.868202683288841,4.007760994340263e-15
Logistic Regression (Kruskal - inCV),SVM (Chi-square - inCV),0.0,3.896120241954008e-18,-8.681783059704948,-0.8681783059704948,4.007760994340263e-15
Logistic Regression (Kruskal - inCV),SVM (KS - inCV),0.0,3.896340037647931e-18,-8.681776644898465,-0.8681776644898465,4.007760994340263e-15
Logistic Regression (Kruskal - inCV),K-Neighbors (MW - inCV),0.0,3.896120241954008e-18,-8.681783059704948,-0.8681783059704948,4.007760994340263e-15
Logistic Regression (Kruskal - inCV),K-Neighbors (Wilcoxon - inCV),0.0,3.895900458013434e-18,-8.681789474525653,-0.8681789474525653,4.007760994340263e-15
Logistic Regression (Kruskal - inCV),K-Neighbors (Kruskal - inCV),0.0,3.892385512934327e-18,-8.681892113590798,-0.8681892113590799,4.007760994340263e-15
Logistic Regression (Kruskal - inCV),K-Neighbors (Chi-square - inCV),0.0,3.896340037647931e-18,-8.681776644898465,-0.8681776644898465,4.007760994340263e-15
Logistic Regression (Kruskal - inCV),K-Neighbors (KS - inCV),0.0,3.896120241954008e-18,-8.681783059704948,-0.8681783059704948,4.007760994340263e-15
Logistic Regression (Kruskal - inCV),Decision Tree (MW - inCV),0.0,3.896340037647931e-18,-8.681776644898465,-0.8681776644898465,4.007760994340263e-15
Logistic Regression (Kruskal - inCV),Decision Tree (Wilcoxon - inCV),0.0,3.8965598450959084e-18,-8.681770230106196,-0.8681770230106196,4.007760994340263e-15
Logistic Regression (Kruskal - inCV),Decision Tree (Kruskal - inCV),0.0,3.8965598450959084e-18,-8.681770230106196,-0.8681770230106196,4.007760994340263e-15
Logistic Regression (Kruskal - inCV),Decision Tree (Chi-square - inCV),0.0,3.896340037647931e-18,-8.681776644898465,-0.8681776644898465,4.007760994340263e-15
Logistic Regression (Kruskal - inCV),Decision Tree (KS - inCV),0.0,3.896340037647931e-18,-8.681776644898465,-0.8681776644898465,4.007760994340263e-15
Logistic Regression (Kruskal - inCV),Naive Bayes (MW - inCV),1101.0,9.771666438723215e-07,-4.896181812681127,-0.48961818126811274,0.00027067516035263303
Logistic Regression (Kruskal - inCV),Naive Bayes (Wilcoxon - inCV),1821.0,0.015495739833762862,-2.4205806898989155,-0.24205806898989154,1.0
Logistic Regression (Kruskal - inCV),Naive Bayes (Kruskal - inCV),0.0,3.8965598450959084e-18,8.681770230106196,0.8681770230106196,4.007760994340263e-15
Logistic Regression (Kruskal - inCV),Naive Bayes (Chi-square - inCV),986.0,1.2125765529866575e-07,-5.2915897540142245,-0.5291589754014224,3.649855424489839e-05
Logistic Regression (Kruskal - inCV),Naive Bayes (KS - inCV),1328.0,0.0001614571024415789,-3.7727514650977607,-0.37727514650977606,0.03309870600052368
Logistic Regression (Kruskal - inCV),Integrated-SelectFromModel (L1-LR selector) + LR,912.0,4.888163978407861e-08,-5.455331230316066,-0.5455331230316066,1.541593233361921e-05
Logistic Regression (Kruskal - inCV),Integrated-SelectFromModel (L1-LR selector) + SVM,0.0,3.887776709393054e-18,-8.68202683288841,-0.868202683288841,4.007760994340263e-15
Logistic Regression (Kruskal - inCV),Integrated-SelectFromModel (L1-LR selector) + KNN,0.0,3.89150724648996e-18,-8.681917773925889,-0.8681917773925889,4.007760994340263e-15
Logistic Regression (Kruskal - inCV),Integrated-SelectFromModel (L1-LR selector) + Naive Bayes,0.0,3.8965598450959084e-18,8.681770230106196,0.8681770230106196,4.007760994340263e-15
Logistic Regression (Kruskal - inCV),Integrated-SelectFromModel (RF selector) + RF,0.0,3.896120241954008e-18,-8.681783059704948,-0.8681783059704948,4.007760994340263e-15
Logistic Regression (Kruskal - inCV),Integrated-SelectFromModel (RF selector) + LR,1256.0,1.2815360586603802e-05,4.36323422653654,0.436323422653654,0.003037240459025101
Logistic Regression (Kruskal - inCV),Integrated-SelectFromModel (RF selector) + KNN,0.0,3.888654177718331e-18,-8.682001171586306,-0.8682001171586305,4.007760994340263e-15
Logistic Regression (Kruskal - inCV),Integrated-RFECV (L1-LR) + LR,160.0,6.475570799340683e-16,8.080020836227616,0.8080020836227616,2.886955777458142e-13
Logistic Regression (Kruskal - inCV),Integrated-RFECV (L1-LR) + KNN,0.0,3.8965598450959084e-18,-8.681770230106196,-0.8681770230106196,4.007760994340263e-15
Logistic Regression (Kruskal - inCV),Integrated-RFECV (L1-LR) + Naive Bayes,28.0,9.044445868078013e-18,8.585497134485216,0.8585497134485216,4.2685073202841604e-15
Logistic Regression (Chi-square - inCV),Logistic Regression (KS - inCV),405.5,1.6256418930833861e-06,4.795136387617369,0.47951363876173686,0.00044217459491868104
Logistic Regression (Chi-square - inCV),SVM (MW - inCV),0.0,3.895460925389839e-18,-8.681802304209718,-0.8681802304209718,4.007760994340263e-15
Logistic Regression (Chi-square - inCV),SVM (Wilcoxon - inCV),0.0,3.895021439772567e-18,-8.681815133950662,-0.8681815133950662,4.007760994340263e-15
Logistic Regression (Chi-square - inCV),SVM (Kruskal - inCV),0.0,3.889092982277817e-18,-8.681988341020581,-0.8681988341020581,4.007760994340263e-15
Logistic Regression (Chi-square - inCV),SVM (Chi-square - inCV),0.0,3.895460925389839e-18,-8.681802304209718,-0.8681802304209718,4.007760994340263e-15
Logistic Regression (Chi-square - inCV),SVM (KS - inCV),0.0,3.895241176705637e-18,-8.681808719073084,-0.8681808719073084,4.007760994340263e-15
Logistic Regression (Chi-square - inCV),K-Neighbors (MW - inCV),0.0,3.895900458013434e-18,-8.681789474525653,-0.8681789474525653,4.007760994340263e-15
Logistic Regression (Chi-square - inCV),K-Neighbors (Wilcoxon - inCV),0.0,3.895900458013434e-18,-8.681789474525653,-0.8681789474525653,4.007760994340263e-15
Logistic Regression (Chi-square - inCV),K-Neighbors (Kruskal - inCV),0.0,3.8917267954882246e-18,-8.681911358820786,-0.8681911358820786,4.007760994340263e-15
Logistic Regression (Chi-square - inCV),K-Neighbors (Chi-square - inCV),0.0,3.895900458013434e-18,-8.681789474525653,-0.8681789474525653,4.007760994340263e-15
Logistic Regression (Chi-square - inCV),K-Neighbors (KS - inCV),0.0,3.8965598450959084e-18,-8.681770230106196,-0.8681770230106196,4.007760994340263e-15
Logistic Regression (Chi-square - inCV),Decision Tree (MW - inCV),0.0,3.8965598450959084e-18,-8.681770230106196,-0.8681770230106196,4.007760994340263e-15
Logistic Regression (Chi-square - inCV),Decision Tree (Wilcoxon - inCV),0.0,3.896340037647931e-18,-8.681776644898465,-0.8681776644898465,4.007760994340263e-15
Logistic Regression (Chi-square - inCV),Decision Tree (Kruskal - inCV),0.0,3.8965598450959084e-18,-8.681770230106196,-0.8681770230106196,4.007760994340263e-15
Logistic Regression (Chi-square - inCV),Decision Tree (Chi-square - inCV),0.0,3.896340037647931e-18,-8.681776644898465,-0.8681776644898465,4.007760994340263e-15
Logistic Regression (Chi-square - inCV),Decision Tree (KS - inCV),0.0,3.8965598450959084e-18,-8.681770230106196,-0.8681770230106196,4.007760994340263e-15
Logistic Regression (Chi-square - inCV),Naive Bayes (MW - inCV),0.0,3.8965598450959084e-18,-8.681770230106196,-0.8681770230106196,4.007760994340263e-15
Logistic Regression (Chi-square - inCV),Naive Bayes (Wilcoxon - inCV),4.0,4.3971135541818935e-18,-8.668016930731772,-0.8668016930731772,4.007760994340263e-15
Logistic Regression (Chi-square - inCV),Naive Bayes (Kruskal - inCV),0.0,3.8965598450959084e-18,8.681770230106196,0.8681770230106196,4.007760994340263e-15
Logistic Regression (Chi-square - inCV),Naive Bayes (Chi-square - inCV),0.0,3.896120241954008e-18,-8.681783059704948,-0.8681783059704948,4.007760994340263e-15
Logistic Regression (Chi-square - inCV),Naive Bayes (KS - inCV),1.0,4.015702944049438e-18,-8.678344729780314,-0.8678344729780314,4.007760994340263e-15
Logistic Regression (Chi-square - inCV),Integrated-SelectFromModel (L1-LR selector) + LR,1.0,4.0161556854627e-18,-8.67833190526259,-0.8678331905262591,4.007760994340263e-15
Logistic Regression (Chi-square - inCV),Integrated-SelectFromModel (L1-LR selector) + SVM,0.0,3.889092982277817e-18,-8.681988341020581,-0.8681988341020581,4.007760994340263e-15
Logistic Regression (Chi-square - inCV),Integrated-SelectFromModel (L1-LR selector) + KNN,0.0,3.8917267954882246e-18,-8.681911358820786,-0.8681911358820786,4.007760994340263e-15
Logistic Regression (Chi-square - inCV),Integrated-SelectFromModel (L1-LR selector) + Naive Bayes,0.0,3.896340037647931e-18,8.681776644898465,0.8681776644898465,4.007760994340263e-15
Logistic Regression (Chi-square - inCV),Integrated-SelectFromModel (RF selector) + RF,0.0,3.896120241954008e-18,-8.681783059704948,-0.8681783059704948,4.007760994340263e-15
Logistic Regression (Chi-square - inCV),Integrated-SelectFromModel (RF selector) + LR,51.0,1.7939298766693858e-17,-8.506415663082269,-0.8506415663082268,8.359713225279338e-15
Logistic Regression (Chi-square - inCV),Integrated-SelectFromModel (RF selector) + KNN,0.0,3.8899707322140255e-18,-8.681962680059783,-0.8681962680059783,4.007760994340263e-15
Logistic Regression (Chi-square - inCV),Integrated-RFECV (L1-LR) + LR,1889.0,0.04082432417871556,2.0453098099478972,0.20453098099478972,1.0
Logistic Regression (Chi-square - inCV),Integrated-RFECV (L1-LR) + KNN,0.0,3.8965598450959084e-18,-8.681770230106196,-0.8681770230106196,4.007760994340263e-15
Logistic Regression (Chi-square - inCV),Integrated-RFECV (L1-LR) + Naive Bayes,53.0,1.903450784800175e-17,8.499539013395058,0.8499539013395058,8.812500381462935e-15
Logistic Regression (KS - inCV),SVM (MW - inCV),0.0,3.894801714589673e-18,-8.681821548842466,-0.8681821548842465,4.007760994340263e-15
Logistic Regression (KS - inCV),SVM (Wilcoxon - inCV),0.0,3.894801714589673e-18,-8.681821548842466,-0.8681821548842465,4.007760994340263e-15
Logistic Regression (KS - inCV),SVM (Kruskal - inCV),0.0,3.8904096776002905e-18,-8.681949849664708,-0.8681949849664707,4.007760994340263e-15
Logistic Regression (KS - inCV),SVM (Chi-square - inCV),0.0,3.895241176705637e-18,-8.681808719073084,-0.8681808719073084,4.007760994340263e-15
Logistic Regression (KS - inCV),SVM (KS - inCV),0.0,3.895021439772567e-18,-8.681815133950662,-0.8681815133950662,4.007760994340263e-15
Logistic Regression (KS - inCV),K-Neighbors (MW - inCV),0.0,3.896340037647931e-18,-8.681776644898465,-0.8681776644898465,4.007760994340263e-15
Logistic Regression (KS - inCV),K-Neighbors (Wilcoxon - inCV),0.0,3.896120241954008e-18,-8.681783059704948,-0.8681783059704948,4.007760994340263e-15
Logistic Regression (KS - inCV),K-Neighbors (Kruskal - inCV),0.0,3.893703264910611e-18,-8.681853623514773,-0.8681853623514773,4.007760994340263e-15
Logistic Regression (KS - inCV),K-Neighbors (Chi-square - inCV),0.0,3.896340037647931e-18,-8.681776644898465,-0.8681776644898465,4.007760994340263e-15
Logistic Regression (KS - inCV),K-Neighbors (KS - inCV),0.0,3.8965598450959084e-18,-8.681770230106196,-0.8681770230106196,4.007760994340263e-15
Logistic Regression (KS - inCV),Decision Tree (MW - inCV),0.0,3.8965598450959084e-18,-8.681770230106196,-0.8681770230106196,4.007760994340263e-15
Logistic Regression (KS - inCV),Decision Tree (Wilcoxon - inCV),0.0,3.895900458013434e-18,-8.681789474525653,-0.8681789474525653,4.007760994340263e-15
Logistic Regression (KS - inCV),Decision Tree (Kruskal - inCV),0.0,3.8965598450959084e-18,-8.681770230106196,-0.8681770230106196,4.007760994340263e-15
Logistic Regression (KS - inCV),Decision Tree (Chi-square - inCV),0.0,3.8965598450959084e-18,-8.681770230106196,-0.8681770230106196,4.007760994340263e-15
Logistic Regression (KS - inCV),Decision Tree (KS - inCV),0.0,3.8965598450959084e-18,-8.681770230106196,-0.8681770230106196,4.007760994340263e-15
Logistic Regression (KS - inCV),Naive Bayes (MW - inCV),0.0,3.8965598450959084e-18,-8.681770230106196,-0.8681770230106196,4.007760994340263e-15
Logistic Regression (KS - inCV),Naive Bayes (Wilcoxon - inCV),1.0,4.015929308708381e-18,-8.678338317514347,-0.8678338317514347,4.007760994340263e-15
Logistic Regression (KS - inCV),Naive Bayes (Kruskal - inCV),0.0,3.896120241954008e-18,8.681783059704948,0.8681783059704948,4.007760994340263e-15
Logistic Regression (KS - inCV),Naive Bayes (Chi-square - inCV),0.0,3.896340037647931e-18,-8.681776644898465,-0.8681776644898465,4.007760994340263e-15
Logistic Regression (KS - inCV),Naive Bayes (KS - inCV),1.0,4.015023922637744e-18,-8.678363966663497,-0.8678363966663497,4.007760994340263e-15
Logistic Regression (KS - inCV),Integrated-SelectFromModel (L1-LR selector) + LR,0.0,3.896340037647931e-18,-8.681776644898465,-0.8681776644898465,4.007760994340263e-15
Logistic Regression (KS - inCV),Integrated-SelectFromModel (L1-LR selector) + SVM,0.0,3.8904096776002905e-18,-8.681949849664708,-0.8681949849664707,4.007760994340263e-15
Logistic Regression (KS - inCV),Integrated-SelectFromModel (L1-LR selector) + KNN,0.0,3.8926051089021165e-18,-8.681885698542576,-0.8681885698542576,4.007760994340263e-15
Logistic Regression (KS - inCV),Integrated-SelectFromModel (L1-LR selector) + Naive Bayes,0.0,3.896340037647931e-18,8.681776644898465,0.8681776644898465,4.007760994340263e-15
Logistic Regression (KS - inCV),Integrated-SelectFromModel (RF selector) + RF,0.0,3.895680685825537e-18,-8.681795889360576,-0.8681795889360575,4.007760994340263e-15
Logistic Regression (KS - inCV),Integrated-SelectFromModel (RF selector) + LR,19.0,6.9062884340117215e-18,-8.616448424600216,-0.8616448424600216,4.007760994340263e-15
Logistic Regression (KS - inCV),Integrated-SelectFromModel (RF selector) + KNN,0.0,3.89150724648996e-18,-8.681917773925889,-0.8681917773925889,4.007760994340263e-15
Logistic Regression (KS - inCV),Integrated-RFECV (L1-LR) + LR,2115.0,0.20893283396946716,1.2565052767862188,0.1256505276786219,1.0
Logistic Regression (KS - inCV),Integrated-RFECV (L1-LR) + KNN,0.0,3.896340037647931e-18,-8.681776644898465,-0.8681776644898465,4.007760994340263e-15
Logistic Regression (KS - inCV),Integrated-RFECV (L1-LR) + Naive Bayes,53.0,1.9033478145708283e-17,8.4995452935402,0.8499545293540199,8.812500381462935e-15
SVM (MW - inCV),SVM (Wilcoxon - inCV),491.0,0.3197031539456573,0.0,0.0,1.0
SVM (MW - inCV),SVM (Kruskal - inCV),1043.0,2.611337606230248e-06,4.699238181334864,0.4699238181334864,0.0006883649926370773
SVM (MW - inCV),SVM (Chi-square - inCV),94.5,0.4651075881688497,0.0,0.0,1.0
SVM (MW - inCV),SVM (KS - inCV),158.5,0.4634612705724447,0.0,0.0,1.0
SVM (MW - inCV),K-Neighbors (MW - inCV),1062.0,3.719932628019424e-06,4.626446298021554,0.46264462980215537,0.0009523027527729726
SVM (MW - inCV),K-Neighbors (Wilcoxon - inCV),1338.0,0.00116496065772621,3.2473230811835014,0.32473230811835013,0.21318780036389642
SVM (MW - inCV),K-Neighbors (Kruskal - inCV),1180.0,2.708397480389873e-05,4.196693769034372,0.4196693769034372,0.006256398179700607
SVM (MW - inCV),K-Neighbors (Chi-square - inCV),1729.0,0.00921923305272222,2.6038156501214833,0.2603815650121483,1.0
SVM (MW - inCV),K-Neighbors (KS - inCV),1819.0,0.022041150648303004,2.2896579874771867,0.22896579874771866,1.0
SVM (MW - inCV),Decision Tree (MW - inCV),362.0,4.208782108916964e-13,7.248671842746079,0.724867184274608,1.7592709215272909e-10
SVM (MW - inCV),Decision Tree (Wilcoxon - inCV),350.5,1.2147274540144068e-13,7.4151657998731375,0.7415165799873138,5.1140025814006526e-11
SVM (MW - inCV),Decision Tree (Kruskal - inCV),222.0,2.404322506485966e-15,7.918479667260425,0.7918479667260425,1.0458802903213953e-12
SVM (MW - inCV),Decision Tree (Chi-square - inCV),688.5,2.709996980692736e-10,6.3145209007719565,0.6314520900771956,9.810189070107705e-08
SVM (MW - inCV),Decision Tree (KS - inCV),521.0,5.562062008597114e-12,6.890438625123616,0.6890438625123616,2.208138617413054e-09
SVM (MW - inCV),Naive Bayes (MW - inCV),0.0,3.896120241954008e-18,8.681783059704948,0.8681783059704948,4.007760994340263e-15
SVM (MW - inCV),Naive Bayes (Wilcoxon - inCV),0.0,3.895680685825537e-18,8.681795889360576,0.8681795889360575,4.007760994340263e-15
SVM (MW - inCV),Naive Bayes (Kruskal - inCV),0.0,3.896120241954008e-18,8.681783059704948,0.8681783059704948,4.007760994340263e-15
SVM (MW - inCV),Naive Bayes (Chi-square - inCV),0.0,3.896120241954008e-18,8.681783059704948,0.8681783059704948,4.007760994340263e-15
SVM (MW - inCV),Naive Bayes (KS - inCV),0.0,3.896120241954008e-18,8.681783059704948,0.8681783059704948,4.007760994340263e-15
SVM (MW - inCV),Integrated-SelectFromModel (L1-LR selector) + LR,0.0,3.896120241954008e-18,8.681783059704948,0.8681783059704948,4.007760994340263e-15
SVM (MW - inCV),Integrated-SelectFromModel (L1-LR selector) + SVM,1061.0,3.5982860769594234e-06,4.633330949337881,0.4633330949337881,0.0009247595217785718
SVM (MW - inCV),Integrated-SelectFromModel (L1-LR selector) + KNN,1230.5,3.7115711801577396e-05,4.124737937361086,0.4124737937361086,0.008313919443553336
SVM (MW - inCV),Integrated-SelectFromModel (L1-LR selector) + Naive Bayes,0.0,3.896120241954008e-18,8.681783059704948,0.8681783059704948,4.007760994340263e-15
SVM (MW - inCV),Integrated-SelectFromModel (RF selector) + RF,720.0,0.00011942593118484922,-3.847301573361132,-0.3847301573361132,0.025079445548818337
SVM (MW - inCV),Integrated-SelectFromModel (RF selector) + LR,0.0,3.895900458013434e-18,8.681789474525653,0.8681789474525653,4.007760994340263e-15
SVM (MW - inCV),Integrated-SelectFromModel (RF selector) + KNN,1126.5,1.8356082230568612e-05,4.284002531075804,0.4284002531075804,0.004295323241953055
SVM (MW - inCV),Integrated-RFECV (L1-LR) + LR,0.0,3.895900458013434e-18,8.681789474525653,0.8681789474525653,4.007760994340263e-15
SVM (MW - inCV),Integrated-RFECV (L1-LR) + KNN,1047.5,7.871673272510117e-06,4.468644760511685,0.4468644760511685,0.0019049449319474482
SVM (MW - inCV),Integrated-RFECV (L1-LR) + Naive Bayes,1.0,4.0154765914850665e-18,8.678351142060492,0.8678351142060492,4.007760994340263e-15
SVM (Wilcoxon - inCV),SVM (Kruskal - inCV),805.0,1.1888780109647462e-07,5.295197570754013,0.5295197570754013,3.602300373223181e-05
SVM (Wilcoxon - inCV),SVM (Chi-square - inCV),512.0,0.10686385489004224,0.0,0.0,1.0
SVM (Wilcoxon - inCV),SVM (KS - inCV),514.0,0.7721022708252858,0.0,0.0,1.0
SVM (Wilcoxon - inCV),K-Neighbors (MW - inCV),1211.0,1.679271227788447e-05,4.303755314857404,0.43037553148574037,0.003946287385302851
SVM (Wilcoxon - inCV),K-Neighbors (Wilcoxon - inCV),1458.0,0.000949675474402428,3.305026124701195,0.3305026124701195,0.17758931371325404
SVM (Wilcoxon - inCV),K-Neighbors (Kruskal - inCV),961.0,2.682468848816845e-06,4.693746138470226,0.4693746138470226,0.0007001243695411966
SVM (Wilcoxon - inCV),K-Neighbors (Chi-square - inCV),1842.0,0.018853374624678704,2.3484175133140117,0.23484175133140117,1.0
SVM (Wilcoxon - inCV),K-Neighbors (KS - inCV),1942.0,0.06283543036483072,1.8603541972184905,0.18603541972184906,1.0
SVM (Wilcoxon - inCV),Decision Tree (MW - inCV),391.0,5.618423221388867e-13,7.209435670913836,0.7209435670913835,2.3260272136549908e-10
SVM (Wilcoxon - inCV),Decision Tree (Wilcoxon - inCV),323.5,5.93815053203081e-14,7.509438503728938,0.7509438503728938,2.5237139761130946e-11
SVM (Wilcoxon - inCV),Decision Tree (Kruskal - inCV),217.0,2.093498682829967e-15,7.935677193126419,0.7935677193126419,9.190459217623556e-13
SVM (Wilcoxon - inCV),Decision Tree (Chi-square - inCV),661.5,1.4806920089913107e-10,6.407351485986955,0.6407351485986955,5.493367353357763e-08
SVM (Wilcoxon - inCV),Decision Tree (KS - inCV),486.0,2.3698331984757958e-12,7.010785797263282,0.7010785797263283,9.550427789857457e-10
SVM (Wilcoxon - inCV),Naive Bayes (MW - inCV),0.0,3.895900458013434e-18,8.681789474525653,0.8681789474525653,4.007760994340263e-15
SVM (Wilcoxon - inCV),Naive Bayes (Wilcoxon - inCV),0.0,3.896120241954008e-18,8.681783059704948,0.8681783059704948,4.007760994340263e-15
SVM (Wilcoxon - inCV),Naive Bayes (Kruskal - inCV),0.0,3.896120241954008e-18,8.681783059704948,0.8681783059704948,4.007760994340263e-15
SVM (Wilcoxon - inCV),Naive Bayes (Chi-square - inCV),0.0,3.895460925389839e-18,8.681802304209718,0.8681802304209718,4.007760994340263e-15
SVM (Wilcoxon - inCV),Naive Bayes (KS - inCV),0.0,3.895460925389839e-18,8.681802304209718,0.8681802304209718,4.007760994340263e-15
SVM (Wilcoxon - inCV),Integrated-SelectFromModel (L1-LR selector) + LR,0.0,3.895680685825537e-18,8.681795889360576,0.8681795889360575,4.007760994340263e-15
SVM (Wilcoxon - inCV),Integrated-SelectFromModel (L1-LR selector) + SVM,814.0,1.4356437290667008e-07,5.260627807847649,0.5260627807847649,4.249505438037434e-05
SVM (Wilcoxon - inCV),Integrated-SelectFromModel (L1-LR selector) + KNN,917.0,1.9355697009522657e-06,4.7600375236583075,0.47600375236583076,0.000524539388958064
SVM (Wilcoxon - inCV),Integrated-SelectFromModel (L1-LR selector) + Naive Bayes,0.0,3.8965598450959084e-18,8.681770230106196,0.8681770230106196,4.007760994340263e-15
SVM (Wilcoxon - inCV),Integrated-SelectFromModel (RF selector) + RF,1049.5,0.002573697567950249,-3.0145394275688364,-0.30145394275688364,0.4349548889835921
SVM (Wilcoxon - inCV),Integrated-SelectFromModel (RF selector) + LR,0.0,3.895460925389839e-18,8.681802304209718,0.8681802304209718,4.007760994340263e-15
SVM (Wilcoxon - inCV),Integrated-SelectFromModel (RF selector) + KNN,829.0,3.2999587618726923e-07,5.105457084807128,0.5105457084807128,9.371882883718446e-05
SVM (Wilcoxon - inCV),Integrated-RFECV (L1-LR) + LR,0.0,3.895680685825537e-18,8.681795889360576,0.8681795889360575,4.007760994340263e-15
SVM (Wilcoxon - inCV),Integrated-RFECV (L1-LR) + KNN,1080.0,8.416119746022353e-06,4.454315672976742,0.4454315672976742,0.002028284858791387
SVM (Wilcoxon - inCV),Integrated-RFECV (L1-LR) + Naive Bayes,0.0,3.895241176705637e-18,8.681808719073084,0.8681808719073084,4.007760994340263e-15
SVM (Kruskal - inCV),SVM (Chi-square - inCV),1110.0,5.114685498608681e-06,-4.560027776636573,-0.45600277766365727,0.001283786060150779
SVM (Kruskal - inCV),SVM (KS - inCV),951.0,4.772405225793465e-07,-5.035244006134631,-0.5035244006134632,0.00013410458684479635
SVM (Kruskal - inCV),K-Neighbors (MW - inCV),2424.0,0.7283622392522768,0.3473049408925939,0.03473049408925939,1.0
SVM (Kruskal - inCV),K-Neighbors (Wilcoxon - inCV),2144.0,0.19014808305992925,1.3101411701474381,0.1310141170147438,1.0
SVM (Kruskal - inCV),K-Neighbors (Kruskal - inCV),171.0,0.4599467991606868,0.0,0.0,1.0
SVM (Kruskal - inCV),K-Neighbors (Chi-square - inCV),2014.0,0.07887296157095264,-1.7572631746282674,-0.17572631746282674,1.0
SVM (Kruskal - inCV),K-Neighbors (KS - inCV),1876.0,0.025630953720024576,-2.2317581189300055,-0.22317581189300056,1.0
SVM (Kruskal - inCV),Decision Tree (MW - inCV),1037.0,3.1131412755647025e-07,5.116465541389912,0.5116465541389912,8.934715460870696e-05
SVM (Kruskal - inCV),Decision Tree (Wilcoxon - inCV),912.0,4.878459599246586e-08,5.455684321214891,0.5455684321214891,1.541593233361921e-05
SVM (Kruskal - inCV),Decision Tree (Kruskal - inCV),665.0,1.6000633275491936e-10,6.395515763670964,0.6395515763670965,5.9202343119320165e-08
SVM (Kruskal - inCV),Decision Tree (Chi-square - inCV),1503.0,0.0004410087821192142,3.5142432409211852,0.35142432409211855,0.08599671251324677
SVM (Kruskal - inCV),Decision Tree (KS - inCV),1217.0,6.8727607283953005e-06,4.497591434297762,0.4497591434297762,0.001690699139185244
SVM (Kruskal - inCV),Naive Bayes (MW - inCV),0.0,3.8919463562279835e-18,8.681904943729903,0.8681904943729902,4.007760994340263e-15
SVM (Kruskal - inCV),Naive Bayes (Wilcoxon - inCV),0.0,3.890190199038486e-18,8.681956264855135,0.8681956264855135,4.007760994340263e-15
SVM (Kruskal - inCV),Naive Bayes (Kruskal - inCV),0.0,3.8926051089021165e-18,8.681885698542576,0.8681885698542576,4.007760994340263e-15
SVM (Kruskal - inCV),Naive Bayes (Chi-square - inCV),0.0,3.887776709393054e-18,8.68202683288841,0.868202683288841,4.007760994340263e-15
SVM (Kruskal - inCV),Naive Bayes (KS - inCV),0.0,3.872232844773201e-18,8.682482358868281,0.8682482358868281,4.007760994340263e-15
SVM (Kruskal - inCV),Integrated-SelectFromModel (L1-LR selector) + LR,0.0,3.8904096776002905e-18,8.681949849664708,0.8681949849664707,4.007760994340263e-15
SVM (Kruskal - inCV),Integrated-SelectFromModel (L1-LR selector) + SVM,0.0,0.31731050786291415,0.0,0.0,1.0
SVM (Kruskal - inCV),Integrated-SelectFromModel (L1-LR selector) + KNN,205.0,0.7831951812196762,0.0,0.0,1.0
SVM (Kruskal - inCV),Integrated-SelectFromModel (L1-LR selector) + Naive Bayes,0.0,3.892824716613678e-18,8.681879283508577,0.8681879283508577,4.007760994340263e-15
SVM (Kruskal - inCV),Integrated-SelectFromModel (RF selector) + RF,658.0,1.336368379568496e-10,-6.422974554681046,-0.6422974554681046,5.024745107177545e-08
SVM (Kruskal - inCV),Integrated-SelectFromModel (RF selector) + LR,0.0,3.892165928709803e-18,8.68189852865324,0.868189852865324,4.007760994340263e-15
SVM (Kruskal - inCV),Integrated-SelectFromModel (RF selector) + KNN,10.0,0.0677020054450176,0.0,0.0,1.0
SVM (Kruskal - inCV),Integrated-RFECV (L1-LR) + LR,0.0,3.893483610217646e-18,8.681860038491894,0.8681860038491894,4.007760994340263e-15
SVM (Kruskal - inCV),Integrated-RFECV (L1-LR) + KNN,1648.0,0.5411653102553802,0.0,0.0,1.0
SVM (Kruskal - inCV),Integrated-RFECV (L1-LR) + Naive Bayes,3.0,6.233577356405031e-18,8.628180275059451,0.8628180275059452,4.007760994340263e-15
SVM (Chi-square - inCV),SVM (KS - inCV),81.0,0.02820643404424106,0.0,0.0,1.0
SVM (Chi-square - inCV),K-Neighbors (MW - inCV),1065.0,2.368156549997032e-06,4.7191641649383484,0.47191641649383487,0.0006299296422992106
SVM (Chi-square - inCV),K-Neighbors (Wilcoxon - inCV),1336.0,0.0007230305082600357,3.3806938607618395,0.338069386076184,0.13809882707766682
SVM (Chi-square - inCV),K-Neighbors (Kruskal - inCV),1198.0,3.6166226459801275e-05,4.130698748099353,0.4130698748099353,0.008173567179915088
SVM (Chi-square - inCV),K-Neighbors (Chi-square - inCV),1696.0,0.009735010673419054,2.585102306149559,0.2585102306149559,1.0
SVM (Chi-square - inCV),K-Neighbors (KS - inCV),1895.0,0.04292912502492681,2.0243988983590078,0.20243988983590078,1.0
SVM (Chi-square - inCV),Decision Tree (MW - inCV),378.0,6.427418837337351e-13,7.191094045726153,0.7191094045726153,2.648096560982989e-10
SVM (Chi-square - inCV),Decision Tree (Wilcoxon - inCV),409.5,5.626834020916264e-13,7.209231959592012,0.7209231959592012,2.3260272136549908e-10
SVM (Chi-square - inCV),Decision Tree (Kruskal - inCV),219.0,2.2126219931024543e-15,7.928806381587171,0.7928806381587171,9.669158109857725e-13
SVM (Chi-square - inCV),Decision Tree (Chi-square - inCV),721.0,5.546169510954303e-10,6.202815931663158,0.6202815931663158,1.9688901763887774e-07
SVM (Chi-square - inCV),Decision Tree (KS - inCV),552.0,1.1701888259612944e-11,6.783844991180669,0.678384499118067,4.6105439742875e-09
SVM (Chi-square - inCV),Naive Bayes (MW - inCV),0.0,3.895900458013434e-18,8.681789474525653,0.8681789474525653,4.007760994340263e-15
SVM (Chi-square - inCV),Naive Bayes (Wilcoxon - inCV),0.0,3.896120241954008e-18,8.681783059704948,0.8681783059704948,4.007760994340263e-15
SVM (Chi-square - inCV),Naive Bayes (Kruskal - inCV),0.0,3.896120241954008e-18,8.681783059704948,0.8681783059704948,4.007760994340263e-15
SVM (Chi-square - inCV),Naive Bayes (Chi-square - inCV),0.0,3.896120241954008e-18,8.681783059704948,0.8681783059704948,4.007760994340263e-15
SVM (Chi-square - inCV),Naive Bayes (KS - inCV),0.0,3.895680685825537e-18,8.681795889360576,0.8681795889360575,4.007760994340263e-15
SVM (Chi-square - inCV),Integrated-SelectFromModel (L1-LR selector) + LR,0.0,3.895680685825537e-18,8.681795889360576,0.8681795889360575,4.007760994340263e-15
SVM (Chi-square - inCV),Integrated-SelectFromModel (L1-LR selector) + SVM,1129.0,7.0702123677333494e-06,4.491563771550672,0.44915637715506723,0.0017251318177269374
SVM (Chi-square - inCV),Integrated-SelectFromModel (L1-LR selector) + KNN,1250.0,5.0255744296533835e-05,4.054434429783582,0.40544344297835816,0.011056263745237443
SVM (Chi-square - inCV),Integrated-SelectFromModel (L1-LR selector) + Naive Bayes,0.0,3.896340037647931e-18,8.681776644898465,0.8681776644898465,4.007760994340263e-15
SVM (Chi-square - inCV),Integrated-SelectFromModel (RF selector) + RF,627.0,2.5055073980585912e-05,-4.214302995556752,-0.4214302995556752,0.005812777163495932
SVM (Chi-square - inCV),Integrated-SelectFromModel (RF selector) + LR,0.0,3.895460925389839e-18,8.681802304209718,0.8681802304209718,4.007760994340263e-15
SVM (Chi-square - inCV),Integrated-SelectFromModel (RF selector) + KNN,1192.5,3.304171621918407e-05,4.1514211095253994,0.41514211095253994,0.007566553014193152
SVM (Chi-square - inCV),Integrated-RFECV (L1-LR) + LR,0.0,3.896120241954008e-18,8.681783059704948,0.8681783059704948,4.007760994340263e-15
SVM (Chi-square - inCV),Integrated-RFECV (L1-LR) + KNN,1075.5,7.784204469943639e-06,4.4710347577281855,0.44710347577281856,0.0018915616861963041
SVM (Chi-square - inCV),Integrated-RFECV (L1-LR) + Naive Bayes,1.0,4.0154765914850665e-18,8.678351142060492,0.8678351142060492,4.007760994340263e-15
SVM (KS - inCV),K-Neighbors (MW - inCV),928.0,3.1189085120819004e-07,5.116116266177835,0.5116116266177835,8.934715460870696e-05
SVM (KS - inCV),K-Neighbors (Wilcoxon - inCV),1150.0,0.00011757102845839179,3.851136319021653,0.3851136319021653,0.02501867698629649
SVM (KS - inCV),K-Neighbors (Kruskal - inCV),1029.0,2.049794986662824e-06,4.748452023234937,0.4748452023234937,0.0005513948514122997
SVM (KS - inCV),K-Neighbors (Chi-square - inCV),1531.0,0.0009846065418566315,3.294888741724706,0.3294888741724706,0.18313681678533344
SVM (KS - inCV),K-Neighbors (KS - inCV),1664.0,0.004645057979282584,2.8306702700641577,0.2830670270064158,0.747854334664496
SVM (KS - inCV),Decision Tree (MW - inCV),300.5,8.020194429563913e-14,7.4699883120655315,0.7469988312065532,3.4005624381350995e-11
SVM (KS - inCV),Decision Tree (Wilcoxon - inCV),297.5,2.957560241169431e-14,7.600163858294126,0.7600163858294126,1.2658357832205164e-11
SVM (KS - inCV),Decision Tree (Kruskal - inCV),175.0,6.472995016722292e-16,8.080069352677777,0.8080069352677777,2.886955777458142e-13
SVM (KS - inCV),Decision Tree (Chi-square - inCV),554.0,2.0156158780714107e-11,6.704887503674415,0.6704887503674415,7.881058083259216e-09
SVM (KS - inCV),Decision Tree (KS - inCV),449.0,1.5342321028424234e-12,7.0713593945027435,0.7071359394502743,6.259666979597087e-10
SVM (KS - inCV),Naive Bayes (MW - inCV),0.0,3.895460925389839e-18,8.681802304209718,0.8681802304209718,4.007760994340263e-15
SVM (KS - inCV),Naive Bayes (Wilcoxon - inCV),0.0,3.896120241954008e-18,8.681783059704948,0.8681783059704948,4.007760994340263e-15
SVM (KS - inCV),Naive Bayes (Kruskal - inCV),0.0,3.896120241954008e-18,8.681783059704948,0.8681783059704948,4.007760994340263e-15
SVM (KS - inCV),Naive Bayes (Chi-square - inCV),0.0,3.895900458013434e-18,8.681789474525653,0.8681789474525653,4.007760994340263e-15
SVM (KS - inCV),Naive Bayes (KS - inCV),0.0,3.896340037647931e-18,8.681776644898465,0.8681776644898465,4.007760994340263e-15
SVM (KS - inCV),Integrated-SelectFromModel (L1-LR selector) + LR,0.0,3.895680685825537e-18,8.681795889360576,0.8681795889360575,4.007760994340263e-15
SVM (KS - inCV),Integrated-SelectFromModel (L1-LR selector) + SVM,969.0,6.721688992520251e-07,4.969236949757408,0.49692369497574085,0.000187535122891315
SVM (KS - inCV),Integrated-SelectFromModel (L1-LR selector) + KNN,1081.5,3.145448859532433e-06,4.661086236999782,0.4661086236999782,0.0008115258057593677
SVM (KS - inCV),Integrated-SelectFromModel (L1-LR selector) + Naive Bayes,0.0,3.896120241954008e-18,8.681783059704948,0.8681783059704948,4.007760994340263e-15
SVM (KS - inCV),Integrated-SelectFromModel (RF selector) + RF,749.0,0.0005810577480625111,0.0,0.0,0.11214414537606464
SVM (KS - inCV),Integrated-SelectFromModel (RF selector) + LR,0.0,3.895021439772567e-18,8.681815133950662,0.8681815133950662,4.007760994340263e-15
SVM (KS - inCV),Integrated-SelectFromModel (RF selector) + KNN,1050.0,2.9764756592615385e-06,4.672436491898251,0.46724364918982514,0.0007709071957487384
SVM (KS - inCV),Integrated-RFECV (L1-LR) + LR,0.0,3.896340037647931e-18,8.681776644898465,0.8681776644898465,4.007760994340263e-15
SVM (KS - inCV),Integrated-RFECV (L1-LR) + KNN,924.0,2.8858208795916963e-07,5.130755153210388,0.5130755153210388,8.340022342020002e-05
SVM (KS - inCV),Integrated-RFECV (L1-LR) + Naive Bayes,1.0,4.015702944049438e-18,8.678344729780314,0.8678344729780314,4.007760994340263e-15
K-Neighbors (MW - inCV),K-Neighbors (Wilcoxon - inCV),1440.0,0.031133449597065602,-2.155362869165966,-0.2155362869165966,1.0
K-Neighbors (MW - inCV),K-Neighbors (Kruskal - inCV),2439.0,0.7674519541618275,-0.2957094834748892,-0.02957094834748892,1.0
K-Neighbors (MW - inCV),K-Neighbors (Chi-square - inCV),512.5,0.01986406099532114,0.0,0.0,1.0
K-Neighbors (MW - inCV),K-Neighbors (KS - inCV),1200.0,0.013689279381256978,-2.4653151365594277,-0.24653151365594278,1.0
K-Neighbors (MW - inCV),Decision Tree (MW - inCV),1004.0,7.868694662106921e-07,4.938596229421192,0.49385962294211916,0.0002187497116065724
K-Neighbors (MW - inCV),Decision Tree (Wilcoxon - inCV),961.0,1.2618165400923573e-07,5.284306770760414,0.5284306770760414,3.7728314548761483e-05
K-Neighbors (MW - inCV),Decision Tree (Kruskal - inCV),766.0,4.088317052746459e-09,5.880579855879063,0.5880579855879062,1.353232944459078e-06
K-Neighbors (MW - inCV),Decision Tree (Chi-square - inCV),1422.5,0.0005975508712448408,3.4327236268190644,0.3432723626819064,0.11472976727900944
K-Neighbors (MW - inCV),Decision Tree (KS - inCV),1254.5,3.33146367818415e-05,4.149538421955034,0.4149538421955034,0.0075957371862598625
K-Neighbors (MW - inCV),Naive Bayes (MW - inCV),0.0,3.896340037647931e-18,8.681776644898465,0.8681776644898465,4.007760994340263e-15
K-Neighbors (MW - inCV),Naive Bayes (Wilcoxon - inCV),0.0,3.895900458013434e-18,8.681789474525653,0.8681789474525653,4.007760994340263e-15
K-Neighbors (MW - inCV),Naive Bayes (Kruskal - inCV),0.0,3.896120241954008e-18,8.681783059704948,0.8681783059704948,4.007760994340263e-15
K-Neighbors (MW - inCV),Naive Bayes (Chi-square - inCV),0.0,3.896120241954008e-18,8.681783059704948,0.8681783059704948,4.007760994340263e-15
K-Neighbors (MW - inCV),Naive Bayes (KS - inCV),0.0,3.896340037647931e-18,8.681776644898465,0.8681776644898465,4.007760994340263e-15
K-Neighbors (MW - inCV),Integrated-SelectFromModel (L1-LR selector) + LR,0.0,3.896340037647931e-18,8.681776644898465,0.8681776644898465,4.007760994340263e-15
K-Neighbors (MW - inCV),Integrated-SelectFromModel (L1-LR selector) + SVM,2424.0,0.7283622392522768,-0.3473049408925939,-0.03473049408925939,1.0
K-Neighbors (MW - inCV),Integrated-SelectFromModel (L1-LR selector) + KNN,2516.0,0.9753122596471452,-0.030946432765183062,-0.0030946432765183063,1.0
K-Neighbors (MW - inCV),Integrated-SelectFromModel (L1-LR selector) + Naive Bayes,0.0,3.896340037647931e-18,8.681776644898465,0.8681776644898465,4.007760994340263e-15
K-Neighbors (MW - inCV),Integrated-SelectFromModel (RF selector) + RF,596.0,3.2971043952117104e-11,-6.632651142756759,-0.6632651142756759,1.2792765053421437e-08
K-Neighbors (MW - inCV),Integrated-SelectFromModel (RF selector) + LR,0.0,3.896340037647931e-18,8.681776644898465,0.8681776644898465,4.007760994340263e-15
K-Neighbors (MW - inCV),Integrated-SelectFromModel (RF selector) + KNN,2498.0,0.9260293771348496,-0.092841630911931,-0.0092841630911931,1.0
K-Neighbors (MW - inCV),Integrated-RFECV (L1-LR) + LR,0.0,3.8965598450959084e-18,8.681770230106196,0.8681770230106196,4.007760994340263e-15
K-Neighbors (MW - inCV),Integrated-RFECV (L1-LR) + KNN,1871.0,0.5905689195494415,0.0,0.0,1.0
K-Neighbors (MW - inCV),Integrated-RFECV (L1-LR) + Naive Bayes,1.0,4.015929308708381e-18,8.678338317514347,0.8678338317514347,4.007760994340263e-15
K-Neighbors (Wilcoxon - inCV),K-Neighbors (Kruskal - inCV),2171.0,0.22350955181120513,-1.2172488428477821,-0.1217248842847782,1.0
K-Neighbors (Wilcoxon - inCV),K-Neighbors (Chi-square - inCV),1986.5,0.947806443112775,0.0,0.0,1.0
K-Neighbors (Wilcoxon - inCV),K-Neighbors (KS - inCV),2137.5,0.5968442529325817,0.0,0.0,1.0
K-Neighbors (Wilcoxon - inCV),Decision Tree (MW - inCV),629.0,1.9391270904935108e-10,6.36608601952537,0.636608601952537,7.09720515120625e-08
K-Neighbors (Wilcoxon - inCV),Decision Tree (Wilcoxon - inCV),729.5,1.8561407233072888e-09,6.0099207204404275,0.6009920720440427,6.348001273710927e-07
K-Neighbors (Wilcoxon - inCV),Decision Tree (Kruskal - inCV),466.0,3.8211121573852455e-12,6.943644556106649,0.6943644556106648,1.5322659751114834e-09
K-Neighbors (Wilcoxon - inCV),Decision Tree (Chi-square - inCV),946.0,4.411563934830721e-07,5.050282830880456,0.5050282830880456,0.00012484725935570941
K-Neighbors (Wilcoxon - inCV),Decision Tree (KS - inCV),874.0,6.431381884660494e-08,5.406372924780385,0.5406372924780385,1.999062961820724e-05
K-Neighbors (Wilcoxon - inCV),Naive Bayes (MW - inCV),0.0,3.895900458013434e-18,8.681789474525653,0.8681789474525653,4.007760994340263e-15
K-Neighbors (Wilcoxon - inCV),Naive Bayes (Wilcoxon - inCV),0.0,3.8965598450959084e-18,8.681770230106196,0.8681770230106196,4.007760994340263e-15
K-Neighbors (Wilcoxon - inCV),Naive Bayes (Kruskal - inCV),0.0,3.8965598450959084e-18,8.681770230106196,0.8681770230106196,4.007760994340263e-15
K-Neighbors (Wilcoxon - inCV),Naive Bayes (Chi-square - inCV),0.0,3.895900458013434e-18,8.681789474525653,0.8681789474525653,4.007760994340263e-15
K-Neighbors (Wilcoxon - inCV),Naive Bayes (KS - inCV),0.0,3.896120241954008e-18,8.681783059704948,0.8681783059704948,4.007760994340263e-15
K-Neighbors (Wilcoxon - inCV),Integrated-SelectFromModel (L1-LR selector) + LR,0.0,3.896120241954008e-18,8.681783059704948,0.8681783059704948,4.007760994340263e-15
K-Neighbors (Wilcoxon - inCV),Integrated-SelectFromModel (L1-LR selector) + SVM,2151.0,0.19842183276835157,-1.2860608305685268,-0.12860608305685267,1.0
K-Neighbors (Wilcoxon - inCV),Integrated-SelectFromModel (L1-LR selector) + KNN,2260.0,0.36218086197073684,-0.9112173541092153,-0.09112173541092153,1.0
K-Neighbors (Wilcoxon - inCV),Integrated-SelectFromModel (L1-LR selector) + Naive Bayes,0.0,3.896340037647931e-18,8.681776644898465,0.8681776644898465,4.007760994340263e-15
K-Neighbors (Wilcoxon - inCV),Integrated-SelectFromModel (RF selector) + RF,836.0,2.9704543319415843e-08,-5.543169281794767,-0.5543169281794766,9.594567492171317e-06
K-Neighbors (Wilcoxon - inCV),Integrated-SelectFromModel (RF selector) + LR,0.0,3.896340037647931e-18,8.681776644898465,0.8681776644898465,4.007760994340263e-15
K-Neighbors (Wilcoxon - inCV),Integrated-SelectFromModel (RF selector) + KNN,2234.0,0.3170002770717142,-1.0006412558634301,-0.100064125586343,1.0
K-Neighbors (Wilcoxon - inCV),Integrated-RFECV (L1-LR) + LR,0.0,3.896340037647931e-18,8.681776644898465,0.8681776644898465,4.007760994340263e-15
K-Neighbors (Wilcoxon - inCV),Integrated-RFECV (L1-LR) + KNN,1870.0,0.09419324382093104,1.6736813357567728,0.16736813357567729,1.0
K-Neighbors (Wilcoxon - inCV),Integrated-RFECV (L1-LR) + Naive Bayes,4.0,4.396619030253076e-18,8.668029740006407,0.8668029740006407,4.007760994340263e-15
K-Neighbors (Kruskal - inCV),K-Neighbors (Chi-square - inCV),1991.0,0.06633332999911988,-1.8361645086199063,-0.18361645086199063,1.0
K-Neighbors (Kruskal - inCV),K-Neighbors (KS - inCV),1915.0,0.0359479141421876,-2.09751609243844,-0.209751609243844,1.0
K-Neighbors (Kruskal - inCV),Decision Tree (MW - inCV),990.0,1.3064577149512658e-07,5.27793782940013,0.527793782940013,3.893243990554772e-05
K-Neighbors (Kruskal - inCV),Decision Tree (Wilcoxon - inCV),895.0,3.48925572182554e-08,5.514926589945764,0.5514926589945764,1.1235403424278238e-05
K-Neighbors (Kruskal - inCV),Decision Tree (Kruskal - inCV),647.0,1.0658208766861435e-10,6.4573076505625036,0.6457307650562504,4.050119331407345e-08
K-Neighbors (Kruskal - inCV),Decision Tree (Chi-square - inCV),1458.0,0.0002436570411207457,3.6688362848907228,0.3668836284890723,0.04873140822414914
K-Neighbors (Kruskal - inCV),Decision Tree (KS - inCV),1158.0,2.5976037458002914e-06,4.70031508972613,0.47003150897261303,0.0006883649926370773
K-Neighbors (Kruskal - inCV),Naive Bayes (MW - inCV),0.0,3.892824716613678e-18,8.681879283508577,0.8681879283508577,4.007760994340263e-15
K-Neighbors (Kruskal - inCV),Naive Bayes (Wilcoxon - inCV),0.0,3.892385512934327e-18,8.681892113590798,0.8681892113590799,4.007760994340263e-15
K-Neighbors (Kruskal - inCV),Naive Bayes (Kruskal - inCV),0.0,3.892824716613678e-18,8.681879283508577,0.8681879283508577,4.007760994340263e-15
K-Neighbors (Kruskal - inCV),Naive Bayes (Chi-square - inCV),0.0,3.8919463562279835e-18,8.681904943729903,0.8681904943729902,4.007760994340263e-15
K-Neighbors (Kruskal - inCV),Naive Bayes (KS - inCV),0.0,3.881201677059062e-18,8.682219299907324,0.8682219299907323,4.007760994340263e-15
K-Neighbors (Kruskal - inCV),Integrated-SelectFromModel (L1-LR selector) + LR,0.0,3.892165928709803e-18,8.68189852865324,0.868189852865324,4.007760994340263e-15
K-Neighbors (Kruskal - inCV),Integrated-SelectFromModel (L1-LR selector) + SVM,170.0,0.446044393167209,0.0,0.0,1.0
K-Neighbors (Kruskal - inCV),Integrated-SelectFromModel (L1-LR selector) + KNN,50.0,0.3498767105178351,0.0,0.0,1.0
K-Neighbors (Kruskal - inCV),Integrated-SelectFromModel (L1-LR selector) + Naive Bayes,0.0,3.892385512934327e-18,8.681892113590798,0.8681892113590799,4.007760994340263e-15
K-Neighbors (Kruskal - inCV),Integrated-SelectFromModel (RF selector) + RF,675.0,3.2964514014622563e-10,-6.284153376489744,-0.6284153376489744,1.1867225045264122e-07
K-Neighbors (Kruskal - inCV),Integrated-SelectFromModel (RF selector) + LR,0.0,3.8926051089021165e-18,8.681885698542576,0.8681885698542576,4.007760994340263e-15
K-Neighbors (Kruskal - inCV),Integrated-SelectFromModel (RF selector) + KNN,192.0,0.26855685101998583,0.0,0.0,1.0
K-Neighbors (Kruskal - inCV),Integrated-RFECV (L1-LR) + LR,0.0,3.89414260953766e-18,8.68184079360319,0.8681840793603189,4.007760994340263e-15
K-Neighbors (Kruskal - inCV),Integrated-RFECV (L1-LR) + KNN,1727.0,0.3364519903527373,0.9611992561238226,0.09611992561238226,1.0
K-Neighbors (Kruskal - inCV),Integrated-RFECV (L1-LR) + Naive Bayes,3.0,6.2378744021065855e-18,8.628101440615252,0.8628101440615252,4.007760994340263e-15
K-Neighbors (Chi-square - inCV),K-Neighbors (KS - inCV),1286.5,0.5863611346362605,0.0,0.0,1.0
K-Neighbors (Chi-square - inCV),Decision Tree (MW - inCV),624.5,7.996395762271807e-10,6.144999120950086,0.6144999120950085,2.8227277040819475e-07
K-Neighbors (Chi-square - inCV),Decision Tree (Wilcoxon - inCV),658.0,1.0427547889767327e-09,6.102724521209194,0.6102724521209194,3.6600693093083316e-07
K-Neighbors (Chi-square - inCV),Decision Tree (Kruskal - inCV),500.5,9.015977322560609e-12,6.821396407599316,0.6821396407599316,3.570327019734001e-09
K-Neighbors (Chi-square - inCV),Decision Tree (Chi-square - inCV),1062.5,1.365995687635964e-06,4.8299030148352555,0.48299030148352556,0.0003742828184122541
K-Neighbors (Chi-square - inCV),Decision Tree (KS - inCV),926.0,6.427855182703293e-08,5.406471215422048,0.5406471215422048,1.999062961820724e-05
K-Neighbors (Chi-square - inCV),Naive Bayes (MW - inCV),0.0,3.895900458013434e-18,8.681789474525653,0.8681789474525653,4.007760994340263e-15
K-Neighbors (Chi-square - inCV),Naive Bayes (Wilcoxon - inCV),0.0,3.896340037647931e-18,8.681776644898465,0.8681776644898465,4.007760994340263e-15
K-Neighbors (Chi-square - inCV),Naive Bayes (Kruskal - inCV),0.0,3.8965598450959084e-18,8.681770230106196,0.8681770230106196,4.007760994340263e-15
K-Neighbors (Chi-square - inCV),Naive Bayes (Chi-square - inCV),0.0,3.896340037647931e-18,8.681776644898465,0.8681776644898465,4.007760994340263e-15
K-Neighbors (Chi-square - inCV),Naive Bayes (KS - inCV),0.0,3.896120241954008e-18,8.681783059704948,0.8681783059704948,4.007760994340263e-15
K-Neighbors (Chi-square - inCV),Integrated-SelectFromModel (L1-LR selector) + LR,0.0,3.896120241954008e-18,8.681783059704948,0.8681783059704948,4.007760994340263e-15
K-Neighbors (Chi-square - inCV),Integrated-SelectFromModel (L1-LR selector) + SVM,2024.0,0.08491192032605582,1.7228706426032532,0.1722870642603253,1.0
K-Neighbors (Chi-square - inCV),Integrated-SelectFromModel (L1-LR selector) + KNN,2082.0,0.1276914007756207,1.5232690749858109,0.15232690749858108,1.0
K-Neighbors (Chi-square - inCV),Integrated-SelectFromModel (L1-LR selector) + Naive Bayes,0.0,3.895900458013434e-18,8.681789474525653,0.8681789474525653,4.007760994340263e-15
K-Neighbors (Chi-square - inCV),Integrated-SelectFromModel (RF selector) + RF,973.0,9.473264926544623e-08,-5.336548292640487,-0.5336548292640486,2.908292332449199e-05
K-Neighbors (Chi-square - inCV),Integrated-SelectFromModel (RF selector) + LR,0.0,3.8965598450959084e-18,8.681770230106196,0.8681770230106196,4.007760994340263e-15
K-Neighbors (Chi-square - inCV),Integrated-SelectFromModel (RF selector) + KNN,2082.0,0.12767535479508624,1.523333240951814,0.1523333240951814,1.0
K-Neighbors (Chi-square - inCV),Integrated-RFECV (L1-LR) + LR,0.0,3.8965598450959084e-18,8.681770230106196,0.8681770230106196,4.007760994340263e-15
K-Neighbors (Chi-square - inCV),Integrated-RFECV (L1-LR) + KNN,1834.5,0.09820058164487559,1.6536404851780653,0.16536404851780653,1.0
K-Neighbors (Chi-square - inCV),Integrated-RFECV (L1-LR) + Naive Bayes,3.0,4.266082629108708e-18,8.671461662746108,0.8671461662746107,4.007760994340263e-15
K-Neighbors (KS - inCV),Decision Tree (MW - inCV),699.5,9.581315807044645e-10,6.116233080450787,0.6116233080450787,3.3726231640797154e-07
K-Neighbors (KS - inCV),Decision Tree (Wilcoxon - inCV),591.0,4.842124034526928e-11,6.5757109485145415,0.6575710948514542,1.8642177532928675e-08
K-Neighbors (KS - inCV),Decision Tree (Kruskal - inCV),490.0,4.261211886939325e-12,6.928235759550474,0.6928235759550474,1.7002235428887906e-09
K-Neighbors (KS - inCV),Decision Tree (Chi-square - inCV),1031.0,4.6553761990914086e-07,5.039997626401106,0.5039997626401106,0.00013128160881437773
K-Neighbors (KS - inCV),Decision Tree (KS - inCV),902.5,4.053672560093253e-08,5.48849739142473,0.5488497391424729,1.2890678741096544e-05
K-Neighbors (KS - inCV),Naive Bayes (MW - inCV),0.0,3.896340037647931e-18,8.681776644898465,0.8681776644898465,4.007760994340263e-15
K-Neighbors (KS - inCV),Naive Bayes (Wilcoxon - inCV),0.0,3.896340037647931e-18,8.681776644898465,0.8681776644898465,4.007760994340263e-15
K-Neighbors (KS - inCV),Naive Bayes (Kruskal - inCV),0.0,3.8965598450959084e-18,8.681770230106196,0.8681770230106196,4.007760994340263e-15
K-Neighbors (KS - inCV),Naive Bayes (Chi-square - inCV),0.0,3.896340037647931e-18,8.681776644898465,0.8681776644898465,4.007760994340263e-15
K-Neighbors (KS - inCV),Naive Bayes (KS - inCV),0.0,3.895900458013434e-18,8.681789474525653,0.8681789474525653,4.007760994340263e-15
K-Neighbors (KS - inCV),Integrated-SelectFromModel (L1-LR selector) + LR,0.0,3.896340037647931e-18,8.681776644898465,0.8681776644898465,4.007760994340263e-15
K-Neighbors (KS - inCV),Integrated-SelectFromModel (L1-LR selector) + SVM,1890.0,0.028990875806266136,2.1836105753167443,0.21836105753167442,1.0
K-Neighbors (KS - inCV),Integrated-SelectFromModel (L1-LR selector) + KNN,1953.0,0.049198361682844846,1.966868597258791,0.1966868597258791,1.0
K-Neighbors (KS - inCV),Integrated-SelectFromModel (L1-LR selector) + Naive Bayes,0.0,3.8965598450959084e-18,8.681770230106196,0.8681770230106196,4.007760994340263e-15
K-Neighbors (KS - inCV),Integrated-SelectFromModel (RF selector) + RF,1178.5,6.03358685290287e-06,-4.525208933341653,-0.4525208933341653,0.0014963295395199116
K-Neighbors (KS - inCV),Integrated-SelectFromModel (RF selector) + LR,0.0,3.8965598450959084e-18,8.681770230106196,0.8681770230106196,4.007760994340263e-15
K-Neighbors (KS - inCV),Integrated-SelectFromModel (RF selector) + KNN,1965.0,0.054151147062234124,1.925625542053433,0.1925625542053433,1.0
K-Neighbors (KS - inCV),Integrated-RFECV (L1-LR) + LR,0.0,3.896120241954008e-18,8.681783059704948,0.8681783059704948,4.007760994340263e-15
K-Neighbors (KS - inCV),Integrated-RFECV (L1-LR) + KNN,1706.5,0.010839221771777636,2.5478398521692442,0.2547839852169244,1.0
K-Neighbors (KS - inCV),Integrated-RFECV (L1-LR) + Naive Bayes,1.0,4.015929308708381e-18,8.678338317514347,0.8678338317514347,4.007760994340263e-15
Decision Tree (MW - inCV),Decision Tree (Wilcoxon - inCV),1801.5,0.24860781241934327,1.1537374812098835,0.11537374812098836,1.0
Decision Tree (MW - inCV),Decision Tree (Kruskal - inCV),1508.0,0.014007923612891165,2.457060135360971,0.2457060135360971,1.0
Decision Tree (MW - inCV),Decision Tree (Chi-square - inCV),489.5,0.0017338707914818135,0.0,0.0,0.30169351771783554
Decision Tree (MW - inCV),Decision Tree (KS - inCV),1014.0,0.2472877612094574,0.0,0.0,1.0
Decision Tree (MW - inCV),Naive Bayes (MW - inCV),0.0,3.896120241954008e-18,8.681783059704948,0.8681783059704948,4.007760994340263e-15
Decision Tree (MW - inCV),Naive Bayes (Wilcoxon - inCV),0.0,3.8965598450959084e-18,8.681770230106196,0.8681770230106196,4.007760994340263e-15
Decision Tree (MW - inCV),Naive Bayes (Kruskal - inCV),0.0,3.8965598450959084e-18,8.681770230106196,0.8681770230106196,4.007760994340263e-15
Decision Tree (MW - inCV),Naive Bayes (Chi-square - inCV),0.0,3.8965598450959084e-18,8.681770230106196,0.8681770230106196,4.007760994340263e-15
Decision Tree (MW - inCV),Naive Bayes (KS - inCV),0.0,3.8965598450959084e-18,8.681770230106196,0.8681770230106196,4.007760994340263e-15
Decision Tree (MW - inCV),Integrated-SelectFromModel (L1-LR selector) + LR,0.0,3.896120241954008e-18,8.681783059704948,0.8681783059704948,4.007760994340263e-15
Decision Tree (MW - inCV),Integrated-SelectFromModel (L1-LR selector) + SVM,1034.0,2.9475581366321397e-07,-5.1267696308645085,-0.5126769630864508,8.488967433500562e-05
Decision Tree (MW - inCV),Integrated-SelectFromModel (L1-LR selector) + KNN,955.0,6.726572300255132e-08,-5.398325566550589,-0.5398325566550589,2.0785108407788356e-05
Decision Tree (MW - inCV),Integrated-SelectFromModel (L1-LR selector) + Naive Bayes,0.0,3.8965598450959084e-18,8.681770230106196,0.8681770230106196,4.007760994340263e-15
Decision Tree (MW - inCV),Integrated-SelectFromModel (RF selector) + RF,234.5,3.3933410072010938e-15,-7.875517968727483,-0.7875517968727483,1.4693166561180735e-12
Decision Tree (MW - inCV),Integrated-SelectFromModel (RF selector) + LR,0.0,3.8965598450959084e-18,8.681770230106196,0.8681770230106196,4.007760994340263e-15
Decision Tree (MW - inCV),Integrated-SelectFromModel (RF selector) + KNN,964.0,7.986415332746969e-08,-5.36743527714566,-0.536743527714566,2.4598159224860666e-05
Decision Tree (MW - inCV),Integrated-RFECV (L1-LR) + LR,0.0,3.8965598450959084e-18,8.681770230106196,0.8681770230106196,4.007760994340263e-15
Decision Tree (MW - inCV),Integrated-RFECV (L1-LR) + KNN,1340.0,4.6130169531979994e-05,-4.074414939673602,-0.4074414939673602,0.010194767466567578
Decision Tree (MW - inCV),Integrated-RFECV (L1-LR) + Naive Bayes,6.0,4.670421066702361e-18,8.661146680593756,0.8661146680593756,4.007760994340263e-15
Decision Tree (Wilcoxon - inCV),Decision Tree (Kruskal - inCV),2121.5,0.2813682421932652,1.077250785896315,0.1077250785896315,1.0
Decision Tree (Wilcoxon - inCV),Decision Tree (Chi-square - inCV),1433.5,0.002586896754078019,-3.012987379552831,-0.30129873795528306,0.4349548889835921
Decision Tree (Wilcoxon - inCV),Decision Tree (KS - inCV),1539.0,0.02832952291414355,-2.192692757440543,-0.21926927574405428,1.0
Decision Tree (Wilcoxon - inCV),Naive Bayes (MW - inCV),0.0,3.896340037647931e-18,8.681776644898465,0.8681776644898465,4.007760994340263e-15
Decision Tree (Wilcoxon - inCV),Naive Bayes (Wilcoxon - inCV),0.0,3.896120241954008e-18,8.681783059704948,0.8681783059704948,4.007760994340263e-15
Decision Tree (Wilcoxon - inCV),Naive Bayes (Kruskal - inCV),0.0,3.896340037647931e-18,8.681776644898465,0.8681776644898465,4.007760994340263e-15
Decision Tree (Wilcoxon - inCV),Naive Bayes (Chi-square - inCV),0.0,3.896340037647931e-18,8.681776644898465,0.8681776644898465,4.007760994340263e-15
Decision Tree (Wilcoxon - inCV),Naive Bayes (KS - inCV),0.0,3.896120241954008e-18,8.681783059704948,0.8681783059704948,4.007760994340263e-15
Decision Tree (Wilcoxon - inCV),Integrated-SelectFromModel (L1-LR selector) + LR,0.0,3.8965598450959084e-18,8.681770230106196,0.8681770230106196,4.007760994340263e-15
Decision Tree (Wilcoxon - inCV),Integrated-SelectFromModel (L1-LR selector) + SVM,903.0,4.085978060740493e-08,-5.487094831873737,-0.5487094831873737,1.2952550452547363e-05
Decision Tree (Wilcoxon - inCV),Integrated-SelectFromModel (L1-LR selector) + KNN,836.0,1.0602465347089212e-08,-5.72079838035582,-0.572079838035582,3.4670061684981726e-06
Decision Tree (Wilcoxon - inCV),Integrated-SelectFromModel (L1-LR selector) + Naive Bayes,0.0,3.896340037647931e-18,8.681776644898465,0.8681776644898465,4.007760994340263e-15
Decision Tree (Wilcoxon - inCV),Integrated-SelectFromModel (RF selector) + RF,167.0,5.163449090484043e-16,-8.107587952844153,-0.8107587952844153,2.3287155398083036e-13
Decision Tree (Wilcoxon - inCV),Integrated-SelectFromModel (RF selector) + LR,0.0,3.8965598450959084e-18,8.681770230106196,0.8681770230106196,4.007760994340263e-15
Decision Tree (Wilcoxon - inCV),Integrated-SelectFromModel (RF selector) + KNN,850.0,1.4111374378942445e-08,-5.672031836129778,-0.5672031836129778,4.586196673156295e-06
Decision Tree (Wilcoxon - inCV),Integrated-RFECV (L1-LR) + LR,0.0,3.8965598450959084e-18,8.681770230106196,0.8681770230106196,4.007760994340263e-15
Decision Tree (Wilcoxon - inCV),Integrated-RFECV (L1-LR) + KNN,1142.0,5.4106066173657405e-06,-4.548202480098996,-0.4548202480098996,0.0013472410477240694
Decision Tree (Wilcoxon - inCV),Integrated-RFECV (L1-LR) + Naive Bayes,6.0,4.670421066702361e-18,8.661146680593756,0.8661146680593756,4.007760994340263e-15
Decision Tree (Kruskal - inCV),Decision Tree (Chi-square - inCV),1072.5,1.2182516024010426e-05,-4.374295687153407,-0.4374295687153407,0.002911621329738492
Decision Tree (Kruskal - inCV),Decision Tree (KS - inCV),1330.0,0.0016317327399140622,-3.1501739552870185,-0.31501739552870184,0.28718496222487494
Decision Tree (Kruskal - inCV),Naive Bayes (MW - inCV),0.0,3.8965598450959084e-18,8.681770230106196,0.8681770230106196,4.007760994340263e-15
Decision Tree (Kruskal - inCV),Naive Bayes (Wilcoxon - inCV),0.0,3.8965598450959084e-18,8.681770230106196,0.8681770230106196,4.007760994340263e-15
Decision Tree (Kruskal - inCV),Naive Bayes (Kruskal - inCV),0.0,3.8965598450959084e-18,8.681770230106196,0.8681770230106196,4.007760994340263e-15
Decision Tree (Kruskal - inCV),Naive Bayes (Chi-square - inCV),0.0,3.896340037647931e-18,8.681776644898465,0.8681776644898465,4.007760994340263e-15
Decision Tree (Kruskal - inCV),Naive Bayes (KS - inCV),0.0,3.8965598450959084e-18,8.681770230106196,0.8681770230106196,4.007760994340263e-15
Decision Tree (Kruskal - inCV),Integrated-SelectFromModel (L1-LR selector) + LR,0.0,3.8965598450959084e-18,8.681770230106196,0.8681770230106196,4.007760994340263e-15
Decision Tree (Kruskal - inCV),Integrated-SelectFromModel (L1-LR selector) + SVM,658.0,1.3664642369138819e-10,-6.419584909018114,-0.6419584909018113,5.110576246057918e-08
Decision Tree (Kruskal - inCV),Integrated-SelectFromModel (L1-LR selector) + KNN,637.0,8.487786801453725e-11,-6.491691610363155,-0.6491691610363155,3.242334558155323e-08
Decision Tree (Kruskal - inCV),Integrated-SelectFromModel (L1-LR selector) + Naive Bayes,0.0,3.896340037647931e-18,8.681776644898465,0.8681776644898465,4.007760994340263e-15
Decision Tree (Kruskal - inCV),Integrated-SelectFromModel (RF selector) + RF,149.0,3.0969583002671013e-16,-8.169490009822692,-0.8169490009822692,1.402922110020997e-13
Decision Tree (Kruskal - inCV),Integrated-SelectFromModel (RF selector) + LR,0.0,3.8965598450959084e-18,8.681770230106196,0.8681770230106196,4.007760994340263e-15
Decision Tree (Kruskal - inCV),Integrated-SelectFromModel (RF selector) + KNN,616.0,5.239009812214722e-11,-6.563980379753254,-0.6563980379753254,2.011779767890453e-08
Decision Tree (Kruskal - inCV),Integrated-RFECV (L1-LR) + LR,0.0,3.8965598450959084e-18,8.681770230106196,0.8681770230106196,4.007760994340263e-15
Decision Tree (Kruskal - inCV),Integrated-RFECV (L1-LR) + KNN,899.0,3.7826652472821375e-08,-5.5007092546837635,-0.5500709254683763,1.210452879130284e-05
Decision Tree (Kruskal - inCV),Integrated-RFECV (L1-LR) + Naive Bayes,6.0,4.670683307897806e-18,8.661140281044558,0.8661140281044558,4.007760994340263e-15
Decision Tree (Chi-square - inCV),Decision Tree (KS - inCV),365.0,0.022178330431049862,0.0,0.0,1.0
Decision Tree (Chi-square - inCV),Naive Bayes (MW - inCV),0.0,3.896340037647931e-18,8.681776644898465,0.8681776644898465,4.007760994340263e-15
Decision Tree (Chi-square - inCV),Naive Bayes (Wilcoxon - inCV),0.0,3.8965598450959084e-18,8.681770230106196,0.8681770230106196,4.007760994340263e-15
Decision Tree (Chi-square - inCV),Naive Bayes (Kruskal - inCV),0.0,3.8965598450959084e-18,8.681770230106196,0.8681770230106196,4.007760994340263e-15
Decision Tree (Chi-square - inCV),Naive Bayes (Chi-square - inCV),0.0,3.8965598450959084e-18,8.681770230106196,0.8681770230106196,4.007760994340263e-15
Decision Tree (Chi-square - inCV),Naive Bayes (KS - inCV),0.0,3.896120241954008e-18,8.681783059704948,0.8681783059704948,4.007760994340263e-15
Decision Tree (Chi-square - inCV),Integrated-SelectFromModel (L1-LR selector) + LR,0.0,3.896340037647931e-18,8.681776644898465,0.8681776644898465,4.007760994340263e-15
Decision Tree (Chi-square - inCV),Integrated-SelectFromModel (L1-LR selector) + SVM,1488.0,0.00036272093911512927,-3.5658195183351498,-0.356581951833515,0.07109330406656533
Decision Tree (Chi-square - inCV),Integrated-SelectFromModel (L1-LR selector) + KNN,1439.0,0.0001883209709388525,-3.734189090093071,-0.3734189090093071,0.03822915710058706
Decision Tree (Chi-square - inCV),Integrated-SelectFromModel (L1-LR selector) + Naive Bayes,0.0,3.8965598450959084e-18,8.681770230106196,0.8681770230106196,4.007760994340263e-15
Decision Tree (Chi-square - inCV),Integrated-SelectFromModel (RF selector) + RF,297.0,1.8502697856724072e-14,-7.660627373640427,-0.7660627373640427,7.937657380534626e-12
Decision Tree (Chi-square - inCV),Integrated-SelectFromModel (RF selector) + LR,0.0,3.895900458013434e-18,8.681789474525653,0.8681789474525653,4.007760994340263e-15
Decision Tree (Chi-square - inCV),Integrated-SelectFromModel (RF selector) + KNN,1418.0,0.0001409594046657296,-3.8064787380315517,-0.3806478738031552,0.029037637361140296
Decision Tree (Chi-square - inCV),Integrated-RFECV (L1-LR) + LR,0.0,3.8965598450959084e-18,8.681770230106196,0.8681770230106196,4.007760994340263e-15
Decision Tree (Chi-square - inCV),Integrated-RFECV (L1-LR) + KNN,1734.0,0.0097010013898377,-2.5863086638926465,-0.25863086638926464,1.0
Decision Tree (Chi-square - inCV),Integrated-RFECV (L1-LR) + Naive Bayes,4.0,4.3971135541818935e-18,8.668016930731772,0.8668016930731772,4.007760994340263e-15
Decision Tree (KS - inCV),Naive Bayes (MW - inCV),0.0,3.896340037647931e-18,8.681776644898465,0.8681776644898465,4.007760994340263e-15
Decision Tree (KS - inCV),Naive Bayes (Wilcoxon - inCV),0.0,3.896340037647931e-18,8.681776644898465,0.8681776644898465,4.007760994340263e-15
Decision Tree (KS - inCV),Naive Bayes (Kruskal - inCV),0.0,3.8965598450959084e-18,8.681770230106196,0.8681770230106196,4.007760994340263e-15
Decision Tree (KS - inCV),Naive Bayes (Chi-square - inCV),0.0,3.8965598450959084e-18,8.681770230106196,0.8681770230106196,4.007760994340263e-15
Decision Tree (KS - inCV),Naive Bayes (KS - inCV),0.0,3.8965598450959084e-18,8.681770230106196,0.8681770230106196,4.007760994340263e-15
Decision Tree (KS - inCV),Integrated-SelectFromModel (L1-LR selector) + LR,0.0,3.8965598450959084e-18,8.681770230106196,0.8681770230106196,4.007760994340263e-15
Decision Tree (KS - inCV),Integrated-SelectFromModel (L1-LR selector) + SVM,1214.0,6.547642249546403e-06,-4.507887023971342,-0.45078870239713426,0.0016172676356379617
Decision Tree (KS - inCV),Integrated-SelectFromModel (L1-LR selector) + KNN,1125.0,1.480760146195441e-06,-4.813814841097201,-0.48138148410972004,0.0004042475199113554
Decision Tree (KS - inCV),Integrated-SelectFromModel (L1-LR selector) + Naive Bayes,0.0,3.8965598450959084e-18,8.681770230106196,0.8681770230106196,4.007760994340263e-15
Decision Tree (KS - inCV),Integrated-SelectFromModel (RF selector) + RF,215.0,1.979853228078256e-15,-7.942600812576168,-0.7942600812576168,8.711354203544328e-13
Decision Tree (KS - inCV),Integrated-SelectFromModel (RF selector) + LR,0.0,3.896120241954008e-18,8.681783059704948,0.8681783059704948,4.007760994340263e-15
Decision Tree (KS - inCV),Integrated-SelectFromModel (RF selector) + KNN,1143.0,2.01417685105392e-06,-4.751996675720327,-0.4751996675720327,0.0005438277497845584
Decision Tree (KS - inCV),Integrated-RFECV (L1-LR) + LR,0.0,3.8965598450959084e-18,8.681770230106196,0.8681770230106196,4.007760994340263e-15
Decision Tree (KS - inCV),Integrated-RFECV (L1-LR) + KNN,1636.5,0.0022508835660211978,-3.0549629098179545,-0.3054962909817954,0.38265020622360363
Decision Tree (KS - inCV),Integrated-RFECV (L1-LR) + Naive Bayes,5.0,4.531861061109546e-18,8.664578605888165,0.8664578605888165,4.007760994340263e-15
Naive Bayes (MW - inCV),Naive Bayes (Wilcoxon - inCV),792.0,1.1882291704093926e-08,5.701406482067146,0.5701406482067146,3.8736270955346194e-06
Naive Bayes (MW - inCV),Naive Bayes (Kruskal - inCV),0.0,3.8965598450959084e-18,8.681770230106196,0.8681770230106196,4.007760994340263e-15
Naive Bayes (MW - inCV),Naive Bayes (Chi-square - inCV),762.0,0.7690168469457296,0.0,0.0,1.0
Naive Bayes (MW - inCV),Naive Bayes (KS - inCV),737.0,2.2842188020831396e-05,4.2351276799064115,0.42351276799064114,0.005322229808853715
Naive Bayes (MW - inCV),Integrated-SelectFromModel (L1-LR selector) + LR,2173.0,0.22616750120373663,1.210290344949458,0.1210290344949458,1.0
Naive Bayes (MW - inCV),Integrated-SelectFromModel (L1-LR selector) + SVM,0.0,3.8919463562279835e-18,-8.681904943729903,-0.8681904943729902,4.007760994340263e-15
Naive Bayes (MW - inCV),Integrated-SelectFromModel (L1-LR selector) + KNN,0.0,3.89392293135041e-18,-8.681847208551874,-0.8681847208551874,4.007760994340263e-15
Naive Bayes (MW - inCV),Integrated-SelectFromModel (L1-LR selector) + Naive Bayes,0.0,3.8965598450959084e-18,8.681770230106196,0.8681770230106196,4.007760994340263e-15
Naive Bayes (MW - inCV),Integrated-SelectFromModel (RF selector) + RF,0.0,3.895460925389839e-18,-8.681802304209718,-0.8681802304209718,4.007760994340263e-15
Naive Bayes (MW - inCV),Integrated-SelectFromModel (RF selector) + LR,609.0,4.463000234984911e-11,6.5878304003498895,0.658783040034989,1.7227180907041758e-08
Naive Bayes (MW - inCV),Integrated-SelectFromModel (RF selector) + KNN,0.0,3.892385512934327e-18,-8.681892113590798,-0.8681892113590799,4.007760994340263e-15
Naive Bayes (MW - inCV),Integrated-RFECV (L1-LR) + LR,85.0,4.8816168731894246e-17,8.389512618399651,0.8389512618399652,2.2357805279207564e-14
Naive Bayes (MW - inCV),Integrated-RFECV (L1-LR) + KNN,0.0,3.8965598450959084e-18,-8.681770230106196,-0.8681770230106196,4.007760994340263e-15
Naive Bayes (MW - inCV),Integrated-RFECV (L1-LR) + Naive Bayes,28.0,9.044445868078013e-18,8.585497134485216,0.8585497134485216,4.2685073202841604e-15
Naive Bayes (Wilcoxon - inCV),Naive Bayes (Kruskal - inCV),0.0,3.896340037647931e-18,8.681776644898465,0.8681776644898465,4.007760994340263e-15
Naive Bayes (Wilcoxon - inCV),Naive Bayes (Chi-square - inCV),706.0,8.595628391020409e-09,-5.756341751665726,-0.5756341751665726,2.8279617406457144e-06
Naive Bayes (Wilcoxon - inCV),Naive Bayes (KS - inCV),1439.0,0.001798146002296536,-3.1216925773229205,-0.31216925773229204,0.30748296639270767
Naive Bayes (Wilcoxon - inCV),Integrated-SelectFromModel (L1-LR selector) + LR,1904.0,0.032744699137085366,-2.135199727879584,-0.21351997278795837,1.0
Naive Bayes (Wilcoxon - inCV),Integrated-SelectFromModel (L1-LR selector) + SVM,0.0,3.890190199038486e-18,-8.681956264855135,-0.8681956264855135,4.007760994340263e-15
Naive Bayes (Wilcoxon - inCV),Integrated-SelectFromModel (L1-LR selector) + KNN,0.0,3.8926051089021165e-18,-8.681885698542576,-0.8681885698542576,4.007760994340263e-15
Naive Bayes (Wilcoxon - inCV),Integrated-SelectFromModel (L1-LR selector) + Naive Bayes,0.0,3.896340037647931e-18,8.681776644898465,0.8681776644898465,4.007760994340263e-15
Naive Bayes (Wilcoxon - inCV),Integrated-SelectFromModel (RF selector) + RF,0.0,3.896120241954008e-18,-8.681783059704948,-0.8681783059704948,4.007760994340263e-15
Naive Bayes (Wilcoxon - inCV),Integrated-SelectFromModel (RF selector) + LR,1117.0,2.1391119322552822e-06,4.739817127432456,0.47398171274324563,0.0005711428859121603
Naive Bayes (Wilcoxon - inCV),Integrated-SelectFromModel (RF selector) + KNN,0.0,3.891068183715535e-18,-8.681930604178755,-0.8681930604178755,4.007760994340263e-15
Naive Bayes (Wilcoxon - inCV),Integrated-RFECV (L1-LR) + LR,129.0,2.6511827457502783e-16,8.188219819347728,0.8188219819347727,1.2036369665706264e-13
Naive Bayes (Wilcoxon - inCV),Integrated-RFECV (L1-LR) + KNN,0.0,3.895900458013434e-18,-8.681789474525653,-0.8681789474525653,4.007760994340263e-15
Naive Bayes (Wilcoxon - inCV),Integrated-RFECV (L1-LR) + Naive Bayes,27.0,8.777395954642997e-18,8.588941805527272,0.8588941805527271,4.1517082865461375e-15
Naive Bayes (Kruskal - inCV),Naive Bayes (Chi-square - inCV),0.0,3.8965598450959084e-18,-8.681770230106196,-0.8681770230106196,4.007760994340263e-15
Naive Bayes (Kruskal - inCV),Naive Bayes (KS - inCV),0.0,3.8965598450959084e-18,-8.681770230106196,-0.8681770230106196,4.007760994340263e-15
Naive Bayes (Kruskal - inCV),Integrated-SelectFromModel (L1-LR selector) + LR,0.0,3.8965598450959084e-18,-8.681770230106196,-0.8681770230106196,4.007760994340263e-15
Naive Bayes (Kruskal - inCV),Integrated-SelectFromModel (L1-LR selector) + SVM,0.0,3.8926051089021165e-18,-8.681885698542576,-0.8681885698542576,4.007760994340263e-15
Naive Bayes (Kruskal - inCV),Integrated-SelectFromModel (L1-LR selector) + KNN,0.0,3.8930443360697965e-18,-8.681872868488796,-0.8681872868488796,4.007760994340263e-15
Naive Bayes (Kruskal - inCV),Integrated-SelectFromModel (L1-LR selector) + Naive Bayes,0.0,1.140214479510659e-07,0.0,0.0,3.47765416250751e-05
Naive Bayes (Kruskal - inCV),Integrated-SelectFromModel (RF selector) + RF,0.0,3.896340037647931e-18,-8.681776644898465,-0.8681776644898465,4.007760994340263e-15
Naive Bayes (Kruskal - inCV),Integrated-SelectFromModel (RF selector) + LR,0.0,3.8965598450959084e-18,-8.681770230106196,-0.8681770230106196,4.007760994340263e-15
Naive Bayes (Kruskal - inCV),Integrated-SelectFromModel (RF selector) + KNN,0.0,3.893263967270896e-18,-8.681866453483236,-0.8681866453483236,4.007760994340263e-15
Naive Bayes (Kruskal - inCV),Integrated-RFECV (L1-LR) + LR,0.0,3.8965598450959084e-18,-8.681770230106196,-0.8681770230106196,4.007760994340263e-15
Naive Bayes (Kruskal - inCV),Integrated-RFECV (L1-LR) + KNN,0.0,3.896340037647931e-18,-8.681776644898465,-0.8681776644898465,4.007760994340263e-15
Naive Bayes (Kruskal - inCV),Integrated-RFECV (L1-LR) + Naive Bayes,917.0,1.50758162783455e-07,5.25163111022991,0.5251631110229911,4.447365802111923e-05
Naive Bayes (Chi-square - inCV),Naive Bayes (KS - inCV),366.0,1.7354138381163448e-07,5.225653176591276,0.5225653176591276,5.08476254568089e-05
Naive Bayes (Chi-square - inCV),Integrated-SelectFromModel (L1-LR selector) + LR,2177.0,0.23148670617936684,1.1965379296731342,0.11965379296731342,1.0
Naive Bayes (Chi-square - inCV),Integrated-SelectFromModel (L1-LR selector) + SVM,0.0,3.887776709393054e-18,-8.68202683288841,-0.868202683288841,4.007760994340263e-15
Naive Bayes (Chi-square - inCV),Integrated-SelectFromModel (L1-LR selector) + KNN,0.0,3.889092982277817e-18,-8.681988341020581,-0.8681988341020581,4.007760994340263e-15
Naive Bayes (Chi-square - inCV),Integrated-SelectFromModel (L1-LR selector) + Naive Bayes,0.0,3.896340037647931e-18,8.681776644898465,0.8681776644898465,4.007760994340263e-15
Naive Bayes (Chi-square - inCV),Integrated-SelectFromModel (RF selector) + RF,0.0,3.895900458013434e-18,-8.681789474525653,-0.8681789474525653,4.007760994340263e-15
Naive Bayes (Chi-square - inCV),Integrated-SelectFromModel (RF selector) + LR,483.0,3.584554735416059e-12,6.9526625315504065,0.6952662531550406,1.4409910036372558e-09
Naive Bayes (Chi-square - inCV),Integrated-SelectFromModel (RF selector) + KNN,0.0,3.888215420091603e-18,-8.682014002208916,-0.8682014002208917,4.007760994340263e-15
Naive Bayes (Chi-square - inCV),Integrated-RFECV (L1-LR) + LR,73.0,3.4337243008230656e-17,8.430778745857834,0.8430778745857834,1.576079454077787e-14
Naive Bayes (Chi-square - inCV),Integrated-RFECV (L1-LR) + KNN,0.0,3.896340037647931e-18,-8.681776644898465,-0.8681776644898465,4.007760994340263e-15
Naive Bayes (Chi-square - inCV),Integrated-RFECV (L1-LR) + Naive Bayes,28.0,9.044445868078013e-18,8.585497134485216,0.8585497134485216,4.2685073202841604e-15
Naive Bayes (KS - inCV),Integrated-SelectFromModel (L1-LR selector) + LR,2356.0,0.5611886274899517,-0.5810768985694841,-0.058107689856948405,1.0
Naive Bayes (KS - inCV),Integrated-SelectFromModel (L1-LR selector) + SVM,0.0,3.872232844773201e-18,-8.682482358868281,-0.8682482358868281,4.007760994340263e-15
Naive Bayes (KS - inCV),Integrated-SelectFromModel (L1-LR selector) + KNN,0.0,3.884926233395865e-18,-8.682110233691729,-0.8682110233691729,4.007760994340263e-15
Naive Bayes (KS - inCV),Integrated-SelectFromModel (L1-LR selector) + Naive Bayes,0.0,3.8965598450959084e-18,8.681770230106196,0.8681770230106196,4.007760994340263e-15
Naive Bayes (KS - inCV),Integrated-SelectFromModel (RF selector) + RF,0.0,3.895241176705637e-18,-8.681808719073084,-0.8681808719073084,4.007760994340263e-15
Naive Bayes (KS - inCV),Integrated-SelectFromModel (RF selector) + LR,760.0,3.594566232058381e-09,5.901845999704974,0.5901845999704973,1.1933959890433825e-06
Naive Bayes (KS - inCV),Integrated-SelectFromModel (RF selector) + KNN,0.0,3.872232844773201e-18,-8.682482358868281,-0.8682482358868281,4.007760994340263e-15
Naive Bayes (KS - inCV),Integrated-RFECV (L1-LR) + LR,111.0,1.5700710684789618e-16,8.251051317562833,0.8251051317562833,7.143823361579277e-14
Naive Bayes (KS - inCV),Integrated-RFECV (L1-LR) + KNN,0.0,3.8965598450959084e-18,-8.681770230106196,-0.8681770230106196,4.007760994340263e-15
Naive Bayes (KS - inCV),Integrated-RFECV (L1-LR) + Naive Bayes,28.0,9.043447712466442e-18,8.585509821815151,0.8585509821815152,4.2685073202841604e-15
Integrated-SelectFromModel (L1-LR selector) + LR,Integrated-SelectFromModel (L1-LR selector) + SVM,0.0,3.8904096776002905e-18,-8.681949849664708,-0.8681949849664707,4.007760994340263e-15
Integrated-SelectFromModel (L1-LR selector) + LR,Integrated-SelectFromModel (L1-LR selector) + KNN,0.0,3.8912877092326295e-18,-8.681924189045208,-0.8681924189045208,4.007760994340263e-15
Integrated-SelectFromModel (L1-LR selector) + LR,Integrated-SelectFromModel (L1-LR selector) + Naive Bayes,0.0,3.8965598450959084e-18,8.681770230106196,0.8681770230106196,4.007760994340263e-15
Integrated-SelectFromModel (L1-LR selector) + LR,Integrated-SelectFromModel (RF selector) + RF,0.0,3.895900458013434e-18,-8.681789474525653,-0.8681789474525653,4.007760994340263e-15
Integrated-SelectFromModel (L1-LR selector) + LR,Integrated-SelectFromModel (RF selector) + LR,484.0,2.256776902419375e-12,7.017621005800693,0.7017621005800694,9.117378685774275e-10
Integrated-SelectFromModel (L1-LR selector) + LR,Integrated-SelectFromModel (RF selector) + KNN,0.0,3.8906291678999676e-18,-8.681943434488504,-0.8681943434488504,4.007760994340263e-15
Integrated-SelectFromModel (L1-LR selector) + LR,Integrated-RFECV (L1-LR) + LR,38.0,2.6671329868633127e-17,8.460290057249518,0.8460290057249518,1.2268811739571239e-14
Integrated-SelectFromModel (L1-LR selector) + LR,Integrated-RFECV (L1-LR) + KNN,0.0,3.896120241954008e-18,-8.681783059704948,-0.8681783059704948,4.007760994340263e-15
Integrated-SelectFromModel (L1-LR selector) + LR,Integrated-RFECV (L1-LR) + Naive Bayes,24.0,8.023842397878198e-18,8.599250433859643,0.8599250433859643,4.007760994340263e-15
Integrated-SelectFromModel (L1-LR selector) + SVM,Integrated-SelectFromModel (L1-LR selector) + KNN,197.0,0.8895492704364569,0.0,0.0,1.0
Integrated-SelectFromModel (L1-LR selector) + SVM,Integrated-SelectFromModel (L1-LR selector) + Naive Bayes,0.0,3.892824716613678e-18,8.681879283508577,0.8681879283508577,4.007760994340263e-15
Integrated-SelectFromModel (L1-LR selector) + SVM,Integrated-SelectFromModel (RF selector) + RF,659.0,1.367558333580622e-10,-6.4194630616918475,-0.6419463061691848,5.110576246057918e-08
Integrated-SelectFromModel (L1-LR selector) + SVM,Integrated-SelectFromModel (RF selector) + LR,0.0,3.892165928709803e-18,8.68189852865324,0.868189852865324,4.007760994340263e-15
Integrated-SelectFromModel (L1-LR selector) + SVM,Integrated-SelectFromModel (RF selector) + KNN,9.0,0.10317688009302876,0.0,0.0,1.0
Integrated-SelectFromModel (L1-LR selector) + SVM,Integrated-RFECV (L1-LR) + LR,0.0,3.893703264910611e-18,8.681853623514773,0.8681853623514773,4.007760994340263e-15
Integrated-SelectFromModel (L1-LR selector) + SVM,Integrated-RFECV (L1-LR) + KNN,1634.0,0.5006377462545144,0.0,0.0,1.0
Integrated-SelectFromModel (L1-LR selector) + SVM,Integrated-RFECV (L1-LR) + Naive Bayes,3.0,6.2346513548711394e-18,8.628160566245816,0.8628160566245816,4.007760994340263e-15
Integrated-SelectFromModel (L1-LR selector) + KNN,Integrated-SelectFromModel (L1-LR selector) + Naive Bayes,0.0,3.892385512934327e-18,8.681892113590798,0.8681892113590799,4.007760994340263e-15
Integrated-SelectFromModel (L1-LR selector) + KNN,Integrated-SelectFromModel (RF selector) + RF,661.0,2.404678106216761e-10,-6.332981881879756,-0.6332981881879756,8.753028306629009e-08
Integrated-SelectFromModel (L1-LR selector) + KNN,Integrated-SelectFromModel (RF selector) + LR,0.0,3.894362299472809e-18,8.68183437866873,0.868183437866873,4.007760994340263e-15
Integrated-SelectFromModel (L1-LR selector) + KNN,Integrated-SelectFromModel (RF selector) + KNN,167.0,0.5918982164323444,0.0,0.0,1.0
Integrated-SelectFromModel (L1-LR selector) + KNN,Integrated-RFECV (L1-LR) + LR,0.0,3.894582001156701e-18,8.68182796374849,0.868182796374849,4.007760994340263e-15
Integrated-SelectFromModel (L1-LR selector) + KNN,Integrated-RFECV (L1-LR) + KNN,1642.0,0.24962519391653804,0.0,0.0,1.0
Integrated-SelectFromModel (L1-LR selector) + KNN,Integrated-RFECV (L1-LR) + Naive Bayes,3.0,6.238590849139942e-18,8.628088301751305,0.8628088301751304,4.007760994340263e-15
Integrated-SelectFromModel (L1-LR selector) + Naive Bayes,Integrated-SelectFromModel (RF selector) + RF,0.0,3.8965598450959084e-18,-8.681770230106196,-0.8681770230106196,4.007760994340263e-15
Integrated-SelectFromModel (L1-LR selector) + Naive Bayes,Integrated-SelectFromModel (RF selector) + LR,0.0,3.8965598450959084e-18,-8.681770230106196,-0.8681770230106196,4.007760994340263e-15
Integrated-SelectFromModel (L1-LR selector) + Naive Bayes,Integrated-SelectFromModel (RF selector) + KNN,0.0,3.89150724648996e-18,-8.681917773925889,-0.8681917773925889,4.007760994340263e-15
Integrated-SelectFromModel (L1-LR selector) + Naive Bayes,Integrated-RFECV (L1-LR) + LR,0.0,3.8965598450959084e-18,-8.681770230106196,-0.8681770230106196,4.007760994340263e-15
Integrated-SelectFromModel (L1-LR selector) + Naive Bayes,Integrated-RFECV (L1-LR) + KNN,0.0,3.896340037647931e-18,-8.681776644898465,-0.8681776644898465,4.007760994340263e-15
Integrated-SelectFromModel (L1-LR selector) + Naive Bayes,Integrated-RFECV (L1-LR) + Naive Bayes,927.0,1.8317503277597732e-07,5.215648711393118,0.5215648711393117,5.348710957058538e-05
Integrated-SelectFromModel (RF selector) + RF,Integrated-SelectFromModel (RF selector) + LR,0.0,3.895900458013434e-18,8.681789474525653,0.8681789474525653,4.007760994340263e-15
Integrated-SelectFromModel (RF selector) + RF,Integrated-SelectFromModel (RF selector) + KNN,694.0,3.014515772176954e-10,6.2980303096390875,0.6298030309639088,1.0882401937558803e-07
Integrated-SelectFromModel (RF selector) + RF,Integrated-RFECV (L1-LR) + LR,0.0,3.896120241954008e-18,8.681783059704948,0.8681783059704948,4.007760994340263e-15
Integrated-SelectFromModel (RF selector) + RF,Integrated-RFECV (L1-LR) + KNN,641.5,2.583829728360512e-10,6.321890191365188,0.6321890191365188,9.37930191394866e-08
Integrated-SelectFromModel (RF selector) + RF,Integrated-RFECV (L1-LR) + Naive Bayes,1.0,4.0154765914850665e-18,8.678351142060492,0.8678351142060492,4.007760994340263e-15
Integrated-SelectFromModel (RF selector) + LR,Integrated-SelectFromModel (RF selector) + KNN,0.0,3.893703264910611e-18,-8.681853623514773,-0.8681853623514773,4.007760994340263e-15
Integrated-SelectFromModel (RF selector) + LR,Integrated-RFECV (L1-LR) + LR,426.0,5.312985024488013e-13,7.2170438467298625,0.7217043846729863,2.2143860527816893e-10
Integrated-SelectFromModel (RF selector) + LR,Integrated-RFECV (L1-LR) + KNN,0.0,3.8965598450959084e-18,-8.681770230106196,-0.8681770230106196,4.007760994340263e-15
Integrated-SelectFromModel (RF selector) + LR,Integrated-RFECV (L1-LR) + Naive Bayes,39.0,1.2559216589141089e-17,8.547675561205548,0.8547675561205548,5.865154147128888e-15
Integrated-SelectFromModel (RF selector) + KNN,Integrated-RFECV (L1-LR) + LR,0.0,3.894582001156701e-18,8.68182796374849,0.868182796374849,4.007760994340263e-15
Integrated-SelectFromModel (RF selector) + KNN,Integrated-RFECV (L1-LR) + KNN,1606.5,0.33282442106874677,0.0,0.0,1.0
Integrated-SelectFromModel (RF selector) + KNN,Integrated-RFECV (L1-LR) + Naive Bayes,3.0,6.237158033015024e-18,8.628114579539224,0.8628114579539223,4.007760994340263e-15
Integrated-RFECV (L1-LR) + LR,Integrated-RFECV (L1-LR) + KNN,0.0,3.896120241954008e-18,-8.681783059704948,-0.8681783059704948,4.007760994340263e-15
Integrated-RFECV (L1-LR) + LR,Integrated-RFECV (L1-LR) + Naive Bayes,55.0,2.019345605913072e-17,8.492674913849989,0.8492674913849989,9.309183243259261e-15
Integrated-RFECV (L1-LR) + KNN,Integrated-RFECV (L1-LR) + Naive Bayes,3.0,6.243608161416485e-18,8.627996331384306,0.8627996331384307,4.007760994340263e-15
