Selection_Method,Feature_Name,Rank,Selection_Type
Mann-Whitney,hydrophobic_janin,1,Statistical
Mann-Whitney,hydrophobic_kyte-doolittle,2,Statistical
Mann-Whitney,non-polar_group,3,Statistical
Mann-Whitney,acidic_group,4,Statistical
Mann-Whitney,hydrophobic_eisenberg,5,Statistical
Mann-Whitney,cruciani_prp1,6,Statistical
Mann-Whitney,hydrophobic_engleman,7,Statistical
Mann-Whitney,boman,8,Statistical
Mann-Whitney,polar_group,9,Statistical
Mann-Whitney,X5_K,10,Statistical
Mann-Whitney,peptide_len,11,Statistical
Mann-Whitney,aliphatic_group,12,Statistical
Mann-Whitney,isoelectric_point,13,Statistical
Mann-Whitney,X5_A,14,Statistical
Mann-Whitney,charge,15,Statistical
Wilcoxon,hydrophobic_janin,1,Statistical
Wilcoxon,hydrophobic_kyte-doolittle,2,Statistical
Wilcoxon,non-polar_group,3,Statistical
Wilcoxon,acidic_group,4,Statistical
Wilcoxon,hydrophobic_eisenberg,5,Statistical
Wilcoxon,polar_group,6,Statistical
Wilcoxon,boman,7,Statistical
Wilcoxon,cruciani_prp1,8,Statistical
Wilcoxon,hydrophobic_engleman,9,Statistical
Wilcoxon,X5_A,10,Statistical
Wilcoxon,X5_K,11,Statistical
Wilcoxon,charge,12,Statistical
Wilcoxon,isoelectric_point,13,Statistical
Wilcoxon,tiny_group,14,Statistical
Wilcoxon,peptide_len,15,Statistical
Chi-square,hydrophobic_janin,1,Statistical
Chi-square,hydrophobic_kyte-doolittle,2,Statistical
Chi-square,non-polar_group,3,Statistical
Chi-square,hydrophobic_eisenberg,4,Statistical
Chi-square,acidic_group,5,Statistical
Chi-square,polar_group,6,Statistical
Chi-square,peptide_len,7,Statistical
Chi-square,boman,8,Statistical
Chi-square,cruciani_prp1,9,Statistical
Chi-square,hydrophobic_engleman,10,Statistical
Chi-square,X5_K,11,Statistical
Chi-square,isoelectric_point,12,Statistical
Chi-square,charge,13,Statistical
Chi-square,aliphatic_group,14,Statistical
Chi-square,X5_A,15,Statistical
KS,hydrophobic_janin,1,Statistical
KS,hydrophobic_eisenberg,2,Statistical
KS,hydrophobic_kyte-doolittle,3,Statistical
KS,non-polar_group,4,Statistical
KS,peptide_len,5,Statistical
KS,acidic_group,6,Statistical
KS,polar_group,7,Statistical
KS,isoelectric_point,8,Statistical
KS,charge,9,Statistical
KS,boman,10,Statistical
KS,hydrophobic_engleman,11,Statistical
KS,cruciani_prp1,12,Statistical
KS,X5_K,13,Statistical
KS,aliphatic_group,14,Statistical
KS,hydrophobic_roseman,15,Statistical
Integrated-SelectFromModel (L1-LR selector) + LR,X4_A,1,Integrated
Integrated-SelectFromModel (L1-LR selector) + LR,X4_C,2,Integrated
Integrated-SelectFromModel (L1-LR selector) + LR,X4_D,3,Integrated
Integrated-SelectFromModel (L1-LR selector) + LR,X4_E,4,Integrated
Integrated-SelectFromModel (L1-LR selector) + LR,X4_F,5,Integrated
Integrated-SelectFromModel (L1-LR selector) + LR,X4_G,6,Integrated
Integrated-SelectFromModel (L1-LR selector) + LR,X4_H,7,Integrated
Integrated-SelectFromModel (L1-LR selector) + LR,X4_I,8,Integrated
Integrated-SelectFromModel (L1-LR selector) + LR,X4_K,9,Integrated
Integrated-SelectFromModel (L1-LR selector) + LR,X4_L,10,Integrated
Integrated-SelectFromModel (L1-LR selector) + LR,X4_M,11,Integrated
Integrated-SelectFromModel (L1-LR selector) + LR,X4_N,12,Integrated
Integrated-SelectFromModel (L1-LR selector) + LR,X4_P,13,Integrated
Integrated-SelectFromModel (L1-LR selector) + LR,X4_Q,14,Integrated
Integrated-SelectFromModel (L1-LR selector) + LR,X4_R,15,Integrated
Integrated-SelectFromModel (L1-LR selector) + LR,X4_S,16,Integrated
Integrated-SelectFromModel (L1-LR selector) + LR,X4_T,17,Integrated
Integrated-SelectFromModel (L1-LR selector) + LR,X4_V,18,Integrated
Integrated-SelectFromModel (L1-LR selector) + LR,X4_W,19,Integrated
Integrated-SelectFromModel (L1-LR selector) + LR,X4_Y,20,Integrated
Integrated-SelectFromModel (L1-LR selector) + LR,X5_A,21,Integrated
Integrated-SelectFromModel (L1-LR selector) + LR,X5_C,22,Integrated
Integrated-SelectFromModel (L1-LR selector) + LR,X5_D,23,Integrated
Integrated-SelectFromModel (L1-LR selector) + LR,X5_E,24,Integrated
Integrated-SelectFromModel (L1-LR selector) + LR,X5_F,25,Integrated
Integrated-SelectFromModel (L1-LR selector) + LR,X5_G,26,Integrated
Integrated-SelectFromModel (L1-LR selector) + LR,X5_H,27,Integrated
Integrated-SelectFromModel (L1-LR selector) + LR,X5_I,28,Integrated
Integrated-SelectFromModel (L1-LR selector) + LR,X5_K,29,Integrated
Integrated-SelectFromModel (L1-LR selector) + LR,X5_L,30,Integrated
Integrated-SelectFromModel (L1-LR selector) + LR,X5_M,31,Integrated
Integrated-SelectFromModel (L1-LR selector) + LR,X5_N,32,Integrated
Integrated-SelectFromModel (L1-LR selector) + LR,X5_P,33,Integrated
Integrated-SelectFromModel (L1-LR selector) + LR,X5_Q,34,Integrated
Integrated-SelectFromModel (L1-LR selector) + LR,X5_R,35,Integrated
Integrated-SelectFromModel (L1-LR selector) + LR,X5_S,36,Integrated
Integrated-SelectFromModel (L1-LR selector) + LR,X5_T,37,Integrated
Integrated-SelectFromModel (L1-LR selector) + LR,X5_W,38,Integrated
Integrated-SelectFromModel (L1-LR selector) + LR,X5_Y,39,Integrated
Integrated-SelectFromModel (L1-LR selector) + LR,X8_AA,40,Integrated
Integrated-SelectFromModel (L1-LR selector) + LR,X8_AC,41,Integrated
Integrated-SelectFromModel (L1-LR selector) + LR,X8_AD,42,Integrated
Integrated-SelectFromModel (L1-LR selector) + LR,X8_AE,43,Integrated
Integrated-SelectFromModel (L1-LR selector) + LR,X8_AF,44,Integrated
Integrated-SelectFromModel (L1-LR selector) + LR,X8_AG,45,Integrated
Integrated-SelectFromModel (L1-LR selector) + LR,X8_AH,46,Integrated
Integrated-SelectFromModel (L1-LR selector) + LR,X8_AK,47,Integrated
Integrated-SelectFromModel (L1-LR selector) + LR,X8_AL,48,Integrated
Integrated-SelectFromModel (L1-LR selector) + LR,X8_AM,49,Integrated
Integrated-SelectFromModel (L1-LR selector) + LR,X8_AN,50,Integrated
Integrated-SelectFromModel (L1-LR selector) + LR,X8_AP,51,Integrated
Integrated-SelectFromModel (L1-LR selector) + LR,X8_AQ,52,Integrated
Integrated-SelectFromModel (L1-LR selector) + LR,X8_AR,53,Integrated
Integrated-SelectFromModel (L1-LR selector) + LR,X8_AS,54,Integrated
Integrated-SelectFromModel (L1-LR selector) + LR,X8_AT,55,Integrated
Integrated-SelectFromModel (L1-LR selector) + LR,X8_AV,56,Integrated
Integrated-SelectFromModel (L1-LR selector) + LR,X8_AW,57,Integrated
Integrated-SelectFromModel (L1-LR selector) + LR,X8_AY,58,Integrated
Integrated-SelectFromModel (L1-LR selector) + LR,X8_CC,59,Integrated
Integrated-SelectFromModel (L1-LR selector) + LR,X8_CD,60,Integrated
Integrated-SelectFromModel (L1-LR selector) + LR,X8_CE,61,Integrated
Integrated-SelectFromModel (L1-LR selector) + LR,X8_CF,62,Integrated
Integrated-SelectFromModel (L1-LR selector) + LR,X8_CG,63,Integrated
Integrated-SelectFromModel (L1-LR selector) + LR,X8_CH,64,Integrated
Integrated-SelectFromModel (L1-LR selector) + LR,X8_CI,65,Integrated
Integrated-SelectFromModel (L1-LR selector) + LR,X8_CK,66,Integrated
Integrated-SelectFromModel (L1-LR selector) + LR,X8_CL,67,Integrated
Integrated-SelectFromModel (L1-LR selector) + LR,X8_CM,68,Integrated
Integrated-SelectFromModel (L1-LR selector) + LR,X8_CN,69,Integrated
Integrated-SelectFromModel (L1-LR selector) + LR,X8_CP,70,Integrated
Integrated-SelectFromModel (L1-LR selector) + LR,X8_CQ,71,Integrated
Integrated-SelectFromModel (L1-LR selector) + LR,X8_CR,72,Integrated
Integrated-SelectFromModel (L1-LR selector) + LR,X8_CS,73,Integrated
Integrated-SelectFromModel (L1-LR selector) + LR,X8_CT,74,Integrated
Integrated-SelectFromModel (L1-LR selector) + LR,X8_CV,75,Integrated
Integrated-SelectFromModel (L1-LR selector) + LR,X8_CW,76,Integrated
Integrated-SelectFromModel (L1-LR selector) + LR,X8_CY,77,Integrated
Integrated-SelectFromModel (L1-LR selector) + LR,X8_DD,78,Integrated
Integrated-SelectFromModel (L1-LR selector) + LR,X8_DE,79,Integrated
Integrated-SelectFromModel (L1-LR selector) + LR,X8_DF,80,Integrated
Integrated-SelectFromModel (L1-LR selector) + LR,X8_DG,81,Integrated
Integrated-SelectFromModel (L1-LR selector) + LR,X8_DI,82,Integrated
Integrated-SelectFromModel (L1-LR selector) + LR,X8_DK,83,Integrated
Integrated-SelectFromModel (L1-LR selector) + LR,X8_DL,84,Integrated
Integrated-SelectFromModel (L1-LR selector) + LR,X8_DM,85,Integrated
Integrated-SelectFromModel (L1-LR selector) + LR,X8_DN,86,Integrated
Integrated-SelectFromModel (L1-LR selector) + LR,X8_DP,87,Integrated
Integrated-SelectFromModel (L1-LR selector) + LR,X8_DQ,88,Integrated
Integrated-SelectFromModel (L1-LR selector) + LR,X8_DS,89,Integrated
Integrated-SelectFromModel (L1-LR selector) + LR,X8_DT,90,Integrated
Integrated-SelectFromModel (L1-LR selector) + LR,X8_DV,91,Integrated
Integrated-SelectFromModel (L1-LR selector) + LR,X8_DW,92,Integrated
Integrated-SelectFromModel (L1-LR selector) + LR,X8_DY,93,Integrated
Integrated-SelectFromModel (L1-LR selector) + LR,X8_EA,94,Integrated
Integrated-SelectFromModel (L1-LR selector) + LR,X8_EC,95,Integrated
Integrated-SelectFromModel (L1-LR selector) + LR,X8_ED,96,Integrated
Integrated-SelectFromModel (L1-LR selector) + LR,X8_EE,97,Integrated
Integrated-SelectFromModel (L1-LR selector) + LR,X8_EF,98,Integrated
Integrated-SelectFromModel (L1-LR selector) + LR,X8_EG,99,Integrated
Integrated-SelectFromModel (L1-LR selector) + LR,X8_EI,100,Integrated
Integrated-SelectFromModel (L1-LR selector) + LR,X8_EK,101,Integrated
Integrated-SelectFromModel (L1-LR selector) + LR,X8_EL,102,Integrated
Integrated-SelectFromModel (L1-LR selector) + LR,X8_EM,103,Integrated
Integrated-SelectFromModel (L1-LR selector) + LR,X8_EN,104,Integrated
Integrated-SelectFromModel (L1-LR selector) + LR,X8_EP,105,Integrated
Integrated-SelectFromModel (L1-LR selector) + LR,X8_EQ,106,Integrated
Integrated-SelectFromModel (L1-LR selector) + LR,X8_ER,107,Integrated
Integrated-SelectFromModel (L1-LR selector) + LR,X8_ES,108,Integrated
Integrated-SelectFromModel (L1-LR selector) + LR,X8_ET,109,Integrated
Integrated-SelectFromModel (L1-LR selector) + LR,X8_EV,110,Integrated
Integrated-SelectFromModel (L1-LR selector) + LR,X8_EW,111,Integrated
Integrated-SelectFromModel (L1-LR selector) + LR,X8_EY,112,Integrated
Integrated-SelectFromModel (L1-LR selector) + LR,X8_FA,113,Integrated
Integrated-SelectFromModel (L1-LR selector) + LR,X8_FC,114,Integrated
Integrated-SelectFromModel (L1-LR selector) + LR,X8_FE,115,Integrated
Integrated-SelectFromModel (L1-LR selector) + LR,X8_FF,116,Integrated
Integrated-SelectFromModel (L1-LR selector) + LR,X8_FG,117,Integrated
Integrated-SelectFromModel (L1-LR selector) + LR,X8_FH,118,Integrated
Integrated-SelectFromModel (L1-LR selector) + LR,X8_FI,119,Integrated
Integrated-SelectFromModel (L1-LR selector) + LR,X8_FK,120,Integrated
Integrated-SelectFromModel (L1-LR selector) + LR,X8_FL,121,Integrated
Integrated-SelectFromModel (L1-LR selector) + LR,X8_FM,122,Integrated
Integrated-SelectFromModel (L1-LR selector) + LR,X8_FN,123,Integrated
Integrated-SelectFromModel (L1-LR selector) + LR,X8_FP,124,Integrated
Integrated-SelectFromModel (L1-LR selector) + LR,X8_FQ,125,Integrated
Integrated-SelectFromModel (L1-LR selector) + LR,X8_FR,126,Integrated
Integrated-SelectFromModel (L1-LR selector) + LR,X8_FS,127,Integrated
Integrated-SelectFromModel (L1-LR selector) + LR,X8_FT,128,Integrated
Integrated-SelectFromModel (L1-LR selector) + LR,X8_FV,129,Integrated
Integrated-SelectFromModel (L1-LR selector) + LR,X8_FW,130,Integrated
Integrated-SelectFromModel (L1-LR selector) + LR,X8_FY,131,Integrated
Integrated-SelectFromModel (L1-LR selector) + LR,X8_GA,132,Integrated
Integrated-SelectFromModel (L1-LR selector) + LR,X8_GC,133,Integrated
Integrated-SelectFromModel (L1-LR selector) + LR,X8_GD,134,Integrated
Integrated-SelectFromModel (L1-LR selector) + LR,X8_GE,135,Integrated
Integrated-SelectFromModel (L1-LR selector) + LR,X8_GF,136,Integrated
Integrated-SelectFromModel (L1-LR selector) + LR,X8_GG,137,Integrated
Integrated-SelectFromModel (L1-LR selector) + LR,X8_GI,138,Integrated
Integrated-SelectFromModel (L1-LR selector) + LR,X8_GK,139,Integrated
Integrated-SelectFromModel (L1-LR selector) + LR,X8_GL,140,Integrated
Integrated-SelectFromModel (L1-LR selector) + LR,X8_GM,141,Integrated
Integrated-SelectFromModel (L1-LR selector) + LR,X8_GN,142,Integrated
Integrated-SelectFromModel (L1-LR selector) + LR,X8_GP,143,Integrated
Integrated-SelectFromModel (L1-LR selector) + LR,X8_GQ,144,Integrated
Integrated-SelectFromModel (L1-LR selector) + LR,X8_GR,145,Integrated
Integrated-SelectFromModel (L1-LR selector) + LR,X8_GS,146,Integrated
Integrated-SelectFromModel (L1-LR selector) + LR,X8_GT,147,Integrated
Integrated-SelectFromModel (L1-LR selector) + LR,X8_GV,148,Integrated
Integrated-SelectFromModel (L1-LR selector) + LR,X8_GW,149,Integrated
Integrated-SelectFromModel (L1-LR selector) + LR,X8_GY,150,Integrated
Integrated-SelectFromModel (L1-LR selector) + LR,X8_HA,151,Integrated
Integrated-SelectFromModel (L1-LR selector) + LR,X8_HD,152,Integrated
Integrated-SelectFromModel (L1-LR selector) + LR,X8_HE,153,Integrated
Integrated-SelectFromModel (L1-LR selector) + LR,X8_HF,154,Integrated
Integrated-SelectFromModel (L1-LR selector) + LR,X8_HG,155,Integrated
Integrated-SelectFromModel (L1-LR selector) + LR,X8_HH,156,Integrated
Integrated-SelectFromModel (L1-LR selector) + LR,X8_HK,157,Integrated
Integrated-SelectFromModel (L1-LR selector) + LR,X8_HL,158,Integrated
Integrated-SelectFromModel (L1-LR selector) + LR,X8_HM,159,Integrated
Integrated-SelectFromModel (L1-LR selector) + LR,X8_HN,160,Integrated
Integrated-SelectFromModel (L1-LR selector) + LR,X8_HP,161,Integrated
Integrated-SelectFromModel (L1-LR selector) + LR,X8_HQ,162,Integrated
Integrated-SelectFromModel (L1-LR selector) + LR,X8_HR,163,Integrated
Integrated-SelectFromModel (L1-LR selector) + LR,X8_HS,164,Integrated
Integrated-SelectFromModel (L1-LR selector) + LR,X8_HT,165,Integrated
Integrated-SelectFromModel (L1-LR selector) + LR,X8_HV,166,Integrated
Integrated-SelectFromModel (L1-LR selector) + LR,X8_HW,167,Integrated
Integrated-SelectFromModel (L1-LR selector) + LR,X8_HY,168,Integrated
Integrated-SelectFromModel (L1-LR selector) + LR,X8_IA,169,Integrated
Integrated-SelectFromModel (L1-LR selector) + LR,X8_IC,170,Integrated
Integrated-SelectFromModel (L1-LR selector) + LR,X8_ID,171,Integrated
Integrated-SelectFromModel (L1-LR selector) + LR,X8_IE,172,Integrated
Integrated-SelectFromModel (L1-LR selector) + LR,X8_IF,173,Integrated
Integrated-SelectFromModel (L1-LR selector) + LR,X8_IG,174,Integrated
Integrated-SelectFromModel (L1-LR selector) + LR,X8_IH,175,Integrated
Integrated-SelectFromModel (L1-LR selector) + LR,X8_II,176,Integrated
Integrated-SelectFromModel (L1-LR selector) + LR,X8_IK,177,Integrated
Integrated-SelectFromModel (L1-LR selector) + LR,X8_IL,178,Integrated
Integrated-SelectFromModel (L1-LR selector) + LR,X8_IM,179,Integrated
Integrated-SelectFromModel (L1-LR selector) + LR,X8_IN,180,Integrated
Integrated-SelectFromModel (L1-LR selector) + LR,X8_IP,181,Integrated
Integrated-SelectFromModel (L1-LR selector) + LR,X8_IQ,182,Integrated
Integrated-SelectFromModel (L1-LR selector) + LR,X8_IR,183,Integrated
Integrated-SelectFromModel (L1-LR selector) + LR,X8_IS,184,Integrated
Integrated-SelectFromModel (L1-LR selector) + LR,X8_IT,185,Integrated
Integrated-SelectFromModel (L1-LR selector) + LR,X8_IV,186,Integrated
Integrated-SelectFromModel (L1-LR selector) + LR,X8_IW,187,Integrated
Integrated-SelectFromModel (L1-LR selector) + LR,X8_IY,188,Integrated
Integrated-SelectFromModel (L1-LR selector) + LR,X8_KA,189,Integrated
Integrated-SelectFromModel (L1-LR selector) + LR,X8_KC,190,Integrated
Integrated-SelectFromModel (L1-LR selector) + LR,X8_KD,191,Integrated
Integrated-SelectFromModel (L1-LR selector) + LR,X8_KG,192,Integrated
Integrated-SelectFromModel (L1-LR selector) + LR,X8_KI,193,Integrated
Integrated-SelectFromModel (L1-LR selector) + LR,X8_KK,194,Integrated
Integrated-SelectFromModel (L1-LR selector) + LR,X8_KL,195,Integrated
Integrated-SelectFromModel (L1-LR selector) + LR,X8_KM,196,Integrated
Integrated-SelectFromModel (L1-LR selector) + LR,X8_KN,197,Integrated
Integrated-SelectFromModel (L1-LR selector) + LR,X8_KQ,198,Integrated
Integrated-SelectFromModel (L1-LR selector) + LR,X8_KR,199,Integrated
Integrated-SelectFromModel (L1-LR selector) + LR,X8_KS,200,Integrated
Integrated-SelectFromModel (L1-LR selector) + LR,X8_KV,201,Integrated
Integrated-SelectFromModel (L1-LR selector) + LR,X8_KW,202,Integrated
Integrated-SelectFromModel (L1-LR selector) + LR,X8_KY,203,Integrated
Integrated-SelectFromModel (L1-LR selector) + LR,X8_LA,204,Integrated
Integrated-SelectFromModel (L1-LR selector) + LR,X8_LC,205,Integrated
Integrated-SelectFromModel (L1-LR selector) + LR,X8_LD,206,Integrated
Integrated-SelectFromModel (L1-LR selector) + LR,X8_LE,207,Integrated
Integrated-SelectFromModel (L1-LR selector) + LR,X8_LF,208,Integrated
Integrated-SelectFromModel (L1-LR selector) + LR,X8_LH,209,Integrated
Integrated-SelectFromModel (L1-LR selector) + LR,X8_LI,210,Integrated
Integrated-SelectFromModel (L1-LR selector) + LR,X8_LK,211,Integrated
Integrated-SelectFromModel (L1-LR selector) + LR,X8_LL,212,Integrated
Integrated-SelectFromModel (L1-LR selector) + LR,X8_LM,213,Integrated
Integrated-SelectFromModel (L1-LR selector) + LR,X8_LN,214,Integrated
Integrated-SelectFromModel (L1-LR selector) + LR,X8_LP,215,Integrated
Integrated-SelectFromModel (L1-LR selector) + LR,X8_LQ,216,Integrated
Integrated-SelectFromModel (L1-LR selector) + LR,X8_LR,217,Integrated
Integrated-SelectFromModel (L1-LR selector) + LR,X8_LS,218,Integrated
Integrated-SelectFromModel (L1-LR selector) + LR,X8_LT,219,Integrated
Integrated-SelectFromModel (L1-LR selector) + LR,X8_LY,220,Integrated
Integrated-SelectFromModel (L1-LR selector) + LR,X8_MA,221,Integrated
Integrated-SelectFromModel (L1-LR selector) + LR,X8_MC,222,Integrated
Integrated-SelectFromModel (L1-LR selector) + LR,X8_MD,223,Integrated
Integrated-SelectFromModel (L1-LR selector) + LR,X8_MF,224,Integrated
Integrated-SelectFromModel (L1-LR selector) + LR,X8_MG,225,Integrated
Integrated-SelectFromModel (L1-LR selector) + LR,X8_MH,226,Integrated
Integrated-SelectFromModel (L1-LR selector) + LR,X8_MI,227,Integrated
Integrated-SelectFromModel (L1-LR selector) + LR,X8_MK,228,Integrated
Integrated-SelectFromModel (L1-LR selector) + LR,X8_ML,229,Integrated
Integrated-SelectFromModel (L1-LR selector) + LR,X8_MM,230,Integrated
Integrated-SelectFromModel (L1-LR selector) + LR,X8_MN,231,Integrated
Integrated-SelectFromModel (L1-LR selector) + LR,X8_MP,232,Integrated
Integrated-SelectFromModel (L1-LR selector) + LR,X8_MQ,233,Integrated
Integrated-SelectFromModel (L1-LR selector) + LR,X8_MR,234,Integrated
Integrated-SelectFromModel (L1-LR selector) + LR,X8_MS,235,Integrated
Integrated-SelectFromModel (L1-LR selector) + LR,X8_MT,236,Integrated
Integrated-SelectFromModel (L1-LR selector) + LR,X8_MV,237,Integrated
Integrated-SelectFromModel (L1-LR selector) + LR,X8_MY,238,Integrated
Integrated-SelectFromModel (L1-LR selector) + LR,X8_NA,239,Integrated
Integrated-SelectFromModel (L1-LR selector) + LR,X8_NC,240,Integrated
Integrated-SelectFromModel (L1-LR selector) + LR,X8_ND,241,Integrated
Integrated-SelectFromModel (L1-LR selector) + LR,X8_NE,242,Integrated
Integrated-SelectFromModel (L1-LR selector) + LR,X8_NF,243,Integrated
Integrated-SelectFromModel (L1-LR selector) + LR,X8_NG,244,Integrated
Integrated-SelectFromModel (L1-LR selector) + LR,X8_NH,245,Integrated
Integrated-SelectFromModel (L1-LR selector) + LR,X8_NI,246,Integrated
Integrated-SelectFromModel (L1-LR selector) + LR,X8_NK,247,Integrated
Integrated-SelectFromModel (L1-LR selector) + LR,X8_NL,248,Integrated
Integrated-SelectFromModel (L1-LR selector) + LR,X8_NM,249,Integrated
Integrated-SelectFromModel (L1-LR selector) + LR,X8_NN,250,Integrated
Integrated-SelectFromModel (L1-LR selector) + LR,X8_NP,251,Integrated
Integrated-SelectFromModel (L1-LR selector) + LR,X8_NQ,252,Integrated
Integrated-SelectFromModel (L1-LR selector) + LR,X8_NR,253,Integrated
Integrated-SelectFromModel (L1-LR selector) + LR,X8_NS,254,Integrated
Integrated-SelectFromModel (L1-LR selector) + LR,X8_NT,255,Integrated
Integrated-SelectFromModel (L1-LR selector) + LR,X8_NV,256,Integrated
Integrated-SelectFromModel (L1-LR selector) + LR,X8_NW,257,Integrated
Integrated-SelectFromModel (L1-LR selector) + LR,X8_NY,258,Integrated
Integrated-SelectFromModel (L1-LR selector) + LR,X8_PA,259,Integrated
Integrated-SelectFromModel (L1-LR selector) + LR,X8_PC,260,Integrated
Integrated-SelectFromModel (L1-LR selector) + LR,X8_PD,261,Integrated
Integrated-SelectFromModel (L1-LR selector) + LR,X8_PE,262,Integrated
Integrated-SelectFromModel (L1-LR selector) + LR,X8_PF,263,Integrated
Integrated-SelectFromModel (L1-LR selector) + LR,X8_PG,264,Integrated
Integrated-SelectFromModel (L1-LR selector) + LR,X8_PH,265,Integrated
Integrated-SelectFromModel (L1-LR selector) + LR,X8_PI,266,Integrated
Integrated-SelectFromModel (L1-LR selector) + LR,X8_PK,267,Integrated
Integrated-SelectFromModel (L1-LR selector) + LR,X8_PL,268,Integrated
Integrated-SelectFromModel (L1-LR selector) + LR,X8_PM,269,Integrated
Integrated-SelectFromModel (L1-LR selector) + LR,X8_PN,270,Integrated
Integrated-SelectFromModel (L1-LR selector) + LR,X8_PP,271,Integrated
Integrated-SelectFromModel (L1-LR selector) + LR,X8_PQ,272,Integrated
Integrated-SelectFromModel (L1-LR selector) + LR,X8_PR,273,Integrated
Integrated-SelectFromModel (L1-LR selector) + LR,X8_PS,274,Integrated
Integrated-SelectFromModel (L1-LR selector) + LR,X8_PT,275,Integrated
Integrated-SelectFromModel (L1-LR selector) + LR,X8_PV,276,Integrated
Integrated-SelectFromModel (L1-LR selector) + LR,X8_PW,277,Integrated
Integrated-SelectFromModel (L1-LR selector) + LR,X8_PY,278,Integrated
Integrated-SelectFromModel (L1-LR selector) + LR,X8_QA,279,Integrated
Integrated-SelectFromModel (L1-LR selector) + LR,X8_QC,280,Integrated
Integrated-SelectFromModel (L1-LR selector) + LR,X8_QD,281,Integrated
Integrated-SelectFromModel (L1-LR selector) + LR,X8_QE,282,Integrated
Integrated-SelectFromModel (L1-LR selector) + LR,X8_QF,283,Integrated
Integrated-SelectFromModel (L1-LR selector) + LR,X8_QG,284,Integrated
Integrated-SelectFromModel (L1-LR selector) + LR,X8_QI,285,Integrated
Integrated-SelectFromModel (L1-LR selector) + LR,X8_QK,286,Integrated
Integrated-SelectFromModel (L1-LR selector) + LR,X8_QL,287,Integrated
Integrated-SelectFromModel (L1-LR selector) + LR,X8_QN,288,Integrated
Integrated-SelectFromModel (L1-LR selector) + LR,X8_QP,289,Integrated
Integrated-SelectFromModel (L1-LR selector) + LR,X8_QQ,290,Integrated
Integrated-SelectFromModel (L1-LR selector) + LR,X8_QR,291,Integrated
Integrated-SelectFromModel (L1-LR selector) + LR,X8_QS,292,Integrated
Integrated-SelectFromModel (L1-LR selector) + LR,X8_QT,293,Integrated
Integrated-SelectFromModel (L1-LR selector) + LR,X8_QV,294,Integrated
Integrated-SelectFromModel (L1-LR selector) + LR,X8_QW,295,Integrated
Integrated-SelectFromModel (L1-LR selector) + LR,X8_QY,296,Integrated
Integrated-SelectFromModel (L1-LR selector) + LR,X8_RA,297,Integrated
Integrated-SelectFromModel (L1-LR selector) + LR,X8_RC,298,Integrated
Integrated-SelectFromModel (L1-LR selector) + LR,X8_RD,299,Integrated
Integrated-SelectFromModel (L1-LR selector) + LR,X8_RE,300,Integrated
Integrated-SelectFromModel (L1-LR selector) + LR,X8_RF,301,Integrated
Integrated-SelectFromModel (L1-LR selector) + LR,X8_RG,302,Integrated
Integrated-SelectFromModel (L1-LR selector) + LR,X8_RH,303,Integrated
Integrated-SelectFromModel (L1-LR selector) + LR,X8_RI,304,Integrated
Integrated-SelectFromModel (L1-LR selector) + LR,X8_RK,305,Integrated
Integrated-SelectFromModel (L1-LR selector) + LR,X8_RL,306,Integrated
Integrated-SelectFromModel (L1-LR selector) + LR,X8_RM,307,Integrated
Integrated-SelectFromModel (L1-LR selector) + LR,X8_RN,308,Integrated
Integrated-SelectFromModel (L1-LR selector) + LR,X8_RP,309,Integrated
Integrated-SelectFromModel (L1-LR selector) + LR,X8_RR,310,Integrated
Integrated-SelectFromModel (L1-LR selector) + LR,X8_RS,311,Integrated
Integrated-SelectFromModel (L1-LR selector) + LR,X8_RT,312,Integrated
Integrated-SelectFromModel (L1-LR selector) + LR,X8_RV,313,Integrated
Integrated-SelectFromModel (L1-LR selector) + LR,X8_RW,314,Integrated
Integrated-SelectFromModel (L1-LR selector) + LR,X8_RY,315,Integrated
Integrated-SelectFromModel (L1-LR selector) + LR,X8_SA,316,Integrated
Integrated-SelectFromModel (L1-LR selector) + LR,X8_SC,317,Integrated
Integrated-SelectFromModel (L1-LR selector) + LR,X8_SD,318,Integrated
Integrated-SelectFromModel (L1-LR selector) + LR,X8_SE,319,Integrated
Integrated-SelectFromModel (L1-LR selector) + LR,X8_SF,320,Integrated
Integrated-SelectFromModel (L1-LR selector) + LR,X8_SG,321,Integrated
Integrated-SelectFromModel (L1-LR selector) + LR,X8_SH,322,Integrated
Integrated-SelectFromModel (L1-LR selector) + LR,X8_SI,323,Integrated
Integrated-SelectFromModel (L1-LR selector) + LR,X8_SK,324,Integrated
Integrated-SelectFromModel (L1-LR selector) + LR,X8_SL,325,Integrated
Integrated-SelectFromModel (L1-LR selector) + LR,X8_SM,326,Integrated
Integrated-SelectFromModel (L1-LR selector) + LR,X8_SN,327,Integrated
Integrated-SelectFromModel (L1-LR selector) + LR,X8_SP,328,Integrated
Integrated-SelectFromModel (L1-LR selector) + LR,X8_SR,329,Integrated
Integrated-SelectFromModel (L1-LR selector) + LR,X8_SS,330,Integrated
Integrated-SelectFromModel (L1-LR selector) + LR,X8_ST,331,Integrated
Integrated-SelectFromModel (L1-LR selector) + LR,X8_SV,332,Integrated
Integrated-SelectFromModel (L1-LR selector) + LR,X8_SW,333,Integrated
Integrated-SelectFromModel (L1-LR selector) + LR,X8_SY,334,Integrated
Integrated-SelectFromModel (L1-LR selector) + LR,X8_TA,335,Integrated
Integrated-SelectFromModel (L1-LR selector) + LR,X8_TC,336,Integrated
Integrated-SelectFromModel (L1-LR selector) + LR,X8_TD,337,Integrated
Integrated-SelectFromModel (L1-LR selector) + LR,X8_TE,338,Integrated
Integrated-SelectFromModel (L1-LR selector) + LR,X8_TF,339,Integrated
Integrated-SelectFromModel (L1-LR selector) + LR,X8_TG,340,Integrated
Integrated-SelectFromModel (L1-LR selector) + LR,X8_TH,341,Integrated
Integrated-SelectFromModel (L1-LR selector) + LR,X8_TI,342,Integrated
Integrated-SelectFromModel (L1-LR selector) + LR,X8_TK,343,Integrated
Integrated-SelectFromModel (L1-LR selector) + LR,X8_TL,344,Integrated
Integrated-SelectFromModel (L1-LR selector) + LR,X8_TM,345,Integrated
Integrated-SelectFromModel (L1-LR selector) + LR,X8_TN,346,Integrated
Integrated-SelectFromModel (L1-LR selector) + LR,X8_TP,347,Integrated
Integrated-SelectFromModel (L1-LR selector) + LR,X8_TQ,348,Integrated
Integrated-SelectFromModel (L1-LR selector) + LR,X8_TR,349,Integrated
Integrated-SelectFromModel (L1-LR selector) + LR,X8_TS,350,Integrated
Integrated-SelectFromModel (L1-LR selector) + LR,X8_TT,351,Integrated
Integrated-SelectFromModel (L1-LR selector) + LR,X8_TV,352,Integrated
Integrated-SelectFromModel (L1-LR selector) + LR,X8_TW,353,Integrated
Integrated-SelectFromModel (L1-LR selector) + LR,X8_TY,354,Integrated
Integrated-SelectFromModel (L1-LR selector) + LR,X8_VA,355,Integrated
Integrated-SelectFromModel (L1-LR selector) + LR,X8_VC,356,Integrated
Integrated-SelectFromModel (L1-LR selector) + LR,X8_VD,357,Integrated
Integrated-SelectFromModel (L1-LR selector) + LR,X8_VE,358,Integrated
Integrated-SelectFromModel (L1-LR selector) + LR,X8_VF,359,Integrated
Integrated-SelectFromModel (L1-LR selector) + LR,X8_VG,360,Integrated
Integrated-SelectFromModel (L1-LR selector) + LR,X8_VH,361,Integrated
Integrated-SelectFromModel (L1-LR selector) + LR,X8_VI,362,Integrated
Integrated-SelectFromModel (L1-LR selector) + LR,X8_VK,363,Integrated
Integrated-SelectFromModel (L1-LR selector) + LR,X8_VL,364,Integrated
Integrated-SelectFromModel (L1-LR selector) + LR,X8_VM,365,Integrated
Integrated-SelectFromModel (L1-LR selector) + LR,X8_VP,366,Integrated
Integrated-SelectFromModel (L1-LR selector) + LR,X8_VR,367,Integrated
Integrated-SelectFromModel (L1-LR selector) + LR,X8_VS,368,Integrated
Integrated-SelectFromModel (L1-LR selector) + LR,X8_VT,369,Integrated
Integrated-SelectFromModel (L1-LR selector) + LR,X8_VW,370,Integrated
Integrated-SelectFromModel (L1-LR selector) + LR,X8_VY,371,Integrated
Integrated-SelectFromModel (L1-LR selector) + LR,X8_WA,372,Integrated
Integrated-SelectFromModel (L1-LR selector) + LR,X8_WC,373,Integrated
Integrated-SelectFromModel (L1-LR selector) + LR,X8_WD,374,Integrated
Integrated-SelectFromModel (L1-LR selector) + LR,X8_WE,375,Integrated
Integrated-SelectFromModel (L1-LR selector) + LR,X8_WF,376,Integrated
Integrated-SelectFromModel (L1-LR selector) + LR,X8_WG,377,Integrated
Integrated-SelectFromModel (L1-LR selector) + LR,X8_WH,378,Integrated
Integrated-SelectFromModel (L1-LR selector) + LR,X8_WI,379,Integrated
Integrated-SelectFromModel (L1-LR selector) + LR,X8_WK,380,Integrated
Integrated-SelectFromModel (L1-LR selector) + LR,X8_WL,381,Integrated
Integrated-SelectFromModel (L1-LR selector) + LR,X8_WM,382,Integrated
Integrated-SelectFromModel (L1-LR selector) + LR,X8_WN,383,Integrated
Integrated-SelectFromModel (L1-LR selector) + LR,X8_WP,384,Integrated
Integrated-SelectFromModel (L1-LR selector) + LR,X8_WQ,385,Integrated
Integrated-SelectFromModel (L1-LR selector) + LR,X8_WR,386,Integrated
Integrated-SelectFromModel (L1-LR selector) + LR,X8_WS,387,Integrated
Integrated-SelectFromModel (L1-LR selector) + LR,X8_WT,388,Integrated
Integrated-SelectFromModel (L1-LR selector) + LR,X8_WV,389,Integrated
Integrated-SelectFromModel (L1-LR selector) + LR,X8_WY,390,Integrated
Integrated-SelectFromModel (L1-LR selector) + LR,X8_YA,391,Integrated
Integrated-SelectFromModel (L1-LR selector) + LR,X8_YC,392,Integrated
Integrated-SelectFromModel (L1-LR selector) + LR,X8_YD,393,Integrated
Integrated-SelectFromModel (L1-LR selector) + LR,X8_YE,394,Integrated
Integrated-SelectFromModel (L1-LR selector) + LR,X8_YF,395,Integrated
Integrated-SelectFromModel (L1-LR selector) + LR,X8_YH,396,Integrated
Integrated-SelectFromModel (L1-LR selector) + LR,X8_YI,397,Integrated
Integrated-SelectFromModel (L1-LR selector) + LR,X8_YK,398,Integrated
Integrated-SelectFromModel (L1-LR selector) + LR,X8_YL,399,Integrated
Integrated-SelectFromModel (L1-LR selector) + LR,X8_YM,400,Integrated
Integrated-SelectFromModel (L1-LR selector) + LR,X8_YN,401,Integrated
Integrated-SelectFromModel (L1-LR selector) + LR,X8_YP,402,Integrated
Integrated-SelectFromModel (L1-LR selector) + LR,X8_YQ,403,Integrated
Integrated-SelectFromModel (L1-LR selector) + LR,X8_YR,404,Integrated
Integrated-SelectFromModel (L1-LR selector) + LR,X8_YS,405,Integrated
Integrated-SelectFromModel (L1-LR selector) + LR,X8_YT,406,Integrated
Integrated-SelectFromModel (L1-LR selector) + LR,X8_YW,407,Integrated
Integrated-SelectFromModel (L1-LR selector) + LR,X8_YY,408,Integrated
Integrated-SelectFromModel (L1-LR selector) + LR,acidic_group,409,Integrated
Integrated-SelectFromModel (L1-LR selector) + LR,charged_group,410,Integrated
Integrated-SelectFromModel (L1-LR selector) + LR,hydrophobic_moment,411,Integrated
Integrated-SelectFromModel (L1-LR selector) + LR,instability_index,412,Integrated
Integrated-SelectFromModel (L1-LR selector) + LR,isoelectric_point,413,Integrated
Integrated-SelectFromModel (L1-LR selector) + LR,peptide_len,414,Integrated
Integrated-SelectFromModel (L1-LR selector) + SVM,X4_A,1,Integrated
Integrated-SelectFromModel (L1-LR selector) + SVM,X4_C,2,Integrated
Integrated-SelectFromModel (L1-LR selector) + SVM,X4_D,3,Integrated
Integrated-SelectFromModel (L1-LR selector) + SVM,X4_E,4,Integrated
Integrated-SelectFromModel (L1-LR selector) + SVM,X4_F,5,Integrated
Integrated-SelectFromModel (L1-LR selector) + SVM,X4_G,6,Integrated
Integrated-SelectFromModel (L1-LR selector) + SVM,X4_H,7,Integrated
Integrated-SelectFromModel (L1-LR selector) + SVM,X4_I,8,Integrated
Integrated-SelectFromModel (L1-LR selector) + SVM,X4_K,9,Integrated
Integrated-SelectFromModel (L1-LR selector) + SVM,X4_L,10,Integrated
Integrated-SelectFromModel (L1-LR selector) + SVM,X4_M,11,Integrated
Integrated-SelectFromModel (L1-LR selector) + SVM,X4_N,12,Integrated
Integrated-SelectFromModel (L1-LR selector) + SVM,X4_P,13,Integrated
Integrated-SelectFromModel (L1-LR selector) + SVM,X4_Q,14,Integrated
Integrated-SelectFromModel (L1-LR selector) + SVM,X4_R,15,Integrated
Integrated-SelectFromModel (L1-LR selector) + SVM,X4_S,16,Integrated
Integrated-SelectFromModel (L1-LR selector) + SVM,X4_T,17,Integrated
Integrated-SelectFromModel (L1-LR selector) + SVM,X4_V,18,Integrated
Integrated-SelectFromModel (L1-LR selector) + SVM,X4_W,19,Integrated
Integrated-SelectFromModel (L1-LR selector) + SVM,X4_Y,20,Integrated
Integrated-SelectFromModel (L1-LR selector) + SVM,X5_A,21,Integrated
Integrated-SelectFromModel (L1-LR selector) + SVM,X5_C,22,Integrated
Integrated-SelectFromModel (L1-LR selector) + SVM,X5_D,23,Integrated
Integrated-SelectFromModel (L1-LR selector) + SVM,X5_E,24,Integrated
Integrated-SelectFromModel (L1-LR selector) + SVM,X5_F,25,Integrated
Integrated-SelectFromModel (L1-LR selector) + SVM,X5_G,26,Integrated
Integrated-SelectFromModel (L1-LR selector) + SVM,X5_H,27,Integrated
Integrated-SelectFromModel (L1-LR selector) + SVM,X5_I,28,Integrated
Integrated-SelectFromModel (L1-LR selector) + SVM,X5_K,29,Integrated
Integrated-SelectFromModel (L1-LR selector) + SVM,X5_L,30,Integrated
Integrated-SelectFromModel (L1-LR selector) + SVM,X5_M,31,Integrated
Integrated-SelectFromModel (L1-LR selector) + SVM,X5_N,32,Integrated
Integrated-SelectFromModel (L1-LR selector) + SVM,X5_P,33,Integrated
Integrated-SelectFromModel (L1-LR selector) + SVM,X5_Q,34,Integrated
Integrated-SelectFromModel (L1-LR selector) + SVM,X5_R,35,Integrated
Integrated-SelectFromModel (L1-LR selector) + SVM,X5_S,36,Integrated
Integrated-SelectFromModel (L1-LR selector) + SVM,X5_T,37,Integrated
Integrated-SelectFromModel (L1-LR selector) + SVM,X5_W,38,Integrated
Integrated-SelectFromModel (L1-LR selector) + SVM,X5_Y,39,Integrated
Integrated-SelectFromModel (L1-LR selector) + SVM,X8_AA,40,Integrated
Integrated-SelectFromModel (L1-LR selector) + SVM,X8_AC,41,Integrated
Integrated-SelectFromModel (L1-LR selector) + SVM,X8_AD,42,Integrated
Integrated-SelectFromModel (L1-LR selector) + SVM,X8_AE,43,Integrated
Integrated-SelectFromModel (L1-LR selector) + SVM,X8_AF,44,Integrated
Integrated-SelectFromModel (L1-LR selector) + SVM,X8_AG,45,Integrated
Integrated-SelectFromModel (L1-LR selector) + SVM,X8_AH,46,Integrated
Integrated-SelectFromModel (L1-LR selector) + SVM,X8_AK,47,Integrated
Integrated-SelectFromModel (L1-LR selector) + SVM,X8_AL,48,Integrated
Integrated-SelectFromModel (L1-LR selector) + SVM,X8_AM,49,Integrated
Integrated-SelectFromModel (L1-LR selector) + SVM,X8_AN,50,Integrated
Integrated-SelectFromModel (L1-LR selector) + SVM,X8_AP,51,Integrated
Integrated-SelectFromModel (L1-LR selector) + SVM,X8_AQ,52,Integrated
Integrated-SelectFromModel (L1-LR selector) + SVM,X8_AR,53,Integrated
Integrated-SelectFromModel (L1-LR selector) + SVM,X8_AS,54,Integrated
Integrated-SelectFromModel (L1-LR selector) + SVM,X8_AT,55,Integrated
Integrated-SelectFromModel (L1-LR selector) + SVM,X8_AV,56,Integrated
Integrated-SelectFromModel (L1-LR selector) + SVM,X8_AW,57,Integrated
Integrated-SelectFromModel (L1-LR selector) + SVM,X8_AY,58,Integrated
Integrated-SelectFromModel (L1-LR selector) + SVM,X8_CC,59,Integrated
Integrated-SelectFromModel (L1-LR selector) + SVM,X8_CD,60,Integrated
Integrated-SelectFromModel (L1-LR selector) + SVM,X8_CE,61,Integrated
Integrated-SelectFromModel (L1-LR selector) + SVM,X8_CF,62,Integrated
Integrated-SelectFromModel (L1-LR selector) + SVM,X8_CG,63,Integrated
Integrated-SelectFromModel (L1-LR selector) + SVM,X8_CH,64,Integrated
Integrated-SelectFromModel (L1-LR selector) + SVM,X8_CI,65,Integrated
Integrated-SelectFromModel (L1-LR selector) + SVM,X8_CK,66,Integrated
Integrated-SelectFromModel (L1-LR selector) + SVM,X8_CL,67,Integrated
Integrated-SelectFromModel (L1-LR selector) + SVM,X8_CM,68,Integrated
Integrated-SelectFromModel (L1-LR selector) + SVM,X8_CN,69,Integrated
Integrated-SelectFromModel (L1-LR selector) + SVM,X8_CP,70,Integrated
Integrated-SelectFromModel (L1-LR selector) + SVM,X8_CQ,71,Integrated
Integrated-SelectFromModel (L1-LR selector) + SVM,X8_CR,72,Integrated
Integrated-SelectFromModel (L1-LR selector) + SVM,X8_CS,73,Integrated
Integrated-SelectFromModel (L1-LR selector) + SVM,X8_CT,74,Integrated
Integrated-SelectFromModel (L1-LR selector) + SVM,X8_CV,75,Integrated
Integrated-SelectFromModel (L1-LR selector) + SVM,X8_CW,76,Integrated
Integrated-SelectFromModel (L1-LR selector) + SVM,X8_CY,77,Integrated
Integrated-SelectFromModel (L1-LR selector) + SVM,X8_DD,78,Integrated
Integrated-SelectFromModel (L1-LR selector) + SVM,X8_DE,79,Integrated
Integrated-SelectFromModel (L1-LR selector) + SVM,X8_DF,80,Integrated
Integrated-SelectFromModel (L1-LR selector) + SVM,X8_DG,81,Integrated
Integrated-SelectFromModel (L1-LR selector) + SVM,X8_DI,82,Integrated
Integrated-SelectFromModel (L1-LR selector) + SVM,X8_DK,83,Integrated
Integrated-SelectFromModel (L1-LR selector) + SVM,X8_DL,84,Integrated
Integrated-SelectFromModel (L1-LR selector) + SVM,X8_DM,85,Integrated
Integrated-SelectFromModel (L1-LR selector) + SVM,X8_DN,86,Integrated
Integrated-SelectFromModel (L1-LR selector) + SVM,X8_DP,87,Integrated
Integrated-SelectFromModel (L1-LR selector) + SVM,X8_DQ,88,Integrated
Integrated-SelectFromModel (L1-LR selector) + SVM,X8_DS,89,Integrated
Integrated-SelectFromModel (L1-LR selector) + SVM,X8_DT,90,Integrated
Integrated-SelectFromModel (L1-LR selector) + SVM,X8_DV,91,Integrated
Integrated-SelectFromModel (L1-LR selector) + SVM,X8_DW,92,Integrated
Integrated-SelectFromModel (L1-LR selector) + SVM,X8_DY,93,Integrated
Integrated-SelectFromModel (L1-LR selector) + SVM,X8_EA,94,Integrated
Integrated-SelectFromModel (L1-LR selector) + SVM,X8_EC,95,Integrated
Integrated-SelectFromModel (L1-LR selector) + SVM,X8_ED,96,Integrated
Integrated-SelectFromModel (L1-LR selector) + SVM,X8_EE,97,Integrated
Integrated-SelectFromModel (L1-LR selector) + SVM,X8_EF,98,Integrated
Integrated-SelectFromModel (L1-LR selector) + SVM,X8_EG,99,Integrated
Integrated-SelectFromModel (L1-LR selector) + SVM,X8_EI,100,Integrated
Integrated-SelectFromModel (L1-LR selector) + SVM,X8_EK,101,Integrated
Integrated-SelectFromModel (L1-LR selector) + SVM,X8_EL,102,Integrated
Integrated-SelectFromModel (L1-LR selector) + SVM,X8_EM,103,Integrated
Integrated-SelectFromModel (L1-LR selector) + SVM,X8_EN,104,Integrated
Integrated-SelectFromModel (L1-LR selector) + SVM,X8_EP,105,Integrated
Integrated-SelectFromModel (L1-LR selector) + SVM,X8_EQ,106,Integrated
Integrated-SelectFromModel (L1-LR selector) + SVM,X8_ER,107,Integrated
Integrated-SelectFromModel (L1-LR selector) + SVM,X8_ES,108,Integrated
Integrated-SelectFromModel (L1-LR selector) + SVM,X8_ET,109,Integrated
Integrated-SelectFromModel (L1-LR selector) + SVM,X8_EV,110,Integrated
Integrated-SelectFromModel (L1-LR selector) + SVM,X8_EW,111,Integrated
Integrated-SelectFromModel (L1-LR selector) + SVM,X8_EY,112,Integrated
Integrated-SelectFromModel (L1-LR selector) + SVM,X8_FA,113,Integrated
Integrated-SelectFromModel (L1-LR selector) + SVM,X8_FC,114,Integrated
Integrated-SelectFromModel (L1-LR selector) + SVM,X8_FE,115,Integrated
Integrated-SelectFromModel (L1-LR selector) + SVM,X8_FF,116,Integrated
Integrated-SelectFromModel (L1-LR selector) + SVM,X8_FG,117,Integrated
Integrated-SelectFromModel (L1-LR selector) + SVM,X8_FH,118,Integrated
Integrated-SelectFromModel (L1-LR selector) + SVM,X8_FI,119,Integrated
Integrated-SelectFromModel (L1-LR selector) + SVM,X8_FK,120,Integrated
Integrated-SelectFromModel (L1-LR selector) + SVM,X8_FL,121,Integrated
Integrated-SelectFromModel (L1-LR selector) + SVM,X8_FM,122,Integrated
Integrated-SelectFromModel (L1-LR selector) + SVM,X8_FN,123,Integrated
Integrated-SelectFromModel (L1-LR selector) + SVM,X8_FP,124,Integrated
Integrated-SelectFromModel (L1-LR selector) + SVM,X8_FQ,125,Integrated
Integrated-SelectFromModel (L1-LR selector) + SVM,X8_FR,126,Integrated
Integrated-SelectFromModel (L1-LR selector) + SVM,X8_FS,127,Integrated
Integrated-SelectFromModel (L1-LR selector) + SVM,X8_FT,128,Integrated
Integrated-SelectFromModel (L1-LR selector) + SVM,X8_FV,129,Integrated
Integrated-SelectFromModel (L1-LR selector) + SVM,X8_FW,130,Integrated
Integrated-SelectFromModel (L1-LR selector) + SVM,X8_FY,131,Integrated
Integrated-SelectFromModel (L1-LR selector) + SVM,X8_GA,132,Integrated
Integrated-SelectFromModel (L1-LR selector) + SVM,X8_GC,133,Integrated
Integrated-SelectFromModel (L1-LR selector) + SVM,X8_GD,134,Integrated
Integrated-SelectFromModel (L1-LR selector) + SVM,X8_GE,135,Integrated
Integrated-SelectFromModel (L1-LR selector) + SVM,X8_GF,136,Integrated
Integrated-SelectFromModel (L1-LR selector) + SVM,X8_GG,137,Integrated
Integrated-SelectFromModel (L1-LR selector) + SVM,X8_GI,138,Integrated
Integrated-SelectFromModel (L1-LR selector) + SVM,X8_GK,139,Integrated
Integrated-SelectFromModel (L1-LR selector) + SVM,X8_GL,140,Integrated
Integrated-SelectFromModel (L1-LR selector) + SVM,X8_GM,141,Integrated
Integrated-SelectFromModel (L1-LR selector) + SVM,X8_GN,142,Integrated
Integrated-SelectFromModel (L1-LR selector) + SVM,X8_GP,143,Integrated
Integrated-SelectFromModel (L1-LR selector) + SVM,X8_GQ,144,Integrated
Integrated-SelectFromModel (L1-LR selector) + SVM,X8_GR,145,Integrated
Integrated-SelectFromModel (L1-LR selector) + SVM,X8_GS,146,Integrated
Integrated-SelectFromModel (L1-LR selector) + SVM,X8_GT,147,Integrated
Integrated-SelectFromModel (L1-LR selector) + SVM,X8_GV,148,Integrated
Integrated-SelectFromModel (L1-LR selector) + SVM,X8_GW,149,Integrated
Integrated-SelectFromModel (L1-LR selector) + SVM,X8_GY,150,Integrated
Integrated-SelectFromModel (L1-LR selector) + SVM,X8_HA,151,Integrated
Integrated-SelectFromModel (L1-LR selector) + SVM,X8_HD,152,Integrated
Integrated-SelectFromModel (L1-LR selector) + SVM,X8_HE,153,Integrated
Integrated-SelectFromModel (L1-LR selector) + SVM,X8_HF,154,Integrated
Integrated-SelectFromModel (L1-LR selector) + SVM,X8_HG,155,Integrated
Integrated-SelectFromModel (L1-LR selector) + SVM,X8_HH,156,Integrated
Integrated-SelectFromModel (L1-LR selector) + SVM,X8_HK,157,Integrated
Integrated-SelectFromModel (L1-LR selector) + SVM,X8_HL,158,Integrated
Integrated-SelectFromModel (L1-LR selector) + SVM,X8_HM,159,Integrated
Integrated-SelectFromModel (L1-LR selector) + SVM,X8_HN,160,Integrated
Integrated-SelectFromModel (L1-LR selector) + SVM,X8_HP,161,Integrated
Integrated-SelectFromModel (L1-LR selector) + SVM,X8_HQ,162,Integrated
Integrated-SelectFromModel (L1-LR selector) + SVM,X8_HR,163,Integrated
Integrated-SelectFromModel (L1-LR selector) + SVM,X8_HS,164,Integrated
Integrated-SelectFromModel (L1-LR selector) + SVM,X8_HT,165,Integrated
Integrated-SelectFromModel (L1-LR selector) + SVM,X8_HV,166,Integrated
Integrated-SelectFromModel (L1-LR selector) + SVM,X8_HW,167,Integrated
Integrated-SelectFromModel (L1-LR selector) + SVM,X8_HY,168,Integrated
Integrated-SelectFromModel (L1-LR selector) + SVM,X8_IA,169,Integrated
Integrated-SelectFromModel (L1-LR selector) + SVM,X8_IC,170,Integrated
Integrated-SelectFromModel (L1-LR selector) + SVM,X8_ID,171,Integrated
Integrated-SelectFromModel (L1-LR selector) + SVM,X8_IE,172,Integrated
Integrated-SelectFromModel (L1-LR selector) + SVM,X8_IF,173,Integrated
Integrated-SelectFromModel (L1-LR selector) + SVM,X8_IG,174,Integrated
Integrated-SelectFromModel (L1-LR selector) + SVM,X8_IH,175,Integrated
Integrated-SelectFromModel (L1-LR selector) + SVM,X8_II,176,Integrated
Integrated-SelectFromModel (L1-LR selector) + SVM,X8_IK,177,Integrated
Integrated-SelectFromModel (L1-LR selector) + SVM,X8_IL,178,Integrated
Integrated-SelectFromModel (L1-LR selector) + SVM,X8_IM,179,Integrated
Integrated-SelectFromModel (L1-LR selector) + SVM,X8_IN,180,Integrated
Integrated-SelectFromModel (L1-LR selector) + SVM,X8_IP,181,Integrated
Integrated-SelectFromModel (L1-LR selector) + SVM,X8_IQ,182,Integrated
Integrated-SelectFromModel (L1-LR selector) + SVM,X8_IR,183,Integrated
Integrated-SelectFromModel (L1-LR selector) + SVM,X8_IS,184,Integrated
Integrated-SelectFromModel (L1-LR selector) + SVM,X8_IT,185,Integrated
Integrated-SelectFromModel (L1-LR selector) + SVM,X8_IV,186,Integrated
Integrated-SelectFromModel (L1-LR selector) + SVM,X8_IW,187,Integrated
Integrated-SelectFromModel (L1-LR selector) + SVM,X8_IY,188,Integrated
Integrated-SelectFromModel (L1-LR selector) + SVM,X8_KA,189,Integrated
Integrated-SelectFromModel (L1-LR selector) + SVM,X8_KC,190,Integrated
Integrated-SelectFromModel (L1-LR selector) + SVM,X8_KD,191,Integrated
Integrated-SelectFromModel (L1-LR selector) + SVM,X8_KG,192,Integrated
Integrated-SelectFromModel (L1-LR selector) + SVM,X8_KI,193,Integrated
Integrated-SelectFromModel (L1-LR selector) + SVM,X8_KK,194,Integrated
Integrated-SelectFromModel (L1-LR selector) + SVM,X8_KL,195,Integrated
Integrated-SelectFromModel (L1-LR selector) + SVM,X8_KM,196,Integrated
Integrated-SelectFromModel (L1-LR selector) + SVM,X8_KN,197,Integrated
Integrated-SelectFromModel (L1-LR selector) + SVM,X8_KQ,198,Integrated
Integrated-SelectFromModel (L1-LR selector) + SVM,X8_KR,199,Integrated
Integrated-SelectFromModel (L1-LR selector) + SVM,X8_KS,200,Integrated
Integrated-SelectFromModel (L1-LR selector) + SVM,X8_KV,201,Integrated
Integrated-SelectFromModel (L1-LR selector) + SVM,X8_KW,202,Integrated
Integrated-SelectFromModel (L1-LR selector) + SVM,X8_KY,203,Integrated
Integrated-SelectFromModel (L1-LR selector) + SVM,X8_LA,204,Integrated
Integrated-SelectFromModel (L1-LR selector) + SVM,X8_LC,205,Integrated
Integrated-SelectFromModel (L1-LR selector) + SVM,X8_LD,206,Integrated
Integrated-SelectFromModel (L1-LR selector) + SVM,X8_LE,207,Integrated
Integrated-SelectFromModel (L1-LR selector) + SVM,X8_LF,208,Integrated
Integrated-SelectFromModel (L1-LR selector) + SVM,X8_LH,209,Integrated
Integrated-SelectFromModel (L1-LR selector) + SVM,X8_LI,210,Integrated
Integrated-SelectFromModel (L1-LR selector) + SVM,X8_LK,211,Integrated
Integrated-SelectFromModel (L1-LR selector) + SVM,X8_LL,212,Integrated
Integrated-SelectFromModel (L1-LR selector) + SVM,X8_LM,213,Integrated
Integrated-SelectFromModel (L1-LR selector) + SVM,X8_LN,214,Integrated
Integrated-SelectFromModel (L1-LR selector) + SVM,X8_LP,215,Integrated
Integrated-SelectFromModel (L1-LR selector) + SVM,X8_LQ,216,Integrated
Integrated-SelectFromModel (L1-LR selector) + SVM,X8_LR,217,Integrated
Integrated-SelectFromModel (L1-LR selector) + SVM,X8_LS,218,Integrated
Integrated-SelectFromModel (L1-LR selector) + SVM,X8_LT,219,Integrated
Integrated-SelectFromModel (L1-LR selector) + SVM,X8_LY,220,Integrated
Integrated-SelectFromModel (L1-LR selector) + SVM,X8_MA,221,Integrated
Integrated-SelectFromModel (L1-LR selector) + SVM,X8_MC,222,Integrated
Integrated-SelectFromModel (L1-LR selector) + SVM,X8_MD,223,Integrated
Integrated-SelectFromModel (L1-LR selector) + SVM,X8_MF,224,Integrated
Integrated-SelectFromModel (L1-LR selector) + SVM,X8_MG,225,Integrated
Integrated-SelectFromModel (L1-LR selector) + SVM,X8_MH,226,Integrated
Integrated-SelectFromModel (L1-LR selector) + SVM,X8_MI,227,Integrated
Integrated-SelectFromModel (L1-LR selector) + SVM,X8_MK,228,Integrated
Integrated-SelectFromModel (L1-LR selector) + SVM,X8_ML,229,Integrated
Integrated-SelectFromModel (L1-LR selector) + SVM,X8_MM,230,Integrated
Integrated-SelectFromModel (L1-LR selector) + SVM,X8_MN,231,Integrated
Integrated-SelectFromModel (L1-LR selector) + SVM,X8_MP,232,Integrated
Integrated-SelectFromModel (L1-LR selector) + SVM,X8_MQ,233,Integrated
Integrated-SelectFromModel (L1-LR selector) + SVM,X8_MR,234,Integrated
Integrated-SelectFromModel (L1-LR selector) + SVM,X8_MS,235,Integrated
Integrated-SelectFromModel (L1-LR selector) + SVM,X8_MT,236,Integrated
Integrated-SelectFromModel (L1-LR selector) + SVM,X8_MV,237,Integrated
Integrated-SelectFromModel (L1-LR selector) + SVM,X8_MY,238,Integrated
Integrated-SelectFromModel (L1-LR selector) + SVM,X8_NA,239,Integrated
Integrated-SelectFromModel (L1-LR selector) + SVM,X8_NC,240,Integrated
Integrated-SelectFromModel (L1-LR selector) + SVM,X8_ND,241,Integrated
Integrated-SelectFromModel (L1-LR selector) + SVM,X8_NE,242,Integrated
Integrated-SelectFromModel (L1-LR selector) + SVM,X8_NF,243,Integrated
Integrated-SelectFromModel (L1-LR selector) + SVM,X8_NG,244,Integrated
Integrated-SelectFromModel (L1-LR selector) + SVM,X8_NH,245,Integrated
Integrated-SelectFromModel (L1-LR selector) + SVM,X8_NI,246,Integrated
Integrated-SelectFromModel (L1-LR selector) + SVM,X8_NK,247,Integrated
Integrated-SelectFromModel (L1-LR selector) + SVM,X8_NL,248,Integrated
Integrated-SelectFromModel (L1-LR selector) + SVM,X8_NM,249,Integrated
Integrated-SelectFromModel (L1-LR selector) + SVM,X8_NN,250,Integrated
Integrated-SelectFromModel (L1-LR selector) + SVM,X8_NP,251,Integrated
Integrated-SelectFromModel (L1-LR selector) + SVM,X8_NQ,252,Integrated
Integrated-SelectFromModel (L1-LR selector) + SVM,X8_NR,253,Integrated
Integrated-SelectFromModel (L1-LR selector) + SVM,X8_NS,254,Integrated
Integrated-SelectFromModel (L1-LR selector) + SVM,X8_NT,255,Integrated
Integrated-SelectFromModel (L1-LR selector) + SVM,X8_NV,256,Integrated
Integrated-SelectFromModel (L1-LR selector) + SVM,X8_NW,257,Integrated
Integrated-SelectFromModel (L1-LR selector) + SVM,X8_NY,258,Integrated
Integrated-SelectFromModel (L1-LR selector) + SVM,X8_PA,259,Integrated
Integrated-SelectFromModel (L1-LR selector) + SVM,X8_PC,260,Integrated
Integrated-SelectFromModel (L1-LR selector) + SVM,X8_PD,261,Integrated
Integrated-SelectFromModel (L1-LR selector) + SVM,X8_PE,262,Integrated
Integrated-SelectFromModel (L1-LR selector) + SVM,X8_PF,263,Integrated
Integrated-SelectFromModel (L1-LR selector) + SVM,X8_PG,264,Integrated
Integrated-SelectFromModel (L1-LR selector) + SVM,X8_PH,265,Integrated
Integrated-SelectFromModel (L1-LR selector) + SVM,X8_PI,266,Integrated
Integrated-SelectFromModel (L1-LR selector) + SVM,X8_PK,267,Integrated
Integrated-SelectFromModel (L1-LR selector) + SVM,X8_PL,268,Integrated
Integrated-SelectFromModel (L1-LR selector) + SVM,X8_PM,269,Integrated
Integrated-SelectFromModel (L1-LR selector) + SVM,X8_PN,270,Integrated
Integrated-SelectFromModel (L1-LR selector) + SVM,X8_PP,271,Integrated
Integrated-SelectFromModel (L1-LR selector) + SVM,X8_PQ,272,Integrated
Integrated-SelectFromModel (L1-LR selector) + SVM,X8_PR,273,Integrated
Integrated-SelectFromModel (L1-LR selector) + SVM,X8_PS,274,Integrated
Integrated-SelectFromModel (L1-LR selector) + SVM,X8_PT,275,Integrated
Integrated-SelectFromModel (L1-LR selector) + SVM,X8_PV,276,Integrated
Integrated-SelectFromModel (L1-LR selector) + SVM,X8_PW,277,Integrated
Integrated-SelectFromModel (L1-LR selector) + SVM,X8_PY,278,Integrated
Integrated-SelectFromModel (L1-LR selector) + SVM,X8_QA,279,Integrated
Integrated-SelectFromModel (L1-LR selector) + SVM,X8_QC,280,Integrated
Integrated-SelectFromModel (L1-LR selector) + SVM,X8_QD,281,Integrated
Integrated-SelectFromModel (L1-LR selector) + SVM,X8_QE,282,Integrated
Integrated-SelectFromModel (L1-LR selector) + SVM,X8_QF,283,Integrated
Integrated-SelectFromModel (L1-LR selector) + SVM,X8_QG,284,Integrated
Integrated-SelectFromModel (L1-LR selector) + SVM,X8_QI,285,Integrated
Integrated-SelectFromModel (L1-LR selector) + SVM,X8_QK,286,Integrated
Integrated-SelectFromModel (L1-LR selector) + SVM,X8_QL,287,Integrated
Integrated-SelectFromModel (L1-LR selector) + SVM,X8_QN,288,Integrated
Integrated-SelectFromModel (L1-LR selector) + SVM,X8_QP,289,Integrated
Integrated-SelectFromModel (L1-LR selector) + SVM,X8_QQ,290,Integrated
Integrated-SelectFromModel (L1-LR selector) + SVM,X8_QR,291,Integrated
Integrated-SelectFromModel (L1-LR selector) + SVM,X8_QS,292,Integrated
Integrated-SelectFromModel (L1-LR selector) + SVM,X8_QT,293,Integrated
Integrated-SelectFromModel (L1-LR selector) + SVM,X8_QV,294,Integrated
Integrated-SelectFromModel (L1-LR selector) + SVM,X8_QW,295,Integrated
Integrated-SelectFromModel (L1-LR selector) + SVM,X8_QY,296,Integrated
Integrated-SelectFromModel (L1-LR selector) + SVM,X8_RA,297,Integrated
Integrated-SelectFromModel (L1-LR selector) + SVM,X8_RC,298,Integrated
Integrated-SelectFromModel (L1-LR selector) + SVM,X8_RD,299,Integrated
Integrated-SelectFromModel (L1-LR selector) + SVM,X8_RE,300,Integrated
Integrated-SelectFromModel (L1-LR selector) + SVM,X8_RF,301,Integrated
Integrated-SelectFromModel (L1-LR selector) + SVM,X8_RG,302,Integrated
Integrated-SelectFromModel (L1-LR selector) + SVM,X8_RH,303,Integrated
Integrated-SelectFromModel (L1-LR selector) + SVM,X8_RI,304,Integrated
Integrated-SelectFromModel (L1-LR selector) + SVM,X8_RK,305,Integrated
Integrated-SelectFromModel (L1-LR selector) + SVM,X8_RL,306,Integrated
Integrated-SelectFromModel (L1-LR selector) + SVM,X8_RM,307,Integrated
Integrated-SelectFromModel (L1-LR selector) + SVM,X8_RN,308,Integrated
Integrated-SelectFromModel (L1-LR selector) + SVM,X8_RP,309,Integrated
Integrated-SelectFromModel (L1-LR selector) + SVM,X8_RR,310,Integrated
Integrated-SelectFromModel (L1-LR selector) + SVM,X8_RS,311,Integrated
Integrated-SelectFromModel (L1-LR selector) + SVM,X8_RT,312,Integrated
Integrated-SelectFromModel (L1-LR selector) + SVM,X8_RV,313,Integrated
Integrated-SelectFromModel (L1-LR selector) + SVM,X8_RW,314,Integrated
Integrated-SelectFromModel (L1-LR selector) + SVM,X8_RY,315,Integrated
Integrated-SelectFromModel (L1-LR selector) + SVM,X8_SA,316,Integrated
Integrated-SelectFromModel (L1-LR selector) + SVM,X8_SC,317,Integrated
Integrated-SelectFromModel (L1-LR selector) + SVM,X8_SD,318,Integrated
Integrated-SelectFromModel (L1-LR selector) + SVM,X8_SE,319,Integrated
Integrated-SelectFromModel (L1-LR selector) + SVM,X8_SF,320,Integrated
Integrated-SelectFromModel (L1-LR selector) + SVM,X8_SG,321,Integrated
Integrated-SelectFromModel (L1-LR selector) + SVM,X8_SH,322,Integrated
Integrated-SelectFromModel (L1-LR selector) + SVM,X8_SI,323,Integrated
Integrated-SelectFromModel (L1-LR selector) + SVM,X8_SK,324,Integrated
Integrated-SelectFromModel (L1-LR selector) + SVM,X8_SL,325,Integrated
Integrated-SelectFromModel (L1-LR selector) + SVM,X8_SM,326,Integrated
Integrated-SelectFromModel (L1-LR selector) + SVM,X8_SN,327,Integrated
Integrated-SelectFromModel (L1-LR selector) + SVM,X8_SP,328,Integrated
Integrated-SelectFromModel (L1-LR selector) + SVM,X8_SR,329,Integrated
Integrated-SelectFromModel (L1-LR selector) + SVM,X8_SS,330,Integrated
Integrated-SelectFromModel (L1-LR selector) + SVM,X8_ST,331,Integrated
Integrated-SelectFromModel (L1-LR selector) + SVM,X8_SV,332,Integrated
Integrated-SelectFromModel (L1-LR selector) + SVM,X8_SW,333,Integrated
Integrated-SelectFromModel (L1-LR selector) + SVM,X8_SY,334,Integrated
Integrated-SelectFromModel (L1-LR selector) + SVM,X8_TA,335,Integrated
Integrated-SelectFromModel (L1-LR selector) + SVM,X8_TC,336,Integrated
Integrated-SelectFromModel (L1-LR selector) + SVM,X8_TD,337,Integrated
Integrated-SelectFromModel (L1-LR selector) + SVM,X8_TE,338,Integrated
Integrated-SelectFromModel (L1-LR selector) + SVM,X8_TF,339,Integrated
Integrated-SelectFromModel (L1-LR selector) + SVM,X8_TG,340,Integrated
Integrated-SelectFromModel (L1-LR selector) + SVM,X8_TH,341,Integrated
Integrated-SelectFromModel (L1-LR selector) + SVM,X8_TI,342,Integrated
Integrated-SelectFromModel (L1-LR selector) + SVM,X8_TK,343,Integrated
Integrated-SelectFromModel (L1-LR selector) + SVM,X8_TL,344,Integrated
Integrated-SelectFromModel (L1-LR selector) + SVM,X8_TM,345,Integrated
Integrated-SelectFromModel (L1-LR selector) + SVM,X8_TN,346,Integrated
Integrated-SelectFromModel (L1-LR selector) + SVM,X8_TP,347,Integrated
Integrated-SelectFromModel (L1-LR selector) + SVM,X8_TQ,348,Integrated
Integrated-SelectFromModel (L1-LR selector) + SVM,X8_TR,349,Integrated
Integrated-SelectFromModel (L1-LR selector) + SVM,X8_TS,350,Integrated
Integrated-SelectFromModel (L1-LR selector) + SVM,X8_TT,351,Integrated
Integrated-SelectFromModel (L1-LR selector) + SVM,X8_TV,352,Integrated
Integrated-SelectFromModel (L1-LR selector) + SVM,X8_TW,353,Integrated
Integrated-SelectFromModel (L1-LR selector) + SVM,X8_TY,354,Integrated
Integrated-SelectFromModel (L1-LR selector) + SVM,X8_VA,355,Integrated
Integrated-SelectFromModel (L1-LR selector) + SVM,X8_VC,356,Integrated
Integrated-SelectFromModel (L1-LR selector) + SVM,X8_VD,357,Integrated
Integrated-SelectFromModel (L1-LR selector) + SVM,X8_VE,358,Integrated
Integrated-SelectFromModel (L1-LR selector) + SVM,X8_VF,359,Integrated
Integrated-SelectFromModel (L1-LR selector) + SVM,X8_VG,360,Integrated
Integrated-SelectFromModel (L1-LR selector) + SVM,X8_VH,361,Integrated
Integrated-SelectFromModel (L1-LR selector) + SVM,X8_VI,362,Integrated
Integrated-SelectFromModel (L1-LR selector) + SVM,X8_VK,363,Integrated
Integrated-SelectFromModel (L1-LR selector) + SVM,X8_VL,364,Integrated
Integrated-SelectFromModel (L1-LR selector) + SVM,X8_VM,365,Integrated
Integrated-SelectFromModel (L1-LR selector) + SVM,X8_VP,366,Integrated
Integrated-SelectFromModel (L1-LR selector) + SVM,X8_VR,367,Integrated
Integrated-SelectFromModel (L1-LR selector) + SVM,X8_VS,368,Integrated
Integrated-SelectFromModel (L1-LR selector) + SVM,X8_VT,369,Integrated
Integrated-SelectFromModel (L1-LR selector) + SVM,X8_VW,370,Integrated
Integrated-SelectFromModel (L1-LR selector) + SVM,X8_VY,371,Integrated
Integrated-SelectFromModel (L1-LR selector) + SVM,X8_WA,372,Integrated
Integrated-SelectFromModel (L1-LR selector) + SVM,X8_WC,373,Integrated
Integrated-SelectFromModel (L1-LR selector) + SVM,X8_WD,374,Integrated
Integrated-SelectFromModel (L1-LR selector) + SVM,X8_WE,375,Integrated
Integrated-SelectFromModel (L1-LR selector) + SVM,X8_WF,376,Integrated
Integrated-SelectFromModel (L1-LR selector) + SVM,X8_WG,377,Integrated
Integrated-SelectFromModel (L1-LR selector) + SVM,X8_WH,378,Integrated
Integrated-SelectFromModel (L1-LR selector) + SVM,X8_WI,379,Integrated
Integrated-SelectFromModel (L1-LR selector) + SVM,X8_WK,380,Integrated
Integrated-SelectFromModel (L1-LR selector) + SVM,X8_WL,381,Integrated
Integrated-SelectFromModel (L1-LR selector) + SVM,X8_WM,382,Integrated
Integrated-SelectFromModel (L1-LR selector) + SVM,X8_WN,383,Integrated
Integrated-SelectFromModel (L1-LR selector) + SVM,X8_WP,384,Integrated
Integrated-SelectFromModel (L1-LR selector) + SVM,X8_WQ,385,Integrated
Integrated-SelectFromModel (L1-LR selector) + SVM,X8_WR,386,Integrated
Integrated-SelectFromModel (L1-LR selector) + SVM,X8_WS,387,Integrated
Integrated-SelectFromModel (L1-LR selector) + SVM,X8_WT,388,Integrated
Integrated-SelectFromModel (L1-LR selector) + SVM,X8_WV,389,Integrated
Integrated-SelectFromModel (L1-LR selector) + SVM,X8_WY,390,Integrated
Integrated-SelectFromModel (L1-LR selector) + SVM,X8_YA,391,Integrated
Integrated-SelectFromModel (L1-LR selector) + SVM,X8_YC,392,Integrated
Integrated-SelectFromModel (L1-LR selector) + SVM,X8_YD,393,Integrated
Integrated-SelectFromModel (L1-LR selector) + SVM,X8_YE,394,Integrated
Integrated-SelectFromModel (L1-LR selector) + SVM,X8_YF,395,Integrated
Integrated-SelectFromModel (L1-LR selector) + SVM,X8_YH,396,Integrated
Integrated-SelectFromModel (L1-LR selector) + SVM,X8_YI,397,Integrated
Integrated-SelectFromModel (L1-LR selector) + SVM,X8_YK,398,Integrated
Integrated-SelectFromModel (L1-LR selector) + SVM,X8_YL,399,Integrated
Integrated-SelectFromModel (L1-LR selector) + SVM,X8_YM,400,Integrated
Integrated-SelectFromModel (L1-LR selector) + SVM,X8_YN,401,Integrated
Integrated-SelectFromModel (L1-LR selector) + SVM,X8_YP,402,Integrated
Integrated-SelectFromModel (L1-LR selector) + SVM,X8_YQ,403,Integrated
Integrated-SelectFromModel (L1-LR selector) + SVM,X8_YR,404,Integrated
Integrated-SelectFromModel (L1-LR selector) + SVM,X8_YS,405,Integrated
Integrated-SelectFromModel (L1-LR selector) + SVM,X8_YT,406,Integrated
Integrated-SelectFromModel (L1-LR selector) + SVM,X8_YW,407,Integrated
Integrated-SelectFromModel (L1-LR selector) + SVM,X8_YY,408,Integrated
Integrated-SelectFromModel (L1-LR selector) + SVM,acidic_group,409,Integrated
Integrated-SelectFromModel (L1-LR selector) + SVM,charged_group,410,Integrated
Integrated-SelectFromModel (L1-LR selector) + SVM,hydrophobic_moment,411,Integrated
Integrated-SelectFromModel (L1-LR selector) + SVM,instability_index,412,Integrated
Integrated-SelectFromModel (L1-LR selector) + SVM,isoelectric_point,413,Integrated
Integrated-SelectFromModel (L1-LR selector) + SVM,peptide_len,414,Integrated
Integrated-SelectFromModel (L1-LR selector) + KNN,X4_A,1,Integrated
Integrated-SelectFromModel (L1-LR selector) + KNN,X4_C,2,Integrated
Integrated-SelectFromModel (L1-LR selector) + KNN,X4_D,3,Integrated
Integrated-SelectFromModel (L1-LR selector) + KNN,X4_E,4,Integrated
Integrated-SelectFromModel (L1-LR selector) + KNN,X4_F,5,Integrated
Integrated-SelectFromModel (L1-LR selector) + KNN,X4_G,6,Integrated
Integrated-SelectFromModel (L1-LR selector) + KNN,X4_H,7,Integrated
Integrated-SelectFromModel (L1-LR selector) + KNN,X4_I,8,Integrated
Integrated-SelectFromModel (L1-LR selector) + KNN,X4_K,9,Integrated
Integrated-SelectFromModel (L1-LR selector) + KNN,X4_L,10,Integrated
Integrated-SelectFromModel (L1-LR selector) + KNN,X4_M,11,Integrated
Integrated-SelectFromModel (L1-LR selector) + KNN,X4_N,12,Integrated
Integrated-SelectFromModel (L1-LR selector) + KNN,X4_P,13,Integrated
Integrated-SelectFromModel (L1-LR selector) + KNN,X4_Q,14,Integrated
Integrated-SelectFromModel (L1-LR selector) + KNN,X4_R,15,Integrated
Integrated-SelectFromModel (L1-LR selector) + KNN,X4_S,16,Integrated
Integrated-SelectFromModel (L1-LR selector) + KNN,X4_T,17,Integrated
Integrated-SelectFromModel (L1-LR selector) + KNN,X4_V,18,Integrated
Integrated-SelectFromModel (L1-LR selector) + KNN,X4_W,19,Integrated
Integrated-SelectFromModel (L1-LR selector) + KNN,X4_Y,20,Integrated
Integrated-SelectFromModel (L1-LR selector) + KNN,X5_A,21,Integrated
Integrated-SelectFromModel (L1-LR selector) + KNN,X5_C,22,Integrated
Integrated-SelectFromModel (L1-LR selector) + KNN,X5_D,23,Integrated
Integrated-SelectFromModel (L1-LR selector) + KNN,X5_E,24,Integrated
Integrated-SelectFromModel (L1-LR selector) + KNN,X5_F,25,Integrated
Integrated-SelectFromModel (L1-LR selector) + KNN,X5_G,26,Integrated
Integrated-SelectFromModel (L1-LR selector) + KNN,X5_H,27,Integrated
Integrated-SelectFromModel (L1-LR selector) + KNN,X5_I,28,Integrated
Integrated-SelectFromModel (L1-LR selector) + KNN,X5_K,29,Integrated
Integrated-SelectFromModel (L1-LR selector) + KNN,X5_L,30,Integrated
Integrated-SelectFromModel (L1-LR selector) + KNN,X5_M,31,Integrated
Integrated-SelectFromModel (L1-LR selector) + KNN,X5_N,32,Integrated
Integrated-SelectFromModel (L1-LR selector) + KNN,X5_P,33,Integrated
Integrated-SelectFromModel (L1-LR selector) + KNN,X5_Q,34,Integrated
Integrated-SelectFromModel (L1-LR selector) + KNN,X5_R,35,Integrated
Integrated-SelectFromModel (L1-LR selector) + KNN,X5_S,36,Integrated
Integrated-SelectFromModel (L1-LR selector) + KNN,X5_T,37,Integrated
Integrated-SelectFromModel (L1-LR selector) + KNN,X5_W,38,Integrated
Integrated-SelectFromModel (L1-LR selector) + KNN,X5_Y,39,Integrated
Integrated-SelectFromModel (L1-LR selector) + KNN,X8_AA,40,Integrated
Integrated-SelectFromModel (L1-LR selector) + KNN,X8_AC,41,Integrated
Integrated-SelectFromModel (L1-LR selector) + KNN,X8_AD,42,Integrated
Integrated-SelectFromModel (L1-LR selector) + KNN,X8_AE,43,Integrated
Integrated-SelectFromModel (L1-LR selector) + KNN,X8_AF,44,Integrated
Integrated-SelectFromModel (L1-LR selector) + KNN,X8_AG,45,Integrated
Integrated-SelectFromModel (L1-LR selector) + KNN,X8_AH,46,Integrated
Integrated-SelectFromModel (L1-LR selector) + KNN,X8_AK,47,Integrated
Integrated-SelectFromModel (L1-LR selector) + KNN,X8_AL,48,Integrated
Integrated-SelectFromModel (L1-LR selector) + KNN,X8_AM,49,Integrated
Integrated-SelectFromModel (L1-LR selector) + KNN,X8_AN,50,Integrated
Integrated-SelectFromModel (L1-LR selector) + KNN,X8_AP,51,Integrated
Integrated-SelectFromModel (L1-LR selector) + KNN,X8_AQ,52,Integrated
Integrated-SelectFromModel (L1-LR selector) + KNN,X8_AR,53,Integrated
Integrated-SelectFromModel (L1-LR selector) + KNN,X8_AS,54,Integrated
Integrated-SelectFromModel (L1-LR selector) + KNN,X8_AT,55,Integrated
Integrated-SelectFromModel (L1-LR selector) + KNN,X8_AV,56,Integrated
Integrated-SelectFromModel (L1-LR selector) + KNN,X8_AW,57,Integrated
Integrated-SelectFromModel (L1-LR selector) + KNN,X8_AY,58,Integrated
Integrated-SelectFromModel (L1-LR selector) + KNN,X8_CC,59,Integrated
Integrated-SelectFromModel (L1-LR selector) + KNN,X8_CD,60,Integrated
Integrated-SelectFromModel (L1-LR selector) + KNN,X8_CE,61,Integrated
Integrated-SelectFromModel (L1-LR selector) + KNN,X8_CF,62,Integrated
Integrated-SelectFromModel (L1-LR selector) + KNN,X8_CG,63,Integrated
Integrated-SelectFromModel (L1-LR selector) + KNN,X8_CH,64,Integrated
Integrated-SelectFromModel (L1-LR selector) + KNN,X8_CI,65,Integrated
Integrated-SelectFromModel (L1-LR selector) + KNN,X8_CK,66,Integrated
Integrated-SelectFromModel (L1-LR selector) + KNN,X8_CL,67,Integrated
Integrated-SelectFromModel (L1-LR selector) + KNN,X8_CM,68,Integrated
Integrated-SelectFromModel (L1-LR selector) + KNN,X8_CN,69,Integrated
Integrated-SelectFromModel (L1-LR selector) + KNN,X8_CP,70,Integrated
Integrated-SelectFromModel (L1-LR selector) + KNN,X8_CQ,71,Integrated
Integrated-SelectFromModel (L1-LR selector) + KNN,X8_CR,72,Integrated
Integrated-SelectFromModel (L1-LR selector) + KNN,X8_CS,73,Integrated
Integrated-SelectFromModel (L1-LR selector) + KNN,X8_CT,74,Integrated
Integrated-SelectFromModel (L1-LR selector) + KNN,X8_CV,75,Integrated
Integrated-SelectFromModel (L1-LR selector) + KNN,X8_CW,76,Integrated
Integrated-SelectFromModel (L1-LR selector) + KNN,X8_CY,77,Integrated
Integrated-SelectFromModel (L1-LR selector) + KNN,X8_DD,78,Integrated
Integrated-SelectFromModel (L1-LR selector) + KNN,X8_DE,79,Integrated
Integrated-SelectFromModel (L1-LR selector) + KNN,X8_DF,80,Integrated
Integrated-SelectFromModel (L1-LR selector) + KNN,X8_DG,81,Integrated
Integrated-SelectFromModel (L1-LR selector) + KNN,X8_DI,82,Integrated
Integrated-SelectFromModel (L1-LR selector) + KNN,X8_DK,83,Integrated
Integrated-SelectFromModel (L1-LR selector) + KNN,X8_DL,84,Integrated
Integrated-SelectFromModel (L1-LR selector) + KNN,X8_DM,85,Integrated
Integrated-SelectFromModel (L1-LR selector) + KNN,X8_DN,86,Integrated
Integrated-SelectFromModel (L1-LR selector) + KNN,X8_DP,87,Integrated
Integrated-SelectFromModel (L1-LR selector) + KNN,X8_DQ,88,Integrated
Integrated-SelectFromModel (L1-LR selector) + KNN,X8_DS,89,Integrated
Integrated-SelectFromModel (L1-LR selector) + KNN,X8_DT,90,Integrated
Integrated-SelectFromModel (L1-LR selector) + KNN,X8_DV,91,Integrated
Integrated-SelectFromModel (L1-LR selector) + KNN,X8_DW,92,Integrated
Integrated-SelectFromModel (L1-LR selector) + KNN,X8_DY,93,Integrated
Integrated-SelectFromModel (L1-LR selector) + KNN,X8_EA,94,Integrated
Integrated-SelectFromModel (L1-LR selector) + KNN,X8_EC,95,Integrated
Integrated-SelectFromModel (L1-LR selector) + KNN,X8_ED,96,Integrated
Integrated-SelectFromModel (L1-LR selector) + KNN,X8_EE,97,Integrated
Integrated-SelectFromModel (L1-LR selector) + KNN,X8_EF,98,Integrated
Integrated-SelectFromModel (L1-LR selector) + KNN,X8_EG,99,Integrated
Integrated-SelectFromModel (L1-LR selector) + KNN,X8_EI,100,Integrated
Integrated-SelectFromModel (L1-LR selector) + KNN,X8_EK,101,Integrated
Integrated-SelectFromModel (L1-LR selector) + KNN,X8_EL,102,Integrated
Integrated-SelectFromModel (L1-LR selector) + KNN,X8_EM,103,Integrated
Integrated-SelectFromModel (L1-LR selector) + KNN,X8_EN,104,Integrated
Integrated-SelectFromModel (L1-LR selector) + KNN,X8_EP,105,Integrated
Integrated-SelectFromModel (L1-LR selector) + KNN,X8_EQ,106,Integrated
Integrated-SelectFromModel (L1-LR selector) + KNN,X8_ER,107,Integrated
Integrated-SelectFromModel (L1-LR selector) + KNN,X8_ES,108,Integrated
Integrated-SelectFromModel (L1-LR selector) + KNN,X8_ET,109,Integrated
Integrated-SelectFromModel (L1-LR selector) + KNN,X8_EV,110,Integrated
Integrated-SelectFromModel (L1-LR selector) + KNN,X8_EW,111,Integrated
Integrated-SelectFromModel (L1-LR selector) + KNN,X8_EY,112,Integrated
Integrated-SelectFromModel (L1-LR selector) + KNN,X8_FA,113,Integrated
Integrated-SelectFromModel (L1-LR selector) + KNN,X8_FC,114,Integrated
Integrated-SelectFromModel (L1-LR selector) + KNN,X8_FE,115,Integrated
Integrated-SelectFromModel (L1-LR selector) + KNN,X8_FF,116,Integrated
Integrated-SelectFromModel (L1-LR selector) + KNN,X8_FG,117,Integrated
Integrated-SelectFromModel (L1-LR selector) + KNN,X8_FH,118,Integrated
Integrated-SelectFromModel (L1-LR selector) + KNN,X8_FI,119,Integrated
Integrated-SelectFromModel (L1-LR selector) + KNN,X8_FK,120,Integrated
Integrated-SelectFromModel (L1-LR selector) + KNN,X8_FL,121,Integrated
Integrated-SelectFromModel (L1-LR selector) + KNN,X8_FM,122,Integrated
Integrated-SelectFromModel (L1-LR selector) + KNN,X8_FN,123,Integrated
Integrated-SelectFromModel (L1-LR selector) + KNN,X8_FP,124,Integrated
Integrated-SelectFromModel (L1-LR selector) + KNN,X8_FQ,125,Integrated
Integrated-SelectFromModel (L1-LR selector) + KNN,X8_FR,126,Integrated
Integrated-SelectFromModel (L1-LR selector) + KNN,X8_FS,127,Integrated
Integrated-SelectFromModel (L1-LR selector) + KNN,X8_FT,128,Integrated
Integrated-SelectFromModel (L1-LR selector) + KNN,X8_FV,129,Integrated
Integrated-SelectFromModel (L1-LR selector) + KNN,X8_FW,130,Integrated
Integrated-SelectFromModel (L1-LR selector) + KNN,X8_FY,131,Integrated
Integrated-SelectFromModel (L1-LR selector) + KNN,X8_GA,132,Integrated
Integrated-SelectFromModel (L1-LR selector) + KNN,X8_GC,133,Integrated
Integrated-SelectFromModel (L1-LR selector) + KNN,X8_GD,134,Integrated
Integrated-SelectFromModel (L1-LR selector) + KNN,X8_GE,135,Integrated
Integrated-SelectFromModel (L1-LR selector) + KNN,X8_GF,136,Integrated
Integrated-SelectFromModel (L1-LR selector) + KNN,X8_GG,137,Integrated
Integrated-SelectFromModel (L1-LR selector) + KNN,X8_GI,138,Integrated
Integrated-SelectFromModel (L1-LR selector) + KNN,X8_GK,139,Integrated
Integrated-SelectFromModel (L1-LR selector) + KNN,X8_GL,140,Integrated
Integrated-SelectFromModel (L1-LR selector) + KNN,X8_GM,141,Integrated
Integrated-SelectFromModel (L1-LR selector) + KNN,X8_GN,142,Integrated
Integrated-SelectFromModel (L1-LR selector) + KNN,X8_GP,143,Integrated
Integrated-SelectFromModel (L1-LR selector) + KNN,X8_GQ,144,Integrated
Integrated-SelectFromModel (L1-LR selector) + KNN,X8_GR,145,Integrated
Integrated-SelectFromModel (L1-LR selector) + KNN,X8_GS,146,Integrated
Integrated-SelectFromModel (L1-LR selector) + KNN,X8_GT,147,Integrated
Integrated-SelectFromModel (L1-LR selector) + KNN,X8_GV,148,Integrated
Integrated-SelectFromModel (L1-LR selector) + KNN,X8_GW,149,Integrated
Integrated-SelectFromModel (L1-LR selector) + KNN,X8_GY,150,Integrated
Integrated-SelectFromModel (L1-LR selector) + KNN,X8_HA,151,Integrated
Integrated-SelectFromModel (L1-LR selector) + KNN,X8_HD,152,Integrated
Integrated-SelectFromModel (L1-LR selector) + KNN,X8_HE,153,Integrated
Integrated-SelectFromModel (L1-LR selector) + KNN,X8_HF,154,Integrated
Integrated-SelectFromModel (L1-LR selector) + KNN,X8_HG,155,Integrated
Integrated-SelectFromModel (L1-LR selector) + KNN,X8_HH,156,Integrated
Integrated-SelectFromModel (L1-LR selector) + KNN,X8_HK,157,Integrated
Integrated-SelectFromModel (L1-LR selector) + KNN,X8_HL,158,Integrated
Integrated-SelectFromModel (L1-LR selector) + KNN,X8_HM,159,Integrated
Integrated-SelectFromModel (L1-LR selector) + KNN,X8_HN,160,Integrated
Integrated-SelectFromModel (L1-LR selector) + KNN,X8_HP,161,Integrated
Integrated-SelectFromModel (L1-LR selector) + KNN,X8_HQ,162,Integrated
Integrated-SelectFromModel (L1-LR selector) + KNN,X8_HR,163,Integrated
Integrated-SelectFromModel (L1-LR selector) + KNN,X8_HS,164,Integrated
Integrated-SelectFromModel (L1-LR selector) + KNN,X8_HT,165,Integrated
Integrated-SelectFromModel (L1-LR selector) + KNN,X8_HV,166,Integrated
Integrated-SelectFromModel (L1-LR selector) + KNN,X8_HW,167,Integrated
Integrated-SelectFromModel (L1-LR selector) + KNN,X8_HY,168,Integrated
Integrated-SelectFromModel (L1-LR selector) + KNN,X8_IA,169,Integrated
Integrated-SelectFromModel (L1-LR selector) + KNN,X8_IC,170,Integrated
Integrated-SelectFromModel (L1-LR selector) + KNN,X8_ID,171,Integrated
Integrated-SelectFromModel (L1-LR selector) + KNN,X8_IE,172,Integrated
Integrated-SelectFromModel (L1-LR selector) + KNN,X8_IF,173,Integrated
Integrated-SelectFromModel (L1-LR selector) + KNN,X8_IG,174,Integrated
Integrated-SelectFromModel (L1-LR selector) + KNN,X8_IH,175,Integrated
Integrated-SelectFromModel (L1-LR selector) + KNN,X8_II,176,Integrated
Integrated-SelectFromModel (L1-LR selector) + KNN,X8_IK,177,Integrated
Integrated-SelectFromModel (L1-LR selector) + KNN,X8_IL,178,Integrated
Integrated-SelectFromModel (L1-LR selector) + KNN,X8_IM,179,Integrated
Integrated-SelectFromModel (L1-LR selector) + KNN,X8_IN,180,Integrated
Integrated-SelectFromModel (L1-LR selector) + KNN,X8_IP,181,Integrated
Integrated-SelectFromModel (L1-LR selector) + KNN,X8_IQ,182,Integrated
Integrated-SelectFromModel (L1-LR selector) + KNN,X8_IR,183,Integrated
Integrated-SelectFromModel (L1-LR selector) + KNN,X8_IS,184,Integrated
Integrated-SelectFromModel (L1-LR selector) + KNN,X8_IT,185,Integrated
Integrated-SelectFromModel (L1-LR selector) + KNN,X8_IV,186,Integrated
Integrated-SelectFromModel (L1-LR selector) + KNN,X8_IW,187,Integrated
Integrated-SelectFromModel (L1-LR selector) + KNN,X8_IY,188,Integrated
Integrated-SelectFromModel (L1-LR selector) + KNN,X8_KA,189,Integrated
Integrated-SelectFromModel (L1-LR selector) + KNN,X8_KC,190,Integrated
Integrated-SelectFromModel (L1-LR selector) + KNN,X8_KD,191,Integrated
Integrated-SelectFromModel (L1-LR selector) + KNN,X8_KG,192,Integrated
Integrated-SelectFromModel (L1-LR selector) + KNN,X8_KI,193,Integrated
Integrated-SelectFromModel (L1-LR selector) + KNN,X8_KK,194,Integrated
Integrated-SelectFromModel (L1-LR selector) + KNN,X8_KL,195,Integrated
Integrated-SelectFromModel (L1-LR selector) + KNN,X8_KM,196,Integrated
Integrated-SelectFromModel (L1-LR selector) + KNN,X8_KN,197,Integrated
Integrated-SelectFromModel (L1-LR selector) + KNN,X8_KQ,198,Integrated
Integrated-SelectFromModel (L1-LR selector) + KNN,X8_KR,199,Integrated
Integrated-SelectFromModel (L1-LR selector) + KNN,X8_KS,200,Integrated
Integrated-SelectFromModel (L1-LR selector) + KNN,X8_KV,201,Integrated
Integrated-SelectFromModel (L1-LR selector) + KNN,X8_KW,202,Integrated
Integrated-SelectFromModel (L1-LR selector) + KNN,X8_KY,203,Integrated
Integrated-SelectFromModel (L1-LR selector) + KNN,X8_LA,204,Integrated
Integrated-SelectFromModel (L1-LR selector) + KNN,X8_LC,205,Integrated
Integrated-SelectFromModel (L1-LR selector) + KNN,X8_LD,206,Integrated
Integrated-SelectFromModel (L1-LR selector) + KNN,X8_LE,207,Integrated
Integrated-SelectFromModel (L1-LR selector) + KNN,X8_LF,208,Integrated
Integrated-SelectFromModel (L1-LR selector) + KNN,X8_LH,209,Integrated
Integrated-SelectFromModel (L1-LR selector) + KNN,X8_LI,210,Integrated
Integrated-SelectFromModel (L1-LR selector) + KNN,X8_LK,211,Integrated
Integrated-SelectFromModel (L1-LR selector) + KNN,X8_LL,212,Integrated
Integrated-SelectFromModel (L1-LR selector) + KNN,X8_LM,213,Integrated
Integrated-SelectFromModel (L1-LR selector) + KNN,X8_LN,214,Integrated
Integrated-SelectFromModel (L1-LR selector) + KNN,X8_LP,215,Integrated
Integrated-SelectFromModel (L1-LR selector) + KNN,X8_LQ,216,Integrated
Integrated-SelectFromModel (L1-LR selector) + KNN,X8_LR,217,Integrated
Integrated-SelectFromModel (L1-LR selector) + KNN,X8_LS,218,Integrated
Integrated-SelectFromModel (L1-LR selector) + KNN,X8_LT,219,Integrated
Integrated-SelectFromModel (L1-LR selector) + KNN,X8_LY,220,Integrated
Integrated-SelectFromModel (L1-LR selector) + KNN,X8_MA,221,Integrated
Integrated-SelectFromModel (L1-LR selector) + KNN,X8_MC,222,Integrated
Integrated-SelectFromModel (L1-LR selector) + KNN,X8_MD,223,Integrated
Integrated-SelectFromModel (L1-LR selector) + KNN,X8_MF,224,Integrated
Integrated-SelectFromModel (L1-LR selector) + KNN,X8_MG,225,Integrated
Integrated-SelectFromModel (L1-LR selector) + KNN,X8_MH,226,Integrated
Integrated-SelectFromModel (L1-LR selector) + KNN,X8_MI,227,Integrated
Integrated-SelectFromModel (L1-LR selector) + KNN,X8_MK,228,Integrated
Integrated-SelectFromModel (L1-LR selector) + KNN,X8_ML,229,Integrated
Integrated-SelectFromModel (L1-LR selector) + KNN,X8_MM,230,Integrated
Integrated-SelectFromModel (L1-LR selector) + KNN,X8_MN,231,Integrated
Integrated-SelectFromModel (L1-LR selector) + KNN,X8_MP,232,Integrated
Integrated-SelectFromModel (L1-LR selector) + KNN,X8_MQ,233,Integrated
Integrated-SelectFromModel (L1-LR selector) + KNN,X8_MR,234,Integrated
Integrated-SelectFromModel (L1-LR selector) + KNN,X8_MS,235,Integrated
Integrated-SelectFromModel (L1-LR selector) + KNN,X8_MT,236,Integrated
Integrated-SelectFromModel (L1-LR selector) + KNN,X8_MV,237,Integrated
Integrated-SelectFromModel (L1-LR selector) + KNN,X8_MY,238,Integrated
Integrated-SelectFromModel (L1-LR selector) + KNN,X8_NA,239,Integrated
Integrated-SelectFromModel (L1-LR selector) + KNN,X8_NC,240,Integrated
Integrated-SelectFromModel (L1-LR selector) + KNN,X8_ND,241,Integrated
Integrated-SelectFromModel (L1-LR selector) + KNN,X8_NE,242,Integrated
Integrated-SelectFromModel (L1-LR selector) + KNN,X8_NF,243,Integrated
Integrated-SelectFromModel (L1-LR selector) + KNN,X8_NG,244,Integrated
Integrated-SelectFromModel (L1-LR selector) + KNN,X8_NH,245,Integrated
Integrated-SelectFromModel (L1-LR selector) + KNN,X8_NI,246,Integrated
Integrated-SelectFromModel (L1-LR selector) + KNN,X8_NK,247,Integrated
Integrated-SelectFromModel (L1-LR selector) + KNN,X8_NL,248,Integrated
Integrated-SelectFromModel (L1-LR selector) + KNN,X8_NM,249,Integrated
Integrated-SelectFromModel (L1-LR selector) + KNN,X8_NN,250,Integrated
Integrated-SelectFromModel (L1-LR selector) + KNN,X8_NP,251,Integrated
Integrated-SelectFromModel (L1-LR selector) + KNN,X8_NQ,252,Integrated
Integrated-SelectFromModel (L1-LR selector) + KNN,X8_NR,253,Integrated
Integrated-SelectFromModel (L1-LR selector) + KNN,X8_NS,254,Integrated
Integrated-SelectFromModel (L1-LR selector) + KNN,X8_NT,255,Integrated
Integrated-SelectFromModel (L1-LR selector) + KNN,X8_NV,256,Integrated
Integrated-SelectFromModel (L1-LR selector) + KNN,X8_NW,257,Integrated
Integrated-SelectFromModel (L1-LR selector) + KNN,X8_NY,258,Integrated
Integrated-SelectFromModel (L1-LR selector) + KNN,X8_PA,259,Integrated
Integrated-SelectFromModel (L1-LR selector) + KNN,X8_PC,260,Integrated
Integrated-SelectFromModel (L1-LR selector) + KNN,X8_PD,261,Integrated
Integrated-SelectFromModel (L1-LR selector) + KNN,X8_PE,262,Integrated
Integrated-SelectFromModel (L1-LR selector) + KNN,X8_PF,263,Integrated
Integrated-SelectFromModel (L1-LR selector) + KNN,X8_PG,264,Integrated
Integrated-SelectFromModel (L1-LR selector) + KNN,X8_PH,265,Integrated
Integrated-SelectFromModel (L1-LR selector) + KNN,X8_PI,266,Integrated
Integrated-SelectFromModel (L1-LR selector) + KNN,X8_PK,267,Integrated
Integrated-SelectFromModel (L1-LR selector) + KNN,X8_PL,268,Integrated
Integrated-SelectFromModel (L1-LR selector) + KNN,X8_PM,269,Integrated
Integrated-SelectFromModel (L1-LR selector) + KNN,X8_PN,270,Integrated
Integrated-SelectFromModel (L1-LR selector) + KNN,X8_PP,271,Integrated
Integrated-SelectFromModel (L1-LR selector) + KNN,X8_PQ,272,Integrated
Integrated-SelectFromModel (L1-LR selector) + KNN,X8_PR,273,Integrated
Integrated-SelectFromModel (L1-LR selector) + KNN,X8_PS,274,Integrated
Integrated-SelectFromModel (L1-LR selector) + KNN,X8_PT,275,Integrated
Integrated-SelectFromModel (L1-LR selector) + KNN,X8_PV,276,Integrated
Integrated-SelectFromModel (L1-LR selector) + KNN,X8_PW,277,Integrated
Integrated-SelectFromModel (L1-LR selector) + KNN,X8_PY,278,Integrated
Integrated-SelectFromModel (L1-LR selector) + KNN,X8_QA,279,Integrated
Integrated-SelectFromModel (L1-LR selector) + KNN,X8_QC,280,Integrated
Integrated-SelectFromModel (L1-LR selector) + KNN,X8_QD,281,Integrated
Integrated-SelectFromModel (L1-LR selector) + KNN,X8_QE,282,Integrated
Integrated-SelectFromModel (L1-LR selector) + KNN,X8_QF,283,Integrated
Integrated-SelectFromModel (L1-LR selector) + KNN,X8_QG,284,Integrated
Integrated-SelectFromModel (L1-LR selector) + KNN,X8_QI,285,Integrated
Integrated-SelectFromModel (L1-LR selector) + KNN,X8_QK,286,Integrated
Integrated-SelectFromModel (L1-LR selector) + KNN,X8_QL,287,Integrated
Integrated-SelectFromModel (L1-LR selector) + KNN,X8_QN,288,Integrated
Integrated-SelectFromModel (L1-LR selector) + KNN,X8_QP,289,Integrated
Integrated-SelectFromModel (L1-LR selector) + KNN,X8_QQ,290,Integrated
Integrated-SelectFromModel (L1-LR selector) + KNN,X8_QR,291,Integrated
Integrated-SelectFromModel (L1-LR selector) + KNN,X8_QS,292,Integrated
Integrated-SelectFromModel (L1-LR selector) + KNN,X8_QT,293,Integrated
Integrated-SelectFromModel (L1-LR selector) + KNN,X8_QV,294,Integrated
Integrated-SelectFromModel (L1-LR selector) + KNN,X8_QW,295,Integrated
Integrated-SelectFromModel (L1-LR selector) + KNN,X8_QY,296,Integrated
Integrated-SelectFromModel (L1-LR selector) + KNN,X8_RA,297,Integrated
Integrated-SelectFromModel (L1-LR selector) + KNN,X8_RC,298,Integrated
Integrated-SelectFromModel (L1-LR selector) + KNN,X8_RD,299,Integrated
Integrated-SelectFromModel (L1-LR selector) + KNN,X8_RE,300,Integrated
Integrated-SelectFromModel (L1-LR selector) + KNN,X8_RF,301,Integrated
Integrated-SelectFromModel (L1-LR selector) + KNN,X8_RG,302,Integrated
Integrated-SelectFromModel (L1-LR selector) + KNN,X8_RH,303,Integrated
Integrated-SelectFromModel (L1-LR selector) + KNN,X8_RI,304,Integrated
Integrated-SelectFromModel (L1-LR selector) + KNN,X8_RK,305,Integrated
Integrated-SelectFromModel (L1-LR selector) + KNN,X8_RL,306,Integrated
Integrated-SelectFromModel (L1-LR selector) + KNN,X8_RM,307,Integrated
Integrated-SelectFromModel (L1-LR selector) + KNN,X8_RN,308,Integrated
Integrated-SelectFromModel (L1-LR selector) + KNN,X8_RP,309,Integrated
Integrated-SelectFromModel (L1-LR selector) + KNN,X8_RR,310,Integrated
Integrated-SelectFromModel (L1-LR selector) + KNN,X8_RS,311,Integrated
Integrated-SelectFromModel (L1-LR selector) + KNN,X8_RT,312,Integrated
Integrated-SelectFromModel (L1-LR selector) + KNN,X8_RV,313,Integrated
Integrated-SelectFromModel (L1-LR selector) + KNN,X8_RW,314,Integrated
Integrated-SelectFromModel (L1-LR selector) + KNN,X8_RY,315,Integrated
Integrated-SelectFromModel (L1-LR selector) + KNN,X8_SA,316,Integrated
Integrated-SelectFromModel (L1-LR selector) + KNN,X8_SC,317,Integrated
Integrated-SelectFromModel (L1-LR selector) + KNN,X8_SD,318,Integrated
Integrated-SelectFromModel (L1-LR selector) + KNN,X8_SE,319,Integrated
Integrated-SelectFromModel (L1-LR selector) + KNN,X8_SF,320,Integrated
Integrated-SelectFromModel (L1-LR selector) + KNN,X8_SG,321,Integrated
Integrated-SelectFromModel (L1-LR selector) + KNN,X8_SH,322,Integrated
Integrated-SelectFromModel (L1-LR selector) + KNN,X8_SI,323,Integrated
Integrated-SelectFromModel (L1-LR selector) + KNN,X8_SK,324,Integrated
Integrated-SelectFromModel (L1-LR selector) + KNN,X8_SL,325,Integrated
Integrated-SelectFromModel (L1-LR selector) + KNN,X8_SM,326,Integrated
Integrated-SelectFromModel (L1-LR selector) + KNN,X8_SN,327,Integrated
Integrated-SelectFromModel (L1-LR selector) + KNN,X8_SP,328,Integrated
Integrated-SelectFromModel (L1-LR selector) + KNN,X8_SR,329,Integrated
Integrated-SelectFromModel (L1-LR selector) + KNN,X8_SS,330,Integrated
Integrated-SelectFromModel (L1-LR selector) + KNN,X8_ST,331,Integrated
Integrated-SelectFromModel (L1-LR selector) + KNN,X8_SV,332,Integrated
Integrated-SelectFromModel (L1-LR selector) + KNN,X8_SW,333,Integrated
Integrated-SelectFromModel (L1-LR selector) + KNN,X8_SY,334,Integrated
Integrated-SelectFromModel (L1-LR selector) + KNN,X8_TA,335,Integrated
Integrated-SelectFromModel (L1-LR selector) + KNN,X8_TC,336,Integrated
Integrated-SelectFromModel (L1-LR selector) + KNN,X8_TD,337,Integrated
Integrated-SelectFromModel (L1-LR selector) + KNN,X8_TE,338,Integrated
Integrated-SelectFromModel (L1-LR selector) + KNN,X8_TF,339,Integrated
Integrated-SelectFromModel (L1-LR selector) + KNN,X8_TG,340,Integrated
Integrated-SelectFromModel (L1-LR selector) + KNN,X8_TH,341,Integrated
Integrated-SelectFromModel (L1-LR selector) + KNN,X8_TI,342,Integrated
Integrated-SelectFromModel (L1-LR selector) + KNN,X8_TK,343,Integrated
Integrated-SelectFromModel (L1-LR selector) + KNN,X8_TL,344,Integrated
Integrated-SelectFromModel (L1-LR selector) + KNN,X8_TM,345,Integrated
Integrated-SelectFromModel (L1-LR selector) + KNN,X8_TN,346,Integrated
Integrated-SelectFromModel (L1-LR selector) + KNN,X8_TP,347,Integrated
Integrated-SelectFromModel (L1-LR selector) + KNN,X8_TQ,348,Integrated
Integrated-SelectFromModel (L1-LR selector) + KNN,X8_TR,349,Integrated
Integrated-SelectFromModel (L1-LR selector) + KNN,X8_TS,350,Integrated
Integrated-SelectFromModel (L1-LR selector) + KNN,X8_TT,351,Integrated
Integrated-SelectFromModel (L1-LR selector) + KNN,X8_TV,352,Integrated
Integrated-SelectFromModel (L1-LR selector) + KNN,X8_TW,353,Integrated
Integrated-SelectFromModel (L1-LR selector) + KNN,X8_TY,354,Integrated
Integrated-SelectFromModel (L1-LR selector) + KNN,X8_VA,355,Integrated
Integrated-SelectFromModel (L1-LR selector) + KNN,X8_VC,356,Integrated
Integrated-SelectFromModel (L1-LR selector) + KNN,X8_VD,357,Integrated
Integrated-SelectFromModel (L1-LR selector) + KNN,X8_VE,358,Integrated
Integrated-SelectFromModel (L1-LR selector) + KNN,X8_VF,359,Integrated
Integrated-SelectFromModel (L1-LR selector) + KNN,X8_VG,360,Integrated
Integrated-SelectFromModel (L1-LR selector) + KNN,X8_VH,361,Integrated
Integrated-SelectFromModel (L1-LR selector) + KNN,X8_VI,362,Integrated
Integrated-SelectFromModel (L1-LR selector) + KNN,X8_VK,363,Integrated
Integrated-SelectFromModel (L1-LR selector) + KNN,X8_VL,364,Integrated
Integrated-SelectFromModel (L1-LR selector) + KNN,X8_VM,365,Integrated
Integrated-SelectFromModel (L1-LR selector) + KNN,X8_VP,366,Integrated
Integrated-SelectFromModel (L1-LR selector) + KNN,X8_VR,367,Integrated
Integrated-SelectFromModel (L1-LR selector) + KNN,X8_VS,368,Integrated
Integrated-SelectFromModel (L1-LR selector) + KNN,X8_VT,369,Integrated
Integrated-SelectFromModel (L1-LR selector) + KNN,X8_VW,370,Integrated
Integrated-SelectFromModel (L1-LR selector) + KNN,X8_VY,371,Integrated
Integrated-SelectFromModel (L1-LR selector) + KNN,X8_WA,372,Integrated
Integrated-SelectFromModel (L1-LR selector) + KNN,X8_WC,373,Integrated
Integrated-SelectFromModel (L1-LR selector) + KNN,X8_WD,374,Integrated
Integrated-SelectFromModel (L1-LR selector) + KNN,X8_WE,375,Integrated
Integrated-SelectFromModel (L1-LR selector) + KNN,X8_WF,376,Integrated
Integrated-SelectFromModel (L1-LR selector) + KNN,X8_WG,377,Integrated
Integrated-SelectFromModel (L1-LR selector) + KNN,X8_WH,378,Integrated
Integrated-SelectFromModel (L1-LR selector) + KNN,X8_WI,379,Integrated
Integrated-SelectFromModel (L1-LR selector) + KNN,X8_WK,380,Integrated
Integrated-SelectFromModel (L1-LR selector) + KNN,X8_WL,381,Integrated
Integrated-SelectFromModel (L1-LR selector) + KNN,X8_WM,382,Integrated
Integrated-SelectFromModel (L1-LR selector) + KNN,X8_WN,383,Integrated
Integrated-SelectFromModel (L1-LR selector) + KNN,X8_WP,384,Integrated
Integrated-SelectFromModel (L1-LR selector) + KNN,X8_WQ,385,Integrated
Integrated-SelectFromModel (L1-LR selector) + KNN,X8_WR,386,Integrated
Integrated-SelectFromModel (L1-LR selector) + KNN,X8_WS,387,Integrated
Integrated-SelectFromModel (L1-LR selector) + KNN,X8_WT,388,Integrated
Integrated-SelectFromModel (L1-LR selector) + KNN,X8_WV,389,Integrated
Integrated-SelectFromModel (L1-LR selector) + KNN,X8_WY,390,Integrated
Integrated-SelectFromModel (L1-LR selector) + KNN,X8_YA,391,Integrated
Integrated-SelectFromModel (L1-LR selector) + KNN,X8_YC,392,Integrated
Integrated-SelectFromModel (L1-LR selector) + KNN,X8_YD,393,Integrated
Integrated-SelectFromModel (L1-LR selector) + KNN,X8_YE,394,Integrated
Integrated-SelectFromModel (L1-LR selector) + KNN,X8_YF,395,Integrated
Integrated-SelectFromModel (L1-LR selector) + KNN,X8_YH,396,Integrated
Integrated-SelectFromModel (L1-LR selector) + KNN,X8_YI,397,Integrated
Integrated-SelectFromModel (L1-LR selector) + KNN,X8_YK,398,Integrated
Integrated-SelectFromModel (L1-LR selector) + KNN,X8_YL,399,Integrated
Integrated-SelectFromModel (L1-LR selector) + KNN,X8_YM,400,Integrated
Integrated-SelectFromModel (L1-LR selector) + KNN,X8_YN,401,Integrated
Integrated-SelectFromModel (L1-LR selector) + KNN,X8_YP,402,Integrated
Integrated-SelectFromModel (L1-LR selector) + KNN,X8_YQ,403,Integrated
Integrated-SelectFromModel (L1-LR selector) + KNN,X8_YR,404,Integrated
Integrated-SelectFromModel (L1-LR selector) + KNN,X8_YS,405,Integrated
Integrated-SelectFromModel (L1-LR selector) + KNN,X8_YT,406,Integrated
Integrated-SelectFromModel (L1-LR selector) + KNN,X8_YW,407,Integrated
Integrated-SelectFromModel (L1-LR selector) + KNN,X8_YY,408,Integrated
Integrated-SelectFromModel (L1-LR selector) + KNN,acidic_group,409,Integrated
Integrated-SelectFromModel (L1-LR selector) + KNN,charged_group,410,Integrated
Integrated-SelectFromModel (L1-LR selector) + KNN,hydrophobic_moment,411,Integrated
Integrated-SelectFromModel (L1-LR selector) + KNN,instability_index,412,Integrated
Integrated-SelectFromModel (L1-LR selector) + KNN,isoelectric_point,413,Integrated
Integrated-SelectFromModel (L1-LR selector) + KNN,peptide_len,414,Integrated
Integrated-SelectFromModel (L1-LR selector) + Naive Bayes,X4_A,1,Integrated
Integrated-SelectFromModel (L1-LR selector) + Naive Bayes,X4_C,2,Integrated
Integrated-SelectFromModel (L1-LR selector) + Naive Bayes,X4_D,3,Integrated
Integrated-SelectFromModel (L1-LR selector) + Naive Bayes,X4_E,4,Integrated
Integrated-SelectFromModel (L1-LR selector) + Naive Bayes,X4_F,5,Integrated
Integrated-SelectFromModel (L1-LR selector) + Naive Bayes,X4_G,6,Integrated
Integrated-SelectFromModel (L1-LR selector) + Naive Bayes,X4_H,7,Integrated
Integrated-SelectFromModel (L1-LR selector) + Naive Bayes,X4_I,8,Integrated
Integrated-SelectFromModel (L1-LR selector) + Naive Bayes,X4_K,9,Integrated
Integrated-SelectFromModel (L1-LR selector) + Naive Bayes,X4_L,10,Integrated
Integrated-SelectFromModel (L1-LR selector) + Naive Bayes,X4_M,11,Integrated
Integrated-SelectFromModel (L1-LR selector) + Naive Bayes,X4_N,12,Integrated
Integrated-SelectFromModel (L1-LR selector) + Naive Bayes,X4_P,13,Integrated
Integrated-SelectFromModel (L1-LR selector) + Naive Bayes,X4_Q,14,Integrated
Integrated-SelectFromModel (L1-LR selector) + Naive Bayes,X4_R,15,Integrated
Integrated-SelectFromModel (L1-LR selector) + Naive Bayes,X4_S,16,Integrated
Integrated-SelectFromModel (L1-LR selector) + Naive Bayes,X4_T,17,Integrated
Integrated-SelectFromModel (L1-LR selector) + Naive Bayes,X4_V,18,Integrated
Integrated-SelectFromModel (L1-LR selector) + Naive Bayes,X4_W,19,Integrated
Integrated-SelectFromModel (L1-LR selector) + Naive Bayes,X4_Y,20,Integrated
Integrated-SelectFromModel (L1-LR selector) + Naive Bayes,X5_A,21,Integrated
Integrated-SelectFromModel (L1-LR selector) + Naive Bayes,X5_C,22,Integrated
Integrated-SelectFromModel (L1-LR selector) + Naive Bayes,X5_D,23,Integrated
Integrated-SelectFromModel (L1-LR selector) + Naive Bayes,X5_E,24,Integrated
Integrated-SelectFromModel (L1-LR selector) + Naive Bayes,X5_F,25,Integrated
Integrated-SelectFromModel (L1-LR selector) + Naive Bayes,X5_G,26,Integrated
Integrated-SelectFromModel (L1-LR selector) + Naive Bayes,X5_H,27,Integrated
Integrated-SelectFromModel (L1-LR selector) + Naive Bayes,X5_I,28,Integrated
Integrated-SelectFromModel (L1-LR selector) + Naive Bayes,X5_K,29,Integrated
Integrated-SelectFromModel (L1-LR selector) + Naive Bayes,X5_L,30,Integrated
Integrated-SelectFromModel (L1-LR selector) + Naive Bayes,X5_M,31,Integrated
Integrated-SelectFromModel (L1-LR selector) + Naive Bayes,X5_N,32,Integrated
Integrated-SelectFromModel (L1-LR selector) + Naive Bayes,X5_P,33,Integrated
Integrated-SelectFromModel (L1-LR selector) + Naive Bayes,X5_Q,34,Integrated
Integrated-SelectFromModel (L1-LR selector) + Naive Bayes,X5_R,35,Integrated
Integrated-SelectFromModel (L1-LR selector) + Naive Bayes,X5_S,36,Integrated
Integrated-SelectFromModel (L1-LR selector) + Naive Bayes,X5_T,37,Integrated
Integrated-SelectFromModel (L1-LR selector) + Naive Bayes,X5_W,38,Integrated
Integrated-SelectFromModel (L1-LR selector) + Naive Bayes,X5_Y,39,Integrated
Integrated-SelectFromModel (L1-LR selector) + Naive Bayes,X8_AA,40,Integrated
Integrated-SelectFromModel (L1-LR selector) + Naive Bayes,X8_AC,41,Integrated
Integrated-SelectFromModel (L1-LR selector) + Naive Bayes,X8_AD,42,Integrated
Integrated-SelectFromModel (L1-LR selector) + Naive Bayes,X8_AE,43,Integrated
Integrated-SelectFromModel (L1-LR selector) + Naive Bayes,X8_AF,44,Integrated
Integrated-SelectFromModel (L1-LR selector) + Naive Bayes,X8_AG,45,Integrated
Integrated-SelectFromModel (L1-LR selector) + Naive Bayes,X8_AH,46,Integrated
Integrated-SelectFromModel (L1-LR selector) + Naive Bayes,X8_AK,47,Integrated
Integrated-SelectFromModel (L1-LR selector) + Naive Bayes,X8_AL,48,Integrated
Integrated-SelectFromModel (L1-LR selector) + Naive Bayes,X8_AM,49,Integrated
Integrated-SelectFromModel (L1-LR selector) + Naive Bayes,X8_AN,50,Integrated
Integrated-SelectFromModel (L1-LR selector) + Naive Bayes,X8_AP,51,Integrated
Integrated-SelectFromModel (L1-LR selector) + Naive Bayes,X8_AQ,52,Integrated
Integrated-SelectFromModel (L1-LR selector) + Naive Bayes,X8_AR,53,Integrated
Integrated-SelectFromModel (L1-LR selector) + Naive Bayes,X8_AS,54,Integrated
Integrated-SelectFromModel (L1-LR selector) + Naive Bayes,X8_AT,55,Integrated
Integrated-SelectFromModel (L1-LR selector) + Naive Bayes,X8_AV,56,Integrated
Integrated-SelectFromModel (L1-LR selector) + Naive Bayes,X8_AW,57,Integrated
Integrated-SelectFromModel (L1-LR selector) + Naive Bayes,X8_AY,58,Integrated
Integrated-SelectFromModel (L1-LR selector) + Naive Bayes,X8_CC,59,Integrated
Integrated-SelectFromModel (L1-LR selector) + Naive Bayes,X8_CD,60,Integrated
Integrated-SelectFromModel (L1-LR selector) + Naive Bayes,X8_CE,61,Integrated
Integrated-SelectFromModel (L1-LR selector) + Naive Bayes,X8_CF,62,Integrated
Integrated-SelectFromModel (L1-LR selector) + Naive Bayes,X8_CG,63,Integrated
Integrated-SelectFromModel (L1-LR selector) + Naive Bayes,X8_CH,64,Integrated
Integrated-SelectFromModel (L1-LR selector) + Naive Bayes,X8_CI,65,Integrated
Integrated-SelectFromModel (L1-LR selector) + Naive Bayes,X8_CK,66,Integrated
Integrated-SelectFromModel (L1-LR selector) + Naive Bayes,X8_CL,67,Integrated
Integrated-SelectFromModel (L1-LR selector) + Naive Bayes,X8_CM,68,Integrated
Integrated-SelectFromModel (L1-LR selector) + Naive Bayes,X8_CN,69,Integrated
Integrated-SelectFromModel (L1-LR selector) + Naive Bayes,X8_CP,70,Integrated
Integrated-SelectFromModel (L1-LR selector) + Naive Bayes,X8_CQ,71,Integrated
Integrated-SelectFromModel (L1-LR selector) + Naive Bayes,X8_CR,72,Integrated
Integrated-SelectFromModel (L1-LR selector) + Naive Bayes,X8_CS,73,Integrated
Integrated-SelectFromModel (L1-LR selector) + Naive Bayes,X8_CT,74,Integrated
Integrated-SelectFromModel (L1-LR selector) + Naive Bayes,X8_CV,75,Integrated
Integrated-SelectFromModel (L1-LR selector) + Naive Bayes,X8_CW,76,Integrated
Integrated-SelectFromModel (L1-LR selector) + Naive Bayes,X8_CY,77,Integrated
Integrated-SelectFromModel (L1-LR selector) + Naive Bayes,X8_DD,78,Integrated
Integrated-SelectFromModel (L1-LR selector) + Naive Bayes,X8_DE,79,Integrated
Integrated-SelectFromModel (L1-LR selector) + Naive Bayes,X8_DF,80,Integrated
Integrated-SelectFromModel (L1-LR selector) + Naive Bayes,X8_DG,81,Integrated
Integrated-SelectFromModel (L1-LR selector) + Naive Bayes,X8_DI,82,Integrated
Integrated-SelectFromModel (L1-LR selector) + Naive Bayes,X8_DK,83,Integrated
Integrated-SelectFromModel (L1-LR selector) + Naive Bayes,X8_DL,84,Integrated
Integrated-SelectFromModel (L1-LR selector) + Naive Bayes,X8_DM,85,Integrated
Integrated-SelectFromModel (L1-LR selector) + Naive Bayes,X8_DN,86,Integrated
Integrated-SelectFromModel (L1-LR selector) + Naive Bayes,X8_DP,87,Integrated
Integrated-SelectFromModel (L1-LR selector) + Naive Bayes,X8_DQ,88,Integrated
Integrated-SelectFromModel (L1-LR selector) + Naive Bayes,X8_DS,89,Integrated
Integrated-SelectFromModel (L1-LR selector) + Naive Bayes,X8_DT,90,Integrated
Integrated-SelectFromModel (L1-LR selector) + Naive Bayes,X8_DV,91,Integrated
Integrated-SelectFromModel (L1-LR selector) + Naive Bayes,X8_DW,92,Integrated
Integrated-SelectFromModel (L1-LR selector) + Naive Bayes,X8_DY,93,Integrated
Integrated-SelectFromModel (L1-LR selector) + Naive Bayes,X8_EA,94,Integrated
Integrated-SelectFromModel (L1-LR selector) + Naive Bayes,X8_EC,95,Integrated
Integrated-SelectFromModel (L1-LR selector) + Naive Bayes,X8_ED,96,Integrated
Integrated-SelectFromModel (L1-LR selector) + Naive Bayes,X8_EE,97,Integrated
Integrated-SelectFromModel (L1-LR selector) + Naive Bayes,X8_EF,98,Integrated
Integrated-SelectFromModel (L1-LR selector) + Naive Bayes,X8_EG,99,Integrated
Integrated-SelectFromModel (L1-LR selector) + Naive Bayes,X8_EI,100,Integrated
Integrated-SelectFromModel (L1-LR selector) + Naive Bayes,X8_EK,101,Integrated
Integrated-SelectFromModel (L1-LR selector) + Naive Bayes,X8_EL,102,Integrated
Integrated-SelectFromModel (L1-LR selector) + Naive Bayes,X8_EM,103,Integrated
Integrated-SelectFromModel (L1-LR selector) + Naive Bayes,X8_EN,104,Integrated
Integrated-SelectFromModel (L1-LR selector) + Naive Bayes,X8_EP,105,Integrated
Integrated-SelectFromModel (L1-LR selector) + Naive Bayes,X8_EQ,106,Integrated
Integrated-SelectFromModel (L1-LR selector) + Naive Bayes,X8_ER,107,Integrated
Integrated-SelectFromModel (L1-LR selector) + Naive Bayes,X8_ES,108,Integrated
Integrated-SelectFromModel (L1-LR selector) + Naive Bayes,X8_ET,109,Integrated
Integrated-SelectFromModel (L1-LR selector) + Naive Bayes,X8_EV,110,Integrated
Integrated-SelectFromModel (L1-LR selector) + Naive Bayes,X8_EW,111,Integrated
Integrated-SelectFromModel (L1-LR selector) + Naive Bayes,X8_EY,112,Integrated
Integrated-SelectFromModel (L1-LR selector) + Naive Bayes,X8_FA,113,Integrated
Integrated-SelectFromModel (L1-LR selector) + Naive Bayes,X8_FC,114,Integrated
Integrated-SelectFromModel (L1-LR selector) + Naive Bayes,X8_FE,115,Integrated
Integrated-SelectFromModel (L1-LR selector) + Naive Bayes,X8_FF,116,Integrated
Integrated-SelectFromModel (L1-LR selector) + Naive Bayes,X8_FG,117,Integrated
Integrated-SelectFromModel (L1-LR selector) + Naive Bayes,X8_FH,118,Integrated
Integrated-SelectFromModel (L1-LR selector) + Naive Bayes,X8_FI,119,Integrated
Integrated-SelectFromModel (L1-LR selector) + Naive Bayes,X8_FK,120,Integrated
Integrated-SelectFromModel (L1-LR selector) + Naive Bayes,X8_FL,121,Integrated
Integrated-SelectFromModel (L1-LR selector) + Naive Bayes,X8_FM,122,Integrated
Integrated-SelectFromModel (L1-LR selector) + Naive Bayes,X8_FN,123,Integrated
Integrated-SelectFromModel (L1-LR selector) + Naive Bayes,X8_FP,124,Integrated
Integrated-SelectFromModel (L1-LR selector) + Naive Bayes,X8_FQ,125,Integrated
Integrated-SelectFromModel (L1-LR selector) + Naive Bayes,X8_FR,126,Integrated
Integrated-SelectFromModel (L1-LR selector) + Naive Bayes,X8_FS,127,Integrated
Integrated-SelectFromModel (L1-LR selector) + Naive Bayes,X8_FT,128,Integrated
Integrated-SelectFromModel (L1-LR selector) + Naive Bayes,X8_FV,129,Integrated
Integrated-SelectFromModel (L1-LR selector) + Naive Bayes,X8_FW,130,Integrated
Integrated-SelectFromModel (L1-LR selector) + Naive Bayes,X8_FY,131,Integrated
Integrated-SelectFromModel (L1-LR selector) + Naive Bayes,X8_GA,132,Integrated
Integrated-SelectFromModel (L1-LR selector) + Naive Bayes,X8_GC,133,Integrated
Integrated-SelectFromModel (L1-LR selector) + Naive Bayes,X8_GD,134,Integrated
Integrated-SelectFromModel (L1-LR selector) + Naive Bayes,X8_GE,135,Integrated
Integrated-SelectFromModel (L1-LR selector) + Naive Bayes,X8_GF,136,Integrated
Integrated-SelectFromModel (L1-LR selector) + Naive Bayes,X8_GG,137,Integrated
Integrated-SelectFromModel (L1-LR selector) + Naive Bayes,X8_GI,138,Integrated
Integrated-SelectFromModel (L1-LR selector) + Naive Bayes,X8_GK,139,Integrated
Integrated-SelectFromModel (L1-LR selector) + Naive Bayes,X8_GL,140,Integrated
Integrated-SelectFromModel (L1-LR selector) + Naive Bayes,X8_GM,141,Integrated
Integrated-SelectFromModel (L1-LR selector) + Naive Bayes,X8_GN,142,Integrated
Integrated-SelectFromModel (L1-LR selector) + Naive Bayes,X8_GP,143,Integrated
Integrated-SelectFromModel (L1-LR selector) + Naive Bayes,X8_GQ,144,Integrated
Integrated-SelectFromModel (L1-LR selector) + Naive Bayes,X8_GR,145,Integrated
Integrated-SelectFromModel (L1-LR selector) + Naive Bayes,X8_GS,146,Integrated
Integrated-SelectFromModel (L1-LR selector) + Naive Bayes,X8_GT,147,Integrated
Integrated-SelectFromModel (L1-LR selector) + Naive Bayes,X8_GV,148,Integrated
Integrated-SelectFromModel (L1-LR selector) + Naive Bayes,X8_GW,149,Integrated
Integrated-SelectFromModel (L1-LR selector) + Naive Bayes,X8_GY,150,Integrated
Integrated-SelectFromModel (L1-LR selector) + Naive Bayes,X8_HA,151,Integrated
Integrated-SelectFromModel (L1-LR selector) + Naive Bayes,X8_HD,152,Integrated
Integrated-SelectFromModel (L1-LR selector) + Naive Bayes,X8_HE,153,Integrated
Integrated-SelectFromModel (L1-LR selector) + Naive Bayes,X8_HF,154,Integrated
Integrated-SelectFromModel (L1-LR selector) + Naive Bayes,X8_HG,155,Integrated
Integrated-SelectFromModel (L1-LR selector) + Naive Bayes,X8_HH,156,Integrated
Integrated-SelectFromModel (L1-LR selector) + Naive Bayes,X8_HK,157,Integrated
Integrated-SelectFromModel (L1-LR selector) + Naive Bayes,X8_HL,158,Integrated
Integrated-SelectFromModel (L1-LR selector) + Naive Bayes,X8_HM,159,Integrated
Integrated-SelectFromModel (L1-LR selector) + Naive Bayes,X8_HN,160,Integrated
Integrated-SelectFromModel (L1-LR selector) + Naive Bayes,X8_HP,161,Integrated
Integrated-SelectFromModel (L1-LR selector) + Naive Bayes,X8_HQ,162,Integrated
Integrated-SelectFromModel (L1-LR selector) + Naive Bayes,X8_HR,163,Integrated
Integrated-SelectFromModel (L1-LR selector) + Naive Bayes,X8_HS,164,Integrated
Integrated-SelectFromModel (L1-LR selector) + Naive Bayes,X8_HT,165,Integrated
Integrated-SelectFromModel (L1-LR selector) + Naive Bayes,X8_HV,166,Integrated
Integrated-SelectFromModel (L1-LR selector) + Naive Bayes,X8_HW,167,Integrated
Integrated-SelectFromModel (L1-LR selector) + Naive Bayes,X8_HY,168,Integrated
Integrated-SelectFromModel (L1-LR selector) + Naive Bayes,X8_IA,169,Integrated
Integrated-SelectFromModel (L1-LR selector) + Naive Bayes,X8_IC,170,Integrated
Integrated-SelectFromModel (L1-LR selector) + Naive Bayes,X8_ID,171,Integrated
Integrated-SelectFromModel (L1-LR selector) + Naive Bayes,X8_IE,172,Integrated
Integrated-SelectFromModel (L1-LR selector) + Naive Bayes,X8_IF,173,Integrated
Integrated-SelectFromModel (L1-LR selector) + Naive Bayes,X8_IG,174,Integrated
Integrated-SelectFromModel (L1-LR selector) + Naive Bayes,X8_IH,175,Integrated
Integrated-SelectFromModel (L1-LR selector) + Naive Bayes,X8_II,176,Integrated
Integrated-SelectFromModel (L1-LR selector) + Naive Bayes,X8_IK,177,Integrated
Integrated-SelectFromModel (L1-LR selector) + Naive Bayes,X8_IL,178,Integrated
Integrated-SelectFromModel (L1-LR selector) + Naive Bayes,X8_IM,179,Integrated
Integrated-SelectFromModel (L1-LR selector) + Naive Bayes,X8_IN,180,Integrated
Integrated-SelectFromModel (L1-LR selector) + Naive Bayes,X8_IP,181,Integrated
Integrated-SelectFromModel (L1-LR selector) + Naive Bayes,X8_IQ,182,Integrated
Integrated-SelectFromModel (L1-LR selector) + Naive Bayes,X8_IR,183,Integrated
Integrated-SelectFromModel (L1-LR selector) + Naive Bayes,X8_IS,184,Integrated
Integrated-SelectFromModel (L1-LR selector) + Naive Bayes,X8_IT,185,Integrated
Integrated-SelectFromModel (L1-LR selector) + Naive Bayes,X8_IV,186,Integrated
Integrated-SelectFromModel (L1-LR selector) + Naive Bayes,X8_IW,187,Integrated
Integrated-SelectFromModel (L1-LR selector) + Naive Bayes,X8_IY,188,Integrated
Integrated-SelectFromModel (L1-LR selector) + Naive Bayes,X8_KA,189,Integrated
Integrated-SelectFromModel (L1-LR selector) + Naive Bayes,X8_KC,190,Integrated
Integrated-SelectFromModel (L1-LR selector) + Naive Bayes,X8_KD,191,Integrated
Integrated-SelectFromModel (L1-LR selector) + Naive Bayes,X8_KG,192,Integrated
Integrated-SelectFromModel (L1-LR selector) + Naive Bayes,X8_KI,193,Integrated
Integrated-SelectFromModel (L1-LR selector) + Naive Bayes,X8_KK,194,Integrated
Integrated-SelectFromModel (L1-LR selector) + Naive Bayes,X8_KL,195,Integrated
Integrated-SelectFromModel (L1-LR selector) + Naive Bayes,X8_KM,196,Integrated
Integrated-SelectFromModel (L1-LR selector) + Naive Bayes,X8_KN,197,Integrated
Integrated-SelectFromModel (L1-LR selector) + Naive Bayes,X8_KQ,198,Integrated
Integrated-SelectFromModel (L1-LR selector) + Naive Bayes,X8_KR,199,Integrated
Integrated-SelectFromModel (L1-LR selector) + Naive Bayes,X8_KS,200,Integrated
Integrated-SelectFromModel (L1-LR selector) + Naive Bayes,X8_KV,201,Integrated
Integrated-SelectFromModel (L1-LR selector) + Naive Bayes,X8_KW,202,Integrated
Integrated-SelectFromModel (L1-LR selector) + Naive Bayes,X8_KY,203,Integrated
Integrated-SelectFromModel (L1-LR selector) + Naive Bayes,X8_LA,204,Integrated
Integrated-SelectFromModel (L1-LR selector) + Naive Bayes,X8_LC,205,Integrated
Integrated-SelectFromModel (L1-LR selector) + Naive Bayes,X8_LD,206,Integrated
Integrated-SelectFromModel (L1-LR selector) + Naive Bayes,X8_LE,207,Integrated
Integrated-SelectFromModel (L1-LR selector) + Naive Bayes,X8_LF,208,Integrated
Integrated-SelectFromModel (L1-LR selector) + Naive Bayes,X8_LH,209,Integrated
Integrated-SelectFromModel (L1-LR selector) + Naive Bayes,X8_LI,210,Integrated
Integrated-SelectFromModel (L1-LR selector) + Naive Bayes,X8_LK,211,Integrated
Integrated-SelectFromModel (L1-LR selector) + Naive Bayes,X8_LL,212,Integrated
Integrated-SelectFromModel (L1-LR selector) + Naive Bayes,X8_LM,213,Integrated
Integrated-SelectFromModel (L1-LR selector) + Naive Bayes,X8_LN,214,Integrated
Integrated-SelectFromModel (L1-LR selector) + Naive Bayes,X8_LP,215,Integrated
Integrated-SelectFromModel (L1-LR selector) + Naive Bayes,X8_LQ,216,Integrated
Integrated-SelectFromModel (L1-LR selector) + Naive Bayes,X8_LR,217,Integrated
Integrated-SelectFromModel (L1-LR selector) + Naive Bayes,X8_LS,218,Integrated
Integrated-SelectFromModel (L1-LR selector) + Naive Bayes,X8_LT,219,Integrated
Integrated-SelectFromModel (L1-LR selector) + Naive Bayes,X8_LY,220,Integrated
Integrated-SelectFromModel (L1-LR selector) + Naive Bayes,X8_MA,221,Integrated
Integrated-SelectFromModel (L1-LR selector) + Naive Bayes,X8_MC,222,Integrated
Integrated-SelectFromModel (L1-LR selector) + Naive Bayes,X8_MD,223,Integrated
Integrated-SelectFromModel (L1-LR selector) + Naive Bayes,X8_MF,224,Integrated
Integrated-SelectFromModel (L1-LR selector) + Naive Bayes,X8_MG,225,Integrated
Integrated-SelectFromModel (L1-LR selector) + Naive Bayes,X8_MH,226,Integrated
Integrated-SelectFromModel (L1-LR selector) + Naive Bayes,X8_MI,227,Integrated
Integrated-SelectFromModel (L1-LR selector) + Naive Bayes,X8_MK,228,Integrated
Integrated-SelectFromModel (L1-LR selector) + Naive Bayes,X8_ML,229,Integrated
Integrated-SelectFromModel (L1-LR selector) + Naive Bayes,X8_MM,230,Integrated
Integrated-SelectFromModel (L1-LR selector) + Naive Bayes,X8_MN,231,Integrated
Integrated-SelectFromModel (L1-LR selector) + Naive Bayes,X8_MP,232,Integrated
Integrated-SelectFromModel (L1-LR selector) + Naive Bayes,X8_MQ,233,Integrated
Integrated-SelectFromModel (L1-LR selector) + Naive Bayes,X8_MR,234,Integrated
Integrated-SelectFromModel (L1-LR selector) + Naive Bayes,X8_MS,235,Integrated
Integrated-SelectFromModel (L1-LR selector) + Naive Bayes,X8_MT,236,Integrated
Integrated-SelectFromModel (L1-LR selector) + Naive Bayes,X8_MV,237,Integrated
Integrated-SelectFromModel (L1-LR selector) + Naive Bayes,X8_MY,238,Integrated
Integrated-SelectFromModel (L1-LR selector) + Naive Bayes,X8_NA,239,Integrated
Integrated-SelectFromModel (L1-LR selector) + Naive Bayes,X8_NC,240,Integrated
Integrated-SelectFromModel (L1-LR selector) + Naive Bayes,X8_ND,241,Integrated
Integrated-SelectFromModel (L1-LR selector) + Naive Bayes,X8_NE,242,Integrated
Integrated-SelectFromModel (L1-LR selector) + Naive Bayes,X8_NF,243,Integrated
Integrated-SelectFromModel (L1-LR selector) + Naive Bayes,X8_NG,244,Integrated
Integrated-SelectFromModel (L1-LR selector) + Naive Bayes,X8_NH,245,Integrated
Integrated-SelectFromModel (L1-LR selector) + Naive Bayes,X8_NI,246,Integrated
Integrated-SelectFromModel (L1-LR selector) + Naive Bayes,X8_NK,247,Integrated
Integrated-SelectFromModel (L1-LR selector) + Naive Bayes,X8_NL,248,Integrated
Integrated-SelectFromModel (L1-LR selector) + Naive Bayes,X8_NM,249,Integrated
Integrated-SelectFromModel (L1-LR selector) + Naive Bayes,X8_NN,250,Integrated
Integrated-SelectFromModel (L1-LR selector) + Naive Bayes,X8_NP,251,Integrated
Integrated-SelectFromModel (L1-LR selector) + Naive Bayes,X8_NQ,252,Integrated
Integrated-SelectFromModel (L1-LR selector) + Naive Bayes,X8_NR,253,Integrated
Integrated-SelectFromModel (L1-LR selector) + Naive Bayes,X8_NS,254,Integrated
Integrated-SelectFromModel (L1-LR selector) + Naive Bayes,X8_NT,255,Integrated
Integrated-SelectFromModel (L1-LR selector) + Naive Bayes,X8_NV,256,Integrated
Integrated-SelectFromModel (L1-LR selector) + Naive Bayes,X8_NW,257,Integrated
Integrated-SelectFromModel (L1-LR selector) + Naive Bayes,X8_NY,258,Integrated
Integrated-SelectFromModel (L1-LR selector) + Naive Bayes,X8_PA,259,Integrated
Integrated-SelectFromModel (L1-LR selector) + Naive Bayes,X8_PC,260,Integrated
Integrated-SelectFromModel (L1-LR selector) + Naive Bayes,X8_PD,261,Integrated
Integrated-SelectFromModel (L1-LR selector) + Naive Bayes,X8_PE,262,Integrated
Integrated-SelectFromModel (L1-LR selector) + Naive Bayes,X8_PF,263,Integrated
Integrated-SelectFromModel (L1-LR selector) + Naive Bayes,X8_PG,264,Integrated
Integrated-SelectFromModel (L1-LR selector) + Naive Bayes,X8_PH,265,Integrated
Integrated-SelectFromModel (L1-LR selector) + Naive Bayes,X8_PI,266,Integrated
Integrated-SelectFromModel (L1-LR selector) + Naive Bayes,X8_PK,267,Integrated
Integrated-SelectFromModel (L1-LR selector) + Naive Bayes,X8_PL,268,Integrated
Integrated-SelectFromModel (L1-LR selector) + Naive Bayes,X8_PM,269,Integrated
Integrated-SelectFromModel (L1-LR selector) + Naive Bayes,X8_PN,270,Integrated
Integrated-SelectFromModel (L1-LR selector) + Naive Bayes,X8_PP,271,Integrated
Integrated-SelectFromModel (L1-LR selector) + Naive Bayes,X8_PQ,272,Integrated
Integrated-SelectFromModel (L1-LR selector) + Naive Bayes,X8_PR,273,Integrated
Integrated-SelectFromModel (L1-LR selector) + Naive Bayes,X8_PS,274,Integrated
Integrated-SelectFromModel (L1-LR selector) + Naive Bayes,X8_PT,275,Integrated
Integrated-SelectFromModel (L1-LR selector) + Naive Bayes,X8_PV,276,Integrated
Integrated-SelectFromModel (L1-LR selector) + Naive Bayes,X8_PW,277,Integrated
Integrated-SelectFromModel (L1-LR selector) + Naive Bayes,X8_PY,278,Integrated
Integrated-SelectFromModel (L1-LR selector) + Naive Bayes,X8_QA,279,Integrated
Integrated-SelectFromModel (L1-LR selector) + Naive Bayes,X8_QC,280,Integrated
Integrated-SelectFromModel (L1-LR selector) + Naive Bayes,X8_QD,281,Integrated
Integrated-SelectFromModel (L1-LR selector) + Naive Bayes,X8_QE,282,Integrated
Integrated-SelectFromModel (L1-LR selector) + Naive Bayes,X8_QF,283,Integrated
Integrated-SelectFromModel (L1-LR selector) + Naive Bayes,X8_QG,284,Integrated
Integrated-SelectFromModel (L1-LR selector) + Naive Bayes,X8_QI,285,Integrated
Integrated-SelectFromModel (L1-LR selector) + Naive Bayes,X8_QK,286,Integrated
Integrated-SelectFromModel (L1-LR selector) + Naive Bayes,X8_QL,287,Integrated
Integrated-SelectFromModel (L1-LR selector) + Naive Bayes,X8_QN,288,Integrated
Integrated-SelectFromModel (L1-LR selector) + Naive Bayes,X8_QP,289,Integrated
Integrated-SelectFromModel (L1-LR selector) + Naive Bayes,X8_QQ,290,Integrated
Integrated-SelectFromModel (L1-LR selector) + Naive Bayes,X8_QR,291,Integrated
Integrated-SelectFromModel (L1-LR selector) + Naive Bayes,X8_QS,292,Integrated
Integrated-SelectFromModel (L1-LR selector) + Naive Bayes,X8_QT,293,Integrated
Integrated-SelectFromModel (L1-LR selector) + Naive Bayes,X8_QV,294,Integrated
Integrated-SelectFromModel (L1-LR selector) + Naive Bayes,X8_QW,295,Integrated
Integrated-SelectFromModel (L1-LR selector) + Naive Bayes,X8_QY,296,Integrated
Integrated-SelectFromModel (L1-LR selector) + Naive Bayes,X8_RA,297,Integrated
Integrated-SelectFromModel (L1-LR selector) + Naive Bayes,X8_RC,298,Integrated
Integrated-SelectFromModel (L1-LR selector) + Naive Bayes,X8_RD,299,Integrated
Integrated-SelectFromModel (L1-LR selector) + Naive Bayes,X8_RE,300,Integrated
Integrated-SelectFromModel (L1-LR selector) + Naive Bayes,X8_RF,301,Integrated
Integrated-SelectFromModel (L1-LR selector) + Naive Bayes,X8_RG,302,Integrated
Integrated-SelectFromModel (L1-LR selector) + Naive Bayes,X8_RH,303,Integrated
Integrated-SelectFromModel (L1-LR selector) + Naive Bayes,X8_RI,304,Integrated
Integrated-SelectFromModel (L1-LR selector) + Naive Bayes,X8_RK,305,Integrated
Integrated-SelectFromModel (L1-LR selector) + Naive Bayes,X8_RL,306,Integrated
Integrated-SelectFromModel (L1-LR selector) + Naive Bayes,X8_RM,307,Integrated
Integrated-SelectFromModel (L1-LR selector) + Naive Bayes,X8_RN,308,Integrated
Integrated-SelectFromModel (L1-LR selector) + Naive Bayes,X8_RP,309,Integrated
Integrated-SelectFromModel (L1-LR selector) + Naive Bayes,X8_RR,310,Integrated
Integrated-SelectFromModel (L1-LR selector) + Naive Bayes,X8_RS,311,Integrated
Integrated-SelectFromModel (L1-LR selector) + Naive Bayes,X8_RT,312,Integrated
Integrated-SelectFromModel (L1-LR selector) + Naive Bayes,X8_RV,313,Integrated
Integrated-SelectFromModel (L1-LR selector) + Naive Bayes,X8_RW,314,Integrated
Integrated-SelectFromModel (L1-LR selector) + Naive Bayes,X8_RY,315,Integrated
Integrated-SelectFromModel (L1-LR selector) + Naive Bayes,X8_SA,316,Integrated
Integrated-SelectFromModel (L1-LR selector) + Naive Bayes,X8_SC,317,Integrated
Integrated-SelectFromModel (L1-LR selector) + Naive Bayes,X8_SD,318,Integrated
Integrated-SelectFromModel (L1-LR selector) + Naive Bayes,X8_SE,319,Integrated
Integrated-SelectFromModel (L1-LR selector) + Naive Bayes,X8_SF,320,Integrated
Integrated-SelectFromModel (L1-LR selector) + Naive Bayes,X8_SG,321,Integrated
Integrated-SelectFromModel (L1-LR selector) + Naive Bayes,X8_SH,322,Integrated
Integrated-SelectFromModel (L1-LR selector) + Naive Bayes,X8_SI,323,Integrated
Integrated-SelectFromModel (L1-LR selector) + Naive Bayes,X8_SK,324,Integrated
Integrated-SelectFromModel (L1-LR selector) + Naive Bayes,X8_SL,325,Integrated
Integrated-SelectFromModel (L1-LR selector) + Naive Bayes,X8_SM,326,Integrated
Integrated-SelectFromModel (L1-LR selector) + Naive Bayes,X8_SN,327,Integrated
Integrated-SelectFromModel (L1-LR selector) + Naive Bayes,X8_SP,328,Integrated
Integrated-SelectFromModel (L1-LR selector) + Naive Bayes,X8_SR,329,Integrated
Integrated-SelectFromModel (L1-LR selector) + Naive Bayes,X8_SS,330,Integrated
Integrated-SelectFromModel (L1-LR selector) + Naive Bayes,X8_ST,331,Integrated
Integrated-SelectFromModel (L1-LR selector) + Naive Bayes,X8_SV,332,Integrated
Integrated-SelectFromModel (L1-LR selector) + Naive Bayes,X8_SW,333,Integrated
Integrated-SelectFromModel (L1-LR selector) + Naive Bayes,X8_SY,334,Integrated
Integrated-SelectFromModel (L1-LR selector) + Naive Bayes,X8_TA,335,Integrated
Integrated-SelectFromModel (L1-LR selector) + Naive Bayes,X8_TC,336,Integrated
Integrated-SelectFromModel (L1-LR selector) + Naive Bayes,X8_TD,337,Integrated
Integrated-SelectFromModel (L1-LR selector) + Naive Bayes,X8_TE,338,Integrated
Integrated-SelectFromModel (L1-LR selector) + Naive Bayes,X8_TF,339,Integrated
Integrated-SelectFromModel (L1-LR selector) + Naive Bayes,X8_TG,340,Integrated
Integrated-SelectFromModel (L1-LR selector) + Naive Bayes,X8_TH,341,Integrated
Integrated-SelectFromModel (L1-LR selector) + Naive Bayes,X8_TI,342,Integrated
Integrated-SelectFromModel (L1-LR selector) + Naive Bayes,X8_TK,343,Integrated
Integrated-SelectFromModel (L1-LR selector) + Naive Bayes,X8_TL,344,Integrated
Integrated-SelectFromModel (L1-LR selector) + Naive Bayes,X8_TM,345,Integrated
Integrated-SelectFromModel (L1-LR selector) + Naive Bayes,X8_TN,346,Integrated
Integrated-SelectFromModel (L1-LR selector) + Naive Bayes,X8_TP,347,Integrated
Integrated-SelectFromModel (L1-LR selector) + Naive Bayes,X8_TQ,348,Integrated
Integrated-SelectFromModel (L1-LR selector) + Naive Bayes,X8_TR,349,Integrated
Integrated-SelectFromModel (L1-LR selector) + Naive Bayes,X8_TS,350,Integrated
Integrated-SelectFromModel (L1-LR selector) + Naive Bayes,X8_TT,351,Integrated
Integrated-SelectFromModel (L1-LR selector) + Naive Bayes,X8_TV,352,Integrated
Integrated-SelectFromModel (L1-LR selector) + Naive Bayes,X8_TW,353,Integrated
Integrated-SelectFromModel (L1-LR selector) + Naive Bayes,X8_TY,354,Integrated
Integrated-SelectFromModel (L1-LR selector) + Naive Bayes,X8_VA,355,Integrated
Integrated-SelectFromModel (L1-LR selector) + Naive Bayes,X8_VC,356,Integrated
Integrated-SelectFromModel (L1-LR selector) + Naive Bayes,X8_VD,357,Integrated
Integrated-SelectFromModel (L1-LR selector) + Naive Bayes,X8_VE,358,Integrated
Integrated-SelectFromModel (L1-LR selector) + Naive Bayes,X8_VF,359,Integrated
Integrated-SelectFromModel (L1-LR selector) + Naive Bayes,X8_VG,360,Integrated
Integrated-SelectFromModel (L1-LR selector) + Naive Bayes,X8_VH,361,Integrated
Integrated-SelectFromModel (L1-LR selector) + Naive Bayes,X8_VI,362,Integrated
Integrated-SelectFromModel (L1-LR selector) + Naive Bayes,X8_VK,363,Integrated
Integrated-SelectFromModel (L1-LR selector) + Naive Bayes,X8_VL,364,Integrated
Integrated-SelectFromModel (L1-LR selector) + Naive Bayes,X8_VM,365,Integrated
Integrated-SelectFromModel (L1-LR selector) + Naive Bayes,X8_VP,366,Integrated
Integrated-SelectFromModel (L1-LR selector) + Naive Bayes,X8_VR,367,Integrated
Integrated-SelectFromModel (L1-LR selector) + Naive Bayes,X8_VS,368,Integrated
Integrated-SelectFromModel (L1-LR selector) + Naive Bayes,X8_VT,369,Integrated
Integrated-SelectFromModel (L1-LR selector) + Naive Bayes,X8_VW,370,Integrated
Integrated-SelectFromModel (L1-LR selector) + Naive Bayes,X8_VY,371,Integrated
Integrated-SelectFromModel (L1-LR selector) + Naive Bayes,X8_WA,372,Integrated
Integrated-SelectFromModel (L1-LR selector) + Naive Bayes,X8_WC,373,Integrated
Integrated-SelectFromModel (L1-LR selector) + Naive Bayes,X8_WD,374,Integrated
Integrated-SelectFromModel (L1-LR selector) + Naive Bayes,X8_WE,375,Integrated
Integrated-SelectFromModel (L1-LR selector) + Naive Bayes,X8_WF,376,Integrated
Integrated-SelectFromModel (L1-LR selector) + Naive Bayes,X8_WG,377,Integrated
Integrated-SelectFromModel (L1-LR selector) + Naive Bayes,X8_WH,378,Integrated
Integrated-SelectFromModel (L1-LR selector) + Naive Bayes,X8_WI,379,Integrated
Integrated-SelectFromModel (L1-LR selector) + Naive Bayes,X8_WK,380,Integrated
Integrated-SelectFromModel (L1-LR selector) + Naive Bayes,X8_WL,381,Integrated
Integrated-SelectFromModel (L1-LR selector) + Naive Bayes,X8_WM,382,Integrated
Integrated-SelectFromModel (L1-LR selector) + Naive Bayes,X8_WN,383,Integrated
Integrated-SelectFromModel (L1-LR selector) + Naive Bayes,X8_WP,384,Integrated
Integrated-SelectFromModel (L1-LR selector) + Naive Bayes,X8_WQ,385,Integrated
Integrated-SelectFromModel (L1-LR selector) + Naive Bayes,X8_WR,386,Integrated
Integrated-SelectFromModel (L1-LR selector) + Naive Bayes,X8_WS,387,Integrated
Integrated-SelectFromModel (L1-LR selector) + Naive Bayes,X8_WT,388,Integrated
Integrated-SelectFromModel (L1-LR selector) + Naive Bayes,X8_WV,389,Integrated
Integrated-SelectFromModel (L1-LR selector) + Naive Bayes,X8_WY,390,Integrated
Integrated-SelectFromModel (L1-LR selector) + Naive Bayes,X8_YA,391,Integrated
Integrated-SelectFromModel (L1-LR selector) + Naive Bayes,X8_YC,392,Integrated
Integrated-SelectFromModel (L1-LR selector) + Naive Bayes,X8_YD,393,Integrated
Integrated-SelectFromModel (L1-LR selector) + Naive Bayes,X8_YE,394,Integrated
Integrated-SelectFromModel (L1-LR selector) + Naive Bayes,X8_YF,395,Integrated
Integrated-SelectFromModel (L1-LR selector) + Naive Bayes,X8_YH,396,Integrated
Integrated-SelectFromModel (L1-LR selector) + Naive Bayes,X8_YI,397,Integrated
Integrated-SelectFromModel (L1-LR selector) + Naive Bayes,X8_YK,398,Integrated
Integrated-SelectFromModel (L1-LR selector) + Naive Bayes,X8_YL,399,Integrated
Integrated-SelectFromModel (L1-LR selector) + Naive Bayes,X8_YM,400,Integrated
Integrated-SelectFromModel (L1-LR selector) + Naive Bayes,X8_YN,401,Integrated
Integrated-SelectFromModel (L1-LR selector) + Naive Bayes,X8_YP,402,Integrated
Integrated-SelectFromModel (L1-LR selector) + Naive Bayes,X8_YQ,403,Integrated
Integrated-SelectFromModel (L1-LR selector) + Naive Bayes,X8_YR,404,Integrated
Integrated-SelectFromModel (L1-LR selector) + Naive Bayes,X8_YS,405,Integrated
Integrated-SelectFromModel (L1-LR selector) + Naive Bayes,X8_YT,406,Integrated
Integrated-SelectFromModel (L1-LR selector) + Naive Bayes,X8_YW,407,Integrated
Integrated-SelectFromModel (L1-LR selector) + Naive Bayes,X8_YY,408,Integrated
Integrated-SelectFromModel (L1-LR selector) + Naive Bayes,acidic_group,409,Integrated
Integrated-SelectFromModel (L1-LR selector) + Naive Bayes,charged_group,410,Integrated
Integrated-SelectFromModel (L1-LR selector) + Naive Bayes,hydrophobic_moment,411,Integrated
Integrated-SelectFromModel (L1-LR selector) + Naive Bayes,instability_index,412,Integrated
Integrated-SelectFromModel (L1-LR selector) + Naive Bayes,isoelectric_point,413,Integrated
Integrated-SelectFromModel (L1-LR selector) + Naive Bayes,peptide_len,414,Integrated
Integrated-SelectFromModel (RF selector) + RF,X4_A,1,Integrated
Integrated-SelectFromModel (RF selector) + RF,X4_D,2,Integrated
Integrated-SelectFromModel (RF selector) + RF,X4_E,3,Integrated
Integrated-SelectFromModel (RF selector) + RF,X4_F,4,Integrated
Integrated-SelectFromModel (RF selector) + RF,X4_G,5,Integrated
Integrated-SelectFromModel (RF selector) + RF,X4_I,6,Integrated
Integrated-SelectFromModel (RF selector) + RF,X4_K,7,Integrated
Integrated-SelectFromModel (RF selector) + RF,X4_L,8,Integrated
Integrated-SelectFromModel (RF selector) + RF,X4_M,9,Integrated
Integrated-SelectFromModel (RF selector) + RF,X4_N,10,Integrated
Integrated-SelectFromModel (RF selector) + RF,X4_R,11,Integrated
Integrated-SelectFromModel (RF selector) + RF,X4_S,12,Integrated
Integrated-SelectFromModel (RF selector) + RF,X4_T,13,Integrated
Integrated-SelectFromModel (RF selector) + RF,X4_V,14,Integrated
Integrated-SelectFromModel (RF selector) + RF,X4_W,15,Integrated
Integrated-SelectFromModel (RF selector) + RF,X4_Y,16,Integrated
Integrated-SelectFromModel (RF selector) + RF,X5_A,17,Integrated
Integrated-SelectFromModel (RF selector) + RF,X5_C,18,Integrated
Integrated-SelectFromModel (RF selector) + RF,X5_D,19,Integrated
Integrated-SelectFromModel (RF selector) + RF,X5_E,20,Integrated
Integrated-SelectFromModel (RF selector) + RF,X5_F,21,Integrated
Integrated-SelectFromModel (RF selector) + RF,X5_G,22,Integrated
Integrated-SelectFromModel (RF selector) + RF,X5_H,23,Integrated
Integrated-SelectFromModel (RF selector) + RF,X5_I,24,Integrated
Integrated-SelectFromModel (RF selector) + RF,X5_K,25,Integrated
Integrated-SelectFromModel (RF selector) + RF,X5_L,26,Integrated
Integrated-SelectFromModel (RF selector) + RF,X5_M,27,Integrated
Integrated-SelectFromModel (RF selector) + RF,X5_N,28,Integrated
Integrated-SelectFromModel (RF selector) + RF,X5_P,29,Integrated
Integrated-SelectFromModel (RF selector) + RF,X5_Q,30,Integrated
Integrated-SelectFromModel (RF selector) + RF,X5_R,31,Integrated
Integrated-SelectFromModel (RF selector) + RF,X5_S,32,Integrated
Integrated-SelectFromModel (RF selector) + RF,X5_T,33,Integrated
Integrated-SelectFromModel (RF selector) + RF,X5_V,34,Integrated
Integrated-SelectFromModel (RF selector) + RF,X5_W,35,Integrated
Integrated-SelectFromModel (RF selector) + RF,X5_Y,36,Integrated
Integrated-SelectFromModel (RF selector) + RF,X8_AA,37,Integrated
Integrated-SelectFromModel (RF selector) + RF,X8_AC,38,Integrated
Integrated-SelectFromModel (RF selector) + RF,X8_AD,39,Integrated
Integrated-SelectFromModel (RF selector) + RF,X8_AE,40,Integrated
Integrated-SelectFromModel (RF selector) + RF,X8_AF,41,Integrated
Integrated-SelectFromModel (RF selector) + RF,X8_AG,42,Integrated
Integrated-SelectFromModel (RF selector) + RF,X8_AH,43,Integrated
Integrated-SelectFromModel (RF selector) + RF,X8_AI,44,Integrated
Integrated-SelectFromModel (RF selector) + RF,X8_AK,45,Integrated
Integrated-SelectFromModel (RF selector) + RF,X8_AL,46,Integrated
Integrated-SelectFromModel (RF selector) + RF,X8_AN,47,Integrated
Integrated-SelectFromModel (RF selector) + RF,X8_AP,48,Integrated
Integrated-SelectFromModel (RF selector) + RF,X8_AQ,49,Integrated
Integrated-SelectFromModel (RF selector) + RF,X8_AR,50,Integrated
Integrated-SelectFromModel (RF selector) + RF,X8_AS,51,Integrated
Integrated-SelectFromModel (RF selector) + RF,X8_AT,52,Integrated
Integrated-SelectFromModel (RF selector) + RF,X8_AV,53,Integrated
Integrated-SelectFromModel (RF selector) + RF,X8_AW,54,Integrated
Integrated-SelectFromModel (RF selector) + RF,X8_AY,55,Integrated
Integrated-SelectFromModel (RF selector) + RF,X8_DA,56,Integrated
Integrated-SelectFromModel (RF selector) + RF,X8_DD,57,Integrated
Integrated-SelectFromModel (RF selector) + RF,X8_DE,58,Integrated
Integrated-SelectFromModel (RF selector) + RF,X8_DF,59,Integrated
Integrated-SelectFromModel (RF selector) + RF,X8_DG,60,Integrated
Integrated-SelectFromModel (RF selector) + RF,X8_DI,61,Integrated
Integrated-SelectFromModel (RF selector) + RF,X8_DK,62,Integrated
Integrated-SelectFromModel (RF selector) + RF,X8_DL,63,Integrated
Integrated-SelectFromModel (RF selector) + RF,X8_DN,64,Integrated
Integrated-SelectFromModel (RF selector) + RF,X8_DP,65,Integrated
Integrated-SelectFromModel (RF selector) + RF,X8_DQ,66,Integrated
Integrated-SelectFromModel (RF selector) + RF,X8_DR,67,Integrated
Integrated-SelectFromModel (RF selector) + RF,X8_DS,68,Integrated
Integrated-SelectFromModel (RF selector) + RF,X8_DT,69,Integrated
Integrated-SelectFromModel (RF selector) + RF,X8_DV,70,Integrated
Integrated-SelectFromModel (RF selector) + RF,X8_DY,71,Integrated
Integrated-SelectFromModel (RF selector) + RF,X8_EA,72,Integrated
Integrated-SelectFromModel (RF selector) + RF,X8_ED,73,Integrated
Integrated-SelectFromModel (RF selector) + RF,X8_EE,74,Integrated
Integrated-SelectFromModel (RF selector) + RF,X8_EF,75,Integrated
Integrated-SelectFromModel (RF selector) + RF,X8_EG,76,Integrated
Integrated-SelectFromModel (RF selector) + RF,X8_EI,77,Integrated
Integrated-SelectFromModel (RF selector) + RF,X8_EK,78,Integrated
Integrated-SelectFromModel (RF selector) + RF,X8_EL,79,Integrated
Integrated-SelectFromModel (RF selector) + RF,X8_EM,80,Integrated
Integrated-SelectFromModel (RF selector) + RF,X8_EN,81,Integrated
Integrated-SelectFromModel (RF selector) + RF,X8_EP,82,Integrated
Integrated-SelectFromModel (RF selector) + RF,X8_ER,83,Integrated
Integrated-SelectFromModel (RF selector) + RF,X8_ES,84,Integrated
Integrated-SelectFromModel (RF selector) + RF,X8_ET,85,Integrated
Integrated-SelectFromModel (RF selector) + RF,X8_EV,86,Integrated
Integrated-SelectFromModel (RF selector) + RF,X8_EY,87,Integrated
Integrated-SelectFromModel (RF selector) + RF,X8_FA,88,Integrated
Integrated-SelectFromModel (RF selector) + RF,X8_FD,89,Integrated
Integrated-SelectFromModel (RF selector) + RF,X8_FF,90,Integrated
Integrated-SelectFromModel (RF selector) + RF,X8_FG,91,Integrated
Integrated-SelectFromModel (RF selector) + RF,X8_FI,92,Integrated
Integrated-SelectFromModel (RF selector) + RF,X8_FL,93,Integrated
Integrated-SelectFromModel (RF selector) + RF,X8_FN,94,Integrated
Integrated-SelectFromModel (RF selector) + RF,X8_FP,95,Integrated
Integrated-SelectFromModel (RF selector) + RF,X8_FS,96,Integrated
Integrated-SelectFromModel (RF selector) + RF,X8_FT,97,Integrated
Integrated-SelectFromModel (RF selector) + RF,X8_FV,98,Integrated
Integrated-SelectFromModel (RF selector) + RF,X8_FY,99,Integrated
Integrated-SelectFromModel (RF selector) + RF,X8_GA,100,Integrated
Integrated-SelectFromModel (RF selector) + RF,X8_GD,101,Integrated
Integrated-SelectFromModel (RF selector) + RF,X8_GE,102,Integrated
Integrated-SelectFromModel (RF selector) + RF,X8_GF,103,Integrated
Integrated-SelectFromModel (RF selector) + RF,X8_GG,104,Integrated
Integrated-SelectFromModel (RF selector) + RF,X8_GI,105,Integrated
Integrated-SelectFromModel (RF selector) + RF,X8_GK,106,Integrated
Integrated-SelectFromModel (RF selector) + RF,X8_GL,107,Integrated
Integrated-SelectFromModel (RF selector) + RF,X8_GM,108,Integrated
Integrated-SelectFromModel (RF selector) + RF,X8_GN,109,Integrated
Integrated-SelectFromModel (RF selector) + RF,X8_GP,110,Integrated
Integrated-SelectFromModel (RF selector) + RF,X8_GQ,111,Integrated
Integrated-SelectFromModel (RF selector) + RF,X8_GR,112,Integrated
Integrated-SelectFromModel (RF selector) + RF,X8_GS,113,Integrated
Integrated-SelectFromModel (RF selector) + RF,X8_GT,114,Integrated
Integrated-SelectFromModel (RF selector) + RF,X8_GV,115,Integrated
Integrated-SelectFromModel (RF selector) + RF,X8_HA,116,Integrated
Integrated-SelectFromModel (RF selector) + RF,X8_HR,117,Integrated
Integrated-SelectFromModel (RF selector) + RF,X8_HV,118,Integrated
Integrated-SelectFromModel (RF selector) + RF,X8_IA,119,Integrated
Integrated-SelectFromModel (RF selector) + RF,X8_IC,120,Integrated
Integrated-SelectFromModel (RF selector) + RF,X8_ID,121,Integrated
Integrated-SelectFromModel (RF selector) + RF,X8_IE,122,Integrated
Integrated-SelectFromModel (RF selector) + RF,X8_IF,123,Integrated
Integrated-SelectFromModel (RF selector) + RF,X8_IG,124,Integrated
Integrated-SelectFromModel (RF selector) + RF,X8_II,125,Integrated
Integrated-SelectFromModel (RF selector) + RF,X8_IL,126,Integrated
Integrated-SelectFromModel (RF selector) + RF,X8_IN,127,Integrated
Integrated-SelectFromModel (RF selector) + RF,X8_IP,128,Integrated
Integrated-SelectFromModel (RF selector) + RF,X8_IQ,129,Integrated
Integrated-SelectFromModel (RF selector) + RF,X8_IR,130,Integrated
Integrated-SelectFromModel (RF selector) + RF,X8_IS,131,Integrated
Integrated-SelectFromModel (RF selector) + RF,X8_IT,132,Integrated
Integrated-SelectFromModel (RF selector) + RF,X8_IV,133,Integrated
Integrated-SelectFromModel (RF selector) + RF,X8_IY,134,Integrated
Integrated-SelectFromModel (RF selector) + RF,X8_KA,135,Integrated
Integrated-SelectFromModel (RF selector) + RF,X8_KG,136,Integrated
Integrated-SelectFromModel (RF selector) + RF,X8_KI,137,Integrated
Integrated-SelectFromModel (RF selector) + RF,X8_KL,138,Integrated
Integrated-SelectFromModel (RF selector) + RF,X8_KP,139,Integrated
Integrated-SelectFromModel (RF selector) + RF,X8_KS,140,Integrated
Integrated-SelectFromModel (RF selector) + RF,X8_KT,141,Integrated
Integrated-SelectFromModel (RF selector) + RF,X8_KV,142,Integrated
Integrated-SelectFromModel (RF selector) + RF,X8_LA,143,Integrated
Integrated-SelectFromModel (RF selector) + RF,X8_LD,144,Integrated
Integrated-SelectFromModel (RF selector) + RF,X8_LE,145,Integrated
Integrated-SelectFromModel (RF selector) + RF,X8_LF,146,Integrated
Integrated-SelectFromModel (RF selector) + RF,X8_LG,147,Integrated
Integrated-SelectFromModel (RF selector) + RF,X8_LH,148,Integrated
Integrated-SelectFromModel (RF selector) + RF,X8_LI,149,Integrated
Integrated-SelectFromModel (RF selector) + RF,X8_LK,150,Integrated
Integrated-SelectFromModel (RF selector) + RF,X8_LL,151,Integrated
Integrated-SelectFromModel (RF selector) + RF,X8_LM,152,Integrated
Integrated-SelectFromModel (RF selector) + RF,X8_LN,153,Integrated
Integrated-SelectFromModel (RF selector) + RF,X8_LP,154,Integrated
Integrated-SelectFromModel (RF selector) + RF,X8_LQ,155,Integrated
Integrated-SelectFromModel (RF selector) + RF,X8_LR,156,Integrated
Integrated-SelectFromModel (RF selector) + RF,X8_LS,157,Integrated
Integrated-SelectFromModel (RF selector) + RF,X8_LT,158,Integrated
Integrated-SelectFromModel (RF selector) + RF,X8_LV,159,Integrated
Integrated-SelectFromModel (RF selector) + RF,X8_LW,160,Integrated
Integrated-SelectFromModel (RF selector) + RF,X8_LY,161,Integrated
Integrated-SelectFromModel (RF selector) + RF,X8_MA,162,Integrated
Integrated-SelectFromModel (RF selector) + RF,X8_MI,163,Integrated
Integrated-SelectFromModel (RF selector) + RF,X8_ML,164,Integrated
Integrated-SelectFromModel (RF selector) + RF,X8_MS,165,Integrated
Integrated-SelectFromModel (RF selector) + RF,X8_NA,166,Integrated
Integrated-SelectFromModel (RF selector) + RF,X8_ND,167,Integrated
Integrated-SelectFromModel (RF selector) + RF,X8_NG,168,Integrated
Integrated-SelectFromModel (RF selector) + RF,X8_NI,169,Integrated
Integrated-SelectFromModel (RF selector) + RF,X8_NL,170,Integrated
Integrated-SelectFromModel (RF selector) + RF,X8_NN,171,Integrated
Integrated-SelectFromModel (RF selector) + RF,X8_NP,172,Integrated
Integrated-SelectFromModel (RF selector) + RF,X8_NR,173,Integrated
Integrated-SelectFromModel (RF selector) + RF,X8_NS,174,Integrated
Integrated-SelectFromModel (RF selector) + RF,X8_NT,175,Integrated
Integrated-SelectFromModel (RF selector) + RF,X8_NV,176,Integrated
Integrated-SelectFromModel (RF selector) + RF,X8_NY,177,Integrated
Integrated-SelectFromModel (RF selector) + RF,X8_PA,178,Integrated
Integrated-SelectFromModel (RF selector) + RF,X8_PD,179,Integrated
Integrated-SelectFromModel (RF selector) + RF,X8_PE,180,Integrated
Integrated-SelectFromModel (RF selector) + RF,X8_PF,181,Integrated
Integrated-SelectFromModel (RF selector) + RF,X8_PG,182,Integrated
Integrated-SelectFromModel (RF selector) + RF,X8_PI,183,Integrated
Integrated-SelectFromModel (RF selector) + RF,X8_PK,184,Integrated
Integrated-SelectFromModel (RF selector) + RF,X8_PL,185,Integrated
Integrated-SelectFromModel (RF selector) + RF,X8_PN,186,Integrated
Integrated-SelectFromModel (RF selector) + RF,X8_PP,187,Integrated
Integrated-SelectFromModel (RF selector) + RF,X8_PR,188,Integrated
Integrated-SelectFromModel (RF selector) + RF,X8_PS,189,Integrated
Integrated-SelectFromModel (RF selector) + RF,X8_PT,190,Integrated
Integrated-SelectFromModel (RF selector) + RF,X8_PV,191,Integrated
Integrated-SelectFromModel (RF selector) + RF,X8_QA,192,Integrated
Integrated-SelectFromModel (RF selector) + RF,X8_QE,193,Integrated
Integrated-SelectFromModel (RF selector) + RF,X8_QG,194,Integrated
Integrated-SelectFromModel (RF selector) + RF,X8_QL,195,Integrated
Integrated-SelectFromModel (RF selector) + RF,X8_QQ,196,Integrated
Integrated-SelectFromModel (RF selector) + RF,X8_QR,197,Integrated
Integrated-SelectFromModel (RF selector) + RF,X8_QS,198,Integrated
Integrated-SelectFromModel (RF selector) + RF,X8_QV,199,Integrated
Integrated-SelectFromModel (RF selector) + RF,X8_RA,200,Integrated
Integrated-SelectFromModel (RF selector) + RF,X8_RD,201,Integrated
Integrated-SelectFromModel (RF selector) + RF,X8_RE,202,Integrated
Integrated-SelectFromModel (RF selector) + RF,X8_RF,203,Integrated
Integrated-SelectFromModel (RF selector) + RF,X8_RG,204,Integrated
Integrated-SelectFromModel (RF selector) + RF,X8_RI,205,Integrated
Integrated-SelectFromModel (RF selector) + RF,X8_RL,206,Integrated
Integrated-SelectFromModel (RF selector) + RF,X8_RP,207,Integrated
Integrated-SelectFromModel (RF selector) + RF,X8_RR,208,Integrated
Integrated-SelectFromModel (RF selector) + RF,X8_RS,209,Integrated
Integrated-SelectFromModel (RF selector) + RF,X8_RT,210,Integrated
Integrated-SelectFromModel (RF selector) + RF,X8_RV,211,Integrated
Integrated-SelectFromModel (RF selector) + RF,X8_RY,212,Integrated
Integrated-SelectFromModel (RF selector) + RF,X8_SA,213,Integrated
Integrated-SelectFromModel (RF selector) + RF,X8_SD,214,Integrated
Integrated-SelectFromModel (RF selector) + RF,X8_SE,215,Integrated
Integrated-SelectFromModel (RF selector) + RF,X8_SF,216,Integrated
Integrated-SelectFromModel (RF selector) + RF,X8_SG,217,Integrated
Integrated-SelectFromModel (RF selector) + RF,X8_SI,218,Integrated
Integrated-SelectFromModel (RF selector) + RF,X8_SK,219,Integrated
Integrated-SelectFromModel (RF selector) + RF,X8_SL,220,Integrated
Integrated-SelectFromModel (RF selector) + RF,X8_SM,221,Integrated
Integrated-SelectFromModel (RF selector) + RF,X8_SN,222,Integrated
Integrated-SelectFromModel (RF selector) + RF,X8_SP,223,Integrated
Integrated-SelectFromModel (RF selector) + RF,X8_SR,224,Integrated
Integrated-SelectFromModel (RF selector) + RF,X8_SS,225,Integrated
Integrated-SelectFromModel (RF selector) + RF,X8_ST,226,Integrated
Integrated-SelectFromModel (RF selector) + RF,X8_SV,227,Integrated
Integrated-SelectFromModel (RF selector) + RF,X8_SY,228,Integrated
Integrated-SelectFromModel (RF selector) + RF,X8_TA,229,Integrated
Integrated-SelectFromModel (RF selector) + RF,X8_TD,230,Integrated
Integrated-SelectFromModel (RF selector) + RF,X8_TE,231,Integrated
Integrated-SelectFromModel (RF selector) + RF,X8_TF,232,Integrated
Integrated-SelectFromModel (RF selector) + RF,X8_TG,233,Integrated
Integrated-SelectFromModel (RF selector) + RF,X8_TH,234,Integrated
Integrated-SelectFromModel (RF selector) + RF,X8_TI,235,Integrated
Integrated-SelectFromModel (RF selector) + RF,X8_TK,236,Integrated
Integrated-SelectFromModel (RF selector) + RF,X8_TL,237,Integrated
Integrated-SelectFromModel (RF selector) + RF,X8_TM,238,Integrated
Integrated-SelectFromModel (RF selector) + RF,X8_TN,239,Integrated
Integrated-SelectFromModel (RF selector) + RF,X8_TP,240,Integrated
Integrated-SelectFromModel (RF selector) + RF,X8_TQ,241,Integrated
Integrated-SelectFromModel (RF selector) + RF,X8_TR,242,Integrated
Integrated-SelectFromModel (RF selector) + RF,X8_TS,243,Integrated
Integrated-SelectFromModel (RF selector) + RF,X8_TT,244,Integrated
Integrated-SelectFromModel (RF selector) + RF,X8_TV,245,Integrated
Integrated-SelectFromModel (RF selector) + RF,X8_TW,246,Integrated
Integrated-SelectFromModel (RF selector) + RF,X8_TY,247,Integrated
Integrated-SelectFromModel (RF selector) + RF,X8_VA,248,Integrated
Integrated-SelectFromModel (RF selector) + RF,X8_VC,249,Integrated
Integrated-SelectFromModel (RF selector) + RF,X8_VD,250,Integrated
Integrated-SelectFromModel (RF selector) + RF,X8_VE,251,Integrated
Integrated-SelectFromModel (RF selector) + RF,X8_VF,252,Integrated
Integrated-SelectFromModel (RF selector) + RF,X8_VG,253,Integrated
Integrated-SelectFromModel (RF selector) + RF,X8_VI,254,Integrated
Integrated-SelectFromModel (RF selector) + RF,X8_VK,255,Integrated
Integrated-SelectFromModel (RF selector) + RF,X8_VL,256,Integrated
Integrated-SelectFromModel (RF selector) + RF,X8_VN,257,Integrated
Integrated-SelectFromModel (RF selector) + RF,X8_VP,258,Integrated
Integrated-SelectFromModel (RF selector) + RF,X8_VQ,259,Integrated
Integrated-SelectFromModel (RF selector) + RF,X8_VR,260,Integrated
Integrated-SelectFromModel (RF selector) + RF,X8_VS,261,Integrated
Integrated-SelectFromModel (RF selector) + RF,X8_VT,262,Integrated
Integrated-SelectFromModel (RF selector) + RF,X8_VV,263,Integrated
Integrated-SelectFromModel (RF selector) + RF,X8_VY,264,Integrated
Integrated-SelectFromModel (RF selector) + RF,X8_WS,265,Integrated
Integrated-SelectFromModel (RF selector) + RF,X8_YA,266,Integrated
Integrated-SelectFromModel (RF selector) + RF,X8_YE,267,Integrated
Integrated-SelectFromModel (RF selector) + RF,X8_YG,268,Integrated
Integrated-SelectFromModel (RF selector) + RF,X8_YL,269,Integrated
Integrated-SelectFromModel (RF selector) + RF,X8_YN,270,Integrated
Integrated-SelectFromModel (RF selector) + RF,X8_YP,271,Integrated
Integrated-SelectFromModel (RF selector) + RF,X8_YS,272,Integrated
Integrated-SelectFromModel (RF selector) + RF,X8_YT,273,Integrated
Integrated-SelectFromModel (RF selector) + RF,X8_YV,274,Integrated
Integrated-SelectFromModel (RF selector) + RF,X8_YY,275,Integrated
Integrated-SelectFromModel (RF selector) + RF,acidic_group,276,Integrated
Integrated-SelectFromModel (RF selector) + RF,aliphatic_group,277,Integrated
Integrated-SelectFromModel (RF selector) + RF,aliphatic_index,278,Integrated
Integrated-SelectFromModel (RF selector) + RF,aromatic_group,279,Integrated
Integrated-SelectFromModel (RF selector) + RF,basic_group,280,Integrated
Integrated-SelectFromModel (RF selector) + RF,boman,281,Integrated
Integrated-SelectFromModel (RF selector) + RF,charge,282,Integrated
Integrated-SelectFromModel (RF selector) + RF,charged_group,283,Integrated
Integrated-SelectFromModel (RF selector) + RF,cruciani_prp1,284,Integrated
Integrated-SelectFromModel (RF selector) + RF,cruciani_prp2,285,Integrated
Integrated-SelectFromModel (RF selector) + RF,cruciani_prp3,286,Integrated
Integrated-SelectFromModel (RF selector) + RF,hydrophobic_eisenberg,287,Integrated
Integrated-SelectFromModel (RF selector) + RF,hydrophobic_engleman,288,Integrated
Integrated-SelectFromModel (RF selector) + RF,hydrophobic_hopp-woods,289,Integrated
Integrated-SelectFromModel (RF selector) + RF,hydrophobic_janin,290,Integrated
Integrated-SelectFromModel (RF selector) + RF,hydrophobic_kyte-doolittle,291,Integrated
Integrated-SelectFromModel (RF selector) + RF,hydrophobic_moment,292,Integrated
Integrated-SelectFromModel (RF selector) + RF,hydrophobic_roseman,293,Integrated
Integrated-SelectFromModel (RF selector) + RF,instability_index,294,Integrated
Integrated-SelectFromModel (RF selector) + RF,isoelectric_point,295,Integrated
Integrated-SelectFromModel (RF selector) + RF,non-polar_group,296,Integrated
Integrated-SelectFromModel (RF selector) + RF,peptide_len,297,Integrated
Integrated-SelectFromModel (RF selector) + RF,polar_group,298,Integrated
Integrated-SelectFromModel (RF selector) + RF,small_group,299,Integrated
Integrated-SelectFromModel (RF selector) + RF,tiny_group,300,Integrated
Integrated-SelectFromModel (RF selector) + LR,X4_A,1,Integrated
Integrated-SelectFromModel (RF selector) + LR,X4_D,2,Integrated
Integrated-SelectFromModel (RF selector) + LR,X4_E,3,Integrated
Integrated-SelectFromModel (RF selector) + LR,X4_F,4,Integrated
Integrated-SelectFromModel (RF selector) + LR,X4_G,5,Integrated
Integrated-SelectFromModel (RF selector) + LR,X4_I,6,Integrated
Integrated-SelectFromModel (RF selector) + LR,X4_K,7,Integrated
Integrated-SelectFromModel (RF selector) + LR,X4_L,8,Integrated
Integrated-SelectFromModel (RF selector) + LR,X4_M,9,Integrated
Integrated-SelectFromModel (RF selector) + LR,X4_N,10,Integrated
Integrated-SelectFromModel (RF selector) + LR,X4_R,11,Integrated
Integrated-SelectFromModel (RF selector) + LR,X4_S,12,Integrated
Integrated-SelectFromModel (RF selector) + LR,X4_T,13,Integrated
Integrated-SelectFromModel (RF selector) + LR,X4_V,14,Integrated
Integrated-SelectFromModel (RF selector) + LR,X4_W,15,Integrated
Integrated-SelectFromModel (RF selector) + LR,X4_Y,16,Integrated
Integrated-SelectFromModel (RF selector) + LR,X5_A,17,Integrated
Integrated-SelectFromModel (RF selector) + LR,X5_C,18,Integrated
Integrated-SelectFromModel (RF selector) + LR,X5_D,19,Integrated
Integrated-SelectFromModel (RF selector) + LR,X5_E,20,Integrated
Integrated-SelectFromModel (RF selector) + LR,X5_F,21,Integrated
Integrated-SelectFromModel (RF selector) + LR,X5_G,22,Integrated
Integrated-SelectFromModel (RF selector) + LR,X5_H,23,Integrated
Integrated-SelectFromModel (RF selector) + LR,X5_I,24,Integrated
Integrated-SelectFromModel (RF selector) + LR,X5_K,25,Integrated
Integrated-SelectFromModel (RF selector) + LR,X5_L,26,Integrated
Integrated-SelectFromModel (RF selector) + LR,X5_M,27,Integrated
Integrated-SelectFromModel (RF selector) + LR,X5_N,28,Integrated
Integrated-SelectFromModel (RF selector) + LR,X5_P,29,Integrated
Integrated-SelectFromModel (RF selector) + LR,X5_Q,30,Integrated
Integrated-SelectFromModel (RF selector) + LR,X5_R,31,Integrated
Integrated-SelectFromModel (RF selector) + LR,X5_S,32,Integrated
Integrated-SelectFromModel (RF selector) + LR,X5_T,33,Integrated
Integrated-SelectFromModel (RF selector) + LR,X5_V,34,Integrated
Integrated-SelectFromModel (RF selector) + LR,X5_W,35,Integrated
Integrated-SelectFromModel (RF selector) + LR,X5_Y,36,Integrated
Integrated-SelectFromModel (RF selector) + LR,X8_AA,37,Integrated
Integrated-SelectFromModel (RF selector) + LR,X8_AC,38,Integrated
Integrated-SelectFromModel (RF selector) + LR,X8_AD,39,Integrated
Integrated-SelectFromModel (RF selector) + LR,X8_AE,40,Integrated
Integrated-SelectFromModel (RF selector) + LR,X8_AF,41,Integrated
Integrated-SelectFromModel (RF selector) + LR,X8_AG,42,Integrated
Integrated-SelectFromModel (RF selector) + LR,X8_AH,43,Integrated
Integrated-SelectFromModel (RF selector) + LR,X8_AI,44,Integrated
Integrated-SelectFromModel (RF selector) + LR,X8_AK,45,Integrated
Integrated-SelectFromModel (RF selector) + LR,X8_AL,46,Integrated
Integrated-SelectFromModel (RF selector) + LR,X8_AN,47,Integrated
Integrated-SelectFromModel (RF selector) + LR,X8_AP,48,Integrated
Integrated-SelectFromModel (RF selector) + LR,X8_AQ,49,Integrated
Integrated-SelectFromModel (RF selector) + LR,X8_AR,50,Integrated
Integrated-SelectFromModel (RF selector) + LR,X8_AS,51,Integrated
Integrated-SelectFromModel (RF selector) + LR,X8_AT,52,Integrated
Integrated-SelectFromModel (RF selector) + LR,X8_AV,53,Integrated
Integrated-SelectFromModel (RF selector) + LR,X8_AW,54,Integrated
Integrated-SelectFromModel (RF selector) + LR,X8_AY,55,Integrated
Integrated-SelectFromModel (RF selector) + LR,X8_DA,56,Integrated
Integrated-SelectFromModel (RF selector) + LR,X8_DD,57,Integrated
Integrated-SelectFromModel (RF selector) + LR,X8_DE,58,Integrated
Integrated-SelectFromModel (RF selector) + LR,X8_DF,59,Integrated
Integrated-SelectFromModel (RF selector) + LR,X8_DG,60,Integrated
Integrated-SelectFromModel (RF selector) + LR,X8_DI,61,Integrated
Integrated-SelectFromModel (RF selector) + LR,X8_DK,62,Integrated
Integrated-SelectFromModel (RF selector) + LR,X8_DL,63,Integrated
Integrated-SelectFromModel (RF selector) + LR,X8_DN,64,Integrated
Integrated-SelectFromModel (RF selector) + LR,X8_DP,65,Integrated
Integrated-SelectFromModel (RF selector) + LR,X8_DQ,66,Integrated
Integrated-SelectFromModel (RF selector) + LR,X8_DR,67,Integrated
Integrated-SelectFromModel (RF selector) + LR,X8_DS,68,Integrated
Integrated-SelectFromModel (RF selector) + LR,X8_DT,69,Integrated
Integrated-SelectFromModel (RF selector) + LR,X8_DV,70,Integrated
Integrated-SelectFromModel (RF selector) + LR,X8_DY,71,Integrated
Integrated-SelectFromModel (RF selector) + LR,X8_EA,72,Integrated
Integrated-SelectFromModel (RF selector) + LR,X8_ED,73,Integrated
Integrated-SelectFromModel (RF selector) + LR,X8_EE,74,Integrated
Integrated-SelectFromModel (RF selector) + LR,X8_EF,75,Integrated
Integrated-SelectFromModel (RF selector) + LR,X8_EG,76,Integrated
Integrated-SelectFromModel (RF selector) + LR,X8_EI,77,Integrated
Integrated-SelectFromModel (RF selector) + LR,X8_EK,78,Integrated
Integrated-SelectFromModel (RF selector) + LR,X8_EL,79,Integrated
Integrated-SelectFromModel (RF selector) + LR,X8_EM,80,Integrated
Integrated-SelectFromModel (RF selector) + LR,X8_EN,81,Integrated
Integrated-SelectFromModel (RF selector) + LR,X8_EP,82,Integrated
Integrated-SelectFromModel (RF selector) + LR,X8_ER,83,Integrated
Integrated-SelectFromModel (RF selector) + LR,X8_ES,84,Integrated
Integrated-SelectFromModel (RF selector) + LR,X8_ET,85,Integrated
Integrated-SelectFromModel (RF selector) + LR,X8_EV,86,Integrated
Integrated-SelectFromModel (RF selector) + LR,X8_EY,87,Integrated
Integrated-SelectFromModel (RF selector) + LR,X8_FA,88,Integrated
Integrated-SelectFromModel (RF selector) + LR,X8_FD,89,Integrated
Integrated-SelectFromModel (RF selector) + LR,X8_FF,90,Integrated
Integrated-SelectFromModel (RF selector) + LR,X8_FG,91,Integrated
Integrated-SelectFromModel (RF selector) + LR,X8_FI,92,Integrated
Integrated-SelectFromModel (RF selector) + LR,X8_FL,93,Integrated
Integrated-SelectFromModel (RF selector) + LR,X8_FN,94,Integrated
Integrated-SelectFromModel (RF selector) + LR,X8_FP,95,Integrated
Integrated-SelectFromModel (RF selector) + LR,X8_FS,96,Integrated
Integrated-SelectFromModel (RF selector) + LR,X8_FT,97,Integrated
Integrated-SelectFromModel (RF selector) + LR,X8_FV,98,Integrated
Integrated-SelectFromModel (RF selector) + LR,X8_FY,99,Integrated
Integrated-SelectFromModel (RF selector) + LR,X8_GA,100,Integrated
Integrated-SelectFromModel (RF selector) + LR,X8_GD,101,Integrated
Integrated-SelectFromModel (RF selector) + LR,X8_GE,102,Integrated
Integrated-SelectFromModel (RF selector) + LR,X8_GF,103,Integrated
Integrated-SelectFromModel (RF selector) + LR,X8_GG,104,Integrated
Integrated-SelectFromModel (RF selector) + LR,X8_GI,105,Integrated
Integrated-SelectFromModel (RF selector) + LR,X8_GK,106,Integrated
Integrated-SelectFromModel (RF selector) + LR,X8_GL,107,Integrated
Integrated-SelectFromModel (RF selector) + LR,X8_GM,108,Integrated
Integrated-SelectFromModel (RF selector) + LR,X8_GN,109,Integrated
Integrated-SelectFromModel (RF selector) + LR,X8_GP,110,Integrated
Integrated-SelectFromModel (RF selector) + LR,X8_GQ,111,Integrated
Integrated-SelectFromModel (RF selector) + LR,X8_GR,112,Integrated
Integrated-SelectFromModel (RF selector) + LR,X8_GS,113,Integrated
Integrated-SelectFromModel (RF selector) + LR,X8_GT,114,Integrated
Integrated-SelectFromModel (RF selector) + LR,X8_GV,115,Integrated
Integrated-SelectFromModel (RF selector) + LR,X8_HA,116,Integrated
Integrated-SelectFromModel (RF selector) + LR,X8_HR,117,Integrated
Integrated-SelectFromModel (RF selector) + LR,X8_HV,118,Integrated
Integrated-SelectFromModel (RF selector) + LR,X8_IA,119,Integrated
Integrated-SelectFromModel (RF selector) + LR,X8_IC,120,Integrated
Integrated-SelectFromModel (RF selector) + LR,X8_ID,121,Integrated
Integrated-SelectFromModel (RF selector) + LR,X8_IE,122,Integrated
Integrated-SelectFromModel (RF selector) + LR,X8_IF,123,Integrated
Integrated-SelectFromModel (RF selector) + LR,X8_IG,124,Integrated
Integrated-SelectFromModel (RF selector) + LR,X8_II,125,Integrated
Integrated-SelectFromModel (RF selector) + LR,X8_IL,126,Integrated
Integrated-SelectFromModel (RF selector) + LR,X8_IN,127,Integrated
Integrated-SelectFromModel (RF selector) + LR,X8_IP,128,Integrated
Integrated-SelectFromModel (RF selector) + LR,X8_IQ,129,Integrated
Integrated-SelectFromModel (RF selector) + LR,X8_IR,130,Integrated
Integrated-SelectFromModel (RF selector) + LR,X8_IS,131,Integrated
Integrated-SelectFromModel (RF selector) + LR,X8_IT,132,Integrated
Integrated-SelectFromModel (RF selector) + LR,X8_IV,133,Integrated
Integrated-SelectFromModel (RF selector) + LR,X8_IY,134,Integrated
Integrated-SelectFromModel (RF selector) + LR,X8_KA,135,Integrated
Integrated-SelectFromModel (RF selector) + LR,X8_KG,136,Integrated
Integrated-SelectFromModel (RF selector) + LR,X8_KI,137,Integrated
Integrated-SelectFromModel (RF selector) + LR,X8_KL,138,Integrated
Integrated-SelectFromModel (RF selector) + LR,X8_KP,139,Integrated
Integrated-SelectFromModel (RF selector) + LR,X8_KS,140,Integrated
Integrated-SelectFromModel (RF selector) + LR,X8_KT,141,Integrated
Integrated-SelectFromModel (RF selector) + LR,X8_KV,142,Integrated
Integrated-SelectFromModel (RF selector) + LR,X8_LA,143,Integrated
Integrated-SelectFromModel (RF selector) + LR,X8_LD,144,Integrated
Integrated-SelectFromModel (RF selector) + LR,X8_LE,145,Integrated
Integrated-SelectFromModel (RF selector) + LR,X8_LF,146,Integrated
Integrated-SelectFromModel (RF selector) + LR,X8_LG,147,Integrated
Integrated-SelectFromModel (RF selector) + LR,X8_LH,148,Integrated
Integrated-SelectFromModel (RF selector) + LR,X8_LI,149,Integrated
Integrated-SelectFromModel (RF selector) + LR,X8_LK,150,Integrated
Integrated-SelectFromModel (RF selector) + LR,X8_LL,151,Integrated
Integrated-SelectFromModel (RF selector) + LR,X8_LM,152,Integrated
Integrated-SelectFromModel (RF selector) + LR,X8_LN,153,Integrated
Integrated-SelectFromModel (RF selector) + LR,X8_LP,154,Integrated
Integrated-SelectFromModel (RF selector) + LR,X8_LQ,155,Integrated
Integrated-SelectFromModel (RF selector) + LR,X8_LR,156,Integrated
Integrated-SelectFromModel (RF selector) + LR,X8_LS,157,Integrated
Integrated-SelectFromModel (RF selector) + LR,X8_LT,158,Integrated
Integrated-SelectFromModel (RF selector) + LR,X8_LV,159,Integrated
Integrated-SelectFromModel (RF selector) + LR,X8_LW,160,Integrated
Integrated-SelectFromModel (RF selector) + LR,X8_LY,161,Integrated
Integrated-SelectFromModel (RF selector) + LR,X8_MA,162,Integrated
Integrated-SelectFromModel (RF selector) + LR,X8_MI,163,Integrated
Integrated-SelectFromModel (RF selector) + LR,X8_ML,164,Integrated
Integrated-SelectFromModel (RF selector) + LR,X8_MS,165,Integrated
Integrated-SelectFromModel (RF selector) + LR,X8_NA,166,Integrated
Integrated-SelectFromModel (RF selector) + LR,X8_ND,167,Integrated
Integrated-SelectFromModel (RF selector) + LR,X8_NG,168,Integrated
Integrated-SelectFromModel (RF selector) + LR,X8_NI,169,Integrated
Integrated-SelectFromModel (RF selector) + LR,X8_NL,170,Integrated
Integrated-SelectFromModel (RF selector) + LR,X8_NN,171,Integrated
Integrated-SelectFromModel (RF selector) + LR,X8_NP,172,Integrated
Integrated-SelectFromModel (RF selector) + LR,X8_NR,173,Integrated
Integrated-SelectFromModel (RF selector) + LR,X8_NS,174,Integrated
Integrated-SelectFromModel (RF selector) + LR,X8_NT,175,Integrated
Integrated-SelectFromModel (RF selector) + LR,X8_NV,176,Integrated
Integrated-SelectFromModel (RF selector) + LR,X8_NY,177,Integrated
Integrated-SelectFromModel (RF selector) + LR,X8_PA,178,Integrated
Integrated-SelectFromModel (RF selector) + LR,X8_PD,179,Integrated
Integrated-SelectFromModel (RF selector) + LR,X8_PE,180,Integrated
Integrated-SelectFromModel (RF selector) + LR,X8_PF,181,Integrated
Integrated-SelectFromModel (RF selector) + LR,X8_PG,182,Integrated
Integrated-SelectFromModel (RF selector) + LR,X8_PI,183,Integrated
Integrated-SelectFromModel (RF selector) + LR,X8_PK,184,Integrated
Integrated-SelectFromModel (RF selector) + LR,X8_PL,185,Integrated
Integrated-SelectFromModel (RF selector) + LR,X8_PN,186,Integrated
Integrated-SelectFromModel (RF selector) + LR,X8_PP,187,Integrated
Integrated-SelectFromModel (RF selector) + LR,X8_PR,188,Integrated
Integrated-SelectFromModel (RF selector) + LR,X8_PS,189,Integrated
Integrated-SelectFromModel (RF selector) + LR,X8_PT,190,Integrated
Integrated-SelectFromModel (RF selector) + LR,X8_PV,191,Integrated
Integrated-SelectFromModel (RF selector) + LR,X8_QA,192,Integrated
Integrated-SelectFromModel (RF selector) + LR,X8_QE,193,Integrated
Integrated-SelectFromModel (RF selector) + LR,X8_QG,194,Integrated
Integrated-SelectFromModel (RF selector) + LR,X8_QL,195,Integrated
Integrated-SelectFromModel (RF selector) + LR,X8_QQ,196,Integrated
Integrated-SelectFromModel (RF selector) + LR,X8_QR,197,Integrated
Integrated-SelectFromModel (RF selector) + LR,X8_QS,198,Integrated
Integrated-SelectFromModel (RF selector) + LR,X8_QV,199,Integrated
Integrated-SelectFromModel (RF selector) + LR,X8_RA,200,Integrated
Integrated-SelectFromModel (RF selector) + LR,X8_RD,201,Integrated
Integrated-SelectFromModel (RF selector) + LR,X8_RE,202,Integrated
Integrated-SelectFromModel (RF selector) + LR,X8_RF,203,Integrated
Integrated-SelectFromModel (RF selector) + LR,X8_RG,204,Integrated
Integrated-SelectFromModel (RF selector) + LR,X8_RI,205,Integrated
Integrated-SelectFromModel (RF selector) + LR,X8_RL,206,Integrated
Integrated-SelectFromModel (RF selector) + LR,X8_RP,207,Integrated
Integrated-SelectFromModel (RF selector) + LR,X8_RR,208,Integrated
Integrated-SelectFromModel (RF selector) + LR,X8_RS,209,Integrated
Integrated-SelectFromModel (RF selector) + LR,X8_RT,210,Integrated
Integrated-SelectFromModel (RF selector) + LR,X8_RV,211,Integrated
Integrated-SelectFromModel (RF selector) + LR,X8_RY,212,Integrated
Integrated-SelectFromModel (RF selector) + LR,X8_SA,213,Integrated
Integrated-SelectFromModel (RF selector) + LR,X8_SD,214,Integrated
Integrated-SelectFromModel (RF selector) + LR,X8_SE,215,Integrated
Integrated-SelectFromModel (RF selector) + LR,X8_SF,216,Integrated
Integrated-SelectFromModel (RF selector) + LR,X8_SG,217,Integrated
Integrated-SelectFromModel (RF selector) + LR,X8_SI,218,Integrated
Integrated-SelectFromModel (RF selector) + LR,X8_SK,219,Integrated
Integrated-SelectFromModel (RF selector) + LR,X8_SL,220,Integrated
Integrated-SelectFromModel (RF selector) + LR,X8_SM,221,Integrated
Integrated-SelectFromModel (RF selector) + LR,X8_SN,222,Integrated
Integrated-SelectFromModel (RF selector) + LR,X8_SP,223,Integrated
Integrated-SelectFromModel (RF selector) + LR,X8_SR,224,Integrated
Integrated-SelectFromModel (RF selector) + LR,X8_SS,225,Integrated
Integrated-SelectFromModel (RF selector) + LR,X8_ST,226,Integrated
Integrated-SelectFromModel (RF selector) + LR,X8_SV,227,Integrated
Integrated-SelectFromModel (RF selector) + LR,X8_SY,228,Integrated
Integrated-SelectFromModel (RF selector) + LR,X8_TA,229,Integrated
Integrated-SelectFromModel (RF selector) + LR,X8_TD,230,Integrated
Integrated-SelectFromModel (RF selector) + LR,X8_TE,231,Integrated
Integrated-SelectFromModel (RF selector) + LR,X8_TF,232,Integrated
Integrated-SelectFromModel (RF selector) + LR,X8_TG,233,Integrated
Integrated-SelectFromModel (RF selector) + LR,X8_TH,234,Integrated
Integrated-SelectFromModel (RF selector) + LR,X8_TI,235,Integrated
Integrated-SelectFromModel (RF selector) + LR,X8_TK,236,Integrated
Integrated-SelectFromModel (RF selector) + LR,X8_TL,237,Integrated
Integrated-SelectFromModel (RF selector) + LR,X8_TM,238,Integrated
Integrated-SelectFromModel (RF selector) + LR,X8_TN,239,Integrated
Integrated-SelectFromModel (RF selector) + LR,X8_TP,240,Integrated
Integrated-SelectFromModel (RF selector) + LR,X8_TQ,241,Integrated
Integrated-SelectFromModel (RF selector) + LR,X8_TR,242,Integrated
Integrated-SelectFromModel (RF selector) + LR,X8_TS,243,Integrated
Integrated-SelectFromModel (RF selector) + LR,X8_TT,244,Integrated
Integrated-SelectFromModel (RF selector) + LR,X8_TV,245,Integrated
Integrated-SelectFromModel (RF selector) + LR,X8_TW,246,Integrated
Integrated-SelectFromModel (RF selector) + LR,X8_TY,247,Integrated
Integrated-SelectFromModel (RF selector) + LR,X8_VA,248,Integrated
Integrated-SelectFromModel (RF selector) + LR,X8_VC,249,Integrated
Integrated-SelectFromModel (RF selector) + LR,X8_VD,250,Integrated
Integrated-SelectFromModel (RF selector) + LR,X8_VE,251,Integrated
Integrated-SelectFromModel (RF selector) + LR,X8_VF,252,Integrated
Integrated-SelectFromModel (RF selector) + LR,X8_VG,253,Integrated
Integrated-SelectFromModel (RF selector) + LR,X8_VI,254,Integrated
Integrated-SelectFromModel (RF selector) + LR,X8_VK,255,Integrated
Integrated-SelectFromModel (RF selector) + LR,X8_VL,256,Integrated
Integrated-SelectFromModel (RF selector) + LR,X8_VN,257,Integrated
Integrated-SelectFromModel (RF selector) + LR,X8_VP,258,Integrated
Integrated-SelectFromModel (RF selector) + LR,X8_VQ,259,Integrated
Integrated-SelectFromModel (RF selector) + LR,X8_VR,260,Integrated
Integrated-SelectFromModel (RF selector) + LR,X8_VS,261,Integrated
Integrated-SelectFromModel (RF selector) + LR,X8_VT,262,Integrated
Integrated-SelectFromModel (RF selector) + LR,X8_VV,263,Integrated
Integrated-SelectFromModel (RF selector) + LR,X8_VY,264,Integrated
Integrated-SelectFromModel (RF selector) + LR,X8_WS,265,Integrated
Integrated-SelectFromModel (RF selector) + LR,X8_YA,266,Integrated
Integrated-SelectFromModel (RF selector) + LR,X8_YE,267,Integrated
Integrated-SelectFromModel (RF selector) + LR,X8_YG,268,Integrated
Integrated-SelectFromModel (RF selector) + LR,X8_YL,269,Integrated
Integrated-SelectFromModel (RF selector) + LR,X8_YN,270,Integrated
Integrated-SelectFromModel (RF selector) + LR,X8_YP,271,Integrated
Integrated-SelectFromModel (RF selector) + LR,X8_YS,272,Integrated
Integrated-SelectFromModel (RF selector) + LR,X8_YT,273,Integrated
Integrated-SelectFromModel (RF selector) + LR,X8_YV,274,Integrated
Integrated-SelectFromModel (RF selector) + LR,X8_YY,275,Integrated
Integrated-SelectFromModel (RF selector) + LR,acidic_group,276,Integrated
Integrated-SelectFromModel (RF selector) + LR,aliphatic_group,277,Integrated
Integrated-SelectFromModel (RF selector) + LR,aliphatic_index,278,Integrated
Integrated-SelectFromModel (RF selector) + LR,aromatic_group,279,Integrated
Integrated-SelectFromModel (RF selector) + LR,basic_group,280,Integrated
Integrated-SelectFromModel (RF selector) + LR,boman,281,Integrated
Integrated-SelectFromModel (RF selector) + LR,charge,282,Integrated
Integrated-SelectFromModel (RF selector) + LR,charged_group,283,Integrated
Integrated-SelectFromModel (RF selector) + LR,cruciani_prp1,284,Integrated
Integrated-SelectFromModel (RF selector) + LR,cruciani_prp2,285,Integrated
Integrated-SelectFromModel (RF selector) + LR,cruciani_prp3,286,Integrated
Integrated-SelectFromModel (RF selector) + LR,hydrophobic_eisenberg,287,Integrated
Integrated-SelectFromModel (RF selector) + LR,hydrophobic_engleman,288,Integrated
Integrated-SelectFromModel (RF selector) + LR,hydrophobic_hopp-woods,289,Integrated
Integrated-SelectFromModel (RF selector) + LR,hydrophobic_janin,290,Integrated
Integrated-SelectFromModel (RF selector) + LR,hydrophobic_kyte-doolittle,291,Integrated
Integrated-SelectFromModel (RF selector) + LR,hydrophobic_moment,292,Integrated
Integrated-SelectFromModel (RF selector) + LR,hydrophobic_roseman,293,Integrated
Integrated-SelectFromModel (RF selector) + LR,instability_index,294,Integrated
Integrated-SelectFromModel (RF selector) + LR,isoelectric_point,295,Integrated
Integrated-SelectFromModel (RF selector) + LR,non-polar_group,296,Integrated
Integrated-SelectFromModel (RF selector) + LR,peptide_len,297,Integrated
Integrated-SelectFromModel (RF selector) + LR,polar_group,298,Integrated
Integrated-SelectFromModel (RF selector) + LR,small_group,299,Integrated
Integrated-SelectFromModel (RF selector) + LR,tiny_group,300,Integrated
Integrated-SelectFromModel (RF selector) + KNN,X4_A,1,Integrated
Integrated-SelectFromModel (RF selector) + KNN,X4_D,2,Integrated
Integrated-SelectFromModel (RF selector) + KNN,X4_E,3,Integrated
Integrated-SelectFromModel (RF selector) + KNN,X4_F,4,Integrated
Integrated-SelectFromModel (RF selector) + KNN,X4_G,5,Integrated
Integrated-SelectFromModel (RF selector) + KNN,X4_I,6,Integrated
Integrated-SelectFromModel (RF selector) + KNN,X4_K,7,Integrated
Integrated-SelectFromModel (RF selector) + KNN,X4_L,8,Integrated
Integrated-SelectFromModel (RF selector) + KNN,X4_M,9,Integrated
Integrated-SelectFromModel (RF selector) + KNN,X4_N,10,Integrated
Integrated-SelectFromModel (RF selector) + KNN,X4_R,11,Integrated
Integrated-SelectFromModel (RF selector) + KNN,X4_S,12,Integrated
Integrated-SelectFromModel (RF selector) + KNN,X4_T,13,Integrated
Integrated-SelectFromModel (RF selector) + KNN,X4_V,14,Integrated
Integrated-SelectFromModel (RF selector) + KNN,X4_W,15,Integrated
Integrated-SelectFromModel (RF selector) + KNN,X4_Y,16,Integrated
Integrated-SelectFromModel (RF selector) + KNN,X5_A,17,Integrated
Integrated-SelectFromModel (RF selector) + KNN,X5_C,18,Integrated
Integrated-SelectFromModel (RF selector) + KNN,X5_D,19,Integrated
Integrated-SelectFromModel (RF selector) + KNN,X5_E,20,Integrated
Integrated-SelectFromModel (RF selector) + KNN,X5_F,21,Integrated
Integrated-SelectFromModel (RF selector) + KNN,X5_G,22,Integrated
Integrated-SelectFromModel (RF selector) + KNN,X5_H,23,Integrated
Integrated-SelectFromModel (RF selector) + KNN,X5_I,24,Integrated
Integrated-SelectFromModel (RF selector) + KNN,X5_K,25,Integrated
Integrated-SelectFromModel (RF selector) + KNN,X5_L,26,Integrated
Integrated-SelectFromModel (RF selector) + KNN,X5_M,27,Integrated
Integrated-SelectFromModel (RF selector) + KNN,X5_N,28,Integrated
Integrated-SelectFromModel (RF selector) + KNN,X5_P,29,Integrated
Integrated-SelectFromModel (RF selector) + KNN,X5_Q,30,Integrated
Integrated-SelectFromModel (RF selector) + KNN,X5_R,31,Integrated
Integrated-SelectFromModel (RF selector) + KNN,X5_S,32,Integrated
Integrated-SelectFromModel (RF selector) + KNN,X5_T,33,Integrated
Integrated-SelectFromModel (RF selector) + KNN,X5_V,34,Integrated
Integrated-SelectFromModel (RF selector) + KNN,X5_W,35,Integrated
Integrated-SelectFromModel (RF selector) + KNN,X5_Y,36,Integrated
Integrated-SelectFromModel (RF selector) + KNN,X8_AA,37,Integrated
Integrated-SelectFromModel (RF selector) + KNN,X8_AC,38,Integrated
Integrated-SelectFromModel (RF selector) + KNN,X8_AD,39,Integrated
Integrated-SelectFromModel (RF selector) + KNN,X8_AE,40,Integrated
Integrated-SelectFromModel (RF selector) + KNN,X8_AF,41,Integrated
Integrated-SelectFromModel (RF selector) + KNN,X8_AG,42,Integrated
Integrated-SelectFromModel (RF selector) + KNN,X8_AH,43,Integrated
Integrated-SelectFromModel (RF selector) + KNN,X8_AI,44,Integrated
Integrated-SelectFromModel (RF selector) + KNN,X8_AK,45,Integrated
Integrated-SelectFromModel (RF selector) + KNN,X8_AL,46,Integrated
Integrated-SelectFromModel (RF selector) + KNN,X8_AN,47,Integrated
Integrated-SelectFromModel (RF selector) + KNN,X8_AP,48,Integrated
Integrated-SelectFromModel (RF selector) + KNN,X8_AQ,49,Integrated
Integrated-SelectFromModel (RF selector) + KNN,X8_AR,50,Integrated
Integrated-SelectFromModel (RF selector) + KNN,X8_AS,51,Integrated
Integrated-SelectFromModel (RF selector) + KNN,X8_AT,52,Integrated
Integrated-SelectFromModel (RF selector) + KNN,X8_AV,53,Integrated
Integrated-SelectFromModel (RF selector) + KNN,X8_AW,54,Integrated
Integrated-SelectFromModel (RF selector) + KNN,X8_AY,55,Integrated
Integrated-SelectFromModel (RF selector) + KNN,X8_DA,56,Integrated
Integrated-SelectFromModel (RF selector) + KNN,X8_DD,57,Integrated
Integrated-SelectFromModel (RF selector) + KNN,X8_DE,58,Integrated
Integrated-SelectFromModel (RF selector) + KNN,X8_DF,59,Integrated
Integrated-SelectFromModel (RF selector) + KNN,X8_DG,60,Integrated
Integrated-SelectFromModel (RF selector) + KNN,X8_DI,61,Integrated
Integrated-SelectFromModel (RF selector) + KNN,X8_DK,62,Integrated
Integrated-SelectFromModel (RF selector) + KNN,X8_DL,63,Integrated
Integrated-SelectFromModel (RF selector) + KNN,X8_DN,64,Integrated
Integrated-SelectFromModel (RF selector) + KNN,X8_DP,65,Integrated
Integrated-SelectFromModel (RF selector) + KNN,X8_DQ,66,Integrated
Integrated-SelectFromModel (RF selector) + KNN,X8_DR,67,Integrated
Integrated-SelectFromModel (RF selector) + KNN,X8_DS,68,Integrated
Integrated-SelectFromModel (RF selector) + KNN,X8_DT,69,Integrated
Integrated-SelectFromModel (RF selector) + KNN,X8_DV,70,Integrated
Integrated-SelectFromModel (RF selector) + KNN,X8_DY,71,Integrated
Integrated-SelectFromModel (RF selector) + KNN,X8_EA,72,Integrated
Integrated-SelectFromModel (RF selector) + KNN,X8_ED,73,Integrated
Integrated-SelectFromModel (RF selector) + KNN,X8_EE,74,Integrated
Integrated-SelectFromModel (RF selector) + KNN,X8_EF,75,Integrated
Integrated-SelectFromModel (RF selector) + KNN,X8_EG,76,Integrated
Integrated-SelectFromModel (RF selector) + KNN,X8_EI,77,Integrated
Integrated-SelectFromModel (RF selector) + KNN,X8_EK,78,Integrated
Integrated-SelectFromModel (RF selector) + KNN,X8_EL,79,Integrated
Integrated-SelectFromModel (RF selector) + KNN,X8_EM,80,Integrated
Integrated-SelectFromModel (RF selector) + KNN,X8_EN,81,Integrated
Integrated-SelectFromModel (RF selector) + KNN,X8_EP,82,Integrated
Integrated-SelectFromModel (RF selector) + KNN,X8_ER,83,Integrated
Integrated-SelectFromModel (RF selector) + KNN,X8_ES,84,Integrated
Integrated-SelectFromModel (RF selector) + KNN,X8_ET,85,Integrated
Integrated-SelectFromModel (RF selector) + KNN,X8_EV,86,Integrated
Integrated-SelectFromModel (RF selector) + KNN,X8_EY,87,Integrated
Integrated-SelectFromModel (RF selector) + KNN,X8_FA,88,Integrated
Integrated-SelectFromModel (RF selector) + KNN,X8_FD,89,Integrated
Integrated-SelectFromModel (RF selector) + KNN,X8_FF,90,Integrated
Integrated-SelectFromModel (RF selector) + KNN,X8_FG,91,Integrated
Integrated-SelectFromModel (RF selector) + KNN,X8_FI,92,Integrated
Integrated-SelectFromModel (RF selector) + KNN,X8_FL,93,Integrated
Integrated-SelectFromModel (RF selector) + KNN,X8_FN,94,Integrated
Integrated-SelectFromModel (RF selector) + KNN,X8_FP,95,Integrated
Integrated-SelectFromModel (RF selector) + KNN,X8_FS,96,Integrated
Integrated-SelectFromModel (RF selector) + KNN,X8_FT,97,Integrated
Integrated-SelectFromModel (RF selector) + KNN,X8_FV,98,Integrated
Integrated-SelectFromModel (RF selector) + KNN,X8_FY,99,Integrated
Integrated-SelectFromModel (RF selector) + KNN,X8_GA,100,Integrated
Integrated-SelectFromModel (RF selector) + KNN,X8_GD,101,Integrated
Integrated-SelectFromModel (RF selector) + KNN,X8_GE,102,Integrated
Integrated-SelectFromModel (RF selector) + KNN,X8_GF,103,Integrated
Integrated-SelectFromModel (RF selector) + KNN,X8_GG,104,Integrated
Integrated-SelectFromModel (RF selector) + KNN,X8_GI,105,Integrated
Integrated-SelectFromModel (RF selector) + KNN,X8_GK,106,Integrated
Integrated-SelectFromModel (RF selector) + KNN,X8_GL,107,Integrated
Integrated-SelectFromModel (RF selector) + KNN,X8_GM,108,Integrated
Integrated-SelectFromModel (RF selector) + KNN,X8_GN,109,Integrated
Integrated-SelectFromModel (RF selector) + KNN,X8_GP,110,Integrated
Integrated-SelectFromModel (RF selector) + KNN,X8_GQ,111,Integrated
Integrated-SelectFromModel (RF selector) + KNN,X8_GR,112,Integrated
Integrated-SelectFromModel (RF selector) + KNN,X8_GS,113,Integrated
Integrated-SelectFromModel (RF selector) + KNN,X8_GT,114,Integrated
Integrated-SelectFromModel (RF selector) + KNN,X8_GV,115,Integrated
Integrated-SelectFromModel (RF selector) + KNN,X8_HA,116,Integrated
Integrated-SelectFromModel (RF selector) + KNN,X8_HR,117,Integrated
Integrated-SelectFromModel (RF selector) + KNN,X8_HV,118,Integrated
Integrated-SelectFromModel (RF selector) + KNN,X8_IA,119,Integrated
Integrated-SelectFromModel (RF selector) + KNN,X8_IC,120,Integrated
Integrated-SelectFromModel (RF selector) + KNN,X8_ID,121,Integrated
Integrated-SelectFromModel (RF selector) + KNN,X8_IE,122,Integrated
Integrated-SelectFromModel (RF selector) + KNN,X8_IF,123,Integrated
Integrated-SelectFromModel (RF selector) + KNN,X8_IG,124,Integrated
Integrated-SelectFromModel (RF selector) + KNN,X8_II,125,Integrated
Integrated-SelectFromModel (RF selector) + KNN,X8_IL,126,Integrated
Integrated-SelectFromModel (RF selector) + KNN,X8_IN,127,Integrated
Integrated-SelectFromModel (RF selector) + KNN,X8_IP,128,Integrated
Integrated-SelectFromModel (RF selector) + KNN,X8_IQ,129,Integrated
Integrated-SelectFromModel (RF selector) + KNN,X8_IR,130,Integrated
Integrated-SelectFromModel (RF selector) + KNN,X8_IS,131,Integrated
Integrated-SelectFromModel (RF selector) + KNN,X8_IT,132,Integrated
Integrated-SelectFromModel (RF selector) + KNN,X8_IV,133,Integrated
Integrated-SelectFromModel (RF selector) + KNN,X8_IY,134,Integrated
Integrated-SelectFromModel (RF selector) + KNN,X8_KA,135,Integrated
Integrated-SelectFromModel (RF selector) + KNN,X8_KG,136,Integrated
Integrated-SelectFromModel (RF selector) + KNN,X8_KI,137,Integrated
Integrated-SelectFromModel (RF selector) + KNN,X8_KL,138,Integrated
Integrated-SelectFromModel (RF selector) + KNN,X8_KP,139,Integrated
Integrated-SelectFromModel (RF selector) + KNN,X8_KS,140,Integrated
Integrated-SelectFromModel (RF selector) + KNN,X8_KT,141,Integrated
Integrated-SelectFromModel (RF selector) + KNN,X8_KV,142,Integrated
Integrated-SelectFromModel (RF selector) + KNN,X8_LA,143,Integrated
Integrated-SelectFromModel (RF selector) + KNN,X8_LD,144,Integrated
Integrated-SelectFromModel (RF selector) + KNN,X8_LE,145,Integrated
Integrated-SelectFromModel (RF selector) + KNN,X8_LF,146,Integrated
Integrated-SelectFromModel (RF selector) + KNN,X8_LG,147,Integrated
Integrated-SelectFromModel (RF selector) + KNN,X8_LH,148,Integrated
Integrated-SelectFromModel (RF selector) + KNN,X8_LI,149,Integrated
Integrated-SelectFromModel (RF selector) + KNN,X8_LK,150,Integrated
Integrated-SelectFromModel (RF selector) + KNN,X8_LL,151,Integrated
Integrated-SelectFromModel (RF selector) + KNN,X8_LM,152,Integrated
Integrated-SelectFromModel (RF selector) + KNN,X8_LN,153,Integrated
Integrated-SelectFromModel (RF selector) + KNN,X8_LP,154,Integrated
Integrated-SelectFromModel (RF selector) + KNN,X8_LQ,155,Integrated
Integrated-SelectFromModel (RF selector) + KNN,X8_LR,156,Integrated
Integrated-SelectFromModel (RF selector) + KNN,X8_LS,157,Integrated
Integrated-SelectFromModel (RF selector) + KNN,X8_LT,158,Integrated
Integrated-SelectFromModel (RF selector) + KNN,X8_LV,159,Integrated
Integrated-SelectFromModel (RF selector) + KNN,X8_LW,160,Integrated
Integrated-SelectFromModel (RF selector) + KNN,X8_LY,161,Integrated
Integrated-SelectFromModel (RF selector) + KNN,X8_MA,162,Integrated
Integrated-SelectFromModel (RF selector) + KNN,X8_MI,163,Integrated
Integrated-SelectFromModel (RF selector) + KNN,X8_ML,164,Integrated
Integrated-SelectFromModel (RF selector) + KNN,X8_MS,165,Integrated
Integrated-SelectFromModel (RF selector) + KNN,X8_NA,166,Integrated
Integrated-SelectFromModel (RF selector) + KNN,X8_ND,167,Integrated
Integrated-SelectFromModel (RF selector) + KNN,X8_NG,168,Integrated
Integrated-SelectFromModel (RF selector) + KNN,X8_NI,169,Integrated
Integrated-SelectFromModel (RF selector) + KNN,X8_NL,170,Integrated
Integrated-SelectFromModel (RF selector) + KNN,X8_NN,171,Integrated
Integrated-SelectFromModel (RF selector) + KNN,X8_NP,172,Integrated
Integrated-SelectFromModel (RF selector) + KNN,X8_NR,173,Integrated
Integrated-SelectFromModel (RF selector) + KNN,X8_NS,174,Integrated
Integrated-SelectFromModel (RF selector) + KNN,X8_NT,175,Integrated
Integrated-SelectFromModel (RF selector) + KNN,X8_NV,176,Integrated
Integrated-SelectFromModel (RF selector) + KNN,X8_NY,177,Integrated
Integrated-SelectFromModel (RF selector) + KNN,X8_PA,178,Integrated
Integrated-SelectFromModel (RF selector) + KNN,X8_PD,179,Integrated
Integrated-SelectFromModel (RF selector) + KNN,X8_PE,180,Integrated
Integrated-SelectFromModel (RF selector) + KNN,X8_PF,181,Integrated
Integrated-SelectFromModel (RF selector) + KNN,X8_PG,182,Integrated
Integrated-SelectFromModel (RF selector) + KNN,X8_PI,183,Integrated
Integrated-SelectFromModel (RF selector) + KNN,X8_PK,184,Integrated
Integrated-SelectFromModel (RF selector) + KNN,X8_PL,185,Integrated
Integrated-SelectFromModel (RF selector) + KNN,X8_PN,186,Integrated
Integrated-SelectFromModel (RF selector) + KNN,X8_PP,187,Integrated
Integrated-SelectFromModel (RF selector) + KNN,X8_PR,188,Integrated
Integrated-SelectFromModel (RF selector) + KNN,X8_PS,189,Integrated
Integrated-SelectFromModel (RF selector) + KNN,X8_PT,190,Integrated
Integrated-SelectFromModel (RF selector) + KNN,X8_PV,191,Integrated
Integrated-SelectFromModel (RF selector) + KNN,X8_QA,192,Integrated
Integrated-SelectFromModel (RF selector) + KNN,X8_QE,193,Integrated
Integrated-SelectFromModel (RF selector) + KNN,X8_QG,194,Integrated
Integrated-SelectFromModel (RF selector) + KNN,X8_QL,195,Integrated
Integrated-SelectFromModel (RF selector) + KNN,X8_QQ,196,Integrated
Integrated-SelectFromModel (RF selector) + KNN,X8_QR,197,Integrated
Integrated-SelectFromModel (RF selector) + KNN,X8_QS,198,Integrated
Integrated-SelectFromModel (RF selector) + KNN,X8_QV,199,Integrated
Integrated-SelectFromModel (RF selector) + KNN,X8_RA,200,Integrated
Integrated-SelectFromModel (RF selector) + KNN,X8_RD,201,Integrated
Integrated-SelectFromModel (RF selector) + KNN,X8_RE,202,Integrated
Integrated-SelectFromModel (RF selector) + KNN,X8_RF,203,Integrated
Integrated-SelectFromModel (RF selector) + KNN,X8_RG,204,Integrated
Integrated-SelectFromModel (RF selector) + KNN,X8_RI,205,Integrated
Integrated-SelectFromModel (RF selector) + KNN,X8_RL,206,Integrated
Integrated-SelectFromModel (RF selector) + KNN,X8_RP,207,Integrated
Integrated-SelectFromModel (RF selector) + KNN,X8_RR,208,Integrated
Integrated-SelectFromModel (RF selector) + KNN,X8_RS,209,Integrated
Integrated-SelectFromModel (RF selector) + KNN,X8_RT,210,Integrated
Integrated-SelectFromModel (RF selector) + KNN,X8_RV,211,Integrated
Integrated-SelectFromModel (RF selector) + KNN,X8_RY,212,Integrated
Integrated-SelectFromModel (RF selector) + KNN,X8_SA,213,Integrated
Integrated-SelectFromModel (RF selector) + KNN,X8_SD,214,Integrated
Integrated-SelectFromModel (RF selector) + KNN,X8_SE,215,Integrated
Integrated-SelectFromModel (RF selector) + KNN,X8_SF,216,Integrated
Integrated-SelectFromModel (RF selector) + KNN,X8_SG,217,Integrated
Integrated-SelectFromModel (RF selector) + KNN,X8_SI,218,Integrated
Integrated-SelectFromModel (RF selector) + KNN,X8_SK,219,Integrated
Integrated-SelectFromModel (RF selector) + KNN,X8_SL,220,Integrated
Integrated-SelectFromModel (RF selector) + KNN,X8_SM,221,Integrated
Integrated-SelectFromModel (RF selector) + KNN,X8_SN,222,Integrated
Integrated-SelectFromModel (RF selector) + KNN,X8_SP,223,Integrated
Integrated-SelectFromModel (RF selector) + KNN,X8_SR,224,Integrated
Integrated-SelectFromModel (RF selector) + KNN,X8_SS,225,Integrated
Integrated-SelectFromModel (RF selector) + KNN,X8_ST,226,Integrated
Integrated-SelectFromModel (RF selector) + KNN,X8_SV,227,Integrated
Integrated-SelectFromModel (RF selector) + KNN,X8_SY,228,Integrated
Integrated-SelectFromModel (RF selector) + KNN,X8_TA,229,Integrated
Integrated-SelectFromModel (RF selector) + KNN,X8_TD,230,Integrated
Integrated-SelectFromModel (RF selector) + KNN,X8_TE,231,Integrated
Integrated-SelectFromModel (RF selector) + KNN,X8_TF,232,Integrated
Integrated-SelectFromModel (RF selector) + KNN,X8_TG,233,Integrated
Integrated-SelectFromModel (RF selector) + KNN,X8_TH,234,Integrated
Integrated-SelectFromModel (RF selector) + KNN,X8_TI,235,Integrated
Integrated-SelectFromModel (RF selector) + KNN,X8_TK,236,Integrated
Integrated-SelectFromModel (RF selector) + KNN,X8_TL,237,Integrated
Integrated-SelectFromModel (RF selector) + KNN,X8_TM,238,Integrated
Integrated-SelectFromModel (RF selector) + KNN,X8_TN,239,Integrated
Integrated-SelectFromModel (RF selector) + KNN,X8_TP,240,Integrated
Integrated-SelectFromModel (RF selector) + KNN,X8_TQ,241,Integrated
Integrated-SelectFromModel (RF selector) + KNN,X8_TR,242,Integrated
Integrated-SelectFromModel (RF selector) + KNN,X8_TS,243,Integrated
Integrated-SelectFromModel (RF selector) + KNN,X8_TT,244,Integrated
Integrated-SelectFromModel (RF selector) + KNN,X8_TV,245,Integrated
Integrated-SelectFromModel (RF selector) + KNN,X8_TW,246,Integrated
Integrated-SelectFromModel (RF selector) + KNN,X8_TY,247,Integrated
Integrated-SelectFromModel (RF selector) + KNN,X8_VA,248,Integrated
Integrated-SelectFromModel (RF selector) + KNN,X8_VC,249,Integrated
Integrated-SelectFromModel (RF selector) + KNN,X8_VD,250,Integrated
Integrated-SelectFromModel (RF selector) + KNN,X8_VE,251,Integrated
Integrated-SelectFromModel (RF selector) + KNN,X8_VF,252,Integrated
Integrated-SelectFromModel (RF selector) + KNN,X8_VG,253,Integrated
Integrated-SelectFromModel (RF selector) + KNN,X8_VI,254,Integrated
Integrated-SelectFromModel (RF selector) + KNN,X8_VK,255,Integrated
Integrated-SelectFromModel (RF selector) + KNN,X8_VL,256,Integrated
Integrated-SelectFromModel (RF selector) + KNN,X8_VN,257,Integrated
Integrated-SelectFromModel (RF selector) + KNN,X8_VP,258,Integrated
Integrated-SelectFromModel (RF selector) + KNN,X8_VQ,259,Integrated
Integrated-SelectFromModel (RF selector) + KNN,X8_VR,260,Integrated
Integrated-SelectFromModel (RF selector) + KNN,X8_VS,261,Integrated
Integrated-SelectFromModel (RF selector) + KNN,X8_VT,262,Integrated
Integrated-SelectFromModel (RF selector) + KNN,X8_VV,263,Integrated
Integrated-SelectFromModel (RF selector) + KNN,X8_VY,264,Integrated
Integrated-SelectFromModel (RF selector) + KNN,X8_WS,265,Integrated
Integrated-SelectFromModel (RF selector) + KNN,X8_YA,266,Integrated
Integrated-SelectFromModel (RF selector) + KNN,X8_YE,267,Integrated
Integrated-SelectFromModel (RF selector) + KNN,X8_YG,268,Integrated
Integrated-SelectFromModel (RF selector) + KNN,X8_YL,269,Integrated
Integrated-SelectFromModel (RF selector) + KNN,X8_YN,270,Integrated
Integrated-SelectFromModel (RF selector) + KNN,X8_YP,271,Integrated
Integrated-SelectFromModel (RF selector) + KNN,X8_YS,272,Integrated
Integrated-SelectFromModel (RF selector) + KNN,X8_YT,273,Integrated
Integrated-SelectFromModel (RF selector) + KNN,X8_YV,274,Integrated
Integrated-SelectFromModel (RF selector) + KNN,X8_YY,275,Integrated
Integrated-SelectFromModel (RF selector) + KNN,acidic_group,276,Integrated
Integrated-SelectFromModel (RF selector) + KNN,aliphatic_group,277,Integrated
Integrated-SelectFromModel (RF selector) + KNN,aliphatic_index,278,Integrated
Integrated-SelectFromModel (RF selector) + KNN,aromatic_group,279,Integrated
Integrated-SelectFromModel (RF selector) + KNN,basic_group,280,Integrated
Integrated-SelectFromModel (RF selector) + KNN,boman,281,Integrated
Integrated-SelectFromModel (RF selector) + KNN,charge,282,Integrated
Integrated-SelectFromModel (RF selector) + KNN,charged_group,283,Integrated
Integrated-SelectFromModel (RF selector) + KNN,cruciani_prp1,284,Integrated
Integrated-SelectFromModel (RF selector) + KNN,cruciani_prp2,285,Integrated
Integrated-SelectFromModel (RF selector) + KNN,cruciani_prp3,286,Integrated
Integrated-SelectFromModel (RF selector) + KNN,hydrophobic_eisenberg,287,Integrated
Integrated-SelectFromModel (RF selector) + KNN,hydrophobic_engleman,288,Integrated
Integrated-SelectFromModel (RF selector) + KNN,hydrophobic_hopp-woods,289,Integrated
Integrated-SelectFromModel (RF selector) + KNN,hydrophobic_janin,290,Integrated
Integrated-SelectFromModel (RF selector) + KNN,hydrophobic_kyte-doolittle,291,Integrated
Integrated-SelectFromModel (RF selector) + KNN,hydrophobic_moment,292,Integrated
Integrated-SelectFromModel (RF selector) + KNN,hydrophobic_roseman,293,Integrated
Integrated-SelectFromModel (RF selector) + KNN,instability_index,294,Integrated
Integrated-SelectFromModel (RF selector) + KNN,isoelectric_point,295,Integrated
Integrated-SelectFromModel (RF selector) + KNN,non-polar_group,296,Integrated
Integrated-SelectFromModel (RF selector) + KNN,peptide_len,297,Integrated
Integrated-SelectFromModel (RF selector) + KNN,polar_group,298,Integrated
Integrated-SelectFromModel (RF selector) + KNN,small_group,299,Integrated
Integrated-SelectFromModel (RF selector) + KNN,tiny_group,300,Integrated
Integrated-RFECV (L1-LR) + LR,X4_A,1,Integrated
Integrated-RFECV (L1-LR) + LR,X4_C,2,Integrated
Integrated-RFECV (L1-LR) + LR,X4_D,3,Integrated
Integrated-RFECV (L1-LR) + LR,X4_E,4,Integrated
Integrated-RFECV (L1-LR) + LR,X4_F,5,Integrated
Integrated-RFECV (L1-LR) + LR,X4_G,6,Integrated
Integrated-RFECV (L1-LR) + LR,X4_H,7,Integrated
Integrated-RFECV (L1-LR) + LR,X4_I,8,Integrated
Integrated-RFECV (L1-LR) + LR,X4_K,9,Integrated
Integrated-RFECV (L1-LR) + LR,X4_L,10,Integrated
Integrated-RFECV (L1-LR) + LR,X4_M,11,Integrated
Integrated-RFECV (L1-LR) + LR,X4_N,12,Integrated
Integrated-RFECV (L1-LR) + LR,X4_P,13,Integrated
Integrated-RFECV (L1-LR) + LR,X4_Q,14,Integrated
Integrated-RFECV (L1-LR) + LR,X4_R,15,Integrated
Integrated-RFECV (L1-LR) + LR,X4_S,16,Integrated
Integrated-RFECV (L1-LR) + LR,X4_T,17,Integrated
Integrated-RFECV (L1-LR) + LR,X4_V,18,Integrated
Integrated-RFECV (L1-LR) + LR,X4_W,19,Integrated
Integrated-RFECV (L1-LR) + LR,X4_Y,20,Integrated
Integrated-RFECV (L1-LR) + LR,X5_A,21,Integrated
Integrated-RFECV (L1-LR) + LR,X5_C,22,Integrated
Integrated-RFECV (L1-LR) + LR,X5_D,23,Integrated
Integrated-RFECV (L1-LR) + LR,X5_E,24,Integrated
Integrated-RFECV (L1-LR) + LR,X5_F,25,Integrated
Integrated-RFECV (L1-LR) + LR,X5_G,26,Integrated
Integrated-RFECV (L1-LR) + LR,X5_H,27,Integrated
Integrated-RFECV (L1-LR) + LR,X5_I,28,Integrated
Integrated-RFECV (L1-LR) + LR,X5_K,29,Integrated
Integrated-RFECV (L1-LR) + LR,X5_L,30,Integrated
Integrated-RFECV (L1-LR) + LR,X5_M,31,Integrated
Integrated-RFECV (L1-LR) + LR,X5_N,32,Integrated
Integrated-RFECV (L1-LR) + LR,X5_P,33,Integrated
Integrated-RFECV (L1-LR) + LR,X5_Q,34,Integrated
Integrated-RFECV (L1-LR) + LR,X5_R,35,Integrated
Integrated-RFECV (L1-LR) + LR,X5_S,36,Integrated
Integrated-RFECV (L1-LR) + LR,X5_T,37,Integrated
Integrated-RFECV (L1-LR) + LR,X5_V,38,Integrated
Integrated-RFECV (L1-LR) + LR,X5_W,39,Integrated
Integrated-RFECV (L1-LR) + LR,X5_Y,40,Integrated
Integrated-RFECV (L1-LR) + LR,X8_AA,41,Integrated
Integrated-RFECV (L1-LR) + LR,X8_AC,42,Integrated
Integrated-RFECV (L1-LR) + LR,X8_AD,43,Integrated
Integrated-RFECV (L1-LR) + LR,X8_AE,44,Integrated
Integrated-RFECV (L1-LR) + LR,X8_AF,45,Integrated
Integrated-RFECV (L1-LR) + LR,X8_AG,46,Integrated
Integrated-RFECV (L1-LR) + LR,X8_AH,47,Integrated
Integrated-RFECV (L1-LR) + LR,X8_AK,48,Integrated
Integrated-RFECV (L1-LR) + LR,X8_AL,49,Integrated
Integrated-RFECV (L1-LR) + LR,X8_AM,50,Integrated
Integrated-RFECV (L1-LR) + LR,X8_AN,51,Integrated
Integrated-RFECV (L1-LR) + LR,X8_AP,52,Integrated
Integrated-RFECV (L1-LR) + LR,X8_AQ,53,Integrated
Integrated-RFECV (L1-LR) + LR,X8_AR,54,Integrated
Integrated-RFECV (L1-LR) + LR,X8_AS,55,Integrated
Integrated-RFECV (L1-LR) + LR,X8_AT,56,Integrated
Integrated-RFECV (L1-LR) + LR,X8_AV,57,Integrated
Integrated-RFECV (L1-LR) + LR,X8_AW,58,Integrated
Integrated-RFECV (L1-LR) + LR,X8_AY,59,Integrated
Integrated-RFECV (L1-LR) + LR,X8_CC,60,Integrated
Integrated-RFECV (L1-LR) + LR,X8_CD,61,Integrated
Integrated-RFECV (L1-LR) + LR,X8_CE,62,Integrated
Integrated-RFECV (L1-LR) + LR,X8_CF,63,Integrated
Integrated-RFECV (L1-LR) + LR,X8_CG,64,Integrated
Integrated-RFECV (L1-LR) + LR,X8_CH,65,Integrated
Integrated-RFECV (L1-LR) + LR,X8_CI,66,Integrated
Integrated-RFECV (L1-LR) + LR,X8_CK,67,Integrated
Integrated-RFECV (L1-LR) + LR,X8_CL,68,Integrated
Integrated-RFECV (L1-LR) + LR,X8_CM,69,Integrated
Integrated-RFECV (L1-LR) + LR,X8_CN,70,Integrated
Integrated-RFECV (L1-LR) + LR,X8_CP,71,Integrated
Integrated-RFECV (L1-LR) + LR,X8_CQ,72,Integrated
Integrated-RFECV (L1-LR) + LR,X8_CR,73,Integrated
Integrated-RFECV (L1-LR) + LR,X8_CS,74,Integrated
Integrated-RFECV (L1-LR) + LR,X8_CT,75,Integrated
Integrated-RFECV (L1-LR) + LR,X8_CV,76,Integrated
Integrated-RFECV (L1-LR) + LR,X8_CW,77,Integrated
Integrated-RFECV (L1-LR) + LR,X8_CY,78,Integrated
Integrated-RFECV (L1-LR) + LR,X8_DA,79,Integrated
Integrated-RFECV (L1-LR) + LR,X8_DC,80,Integrated
Integrated-RFECV (L1-LR) + LR,X8_DD,81,Integrated
Integrated-RFECV (L1-LR) + LR,X8_DE,82,Integrated
Integrated-RFECV (L1-LR) + LR,X8_DF,83,Integrated
Integrated-RFECV (L1-LR) + LR,X8_DG,84,Integrated
Integrated-RFECV (L1-LR) + LR,X8_DH,85,Integrated
Integrated-RFECV (L1-LR) + LR,X8_DI,86,Integrated
Integrated-RFECV (L1-LR) + LR,X8_DK,87,Integrated
Integrated-RFECV (L1-LR) + LR,X8_DL,88,Integrated
Integrated-RFECV (L1-LR) + LR,X8_DM,89,Integrated
Integrated-RFECV (L1-LR) + LR,X8_DN,90,Integrated
Integrated-RFECV (L1-LR) + LR,X8_DP,91,Integrated
Integrated-RFECV (L1-LR) + LR,X8_DQ,92,Integrated
Integrated-RFECV (L1-LR) + LR,X8_DR,93,Integrated
Integrated-RFECV (L1-LR) + LR,X8_DS,94,Integrated
Integrated-RFECV (L1-LR) + LR,X8_DT,95,Integrated
Integrated-RFECV (L1-LR) + LR,X8_DV,96,Integrated
Integrated-RFECV (L1-LR) + LR,X8_DW,97,Integrated
Integrated-RFECV (L1-LR) + LR,X8_DY,98,Integrated
Integrated-RFECV (L1-LR) + LR,X8_EA,99,Integrated
Integrated-RFECV (L1-LR) + LR,X8_EC,100,Integrated
Integrated-RFECV (L1-LR) + LR,X8_ED,101,Integrated
Integrated-RFECV (L1-LR) + LR,X8_EE,102,Integrated
Integrated-RFECV (L1-LR) + LR,X8_EF,103,Integrated
Integrated-RFECV (L1-LR) + LR,X8_EG,104,Integrated
Integrated-RFECV (L1-LR) + LR,X8_EH,105,Integrated
Integrated-RFECV (L1-LR) + LR,X8_EI,106,Integrated
Integrated-RFECV (L1-LR) + LR,X8_EK,107,Integrated
Integrated-RFECV (L1-LR) + LR,X8_EL,108,Integrated
Integrated-RFECV (L1-LR) + LR,X8_EM,109,Integrated
Integrated-RFECV (L1-LR) + LR,X8_EN,110,Integrated
Integrated-RFECV (L1-LR) + LR,X8_EP,111,Integrated
Integrated-RFECV (L1-LR) + LR,X8_EQ,112,Integrated
Integrated-RFECV (L1-LR) + LR,X8_ER,113,Integrated
Integrated-RFECV (L1-LR) + LR,X8_ES,114,Integrated
Integrated-RFECV (L1-LR) + LR,X8_ET,115,Integrated
Integrated-RFECV (L1-LR) + LR,X8_EV,116,Integrated
Integrated-RFECV (L1-LR) + LR,X8_EW,117,Integrated
Integrated-RFECV (L1-LR) + LR,X8_EY,118,Integrated
Integrated-RFECV (L1-LR) + LR,X8_FA,119,Integrated
Integrated-RFECV (L1-LR) + LR,X8_FC,120,Integrated
Integrated-RFECV (L1-LR) + LR,X8_FD,121,Integrated
Integrated-RFECV (L1-LR) + LR,X8_FE,122,Integrated
Integrated-RFECV (L1-LR) + LR,X8_FF,123,Integrated
Integrated-RFECV (L1-LR) + LR,X8_FG,124,Integrated
Integrated-RFECV (L1-LR) + LR,X8_FH,125,Integrated
Integrated-RFECV (L1-LR) + LR,X8_FI,126,Integrated
Integrated-RFECV (L1-LR) + LR,X8_FK,127,Integrated
Integrated-RFECV (L1-LR) + LR,X8_FL,128,Integrated
Integrated-RFECV (L1-LR) + LR,X8_FM,129,Integrated
Integrated-RFECV (L1-LR) + LR,X8_FN,130,Integrated
Integrated-RFECV (L1-LR) + LR,X8_FP,131,Integrated
Integrated-RFECV (L1-LR) + LR,X8_FQ,132,Integrated
Integrated-RFECV (L1-LR) + LR,X8_FR,133,Integrated
Integrated-RFECV (L1-LR) + LR,X8_FS,134,Integrated
Integrated-RFECV (L1-LR) + LR,X8_FT,135,Integrated
Integrated-RFECV (L1-LR) + LR,X8_FV,136,Integrated
Integrated-RFECV (L1-LR) + LR,X8_FW,137,Integrated
Integrated-RFECV (L1-LR) + LR,X8_FY,138,Integrated
Integrated-RFECV (L1-LR) + LR,X8_GA,139,Integrated
Integrated-RFECV (L1-LR) + LR,X8_GC,140,Integrated
Integrated-RFECV (L1-LR) + LR,X8_GD,141,Integrated
Integrated-RFECV (L1-LR) + LR,X8_GE,142,Integrated
Integrated-RFECV (L1-LR) + LR,X8_GF,143,Integrated
Integrated-RFECV (L1-LR) + LR,X8_GG,144,Integrated
Integrated-RFECV (L1-LR) + LR,X8_GH,145,Integrated
Integrated-RFECV (L1-LR) + LR,X8_GI,146,Integrated
Integrated-RFECV (L1-LR) + LR,X8_GK,147,Integrated
Integrated-RFECV (L1-LR) + LR,X8_GL,148,Integrated
Integrated-RFECV (L1-LR) + LR,X8_GM,149,Integrated
Integrated-RFECV (L1-LR) + LR,X8_GN,150,Integrated
Integrated-RFECV (L1-LR) + LR,X8_GP,151,Integrated
Integrated-RFECV (L1-LR) + LR,X8_GQ,152,Integrated
Integrated-RFECV (L1-LR) + LR,X8_GR,153,Integrated
Integrated-RFECV (L1-LR) + LR,X8_GS,154,Integrated
Integrated-RFECV (L1-LR) + LR,X8_GT,155,Integrated
Integrated-RFECV (L1-LR) + LR,X8_GV,156,Integrated
Integrated-RFECV (L1-LR) + LR,X8_GW,157,Integrated
Integrated-RFECV (L1-LR) + LR,X8_GY,158,Integrated
Integrated-RFECV (L1-LR) + LR,X8_HA,159,Integrated
Integrated-RFECV (L1-LR) + LR,X8_HC,160,Integrated
Integrated-RFECV (L1-LR) + LR,X8_HD,161,Integrated
Integrated-RFECV (L1-LR) + LR,X8_HE,162,Integrated
Integrated-RFECV (L1-LR) + LR,X8_HF,163,Integrated
Integrated-RFECV (L1-LR) + LR,X8_HG,164,Integrated
Integrated-RFECV (L1-LR) + LR,X8_HH,165,Integrated
Integrated-RFECV (L1-LR) + LR,X8_HI,166,Integrated
Integrated-RFECV (L1-LR) + LR,X8_HK,167,Integrated
Integrated-RFECV (L1-LR) + LR,X8_HL,168,Integrated
Integrated-RFECV (L1-LR) + LR,X8_HM,169,Integrated
Integrated-RFECV (L1-LR) + LR,X8_HN,170,Integrated
Integrated-RFECV (L1-LR) + LR,X8_HP,171,Integrated
Integrated-RFECV (L1-LR) + LR,X8_HQ,172,Integrated
Integrated-RFECV (L1-LR) + LR,X8_HR,173,Integrated
Integrated-RFECV (L1-LR) + LR,X8_HS,174,Integrated
Integrated-RFECV (L1-LR) + LR,X8_HT,175,Integrated
Integrated-RFECV (L1-LR) + LR,X8_HV,176,Integrated
Integrated-RFECV (L1-LR) + LR,X8_HW,177,Integrated
Integrated-RFECV (L1-LR) + LR,X8_HY,178,Integrated
Integrated-RFECV (L1-LR) + LR,X8_IA,179,Integrated
Integrated-RFECV (L1-LR) + LR,X8_IC,180,Integrated
Integrated-RFECV (L1-LR) + LR,X8_ID,181,Integrated
Integrated-RFECV (L1-LR) + LR,X8_IE,182,Integrated
Integrated-RFECV (L1-LR) + LR,X8_IF,183,Integrated
Integrated-RFECV (L1-LR) + LR,X8_IG,184,Integrated
Integrated-RFECV (L1-LR) + LR,X8_IH,185,Integrated
Integrated-RFECV (L1-LR) + LR,X8_II,186,Integrated
Integrated-RFECV (L1-LR) + LR,X8_IK,187,Integrated
Integrated-RFECV (L1-LR) + LR,X8_IL,188,Integrated
Integrated-RFECV (L1-LR) + LR,X8_IM,189,Integrated
Integrated-RFECV (L1-LR) + LR,X8_IN,190,Integrated
Integrated-RFECV (L1-LR) + LR,X8_IP,191,Integrated
Integrated-RFECV (L1-LR) + LR,X8_IQ,192,Integrated
Integrated-RFECV (L1-LR) + LR,X8_IR,193,Integrated
Integrated-RFECV (L1-LR) + LR,X8_IS,194,Integrated
Integrated-RFECV (L1-LR) + LR,X8_IT,195,Integrated
Integrated-RFECV (L1-LR) + LR,X8_IV,196,Integrated
Integrated-RFECV (L1-LR) + LR,X8_IW,197,Integrated
Integrated-RFECV (L1-LR) + LR,X8_IY,198,Integrated
Integrated-RFECV (L1-LR) + LR,X8_KA,199,Integrated
Integrated-RFECV (L1-LR) + LR,X8_KC,200,Integrated
Integrated-RFECV (L1-LR) + LR,X8_KD,201,Integrated
Integrated-RFECV (L1-LR) + LR,X8_KE,202,Integrated
Integrated-RFECV (L1-LR) + LR,X8_KF,203,Integrated
Integrated-RFECV (L1-LR) + LR,X8_KG,204,Integrated
Integrated-RFECV (L1-LR) + LR,X8_KH,205,Integrated
Integrated-RFECV (L1-LR) + LR,X8_KI,206,Integrated
Integrated-RFECV (L1-LR) + LR,X8_KK,207,Integrated
Integrated-RFECV (L1-LR) + LR,X8_KL,208,Integrated
Integrated-RFECV (L1-LR) + LR,X8_KM,209,Integrated
Integrated-RFECV (L1-LR) + LR,X8_KN,210,Integrated
Integrated-RFECV (L1-LR) + LR,X8_KP,211,Integrated
Integrated-RFECV (L1-LR) + LR,X8_KQ,212,Integrated
Integrated-RFECV (L1-LR) + LR,X8_KR,213,Integrated
Integrated-RFECV (L1-LR) + LR,X8_KS,214,Integrated
Integrated-RFECV (L1-LR) + LR,X8_KT,215,Integrated
Integrated-RFECV (L1-LR) + LR,X8_KV,216,Integrated
Integrated-RFECV (L1-LR) + LR,X8_KW,217,Integrated
Integrated-RFECV (L1-LR) + LR,X8_KY,218,Integrated
Integrated-RFECV (L1-LR) + LR,X8_LA,219,Integrated
Integrated-RFECV (L1-LR) + LR,X8_LC,220,Integrated
Integrated-RFECV (L1-LR) + LR,X8_LD,221,Integrated
Integrated-RFECV (L1-LR) + LR,X8_LE,222,Integrated
Integrated-RFECV (L1-LR) + LR,X8_LF,223,Integrated
Integrated-RFECV (L1-LR) + LR,X8_LG,224,Integrated
Integrated-RFECV (L1-LR) + LR,X8_LH,225,Integrated
Integrated-RFECV (L1-LR) + LR,X8_LI,226,Integrated
Integrated-RFECV (L1-LR) + LR,X8_LK,227,Integrated
Integrated-RFECV (L1-LR) + LR,X8_LL,228,Integrated
Integrated-RFECV (L1-LR) + LR,X8_LM,229,Integrated
Integrated-RFECV (L1-LR) + LR,X8_LN,230,Integrated
Integrated-RFECV (L1-LR) + LR,X8_LP,231,Integrated
Integrated-RFECV (L1-LR) + LR,X8_LQ,232,Integrated
Integrated-RFECV (L1-LR) + LR,X8_LR,233,Integrated
Integrated-RFECV (L1-LR) + LR,X8_LS,234,Integrated
Integrated-RFECV (L1-LR) + LR,X8_LT,235,Integrated
Integrated-RFECV (L1-LR) + LR,X8_LV,236,Integrated
Integrated-RFECV (L1-LR) + LR,X8_LW,237,Integrated
Integrated-RFECV (L1-LR) + LR,X8_LY,238,Integrated
Integrated-RFECV (L1-LR) + LR,X8_MA,239,Integrated
Integrated-RFECV (L1-LR) + LR,X8_MC,240,Integrated
Integrated-RFECV (L1-LR) + LR,X8_MD,241,Integrated
Integrated-RFECV (L1-LR) + LR,X8_ME,242,Integrated
Integrated-RFECV (L1-LR) + LR,X8_MF,243,Integrated
Integrated-RFECV (L1-LR) + LR,X8_MG,244,Integrated
Integrated-RFECV (L1-LR) + LR,X8_MH,245,Integrated
Integrated-RFECV (L1-LR) + LR,X8_MI,246,Integrated
Integrated-RFECV (L1-LR) + LR,X8_MK,247,Integrated
Integrated-RFECV (L1-LR) + LR,X8_ML,248,Integrated
Integrated-RFECV (L1-LR) + LR,X8_MM,249,Integrated
Integrated-RFECV (L1-LR) + LR,X8_MN,250,Integrated
Integrated-RFECV (L1-LR) + LR,X8_MP,251,Integrated
Integrated-RFECV (L1-LR) + LR,X8_MQ,252,Integrated
Integrated-RFECV (L1-LR) + LR,X8_MR,253,Integrated
Integrated-RFECV (L1-LR) + LR,X8_MS,254,Integrated
Integrated-RFECV (L1-LR) + LR,X8_MT,255,Integrated
Integrated-RFECV (L1-LR) + LR,X8_MV,256,Integrated
Integrated-RFECV (L1-LR) + LR,X8_MW,257,Integrated
Integrated-RFECV (L1-LR) + LR,X8_MY,258,Integrated
Integrated-RFECV (L1-LR) + LR,X8_NA,259,Integrated
Integrated-RFECV (L1-LR) + LR,X8_NC,260,Integrated
Integrated-RFECV (L1-LR) + LR,X8_NE,261,Integrated
Integrated-RFECV (L1-LR) + LR,X8_NF,262,Integrated
Integrated-RFECV (L1-LR) + LR,X8_NG,263,Integrated
Integrated-RFECV (L1-LR) + LR,X8_NH,264,Integrated
Integrated-RFECV (L1-LR) + LR,X8_NI,265,Integrated
Integrated-RFECV (L1-LR) + LR,X8_NK,266,Integrated
Integrated-RFECV (L1-LR) + LR,X8_NL,267,Integrated
Integrated-RFECV (L1-LR) + LR,X8_NM,268,Integrated
Integrated-RFECV (L1-LR) + LR,X8_NN,269,Integrated
Integrated-RFECV (L1-LR) + LR,X8_NP,270,Integrated
Integrated-RFECV (L1-LR) + LR,X8_NQ,271,Integrated
Integrated-RFECV (L1-LR) + LR,X8_NR,272,Integrated
Integrated-RFECV (L1-LR) + LR,X8_NS,273,Integrated
Integrated-RFECV (L1-LR) + LR,X8_NT,274,Integrated
Integrated-RFECV (L1-LR) + LR,X8_NV,275,Integrated
Integrated-RFECV (L1-LR) + LR,X8_NW,276,Integrated
Integrated-RFECV (L1-LR) + LR,X8_NY,277,Integrated
Integrated-RFECV (L1-LR) + LR,X8_PA,278,Integrated
Integrated-RFECV (L1-LR) + LR,X8_PC,279,Integrated
Integrated-RFECV (L1-LR) + LR,X8_PD,280,Integrated
Integrated-RFECV (L1-LR) + LR,X8_PE,281,Integrated
Integrated-RFECV (L1-LR) + LR,X8_PF,282,Integrated
Integrated-RFECV (L1-LR) + LR,X8_PG,283,Integrated
Integrated-RFECV (L1-LR) + LR,X8_PH,284,Integrated
Integrated-RFECV (L1-LR) + LR,X8_PI,285,Integrated
Integrated-RFECV (L1-LR) + LR,X8_PK,286,Integrated
Integrated-RFECV (L1-LR) + LR,X8_PL,287,Integrated
Integrated-RFECV (L1-LR) + LR,X8_PM,288,Integrated
Integrated-RFECV (L1-LR) + LR,X8_PN,289,Integrated
Integrated-RFECV (L1-LR) + LR,X8_PP,290,Integrated
Integrated-RFECV (L1-LR) + LR,X8_PQ,291,Integrated
Integrated-RFECV (L1-LR) + LR,X8_PR,292,Integrated
Integrated-RFECV (L1-LR) + LR,X8_PS,293,Integrated
Integrated-RFECV (L1-LR) + LR,X8_PT,294,Integrated
Integrated-RFECV (L1-LR) + LR,X8_PV,295,Integrated
Integrated-RFECV (L1-LR) + LR,X8_PW,296,Integrated
Integrated-RFECV (L1-LR) + LR,X8_PY,297,Integrated
Integrated-RFECV (L1-LR) + LR,X8_QA,298,Integrated
Integrated-RFECV (L1-LR) + LR,X8_QC,299,Integrated
Integrated-RFECV (L1-LR) + LR,X8_QD,300,Integrated
Integrated-RFECV (L1-LR) + LR,X8_QE,301,Integrated
Integrated-RFECV (L1-LR) + LR,X8_QF,302,Integrated
Integrated-RFECV (L1-LR) + LR,X8_QG,303,Integrated
Integrated-RFECV (L1-LR) + LR,X8_QI,304,Integrated
Integrated-RFECV (L1-LR) + LR,X8_QK,305,Integrated
Integrated-RFECV (L1-LR) + LR,X8_QL,306,Integrated
Integrated-RFECV (L1-LR) + LR,X8_QN,307,Integrated
Integrated-RFECV (L1-LR) + LR,X8_QP,308,Integrated
Integrated-RFECV (L1-LR) + LR,X8_QQ,309,Integrated
Integrated-RFECV (L1-LR) + LR,X8_QR,310,Integrated
Integrated-RFECV (L1-LR) + LR,X8_QS,311,Integrated
Integrated-RFECV (L1-LR) + LR,X8_QT,312,Integrated
Integrated-RFECV (L1-LR) + LR,X8_QV,313,Integrated
Integrated-RFECV (L1-LR) + LR,X8_QW,314,Integrated
Integrated-RFECV (L1-LR) + LR,X8_QY,315,Integrated
Integrated-RFECV (L1-LR) + LR,X8_RA,316,Integrated
Integrated-RFECV (L1-LR) + LR,X8_RC,317,Integrated
Integrated-RFECV (L1-LR) + LR,X8_RD,318,Integrated
Integrated-RFECV (L1-LR) + LR,X8_RE,319,Integrated
Integrated-RFECV (L1-LR) + LR,X8_RF,320,Integrated
Integrated-RFECV (L1-LR) + LR,X8_RG,321,Integrated
Integrated-RFECV (L1-LR) + LR,X8_RH,322,Integrated
Integrated-RFECV (L1-LR) + LR,X8_RI,323,Integrated
Integrated-RFECV (L1-LR) + LR,X8_RK,324,Integrated
Integrated-RFECV (L1-LR) + LR,X8_RL,325,Integrated
Integrated-RFECV (L1-LR) + LR,X8_RM,326,Integrated
Integrated-RFECV (L1-LR) + LR,X8_RN,327,Integrated
Integrated-RFECV (L1-LR) + LR,X8_RP,328,Integrated
Integrated-RFECV (L1-LR) + LR,X8_RQ,329,Integrated
Integrated-RFECV (L1-LR) + LR,X8_RR,330,Integrated
Integrated-RFECV (L1-LR) + LR,X8_RS,331,Integrated
Integrated-RFECV (L1-LR) + LR,X8_RT,332,Integrated
Integrated-RFECV (L1-LR) + LR,X8_RV,333,Integrated
Integrated-RFECV (L1-LR) + LR,X8_RW,334,Integrated
Integrated-RFECV (L1-LR) + LR,X8_RY,335,Integrated
Integrated-RFECV (L1-LR) + LR,X8_SA,336,Integrated
Integrated-RFECV (L1-LR) + LR,X8_SC,337,Integrated
Integrated-RFECV (L1-LR) + LR,X8_SD,338,Integrated
Integrated-RFECV (L1-LR) + LR,X8_SE,339,Integrated
Integrated-RFECV (L1-LR) + LR,X8_SF,340,Integrated
Integrated-RFECV (L1-LR) + LR,X8_SG,341,Integrated
Integrated-RFECV (L1-LR) + LR,X8_SH,342,Integrated
Integrated-RFECV (L1-LR) + LR,X8_SI,343,Integrated
Integrated-RFECV (L1-LR) + LR,X8_SK,344,Integrated
Integrated-RFECV (L1-LR) + LR,X8_SL,345,Integrated
Integrated-RFECV (L1-LR) + LR,X8_SM,346,Integrated
Integrated-RFECV (L1-LR) + LR,X8_SN,347,Integrated
Integrated-RFECV (L1-LR) + LR,X8_SP,348,Integrated
Integrated-RFECV (L1-LR) + LR,X8_SQ,349,Integrated
Integrated-RFECV (L1-LR) + LR,X8_SR,350,Integrated
Integrated-RFECV (L1-LR) + LR,X8_SS,351,Integrated
Integrated-RFECV (L1-LR) + LR,X8_ST,352,Integrated
Integrated-RFECV (L1-LR) + LR,X8_SV,353,Integrated
Integrated-RFECV (L1-LR) + LR,X8_SW,354,Integrated
Integrated-RFECV (L1-LR) + LR,X8_SY,355,Integrated
Integrated-RFECV (L1-LR) + LR,X8_TA,356,Integrated
Integrated-RFECV (L1-LR) + LR,X8_TC,357,Integrated
Integrated-RFECV (L1-LR) + LR,X8_TD,358,Integrated
Integrated-RFECV (L1-LR) + LR,X8_TE,359,Integrated
Integrated-RFECV (L1-LR) + LR,X8_TF,360,Integrated
Integrated-RFECV (L1-LR) + LR,X8_TG,361,Integrated
Integrated-RFECV (L1-LR) + LR,X8_TH,362,Integrated
Integrated-RFECV (L1-LR) + LR,X8_TI,363,Integrated
Integrated-RFECV (L1-LR) + LR,X8_TK,364,Integrated
Integrated-RFECV (L1-LR) + LR,X8_TL,365,Integrated
Integrated-RFECV (L1-LR) + LR,X8_TM,366,Integrated
Integrated-RFECV (L1-LR) + LR,X8_TN,367,Integrated
Integrated-RFECV (L1-LR) + LR,X8_TP,368,Integrated
Integrated-RFECV (L1-LR) + LR,X8_TQ,369,Integrated
Integrated-RFECV (L1-LR) + LR,X8_TR,370,Integrated
Integrated-RFECV (L1-LR) + LR,X8_TS,371,Integrated
Integrated-RFECV (L1-LR) + LR,X8_TT,372,Integrated
Integrated-RFECV (L1-LR) + LR,X8_TV,373,Integrated
Integrated-RFECV (L1-LR) + LR,X8_TW,374,Integrated
Integrated-RFECV (L1-LR) + LR,X8_TY,375,Integrated
Integrated-RFECV (L1-LR) + LR,X8_VA,376,Integrated
Integrated-RFECV (L1-LR) + LR,X8_VD,377,Integrated
Integrated-RFECV (L1-LR) + LR,X8_VF,378,Integrated
Integrated-RFECV (L1-LR) + LR,X8_VG,379,Integrated
Integrated-RFECV (L1-LR) + LR,X8_VH,380,Integrated
Integrated-RFECV (L1-LR) + LR,X8_VI,381,Integrated
Integrated-RFECV (L1-LR) + LR,X8_VK,382,Integrated
Integrated-RFECV (L1-LR) + LR,X8_VL,383,Integrated
Integrated-RFECV (L1-LR) + LR,X8_VM,384,Integrated
Integrated-RFECV (L1-LR) + LR,X8_VN,385,Integrated
Integrated-RFECV (L1-LR) + LR,X8_VP,386,Integrated
Integrated-RFECV (L1-LR) + LR,X8_VR,387,Integrated
Integrated-RFECV (L1-LR) + LR,X8_VS,388,Integrated
Integrated-RFECV (L1-LR) + LR,X8_VT,389,Integrated
Integrated-RFECV (L1-LR) + LR,X8_VW,390,Integrated
Integrated-RFECV (L1-LR) + LR,X8_VY,391,Integrated
Integrated-RFECV (L1-LR) + LR,X8_WA,392,Integrated
Integrated-RFECV (L1-LR) + LR,X8_WC,393,Integrated
Integrated-RFECV (L1-LR) + LR,X8_WD,394,Integrated
Integrated-RFECV (L1-LR) + LR,X8_WE,395,Integrated
Integrated-RFECV (L1-LR) + LR,X8_WF,396,Integrated
Integrated-RFECV (L1-LR) + LR,X8_WG,397,Integrated
Integrated-RFECV (L1-LR) + LR,X8_WH,398,Integrated
Integrated-RFECV (L1-LR) + LR,X8_WI,399,Integrated
Integrated-RFECV (L1-LR) + LR,X8_WK,400,Integrated
Integrated-RFECV (L1-LR) + LR,X8_WL,401,Integrated
Integrated-RFECV (L1-LR) + LR,X8_WM,402,Integrated
Integrated-RFECV (L1-LR) + LR,X8_WN,403,Integrated
Integrated-RFECV (L1-LR) + LR,X8_WP,404,Integrated
Integrated-RFECV (L1-LR) + LR,X8_WQ,405,Integrated
Integrated-RFECV (L1-LR) + LR,X8_WR,406,Integrated
Integrated-RFECV (L1-LR) + LR,X8_WS,407,Integrated
Integrated-RFECV (L1-LR) + LR,X8_WT,408,Integrated
Integrated-RFECV (L1-LR) + LR,X8_WV,409,Integrated
Integrated-RFECV (L1-LR) + LR,X8_WW,410,Integrated
Integrated-RFECV (L1-LR) + LR,X8_WY,411,Integrated
Integrated-RFECV (L1-LR) + LR,X8_YA,412,Integrated
Integrated-RFECV (L1-LR) + LR,X8_YC,413,Integrated
Integrated-RFECV (L1-LR) + LR,X8_YD,414,Integrated
Integrated-RFECV (L1-LR) + LR,X8_YE,415,Integrated
Integrated-RFECV (L1-LR) + LR,X8_YF,416,Integrated
Integrated-RFECV (L1-LR) + LR,X8_YG,417,Integrated
Integrated-RFECV (L1-LR) + LR,X8_YH,418,Integrated
Integrated-RFECV (L1-LR) + LR,X8_YI,419,Integrated
Integrated-RFECV (L1-LR) + LR,X8_YK,420,Integrated
Integrated-RFECV (L1-LR) + LR,X8_YL,421,Integrated
Integrated-RFECV (L1-LR) + LR,X8_YM,422,Integrated
Integrated-RFECV (L1-LR) + LR,X8_YN,423,Integrated
Integrated-RFECV (L1-LR) + LR,X8_YP,424,Integrated
Integrated-RFECV (L1-LR) + LR,X8_YQ,425,Integrated
Integrated-RFECV (L1-LR) + LR,X8_YR,426,Integrated
Integrated-RFECV (L1-LR) + LR,X8_YS,427,Integrated
Integrated-RFECV (L1-LR) + LR,X8_YT,428,Integrated
Integrated-RFECV (L1-LR) + LR,X8_YV,429,Integrated
Integrated-RFECV (L1-LR) + LR,X8_YW,430,Integrated
Integrated-RFECV (L1-LR) + LR,X8_YY,431,Integrated
Integrated-RFECV (L1-LR) + LR,acidic_group,432,Integrated
Integrated-RFECV (L1-LR) + LR,aliphatic_group,433,Integrated
Integrated-RFECV (L1-LR) + LR,aromatic_group,434,Integrated
Integrated-RFECV (L1-LR) + LR,basic_group,435,Integrated
Integrated-RFECV (L1-LR) + LR,boman,436,Integrated
Integrated-RFECV (L1-LR) + LR,charge,437,Integrated
Integrated-RFECV (L1-LR) + LR,charged_group,438,Integrated
Integrated-RFECV (L1-LR) + LR,cruciani_prp1,439,Integrated
Integrated-RFECV (L1-LR) + LR,cruciani_prp2,440,Integrated
Integrated-RFECV (L1-LR) + LR,cruciani_prp3,441,Integrated
Integrated-RFECV (L1-LR) + LR,hydrophobic_kyte-doolittle,442,Integrated
Integrated-RFECV (L1-LR) + LR,hydrophobic_moment,443,Integrated
Integrated-RFECV (L1-LR) + LR,instability_index,444,Integrated
Integrated-RFECV (L1-LR) + LR,isoelectric_point,445,Integrated
Integrated-RFECV (L1-LR) + LR,non-polar_group,446,Integrated
Integrated-RFECV (L1-LR) + LR,peptide_len,447,Integrated
Integrated-RFECV (L1-LR) + LR,polar_group,448,Integrated
Integrated-RFECV (L1-LR) + LR,small_group,449,Integrated
Integrated-RFECV (L1-LR) + LR,tiny_group,450,Integrated
Integrated-RFECV (L1-LR) + KNN,X4_A,1,Integrated
Integrated-RFECV (L1-LR) + KNN,X4_C,2,Integrated
Integrated-RFECV (L1-LR) + KNN,X4_D,3,Integrated
Integrated-RFECV (L1-LR) + KNN,X4_E,4,Integrated
Integrated-RFECV (L1-LR) + KNN,X4_F,5,Integrated
Integrated-RFECV (L1-LR) + KNN,X4_G,6,Integrated
Integrated-RFECV (L1-LR) + KNN,X4_H,7,Integrated
Integrated-RFECV (L1-LR) + KNN,X4_I,8,Integrated
Integrated-RFECV (L1-LR) + KNN,X4_K,9,Integrated
Integrated-RFECV (L1-LR) + KNN,X4_L,10,Integrated
Integrated-RFECV (L1-LR) + KNN,X4_M,11,Integrated
Integrated-RFECV (L1-LR) + KNN,X4_N,12,Integrated
Integrated-RFECV (L1-LR) + KNN,X4_P,13,Integrated
Integrated-RFECV (L1-LR) + KNN,X4_Q,14,Integrated
Integrated-RFECV (L1-LR) + KNN,X4_R,15,Integrated
Integrated-RFECV (L1-LR) + KNN,X4_S,16,Integrated
Integrated-RFECV (L1-LR) + KNN,X4_T,17,Integrated
Integrated-RFECV (L1-LR) + KNN,X4_V,18,Integrated
Integrated-RFECV (L1-LR) + KNN,X4_W,19,Integrated
Integrated-RFECV (L1-LR) + KNN,X4_Y,20,Integrated
Integrated-RFECV (L1-LR) + KNN,X5_A,21,Integrated
Integrated-RFECV (L1-LR) + KNN,X5_C,22,Integrated
Integrated-RFECV (L1-LR) + KNN,X5_D,23,Integrated
Integrated-RFECV (L1-LR) + KNN,X5_E,24,Integrated
Integrated-RFECV (L1-LR) + KNN,X5_F,25,Integrated
Integrated-RFECV (L1-LR) + KNN,X5_G,26,Integrated
Integrated-RFECV (L1-LR) + KNN,X5_H,27,Integrated
Integrated-RFECV (L1-LR) + KNN,X5_I,28,Integrated
Integrated-RFECV (L1-LR) + KNN,X5_K,29,Integrated
Integrated-RFECV (L1-LR) + KNN,X5_L,30,Integrated
Integrated-RFECV (L1-LR) + KNN,X5_M,31,Integrated
Integrated-RFECV (L1-LR) + KNN,X5_N,32,Integrated
Integrated-RFECV (L1-LR) + KNN,X5_P,33,Integrated
Integrated-RFECV (L1-LR) + KNN,X5_Q,34,Integrated
Integrated-RFECV (L1-LR) + KNN,X5_R,35,Integrated
Integrated-RFECV (L1-LR) + KNN,X5_S,36,Integrated
Integrated-RFECV (L1-LR) + KNN,X5_T,37,Integrated
Integrated-RFECV (L1-LR) + KNN,X5_V,38,Integrated
Integrated-RFECV (L1-LR) + KNN,X5_W,39,Integrated
Integrated-RFECV (L1-LR) + KNN,X5_Y,40,Integrated
Integrated-RFECV (L1-LR) + KNN,X8_AA,41,Integrated
Integrated-RFECV (L1-LR) + KNN,X8_AC,42,Integrated
Integrated-RFECV (L1-LR) + KNN,X8_AD,43,Integrated
Integrated-RFECV (L1-LR) + KNN,X8_AE,44,Integrated
Integrated-RFECV (L1-LR) + KNN,X8_AF,45,Integrated
Integrated-RFECV (L1-LR) + KNN,X8_AG,46,Integrated
Integrated-RFECV (L1-LR) + KNN,X8_AH,47,Integrated
Integrated-RFECV (L1-LR) + KNN,X8_AK,48,Integrated
Integrated-RFECV (L1-LR) + KNN,X8_AL,49,Integrated
Integrated-RFECV (L1-LR) + KNN,X8_AM,50,Integrated
Integrated-RFECV (L1-LR) + KNN,X8_AN,51,Integrated
Integrated-RFECV (L1-LR) + KNN,X8_AP,52,Integrated
Integrated-RFECV (L1-LR) + KNN,X8_AQ,53,Integrated
Integrated-RFECV (L1-LR) + KNN,X8_AR,54,Integrated
Integrated-RFECV (L1-LR) + KNN,X8_AS,55,Integrated
Integrated-RFECV (L1-LR) + KNN,X8_AT,56,Integrated
Integrated-RFECV (L1-LR) + KNN,X8_AV,57,Integrated
Integrated-RFECV (L1-LR) + KNN,X8_AW,58,Integrated
Integrated-RFECV (L1-LR) + KNN,X8_AY,59,Integrated
Integrated-RFECV (L1-LR) + KNN,X8_CC,60,Integrated
Integrated-RFECV (L1-LR) + KNN,X8_CD,61,Integrated
Integrated-RFECV (L1-LR) + KNN,X8_CE,62,Integrated
Integrated-RFECV (L1-LR) + KNN,X8_CF,63,Integrated
Integrated-RFECV (L1-LR) + KNN,X8_CG,64,Integrated
Integrated-RFECV (L1-LR) + KNN,X8_CH,65,Integrated
Integrated-RFECV (L1-LR) + KNN,X8_CI,66,Integrated
Integrated-RFECV (L1-LR) + KNN,X8_CK,67,Integrated
Integrated-RFECV (L1-LR) + KNN,X8_CL,68,Integrated
Integrated-RFECV (L1-LR) + KNN,X8_CM,69,Integrated
Integrated-RFECV (L1-LR) + KNN,X8_CN,70,Integrated
Integrated-RFECV (L1-LR) + KNN,X8_CP,71,Integrated
Integrated-RFECV (L1-LR) + KNN,X8_CQ,72,Integrated
Integrated-RFECV (L1-LR) + KNN,X8_CR,73,Integrated
Integrated-RFECV (L1-LR) + KNN,X8_CS,74,Integrated
Integrated-RFECV (L1-LR) + KNN,X8_CT,75,Integrated
Integrated-RFECV (L1-LR) + KNN,X8_CV,76,Integrated
Integrated-RFECV (L1-LR) + KNN,X8_CW,77,Integrated
Integrated-RFECV (L1-LR) + KNN,X8_CY,78,Integrated
Integrated-RFECV (L1-LR) + KNN,X8_DA,79,Integrated
Integrated-RFECV (L1-LR) + KNN,X8_DC,80,Integrated
Integrated-RFECV (L1-LR) + KNN,X8_DD,81,Integrated
Integrated-RFECV (L1-LR) + KNN,X8_DE,82,Integrated
Integrated-RFECV (L1-LR) + KNN,X8_DF,83,Integrated
Integrated-RFECV (L1-LR) + KNN,X8_DG,84,Integrated
Integrated-RFECV (L1-LR) + KNN,X8_DH,85,Integrated
Integrated-RFECV (L1-LR) + KNN,X8_DI,86,Integrated
Integrated-RFECV (L1-LR) + KNN,X8_DK,87,Integrated
Integrated-RFECV (L1-LR) + KNN,X8_DL,88,Integrated
Integrated-RFECV (L1-LR) + KNN,X8_DM,89,Integrated
Integrated-RFECV (L1-LR) + KNN,X8_DN,90,Integrated
Integrated-RFECV (L1-LR) + KNN,X8_DP,91,Integrated
Integrated-RFECV (L1-LR) + KNN,X8_DQ,92,Integrated
Integrated-RFECV (L1-LR) + KNN,X8_DR,93,Integrated
Integrated-RFECV (L1-LR) + KNN,X8_DS,94,Integrated
Integrated-RFECV (L1-LR) + KNN,X8_DT,95,Integrated
Integrated-RFECV (L1-LR) + KNN,X8_DV,96,Integrated
Integrated-RFECV (L1-LR) + KNN,X8_DW,97,Integrated
Integrated-RFECV (L1-LR) + KNN,X8_DY,98,Integrated
Integrated-RFECV (L1-LR) + KNN,X8_EA,99,Integrated
Integrated-RFECV (L1-LR) + KNN,X8_EC,100,Integrated
Integrated-RFECV (L1-LR) + KNN,X8_ED,101,Integrated
Integrated-RFECV (L1-LR) + KNN,X8_EE,102,Integrated
Integrated-RFECV (L1-LR) + KNN,X8_EF,103,Integrated
Integrated-RFECV (L1-LR) + KNN,X8_EG,104,Integrated
Integrated-RFECV (L1-LR) + KNN,X8_EH,105,Integrated
Integrated-RFECV (L1-LR) + KNN,X8_EI,106,Integrated
Integrated-RFECV (L1-LR) + KNN,X8_EK,107,Integrated
Integrated-RFECV (L1-LR) + KNN,X8_EL,108,Integrated
Integrated-RFECV (L1-LR) + KNN,X8_EM,109,Integrated
Integrated-RFECV (L1-LR) + KNN,X8_EN,110,Integrated
Integrated-RFECV (L1-LR) + KNN,X8_EP,111,Integrated
Integrated-RFECV (L1-LR) + KNN,X8_EQ,112,Integrated
Integrated-RFECV (L1-LR) + KNN,X8_ER,113,Integrated
Integrated-RFECV (L1-LR) + KNN,X8_ES,114,Integrated
Integrated-RFECV (L1-LR) + KNN,X8_ET,115,Integrated
Integrated-RFECV (L1-LR) + KNN,X8_EV,116,Integrated
Integrated-RFECV (L1-LR) + KNN,X8_EW,117,Integrated
Integrated-RFECV (L1-LR) + KNN,X8_EY,118,Integrated
Integrated-RFECV (L1-LR) + KNN,X8_FA,119,Integrated
Integrated-RFECV (L1-LR) + KNN,X8_FC,120,Integrated
Integrated-RFECV (L1-LR) + KNN,X8_FD,121,Integrated
Integrated-RFECV (L1-LR) + KNN,X8_FE,122,Integrated
Integrated-RFECV (L1-LR) + KNN,X8_FF,123,Integrated
Integrated-RFECV (L1-LR) + KNN,X8_FG,124,Integrated
Integrated-RFECV (L1-LR) + KNN,X8_FH,125,Integrated
Integrated-RFECV (L1-LR) + KNN,X8_FI,126,Integrated
Integrated-RFECV (L1-LR) + KNN,X8_FK,127,Integrated
Integrated-RFECV (L1-LR) + KNN,X8_FL,128,Integrated
Integrated-RFECV (L1-LR) + KNN,X8_FM,129,Integrated
Integrated-RFECV (L1-LR) + KNN,X8_FN,130,Integrated
Integrated-RFECV (L1-LR) + KNN,X8_FP,131,Integrated
Integrated-RFECV (L1-LR) + KNN,X8_FQ,132,Integrated
Integrated-RFECV (L1-LR) + KNN,X8_FR,133,Integrated
Integrated-RFECV (L1-LR) + KNN,X8_FS,134,Integrated
Integrated-RFECV (L1-LR) + KNN,X8_FT,135,Integrated
Integrated-RFECV (L1-LR) + KNN,X8_FV,136,Integrated
Integrated-RFECV (L1-LR) + KNN,X8_FW,137,Integrated
Integrated-RFECV (L1-LR) + KNN,X8_FY,138,Integrated
Integrated-RFECV (L1-LR) + KNN,X8_GA,139,Integrated
Integrated-RFECV (L1-LR) + KNN,X8_GC,140,Integrated
Integrated-RFECV (L1-LR) + KNN,X8_GD,141,Integrated
Integrated-RFECV (L1-LR) + KNN,X8_GE,142,Integrated
Integrated-RFECV (L1-LR) + KNN,X8_GF,143,Integrated
Integrated-RFECV (L1-LR) + KNN,X8_GG,144,Integrated
Integrated-RFECV (L1-LR) + KNN,X8_GH,145,Integrated
Integrated-RFECV (L1-LR) + KNN,X8_GI,146,Integrated
Integrated-RFECV (L1-LR) + KNN,X8_GK,147,Integrated
Integrated-RFECV (L1-LR) + KNN,X8_GL,148,Integrated
Integrated-RFECV (L1-LR) + KNN,X8_GM,149,Integrated
Integrated-RFECV (L1-LR) + KNN,X8_GN,150,Integrated
Integrated-RFECV (L1-LR) + KNN,X8_GP,151,Integrated
Integrated-RFECV (L1-LR) + KNN,X8_GQ,152,Integrated
Integrated-RFECV (L1-LR) + KNN,X8_GR,153,Integrated
Integrated-RFECV (L1-LR) + KNN,X8_GS,154,Integrated
Integrated-RFECV (L1-LR) + KNN,X8_GT,155,Integrated
Integrated-RFECV (L1-LR) + KNN,X8_GV,156,Integrated
Integrated-RFECV (L1-LR) + KNN,X8_GW,157,Integrated
Integrated-RFECV (L1-LR) + KNN,X8_GY,158,Integrated
Integrated-RFECV (L1-LR) + KNN,X8_HA,159,Integrated
Integrated-RFECV (L1-LR) + KNN,X8_HC,160,Integrated
Integrated-RFECV (L1-LR) + KNN,X8_HD,161,Integrated
Integrated-RFECV (L1-LR) + KNN,X8_HE,162,Integrated
Integrated-RFECV (L1-LR) + KNN,X8_HF,163,Integrated
Integrated-RFECV (L1-LR) + KNN,X8_HG,164,Integrated
Integrated-RFECV (L1-LR) + KNN,X8_HH,165,Integrated
Integrated-RFECV (L1-LR) + KNN,X8_HI,166,Integrated
Integrated-RFECV (L1-LR) + KNN,X8_HK,167,Integrated
Integrated-RFECV (L1-LR) + KNN,X8_HL,168,Integrated
Integrated-RFECV (L1-LR) + KNN,X8_HM,169,Integrated
Integrated-RFECV (L1-LR) + KNN,X8_HN,170,Integrated
Integrated-RFECV (L1-LR) + KNN,X8_HP,171,Integrated
Integrated-RFECV (L1-LR) + KNN,X8_HQ,172,Integrated
Integrated-RFECV (L1-LR) + KNN,X8_HR,173,Integrated
Integrated-RFECV (L1-LR) + KNN,X8_HS,174,Integrated
Integrated-RFECV (L1-LR) + KNN,X8_HT,175,Integrated
Integrated-RFECV (L1-LR) + KNN,X8_HV,176,Integrated
Integrated-RFECV (L1-LR) + KNN,X8_HW,177,Integrated
Integrated-RFECV (L1-LR) + KNN,X8_HY,178,Integrated
Integrated-RFECV (L1-LR) + KNN,X8_IA,179,Integrated
Integrated-RFECV (L1-LR) + KNN,X8_IC,180,Integrated
Integrated-RFECV (L1-LR) + KNN,X8_ID,181,Integrated
Integrated-RFECV (L1-LR) + KNN,X8_IE,182,Integrated
Integrated-RFECV (L1-LR) + KNN,X8_IF,183,Integrated
Integrated-RFECV (L1-LR) + KNN,X8_IG,184,Integrated
Integrated-RFECV (L1-LR) + KNN,X8_IH,185,Integrated
Integrated-RFECV (L1-LR) + KNN,X8_II,186,Integrated
Integrated-RFECV (L1-LR) + KNN,X8_IK,187,Integrated
Integrated-RFECV (L1-LR) + KNN,X8_IL,188,Integrated
Integrated-RFECV (L1-LR) + KNN,X8_IM,189,Integrated
Integrated-RFECV (L1-LR) + KNN,X8_IN,190,Integrated
Integrated-RFECV (L1-LR) + KNN,X8_IP,191,Integrated
Integrated-RFECV (L1-LR) + KNN,X8_IQ,192,Integrated
Integrated-RFECV (L1-LR) + KNN,X8_IR,193,Integrated
Integrated-RFECV (L1-LR) + KNN,X8_IS,194,Integrated
Integrated-RFECV (L1-LR) + KNN,X8_IT,195,Integrated
Integrated-RFECV (L1-LR) + KNN,X8_IV,196,Integrated
Integrated-RFECV (L1-LR) + KNN,X8_IW,197,Integrated
Integrated-RFECV (L1-LR) + KNN,X8_IY,198,Integrated
Integrated-RFECV (L1-LR) + KNN,X8_KA,199,Integrated
Integrated-RFECV (L1-LR) + KNN,X8_KC,200,Integrated
Integrated-RFECV (L1-LR) + KNN,X8_KD,201,Integrated
Integrated-RFECV (L1-LR) + KNN,X8_KE,202,Integrated
Integrated-RFECV (L1-LR) + KNN,X8_KF,203,Integrated
Integrated-RFECV (L1-LR) + KNN,X8_KG,204,Integrated
Integrated-RFECV (L1-LR) + KNN,X8_KH,205,Integrated
Integrated-RFECV (L1-LR) + KNN,X8_KI,206,Integrated
Integrated-RFECV (L1-LR) + KNN,X8_KK,207,Integrated
Integrated-RFECV (L1-LR) + KNN,X8_KL,208,Integrated
Integrated-RFECV (L1-LR) + KNN,X8_KM,209,Integrated
Integrated-RFECV (L1-LR) + KNN,X8_KN,210,Integrated
Integrated-RFECV (L1-LR) + KNN,X8_KP,211,Integrated
Integrated-RFECV (L1-LR) + KNN,X8_KQ,212,Integrated
Integrated-RFECV (L1-LR) + KNN,X8_KR,213,Integrated
Integrated-RFECV (L1-LR) + KNN,X8_KS,214,Integrated
Integrated-RFECV (L1-LR) + KNN,X8_KT,215,Integrated
Integrated-RFECV (L1-LR) + KNN,X8_KV,216,Integrated
Integrated-RFECV (L1-LR) + KNN,X8_KW,217,Integrated
Integrated-RFECV (L1-LR) + KNN,X8_KY,218,Integrated
Integrated-RFECV (L1-LR) + KNN,X8_LA,219,Integrated
Integrated-RFECV (L1-LR) + KNN,X8_LC,220,Integrated
Integrated-RFECV (L1-LR) + KNN,X8_LD,221,Integrated
Integrated-RFECV (L1-LR) + KNN,X8_LE,222,Integrated
Integrated-RFECV (L1-LR) + KNN,X8_LF,223,Integrated
Integrated-RFECV (L1-LR) + KNN,X8_LG,224,Integrated
Integrated-RFECV (L1-LR) + KNN,X8_LH,225,Integrated
Integrated-RFECV (L1-LR) + KNN,X8_LI,226,Integrated
Integrated-RFECV (L1-LR) + KNN,X8_LK,227,Integrated
Integrated-RFECV (L1-LR) + KNN,X8_LL,228,Integrated
Integrated-RFECV (L1-LR) + KNN,X8_LM,229,Integrated
Integrated-RFECV (L1-LR) + KNN,X8_LN,230,Integrated
Integrated-RFECV (L1-LR) + KNN,X8_LP,231,Integrated
Integrated-RFECV (L1-LR) + KNN,X8_LQ,232,Integrated
Integrated-RFECV (L1-LR) + KNN,X8_LR,233,Integrated
Integrated-RFECV (L1-LR) + KNN,X8_LS,234,Integrated
Integrated-RFECV (L1-LR) + KNN,X8_LT,235,Integrated
Integrated-RFECV (L1-LR) + KNN,X8_LV,236,Integrated
Integrated-RFECV (L1-LR) + KNN,X8_LW,237,Integrated
Integrated-RFECV (L1-LR) + KNN,X8_LY,238,Integrated
Integrated-RFECV (L1-LR) + KNN,X8_MA,239,Integrated
Integrated-RFECV (L1-LR) + KNN,X8_MC,240,Integrated
Integrated-RFECV (L1-LR) + KNN,X8_MD,241,Integrated
Integrated-RFECV (L1-LR) + KNN,X8_ME,242,Integrated
Integrated-RFECV (L1-LR) + KNN,X8_MF,243,Integrated
Integrated-RFECV (L1-LR) + KNN,X8_MG,244,Integrated
Integrated-RFECV (L1-LR) + KNN,X8_MH,245,Integrated
Integrated-RFECV (L1-LR) + KNN,X8_MI,246,Integrated
Integrated-RFECV (L1-LR) + KNN,X8_MK,247,Integrated
Integrated-RFECV (L1-LR) + KNN,X8_ML,248,Integrated
Integrated-RFECV (L1-LR) + KNN,X8_MM,249,Integrated
Integrated-RFECV (L1-LR) + KNN,X8_MN,250,Integrated
Integrated-RFECV (L1-LR) + KNN,X8_MP,251,Integrated
Integrated-RFECV (L1-LR) + KNN,X8_MQ,252,Integrated
Integrated-RFECV (L1-LR) + KNN,X8_MR,253,Integrated
Integrated-RFECV (L1-LR) + KNN,X8_MS,254,Integrated
Integrated-RFECV (L1-LR) + KNN,X8_MT,255,Integrated
Integrated-RFECV (L1-LR) + KNN,X8_MV,256,Integrated
Integrated-RFECV (L1-LR) + KNN,X8_MW,257,Integrated
Integrated-RFECV (L1-LR) + KNN,X8_MY,258,Integrated
Integrated-RFECV (L1-LR) + KNN,X8_NA,259,Integrated
Integrated-RFECV (L1-LR) + KNN,X8_NC,260,Integrated
Integrated-RFECV (L1-LR) + KNN,X8_NE,261,Integrated
Integrated-RFECV (L1-LR) + KNN,X8_NF,262,Integrated
Integrated-RFECV (L1-LR) + KNN,X8_NG,263,Integrated
Integrated-RFECV (L1-LR) + KNN,X8_NH,264,Integrated
Integrated-RFECV (L1-LR) + KNN,X8_NI,265,Integrated
Integrated-RFECV (L1-LR) + KNN,X8_NK,266,Integrated
Integrated-RFECV (L1-LR) + KNN,X8_NL,267,Integrated
Integrated-RFECV (L1-LR) + KNN,X8_NM,268,Integrated
Integrated-RFECV (L1-LR) + KNN,X8_NN,269,Integrated
Integrated-RFECV (L1-LR) + KNN,X8_NP,270,Integrated
Integrated-RFECV (L1-LR) + KNN,X8_NQ,271,Integrated
Integrated-RFECV (L1-LR) + KNN,X8_NR,272,Integrated
Integrated-RFECV (L1-LR) + KNN,X8_NS,273,Integrated
Integrated-RFECV (L1-LR) + KNN,X8_NT,274,Integrated
Integrated-RFECV (L1-LR) + KNN,X8_NV,275,Integrated
Integrated-RFECV (L1-LR) + KNN,X8_NW,276,Integrated
Integrated-RFECV (L1-LR) + KNN,X8_NY,277,Integrated
Integrated-RFECV (L1-LR) + KNN,X8_PA,278,Integrated
Integrated-RFECV (L1-LR) + KNN,X8_PC,279,Integrated
Integrated-RFECV (L1-LR) + KNN,X8_PD,280,Integrated
Integrated-RFECV (L1-LR) + KNN,X8_PE,281,Integrated
Integrated-RFECV (L1-LR) + KNN,X8_PF,282,Integrated
Integrated-RFECV (L1-LR) + KNN,X8_PG,283,Integrated
Integrated-RFECV (L1-LR) + KNN,X8_PH,284,Integrated
Integrated-RFECV (L1-LR) + KNN,X8_PI,285,Integrated
Integrated-RFECV (L1-LR) + KNN,X8_PK,286,Integrated
Integrated-RFECV (L1-LR) + KNN,X8_PL,287,Integrated
Integrated-RFECV (L1-LR) + KNN,X8_PM,288,Integrated
Integrated-RFECV (L1-LR) + KNN,X8_PN,289,Integrated
Integrated-RFECV (L1-LR) + KNN,X8_PP,290,Integrated
Integrated-RFECV (L1-LR) + KNN,X8_PQ,291,Integrated
Integrated-RFECV (L1-LR) + KNN,X8_PR,292,Integrated
Integrated-RFECV (L1-LR) + KNN,X8_PS,293,Integrated
Integrated-RFECV (L1-LR) + KNN,X8_PT,294,Integrated
Integrated-RFECV (L1-LR) + KNN,X8_PV,295,Integrated
Integrated-RFECV (L1-LR) + KNN,X8_PW,296,Integrated
Integrated-RFECV (L1-LR) + KNN,X8_PY,297,Integrated
Integrated-RFECV (L1-LR) + KNN,X8_QA,298,Integrated
Integrated-RFECV (L1-LR) + KNN,X8_QC,299,Integrated
Integrated-RFECV (L1-LR) + KNN,X8_QD,300,Integrated
Integrated-RFECV (L1-LR) + KNN,X8_QE,301,Integrated
Integrated-RFECV (L1-LR) + KNN,X8_QF,302,Integrated
Integrated-RFECV (L1-LR) + KNN,X8_QG,303,Integrated
Integrated-RFECV (L1-LR) + KNN,X8_QI,304,Integrated
Integrated-RFECV (L1-LR) + KNN,X8_QK,305,Integrated
Integrated-RFECV (L1-LR) + KNN,X8_QL,306,Integrated
Integrated-RFECV (L1-LR) + KNN,X8_QN,307,Integrated
Integrated-RFECV (L1-LR) + KNN,X8_QP,308,Integrated
Integrated-RFECV (L1-LR) + KNN,X8_QQ,309,Integrated
Integrated-RFECV (L1-LR) + KNN,X8_QR,310,Integrated
Integrated-RFECV (L1-LR) + KNN,X8_QS,311,Integrated
Integrated-RFECV (L1-LR) + KNN,X8_QT,312,Integrated
Integrated-RFECV (L1-LR) + KNN,X8_QV,313,Integrated
Integrated-RFECV (L1-LR) + KNN,X8_QW,314,Integrated
Integrated-RFECV (L1-LR) + KNN,X8_QY,315,Integrated
Integrated-RFECV (L1-LR) + KNN,X8_RA,316,Integrated
Integrated-RFECV (L1-LR) + KNN,X8_RC,317,Integrated
Integrated-RFECV (L1-LR) + KNN,X8_RD,318,Integrated
Integrated-RFECV (L1-LR) + KNN,X8_RE,319,Integrated
Integrated-RFECV (L1-LR) + KNN,X8_RF,320,Integrated
Integrated-RFECV (L1-LR) + KNN,X8_RG,321,Integrated
Integrated-RFECV (L1-LR) + KNN,X8_RH,322,Integrated
Integrated-RFECV (L1-LR) + KNN,X8_RI,323,Integrated
Integrated-RFECV (L1-LR) + KNN,X8_RK,324,Integrated
Integrated-RFECV (L1-LR) + KNN,X8_RL,325,Integrated
Integrated-RFECV (L1-LR) + KNN,X8_RM,326,Integrated
Integrated-RFECV (L1-LR) + KNN,X8_RN,327,Integrated
Integrated-RFECV (L1-LR) + KNN,X8_RP,328,Integrated
Integrated-RFECV (L1-LR) + KNN,X8_RQ,329,Integrated
Integrated-RFECV (L1-LR) + KNN,X8_RR,330,Integrated
Integrated-RFECV (L1-LR) + KNN,X8_RS,331,Integrated
Integrated-RFECV (L1-LR) + KNN,X8_RT,332,Integrated
Integrated-RFECV (L1-LR) + KNN,X8_RV,333,Integrated
Integrated-RFECV (L1-LR) + KNN,X8_RW,334,Integrated
Integrated-RFECV (L1-LR) + KNN,X8_RY,335,Integrated
Integrated-RFECV (L1-LR) + KNN,X8_SA,336,Integrated
Integrated-RFECV (L1-LR) + KNN,X8_SC,337,Integrated
Integrated-RFECV (L1-LR) + KNN,X8_SD,338,Integrated
Integrated-RFECV (L1-LR) + KNN,X8_SE,339,Integrated
Integrated-RFECV (L1-LR) + KNN,X8_SF,340,Integrated
Integrated-RFECV (L1-LR) + KNN,X8_SG,341,Integrated
Integrated-RFECV (L1-LR) + KNN,X8_SH,342,Integrated
Integrated-RFECV (L1-LR) + KNN,X8_SI,343,Integrated
Integrated-RFECV (L1-LR) + KNN,X8_SK,344,Integrated
Integrated-RFECV (L1-LR) + KNN,X8_SL,345,Integrated
Integrated-RFECV (L1-LR) + KNN,X8_SM,346,Integrated
Integrated-RFECV (L1-LR) + KNN,X8_SN,347,Integrated
Integrated-RFECV (L1-LR) + KNN,X8_SP,348,Integrated
Integrated-RFECV (L1-LR) + KNN,X8_SQ,349,Integrated
Integrated-RFECV (L1-LR) + KNN,X8_SR,350,Integrated
Integrated-RFECV (L1-LR) + KNN,X8_SS,351,Integrated
Integrated-RFECV (L1-LR) + KNN,X8_ST,352,Integrated
Integrated-RFECV (L1-LR) + KNN,X8_SV,353,Integrated
Integrated-RFECV (L1-LR) + KNN,X8_SW,354,Integrated
Integrated-RFECV (L1-LR) + KNN,X8_SY,355,Integrated
Integrated-RFECV (L1-LR) + KNN,X8_TA,356,Integrated
Integrated-RFECV (L1-LR) + KNN,X8_TC,357,Integrated
Integrated-RFECV (L1-LR) + KNN,X8_TD,358,Integrated
Integrated-RFECV (L1-LR) + KNN,X8_TE,359,Integrated
Integrated-RFECV (L1-LR) + KNN,X8_TF,360,Integrated
Integrated-RFECV (L1-LR) + KNN,X8_TG,361,Integrated
Integrated-RFECV (L1-LR) + KNN,X8_TH,362,Integrated
Integrated-RFECV (L1-LR) + KNN,X8_TI,363,Integrated
Integrated-RFECV (L1-LR) + KNN,X8_TK,364,Integrated
Integrated-RFECV (L1-LR) + KNN,X8_TL,365,Integrated
Integrated-RFECV (L1-LR) + KNN,X8_TM,366,Integrated
Integrated-RFECV (L1-LR) + KNN,X8_TN,367,Integrated
Integrated-RFECV (L1-LR) + KNN,X8_TP,368,Integrated
Integrated-RFECV (L1-LR) + KNN,X8_TQ,369,Integrated
Integrated-RFECV (L1-LR) + KNN,X8_TR,370,Integrated
Integrated-RFECV (L1-LR) + KNN,X8_TS,371,Integrated
Integrated-RFECV (L1-LR) + KNN,X8_TT,372,Integrated
Integrated-RFECV (L1-LR) + KNN,X8_TV,373,Integrated
Integrated-RFECV (L1-LR) + KNN,X8_TW,374,Integrated
Integrated-RFECV (L1-LR) + KNN,X8_TY,375,Integrated
Integrated-RFECV (L1-LR) + KNN,X8_VA,376,Integrated
Integrated-RFECV (L1-LR) + KNN,X8_VD,377,Integrated
Integrated-RFECV (L1-LR) + KNN,X8_VF,378,Integrated
Integrated-RFECV (L1-LR) + KNN,X8_VG,379,Integrated
Integrated-RFECV (L1-LR) + KNN,X8_VH,380,Integrated
Integrated-RFECV (L1-LR) + KNN,X8_VI,381,Integrated
Integrated-RFECV (L1-LR) + KNN,X8_VK,382,Integrated
Integrated-RFECV (L1-LR) + KNN,X8_VL,383,Integrated
Integrated-RFECV (L1-LR) + KNN,X8_VM,384,Integrated
Integrated-RFECV (L1-LR) + KNN,X8_VN,385,Integrated
Integrated-RFECV (L1-LR) + KNN,X8_VP,386,Integrated
Integrated-RFECV (L1-LR) + KNN,X8_VR,387,Integrated
Integrated-RFECV (L1-LR) + KNN,X8_VS,388,Integrated
Integrated-RFECV (L1-LR) + KNN,X8_VT,389,Integrated
Integrated-RFECV (L1-LR) + KNN,X8_VW,390,Integrated
Integrated-RFECV (L1-LR) + KNN,X8_VY,391,Integrated
Integrated-RFECV (L1-LR) + KNN,X8_WA,392,Integrated
Integrated-RFECV (L1-LR) + KNN,X8_WC,393,Integrated
Integrated-RFECV (L1-LR) + KNN,X8_WD,394,Integrated
Integrated-RFECV (L1-LR) + KNN,X8_WE,395,Integrated
Integrated-RFECV (L1-LR) + KNN,X8_WF,396,Integrated
Integrated-RFECV (L1-LR) + KNN,X8_WG,397,Integrated
Integrated-RFECV (L1-LR) + KNN,X8_WH,398,Integrated
Integrated-RFECV (L1-LR) + KNN,X8_WI,399,Integrated
Integrated-RFECV (L1-LR) + KNN,X8_WK,400,Integrated
Integrated-RFECV (L1-LR) + KNN,X8_WL,401,Integrated
Integrated-RFECV (L1-LR) + KNN,X8_WM,402,Integrated
Integrated-RFECV (L1-LR) + KNN,X8_WN,403,Integrated
Integrated-RFECV (L1-LR) + KNN,X8_WP,404,Integrated
Integrated-RFECV (L1-LR) + KNN,X8_WQ,405,Integrated
Integrated-RFECV (L1-LR) + KNN,X8_WR,406,Integrated
Integrated-RFECV (L1-LR) + KNN,X8_WS,407,Integrated
Integrated-RFECV (L1-LR) + KNN,X8_WT,408,Integrated
Integrated-RFECV (L1-LR) + KNN,X8_WV,409,Integrated
Integrated-RFECV (L1-LR) + KNN,X8_WW,410,Integrated
Integrated-RFECV (L1-LR) + KNN,X8_WY,411,Integrated
Integrated-RFECV (L1-LR) + KNN,X8_YA,412,Integrated
Integrated-RFECV (L1-LR) + KNN,X8_YC,413,Integrated
Integrated-RFECV (L1-LR) + KNN,X8_YD,414,Integrated
Integrated-RFECV (L1-LR) + KNN,X8_YE,415,Integrated
Integrated-RFECV (L1-LR) + KNN,X8_YF,416,Integrated
Integrated-RFECV (L1-LR) + KNN,X8_YG,417,Integrated
Integrated-RFECV (L1-LR) + KNN,X8_YH,418,Integrated
Integrated-RFECV (L1-LR) + KNN,X8_YI,419,Integrated
Integrated-RFECV (L1-LR) + KNN,X8_YK,420,Integrated
Integrated-RFECV (L1-LR) + KNN,X8_YL,421,Integrated
Integrated-RFECV (L1-LR) + KNN,X8_YM,422,Integrated
Integrated-RFECV (L1-LR) + KNN,X8_YN,423,Integrated
Integrated-RFECV (L1-LR) + KNN,X8_YP,424,Integrated
Integrated-RFECV (L1-LR) + KNN,X8_YQ,425,Integrated
Integrated-RFECV (L1-LR) + KNN,X8_YR,426,Integrated
Integrated-RFECV (L1-LR) + KNN,X8_YS,427,Integrated
Integrated-RFECV (L1-LR) + KNN,X8_YT,428,Integrated
Integrated-RFECV (L1-LR) + KNN,X8_YV,429,Integrated
Integrated-RFECV (L1-LR) + KNN,X8_YW,430,Integrated
Integrated-RFECV (L1-LR) + KNN,X8_YY,431,Integrated
Integrated-RFECV (L1-LR) + KNN,acidic_group,432,Integrated
Integrated-RFECV (L1-LR) + KNN,aliphatic_group,433,Integrated
Integrated-RFECV (L1-LR) + KNN,aromatic_group,434,Integrated
Integrated-RFECV (L1-LR) + KNN,basic_group,435,Integrated
Integrated-RFECV (L1-LR) + KNN,boman,436,Integrated
Integrated-RFECV (L1-LR) + KNN,charge,437,Integrated
Integrated-RFECV (L1-LR) + KNN,charged_group,438,Integrated
Integrated-RFECV (L1-LR) + KNN,cruciani_prp1,439,Integrated
Integrated-RFECV (L1-LR) + KNN,cruciani_prp2,440,Integrated
Integrated-RFECV (L1-LR) + KNN,cruciani_prp3,441,Integrated
Integrated-RFECV (L1-LR) + KNN,hydrophobic_kyte-doolittle,442,Integrated
Integrated-RFECV (L1-LR) + KNN,hydrophobic_moment,443,Integrated
Integrated-RFECV (L1-LR) + KNN,instability_index,444,Integrated
Integrated-RFECV (L1-LR) + KNN,isoelectric_point,445,Integrated
Integrated-RFECV (L1-LR) + KNN,non-polar_group,446,Integrated
Integrated-RFECV (L1-LR) + KNN,peptide_len,447,Integrated
Integrated-RFECV (L1-LR) + KNN,polar_group,448,Integrated
Integrated-RFECV (L1-LR) + KNN,small_group,449,Integrated
Integrated-RFECV (L1-LR) + KNN,tiny_group,450,Integrated
Integrated-RFECV (L1-LR) + Naive Bayes,X4_A,1,Integrated
Integrated-RFECV (L1-LR) + Naive Bayes,X4_C,2,Integrated
Integrated-RFECV (L1-LR) + Naive Bayes,X4_D,3,Integrated
Integrated-RFECV (L1-LR) + Naive Bayes,X4_E,4,Integrated
Integrated-RFECV (L1-LR) + Naive Bayes,X4_F,5,Integrated
Integrated-RFECV (L1-LR) + Naive Bayes,X4_G,6,Integrated
Integrated-RFECV (L1-LR) + Naive Bayes,X4_H,7,Integrated
Integrated-RFECV (L1-LR) + Naive Bayes,X4_I,8,Integrated
Integrated-RFECV (L1-LR) + Naive Bayes,X4_K,9,Integrated
Integrated-RFECV (L1-LR) + Naive Bayes,X4_L,10,Integrated
Integrated-RFECV (L1-LR) + Naive Bayes,X4_M,11,Integrated
Integrated-RFECV (L1-LR) + Naive Bayes,X4_N,12,Integrated
Integrated-RFECV (L1-LR) + Naive Bayes,X4_P,13,Integrated
Integrated-RFECV (L1-LR) + Naive Bayes,X4_Q,14,Integrated
Integrated-RFECV (L1-LR) + Naive Bayes,X4_R,15,Integrated
Integrated-RFECV (L1-LR) + Naive Bayes,X4_S,16,Integrated
Integrated-RFECV (L1-LR) + Naive Bayes,X4_T,17,Integrated
Integrated-RFECV (L1-LR) + Naive Bayes,X4_V,18,Integrated
Integrated-RFECV (L1-LR) + Naive Bayes,X4_W,19,Integrated
Integrated-RFECV (L1-LR) + Naive Bayes,X4_Y,20,Integrated
Integrated-RFECV (L1-LR) + Naive Bayes,X5_A,21,Integrated
Integrated-RFECV (L1-LR) + Naive Bayes,X5_C,22,Integrated
Integrated-RFECV (L1-LR) + Naive Bayes,X5_D,23,Integrated
Integrated-RFECV (L1-LR) + Naive Bayes,X5_E,24,Integrated
Integrated-RFECV (L1-LR) + Naive Bayes,X5_F,25,Integrated
Integrated-RFECV (L1-LR) + Naive Bayes,X5_G,26,Integrated
Integrated-RFECV (L1-LR) + Naive Bayes,X5_H,27,Integrated
Integrated-RFECV (L1-LR) + Naive Bayes,X5_I,28,Integrated
Integrated-RFECV (L1-LR) + Naive Bayes,X5_K,29,Integrated
Integrated-RFECV (L1-LR) + Naive Bayes,X5_L,30,Integrated
Integrated-RFECV (L1-LR) + Naive Bayes,X5_M,31,Integrated
Integrated-RFECV (L1-LR) + Naive Bayes,X5_N,32,Integrated
Integrated-RFECV (L1-LR) + Naive Bayes,X5_P,33,Integrated
Integrated-RFECV (L1-LR) + Naive Bayes,X5_Q,34,Integrated
Integrated-RFECV (L1-LR) + Naive Bayes,X5_R,35,Integrated
Integrated-RFECV (L1-LR) + Naive Bayes,X5_S,36,Integrated
Integrated-RFECV (L1-LR) + Naive Bayes,X5_T,37,Integrated
Integrated-RFECV (L1-LR) + Naive Bayes,X5_V,38,Integrated
Integrated-RFECV (L1-LR) + Naive Bayes,X5_W,39,Integrated
Integrated-RFECV (L1-LR) + Naive Bayes,X5_Y,40,Integrated
Integrated-RFECV (L1-LR) + Naive Bayes,X8_AA,41,Integrated
Integrated-RFECV (L1-LR) + Naive Bayes,X8_AC,42,Integrated
Integrated-RFECV (L1-LR) + Naive Bayes,X8_AD,43,Integrated
Integrated-RFECV (L1-LR) + Naive Bayes,X8_AE,44,Integrated
Integrated-RFECV (L1-LR) + Naive Bayes,X8_AF,45,Integrated
Integrated-RFECV (L1-LR) + Naive Bayes,X8_AG,46,Integrated
Integrated-RFECV (L1-LR) + Naive Bayes,X8_AH,47,Integrated
Integrated-RFECV (L1-LR) + Naive Bayes,X8_AK,48,Integrated
Integrated-RFECV (L1-LR) + Naive Bayes,X8_AL,49,Integrated
Integrated-RFECV (L1-LR) + Naive Bayes,X8_AM,50,Integrated
Integrated-RFECV (L1-LR) + Naive Bayes,X8_AN,51,Integrated
Integrated-RFECV (L1-LR) + Naive Bayes,X8_AP,52,Integrated
Integrated-RFECV (L1-LR) + Naive Bayes,X8_AQ,53,Integrated
Integrated-RFECV (L1-LR) + Naive Bayes,X8_AR,54,Integrated
Integrated-RFECV (L1-LR) + Naive Bayes,X8_AS,55,Integrated
Integrated-RFECV (L1-LR) + Naive Bayes,X8_AT,56,Integrated
Integrated-RFECV (L1-LR) + Naive Bayes,X8_AV,57,Integrated
Integrated-RFECV (L1-LR) + Naive Bayes,X8_AW,58,Integrated
Integrated-RFECV (L1-LR) + Naive Bayes,X8_AY,59,Integrated
Integrated-RFECV (L1-LR) + Naive Bayes,X8_CC,60,Integrated
Integrated-RFECV (L1-LR) + Naive Bayes,X8_CD,61,Integrated
Integrated-RFECV (L1-LR) + Naive Bayes,X8_CE,62,Integrated
Integrated-RFECV (L1-LR) + Naive Bayes,X8_CF,63,Integrated
Integrated-RFECV (L1-LR) + Naive Bayes,X8_CG,64,Integrated
Integrated-RFECV (L1-LR) + Naive Bayes,X8_CH,65,Integrated
Integrated-RFECV (L1-LR) + Naive Bayes,X8_CI,66,Integrated
Integrated-RFECV (L1-LR) + Naive Bayes,X8_CK,67,Integrated
Integrated-RFECV (L1-LR) + Naive Bayes,X8_CL,68,Integrated
Integrated-RFECV (L1-LR) + Naive Bayes,X8_CM,69,Integrated
Integrated-RFECV (L1-LR) + Naive Bayes,X8_CN,70,Integrated
Integrated-RFECV (L1-LR) + Naive Bayes,X8_CP,71,Integrated
Integrated-RFECV (L1-LR) + Naive Bayes,X8_CQ,72,Integrated
Integrated-RFECV (L1-LR) + Naive Bayes,X8_CR,73,Integrated
Integrated-RFECV (L1-LR) + Naive Bayes,X8_CS,74,Integrated
Integrated-RFECV (L1-LR) + Naive Bayes,X8_CT,75,Integrated
Integrated-RFECV (L1-LR) + Naive Bayes,X8_CV,76,Integrated
Integrated-RFECV (L1-LR) + Naive Bayes,X8_CW,77,Integrated
Integrated-RFECV (L1-LR) + Naive Bayes,X8_CY,78,Integrated
Integrated-RFECV (L1-LR) + Naive Bayes,X8_DA,79,Integrated
Integrated-RFECV (L1-LR) + Naive Bayes,X8_DC,80,Integrated
Integrated-RFECV (L1-LR) + Naive Bayes,X8_DD,81,Integrated
Integrated-RFECV (L1-LR) + Naive Bayes,X8_DE,82,Integrated
Integrated-RFECV (L1-LR) + Naive Bayes,X8_DF,83,Integrated
Integrated-RFECV (L1-LR) + Naive Bayes,X8_DG,84,Integrated
Integrated-RFECV (L1-LR) + Naive Bayes,X8_DH,85,Integrated
Integrated-RFECV (L1-LR) + Naive Bayes,X8_DI,86,Integrated
Integrated-RFECV (L1-LR) + Naive Bayes,X8_DK,87,Integrated
Integrated-RFECV (L1-LR) + Naive Bayes,X8_DL,88,Integrated
Integrated-RFECV (L1-LR) + Naive Bayes,X8_DM,89,Integrated
Integrated-RFECV (L1-LR) + Naive Bayes,X8_DN,90,Integrated
Integrated-RFECV (L1-LR) + Naive Bayes,X8_DP,91,Integrated
Integrated-RFECV (L1-LR) + Naive Bayes,X8_DQ,92,Integrated
Integrated-RFECV (L1-LR) + Naive Bayes,X8_DR,93,Integrated
Integrated-RFECV (L1-LR) + Naive Bayes,X8_DS,94,Integrated
Integrated-RFECV (L1-LR) + Naive Bayes,X8_DT,95,Integrated
Integrated-RFECV (L1-LR) + Naive Bayes,X8_DV,96,Integrated
Integrated-RFECV (L1-LR) + Naive Bayes,X8_DW,97,Integrated
Integrated-RFECV (L1-LR) + Naive Bayes,X8_DY,98,Integrated
Integrated-RFECV (L1-LR) + Naive Bayes,X8_EA,99,Integrated
Integrated-RFECV (L1-LR) + Naive Bayes,X8_EC,100,Integrated
Integrated-RFECV (L1-LR) + Naive Bayes,X8_ED,101,Integrated
Integrated-RFECV (L1-LR) + Naive Bayes,X8_EE,102,Integrated
Integrated-RFECV (L1-LR) + Naive Bayes,X8_EF,103,Integrated
Integrated-RFECV (L1-LR) + Naive Bayes,X8_EG,104,Integrated
Integrated-RFECV (L1-LR) + Naive Bayes,X8_EH,105,Integrated
Integrated-RFECV (L1-LR) + Naive Bayes,X8_EI,106,Integrated
Integrated-RFECV (L1-LR) + Naive Bayes,X8_EK,107,Integrated
Integrated-RFECV (L1-LR) + Naive Bayes,X8_EL,108,Integrated
Integrated-RFECV (L1-LR) + Naive Bayes,X8_EM,109,Integrated
Integrated-RFECV (L1-LR) + Naive Bayes,X8_EN,110,Integrated
Integrated-RFECV (L1-LR) + Naive Bayes,X8_EP,111,Integrated
Integrated-RFECV (L1-LR) + Naive Bayes,X8_EQ,112,Integrated
Integrated-RFECV (L1-LR) + Naive Bayes,X8_ER,113,Integrated
Integrated-RFECV (L1-LR) + Naive Bayes,X8_ES,114,Integrated
Integrated-RFECV (L1-LR) + Naive Bayes,X8_ET,115,Integrated
Integrated-RFECV (L1-LR) + Naive Bayes,X8_EV,116,Integrated
Integrated-RFECV (L1-LR) + Naive Bayes,X8_EW,117,Integrated
Integrated-RFECV (L1-LR) + Naive Bayes,X8_EY,118,Integrated
Integrated-RFECV (L1-LR) + Naive Bayes,X8_FA,119,Integrated
Integrated-RFECV (L1-LR) + Naive Bayes,X8_FC,120,Integrated
Integrated-RFECV (L1-LR) + Naive Bayes,X8_FD,121,Integrated
Integrated-RFECV (L1-LR) + Naive Bayes,X8_FE,122,Integrated
Integrated-RFECV (L1-LR) + Naive Bayes,X8_FF,123,Integrated
Integrated-RFECV (L1-LR) + Naive Bayes,X8_FG,124,Integrated
Integrated-RFECV (L1-LR) + Naive Bayes,X8_FH,125,Integrated
Integrated-RFECV (L1-LR) + Naive Bayes,X8_FI,126,Integrated
Integrated-RFECV (L1-LR) + Naive Bayes,X8_FK,127,Integrated
Integrated-RFECV (L1-LR) + Naive Bayes,X8_FL,128,Integrated
Integrated-RFECV (L1-LR) + Naive Bayes,X8_FM,129,Integrated
Integrated-RFECV (L1-LR) + Naive Bayes,X8_FN,130,Integrated
Integrated-RFECV (L1-LR) + Naive Bayes,X8_FP,131,Integrated
Integrated-RFECV (L1-LR) + Naive Bayes,X8_FQ,132,Integrated
Integrated-RFECV (L1-LR) + Naive Bayes,X8_FR,133,Integrated
Integrated-RFECV (L1-LR) + Naive Bayes,X8_FS,134,Integrated
Integrated-RFECV (L1-LR) + Naive Bayes,X8_FT,135,Integrated
Integrated-RFECV (L1-LR) + Naive Bayes,X8_FV,136,Integrated
Integrated-RFECV (L1-LR) + Naive Bayes,X8_FW,137,Integrated
Integrated-RFECV (L1-LR) + Naive Bayes,X8_FY,138,Integrated
Integrated-RFECV (L1-LR) + Naive Bayes,X8_GA,139,Integrated
Integrated-RFECV (L1-LR) + Naive Bayes,X8_GC,140,Integrated
Integrated-RFECV (L1-LR) + Naive Bayes,X8_GD,141,Integrated
Integrated-RFECV (L1-LR) + Naive Bayes,X8_GE,142,Integrated
Integrated-RFECV (L1-LR) + Naive Bayes,X8_GF,143,Integrated
Integrated-RFECV (L1-LR) + Naive Bayes,X8_GG,144,Integrated
Integrated-RFECV (L1-LR) + Naive Bayes,X8_GH,145,Integrated
Integrated-RFECV (L1-LR) + Naive Bayes,X8_GI,146,Integrated
Integrated-RFECV (L1-LR) + Naive Bayes,X8_GK,147,Integrated
Integrated-RFECV (L1-LR) + Naive Bayes,X8_GL,148,Integrated
Integrated-RFECV (L1-LR) + Naive Bayes,X8_GM,149,Integrated
Integrated-RFECV (L1-LR) + Naive Bayes,X8_GN,150,Integrated
Integrated-RFECV (L1-LR) + Naive Bayes,X8_GP,151,Integrated
Integrated-RFECV (L1-LR) + Naive Bayes,X8_GQ,152,Integrated
Integrated-RFECV (L1-LR) + Naive Bayes,X8_GR,153,Integrated
Integrated-RFECV (L1-LR) + Naive Bayes,X8_GS,154,Integrated
Integrated-RFECV (L1-LR) + Naive Bayes,X8_GT,155,Integrated
Integrated-RFECV (L1-LR) + Naive Bayes,X8_GV,156,Integrated
Integrated-RFECV (L1-LR) + Naive Bayes,X8_GW,157,Integrated
Integrated-RFECV (L1-LR) + Naive Bayes,X8_GY,158,Integrated
Integrated-RFECV (L1-LR) + Naive Bayes,X8_HA,159,Integrated
Integrated-RFECV (L1-LR) + Naive Bayes,X8_HC,160,Integrated
Integrated-RFECV (L1-LR) + Naive Bayes,X8_HD,161,Integrated
Integrated-RFECV (L1-LR) + Naive Bayes,X8_HE,162,Integrated
Integrated-RFECV (L1-LR) + Naive Bayes,X8_HF,163,Integrated
Integrated-RFECV (L1-LR) + Naive Bayes,X8_HG,164,Integrated
Integrated-RFECV (L1-LR) + Naive Bayes,X8_HH,165,Integrated
Integrated-RFECV (L1-LR) + Naive Bayes,X8_HI,166,Integrated
Integrated-RFECV (L1-LR) + Naive Bayes,X8_HK,167,Integrated
Integrated-RFECV (L1-LR) + Naive Bayes,X8_HL,168,Integrated
Integrated-RFECV (L1-LR) + Naive Bayes,X8_HM,169,Integrated
Integrated-RFECV (L1-LR) + Naive Bayes,X8_HN,170,Integrated
Integrated-RFECV (L1-LR) + Naive Bayes,X8_HP,171,Integrated
Integrated-RFECV (L1-LR) + Naive Bayes,X8_HQ,172,Integrated
Integrated-RFECV (L1-LR) + Naive Bayes,X8_HR,173,Integrated
Integrated-RFECV (L1-LR) + Naive Bayes,X8_HS,174,Integrated
Integrated-RFECV (L1-LR) + Naive Bayes,X8_HT,175,Integrated
Integrated-RFECV (L1-LR) + Naive Bayes,X8_HV,176,Integrated
Integrated-RFECV (L1-LR) + Naive Bayes,X8_HW,177,Integrated
Integrated-RFECV (L1-LR) + Naive Bayes,X8_HY,178,Integrated
Integrated-RFECV (L1-LR) + Naive Bayes,X8_IA,179,Integrated
Integrated-RFECV (L1-LR) + Naive Bayes,X8_IC,180,Integrated
Integrated-RFECV (L1-LR) + Naive Bayes,X8_ID,181,Integrated
Integrated-RFECV (L1-LR) + Naive Bayes,X8_IE,182,Integrated
Integrated-RFECV (L1-LR) + Naive Bayes,X8_IF,183,Integrated
Integrated-RFECV (L1-LR) + Naive Bayes,X8_IG,184,Integrated
Integrated-RFECV (L1-LR) + Naive Bayes,X8_IH,185,Integrated
Integrated-RFECV (L1-LR) + Naive Bayes,X8_II,186,Integrated
Integrated-RFECV (L1-LR) + Naive Bayes,X8_IK,187,Integrated
Integrated-RFECV (L1-LR) + Naive Bayes,X8_IL,188,Integrated
Integrated-RFECV (L1-LR) + Naive Bayes,X8_IM,189,Integrated
Integrated-RFECV (L1-LR) + Naive Bayes,X8_IN,190,Integrated
Integrated-RFECV (L1-LR) + Naive Bayes,X8_IP,191,Integrated
Integrated-RFECV (L1-LR) + Naive Bayes,X8_IQ,192,Integrated
Integrated-RFECV (L1-LR) + Naive Bayes,X8_IR,193,Integrated
Integrated-RFECV (L1-LR) + Naive Bayes,X8_IS,194,Integrated
Integrated-RFECV (L1-LR) + Naive Bayes,X8_IT,195,Integrated
Integrated-RFECV (L1-LR) + Naive Bayes,X8_IV,196,Integrated
Integrated-RFECV (L1-LR) + Naive Bayes,X8_IW,197,Integrated
Integrated-RFECV (L1-LR) + Naive Bayes,X8_IY,198,Integrated
Integrated-RFECV (L1-LR) + Naive Bayes,X8_KA,199,Integrated
Integrated-RFECV (L1-LR) + Naive Bayes,X8_KC,200,Integrated
Integrated-RFECV (L1-LR) + Naive Bayes,X8_KD,201,Integrated
Integrated-RFECV (L1-LR) + Naive Bayes,X8_KE,202,Integrated
Integrated-RFECV (L1-LR) + Naive Bayes,X8_KF,203,Integrated
Integrated-RFECV (L1-LR) + Naive Bayes,X8_KG,204,Integrated
Integrated-RFECV (L1-LR) + Naive Bayes,X8_KH,205,Integrated
Integrated-RFECV (L1-LR) + Naive Bayes,X8_KI,206,Integrated
Integrated-RFECV (L1-LR) + Naive Bayes,X8_KK,207,Integrated
Integrated-RFECV (L1-LR) + Naive Bayes,X8_KL,208,Integrated
Integrated-RFECV (L1-LR) + Naive Bayes,X8_KM,209,Integrated
Integrated-RFECV (L1-LR) + Naive Bayes,X8_KN,210,Integrated
Integrated-RFECV (L1-LR) + Naive Bayes,X8_KP,211,Integrated
Integrated-RFECV (L1-LR) + Naive Bayes,X8_KQ,212,Integrated
Integrated-RFECV (L1-LR) + Naive Bayes,X8_KR,213,Integrated
Integrated-RFECV (L1-LR) + Naive Bayes,X8_KS,214,Integrated
Integrated-RFECV (L1-LR) + Naive Bayes,X8_KT,215,Integrated
Integrated-RFECV (L1-LR) + Naive Bayes,X8_KV,216,Integrated
Integrated-RFECV (L1-LR) + Naive Bayes,X8_KW,217,Integrated
Integrated-RFECV (L1-LR) + Naive Bayes,X8_KY,218,Integrated
Integrated-RFECV (L1-LR) + Naive Bayes,X8_LA,219,Integrated
Integrated-RFECV (L1-LR) + Naive Bayes,X8_LC,220,Integrated
Integrated-RFECV (L1-LR) + Naive Bayes,X8_LD,221,Integrated
Integrated-RFECV (L1-LR) + Naive Bayes,X8_LE,222,Integrated
Integrated-RFECV (L1-LR) + Naive Bayes,X8_LF,223,Integrated
Integrated-RFECV (L1-LR) + Naive Bayes,X8_LG,224,Integrated
Integrated-RFECV (L1-LR) + Naive Bayes,X8_LH,225,Integrated
Integrated-RFECV (L1-LR) + Naive Bayes,X8_LI,226,Integrated
Integrated-RFECV (L1-LR) + Naive Bayes,X8_LK,227,Integrated
Integrated-RFECV (L1-LR) + Naive Bayes,X8_LL,228,Integrated
Integrated-RFECV (L1-LR) + Naive Bayes,X8_LM,229,Integrated
Integrated-RFECV (L1-LR) + Naive Bayes,X8_LN,230,Integrated
Integrated-RFECV (L1-LR) + Naive Bayes,X8_LP,231,Integrated
Integrated-RFECV (L1-LR) + Naive Bayes,X8_LQ,232,Integrated
Integrated-RFECV (L1-LR) + Naive Bayes,X8_LR,233,Integrated
Integrated-RFECV (L1-LR) + Naive Bayes,X8_LS,234,Integrated
Integrated-RFECV (L1-LR) + Naive Bayes,X8_LT,235,Integrated
Integrated-RFECV (L1-LR) + Naive Bayes,X8_LV,236,Integrated
Integrated-RFECV (L1-LR) + Naive Bayes,X8_LW,237,Integrated
Integrated-RFECV (L1-LR) + Naive Bayes,X8_LY,238,Integrated
Integrated-RFECV (L1-LR) + Naive Bayes,X8_MA,239,Integrated
Integrated-RFECV (L1-LR) + Naive Bayes,X8_MC,240,Integrated
Integrated-RFECV (L1-LR) + Naive Bayes,X8_MD,241,Integrated
Integrated-RFECV (L1-LR) + Naive Bayes,X8_ME,242,Integrated
Integrated-RFECV (L1-LR) + Naive Bayes,X8_MF,243,Integrated
Integrated-RFECV (L1-LR) + Naive Bayes,X8_MG,244,Integrated
Integrated-RFECV (L1-LR) + Naive Bayes,X8_MH,245,Integrated
Integrated-RFECV (L1-LR) + Naive Bayes,X8_MI,246,Integrated
Integrated-RFECV (L1-LR) + Naive Bayes,X8_MK,247,Integrated
Integrated-RFECV (L1-LR) + Naive Bayes,X8_ML,248,Integrated
Integrated-RFECV (L1-LR) + Naive Bayes,X8_MM,249,Integrated
Integrated-RFECV (L1-LR) + Naive Bayes,X8_MN,250,Integrated
Integrated-RFECV (L1-LR) + Naive Bayes,X8_MP,251,Integrated
Integrated-RFECV (L1-LR) + Naive Bayes,X8_MQ,252,Integrated
Integrated-RFECV (L1-LR) + Naive Bayes,X8_MR,253,Integrated
Integrated-RFECV (L1-LR) + Naive Bayes,X8_MS,254,Integrated
Integrated-RFECV (L1-LR) + Naive Bayes,X8_MT,255,Integrated
Integrated-RFECV (L1-LR) + Naive Bayes,X8_MV,256,Integrated
Integrated-RFECV (L1-LR) + Naive Bayes,X8_MW,257,Integrated
Integrated-RFECV (L1-LR) + Naive Bayes,X8_MY,258,Integrated
Integrated-RFECV (L1-LR) + Naive Bayes,X8_NA,259,Integrated
Integrated-RFECV (L1-LR) + Naive Bayes,X8_NC,260,Integrated
Integrated-RFECV (L1-LR) + Naive Bayes,X8_NE,261,Integrated
Integrated-RFECV (L1-LR) + Naive Bayes,X8_NF,262,Integrated
Integrated-RFECV (L1-LR) + Naive Bayes,X8_NG,263,Integrated
Integrated-RFECV (L1-LR) + Naive Bayes,X8_NH,264,Integrated
Integrated-RFECV (L1-LR) + Naive Bayes,X8_NI,265,Integrated
Integrated-RFECV (L1-LR) + Naive Bayes,X8_NK,266,Integrated
Integrated-RFECV (L1-LR) + Naive Bayes,X8_NL,267,Integrated
Integrated-RFECV (L1-LR) + Naive Bayes,X8_NM,268,Integrated
Integrated-RFECV (L1-LR) + Naive Bayes,X8_NN,269,Integrated
Integrated-RFECV (L1-LR) + Naive Bayes,X8_NP,270,Integrated
Integrated-RFECV (L1-LR) + Naive Bayes,X8_NQ,271,Integrated
Integrated-RFECV (L1-LR) + Naive Bayes,X8_NR,272,Integrated
Integrated-RFECV (L1-LR) + Naive Bayes,X8_NS,273,Integrated
Integrated-RFECV (L1-LR) + Naive Bayes,X8_NT,274,Integrated
Integrated-RFECV (L1-LR) + Naive Bayes,X8_NV,275,Integrated
Integrated-RFECV (L1-LR) + Naive Bayes,X8_NW,276,Integrated
Integrated-RFECV (L1-LR) + Naive Bayes,X8_NY,277,Integrated
Integrated-RFECV (L1-LR) + Naive Bayes,X8_PA,278,Integrated
Integrated-RFECV (L1-LR) + Naive Bayes,X8_PC,279,Integrated
Integrated-RFECV (L1-LR) + Naive Bayes,X8_PD,280,Integrated
Integrated-RFECV (L1-LR) + Naive Bayes,X8_PE,281,Integrated
Integrated-RFECV (L1-LR) + Naive Bayes,X8_PF,282,Integrated
Integrated-RFECV (L1-LR) + Naive Bayes,X8_PG,283,Integrated
Integrated-RFECV (L1-LR) + Naive Bayes,X8_PH,284,Integrated
Integrated-RFECV (L1-LR) + Naive Bayes,X8_PI,285,Integrated
Integrated-RFECV (L1-LR) + Naive Bayes,X8_PK,286,Integrated
Integrated-RFECV (L1-LR) + Naive Bayes,X8_PL,287,Integrated
Integrated-RFECV (L1-LR) + Naive Bayes,X8_PM,288,Integrated
Integrated-RFECV (L1-LR) + Naive Bayes,X8_PN,289,Integrated
Integrated-RFECV (L1-LR) + Naive Bayes,X8_PP,290,Integrated
Integrated-RFECV (L1-LR) + Naive Bayes,X8_PQ,291,Integrated
Integrated-RFECV (L1-LR) + Naive Bayes,X8_PR,292,Integrated
Integrated-RFECV (L1-LR) + Naive Bayes,X8_PS,293,Integrated
Integrated-RFECV (L1-LR) + Naive Bayes,X8_PT,294,Integrated
Integrated-RFECV (L1-LR) + Naive Bayes,X8_PV,295,Integrated
Integrated-RFECV (L1-LR) + Naive Bayes,X8_PW,296,Integrated
Integrated-RFECV (L1-LR) + Naive Bayes,X8_PY,297,Integrated
Integrated-RFECV (L1-LR) + Naive Bayes,X8_QA,298,Integrated
Integrated-RFECV (L1-LR) + Naive Bayes,X8_QC,299,Integrated
Integrated-RFECV (L1-LR) + Naive Bayes,X8_QD,300,Integrated
Integrated-RFECV (L1-LR) + Naive Bayes,X8_QE,301,Integrated
Integrated-RFECV (L1-LR) + Naive Bayes,X8_QF,302,Integrated
Integrated-RFECV (L1-LR) + Naive Bayes,X8_QG,303,Integrated
Integrated-RFECV (L1-LR) + Naive Bayes,X8_QI,304,Integrated
Integrated-RFECV (L1-LR) + Naive Bayes,X8_QK,305,Integrated
Integrated-RFECV (L1-LR) + Naive Bayes,X8_QL,306,Integrated
Integrated-RFECV (L1-LR) + Naive Bayes,X8_QN,307,Integrated
Integrated-RFECV (L1-LR) + Naive Bayes,X8_QP,308,Integrated
Integrated-RFECV (L1-LR) + Naive Bayes,X8_QQ,309,Integrated
Integrated-RFECV (L1-LR) + Naive Bayes,X8_QR,310,Integrated
Integrated-RFECV (L1-LR) + Naive Bayes,X8_QS,311,Integrated
Integrated-RFECV (L1-LR) + Naive Bayes,X8_QT,312,Integrated
Integrated-RFECV (L1-LR) + Naive Bayes,X8_QV,313,Integrated
Integrated-RFECV (L1-LR) + Naive Bayes,X8_QW,314,Integrated
Integrated-RFECV (L1-LR) + Naive Bayes,X8_QY,315,Integrated
Integrated-RFECV (L1-LR) + Naive Bayes,X8_RA,316,Integrated
Integrated-RFECV (L1-LR) + Naive Bayes,X8_RC,317,Integrated
Integrated-RFECV (L1-LR) + Naive Bayes,X8_RD,318,Integrated
Integrated-RFECV (L1-LR) + Naive Bayes,X8_RE,319,Integrated
Integrated-RFECV (L1-LR) + Naive Bayes,X8_RF,320,Integrated
Integrated-RFECV (L1-LR) + Naive Bayes,X8_RG,321,Integrated
Integrated-RFECV (L1-LR) + Naive Bayes,X8_RH,322,Integrated
Integrated-RFECV (L1-LR) + Naive Bayes,X8_RI,323,Integrated
Integrated-RFECV (L1-LR) + Naive Bayes,X8_RK,324,Integrated
Integrated-RFECV (L1-LR) + Naive Bayes,X8_RL,325,Integrated
Integrated-RFECV (L1-LR) + Naive Bayes,X8_RM,326,Integrated
Integrated-RFECV (L1-LR) + Naive Bayes,X8_RN,327,Integrated
Integrated-RFECV (L1-LR) + Naive Bayes,X8_RP,328,Integrated
Integrated-RFECV (L1-LR) + Naive Bayes,X8_RQ,329,Integrated
Integrated-RFECV (L1-LR) + Naive Bayes,X8_RR,330,Integrated
Integrated-RFECV (L1-LR) + Naive Bayes,X8_RS,331,Integrated
Integrated-RFECV (L1-LR) + Naive Bayes,X8_RT,332,Integrated
Integrated-RFECV (L1-LR) + Naive Bayes,X8_RV,333,Integrated
Integrated-RFECV (L1-LR) + Naive Bayes,X8_RW,334,Integrated
Integrated-RFECV (L1-LR) + Naive Bayes,X8_RY,335,Integrated
Integrated-RFECV (L1-LR) + Naive Bayes,X8_SA,336,Integrated
Integrated-RFECV (L1-LR) + Naive Bayes,X8_SC,337,Integrated
Integrated-RFECV (L1-LR) + Naive Bayes,X8_SD,338,Integrated
Integrated-RFECV (L1-LR) + Naive Bayes,X8_SE,339,Integrated
Integrated-RFECV (L1-LR) + Naive Bayes,X8_SF,340,Integrated
Integrated-RFECV (L1-LR) + Naive Bayes,X8_SG,341,Integrated
Integrated-RFECV (L1-LR) + Naive Bayes,X8_SH,342,Integrated
Integrated-RFECV (L1-LR) + Naive Bayes,X8_SI,343,Integrated
Integrated-RFECV (L1-LR) + Naive Bayes,X8_SK,344,Integrated
Integrated-RFECV (L1-LR) + Naive Bayes,X8_SL,345,Integrated
Integrated-RFECV (L1-LR) + Naive Bayes,X8_SM,346,Integrated
Integrated-RFECV (L1-LR) + Naive Bayes,X8_SN,347,Integrated
Integrated-RFECV (L1-LR) + Naive Bayes,X8_SP,348,Integrated
Integrated-RFECV (L1-LR) + Naive Bayes,X8_SQ,349,Integrated
Integrated-RFECV (L1-LR) + Naive Bayes,X8_SR,350,Integrated
Integrated-RFECV (L1-LR) + Naive Bayes,X8_SS,351,Integrated
Integrated-RFECV (L1-LR) + Naive Bayes,X8_ST,352,Integrated
Integrated-RFECV (L1-LR) + Naive Bayes,X8_SV,353,Integrated
Integrated-RFECV (L1-LR) + Naive Bayes,X8_SW,354,Integrated
Integrated-RFECV (L1-LR) + Naive Bayes,X8_SY,355,Integrated
Integrated-RFECV (L1-LR) + Naive Bayes,X8_TA,356,Integrated
Integrated-RFECV (L1-LR) + Naive Bayes,X8_TC,357,Integrated
Integrated-RFECV (L1-LR) + Naive Bayes,X8_TD,358,Integrated
Integrated-RFECV (L1-LR) + Naive Bayes,X8_TE,359,Integrated
Integrated-RFECV (L1-LR) + Naive Bayes,X8_TF,360,Integrated
Integrated-RFECV (L1-LR) + Naive Bayes,X8_TG,361,Integrated
Integrated-RFECV (L1-LR) + Naive Bayes,X8_TH,362,Integrated
Integrated-RFECV (L1-LR) + Naive Bayes,X8_TI,363,Integrated
Integrated-RFECV (L1-LR) + Naive Bayes,X8_TK,364,Integrated
Integrated-RFECV (L1-LR) + Naive Bayes,X8_TL,365,Integrated
Integrated-RFECV (L1-LR) + Naive Bayes,X8_TM,366,Integrated
Integrated-RFECV (L1-LR) + Naive Bayes,X8_TN,367,Integrated
Integrated-RFECV (L1-LR) + Naive Bayes,X8_TP,368,Integrated
Integrated-RFECV (L1-LR) + Naive Bayes,X8_TQ,369,Integrated
Integrated-RFECV (L1-LR) + Naive Bayes,X8_TR,370,Integrated
Integrated-RFECV (L1-LR) + Naive Bayes,X8_TS,371,Integrated
Integrated-RFECV (L1-LR) + Naive Bayes,X8_TT,372,Integrated
Integrated-RFECV (L1-LR) + Naive Bayes,X8_TV,373,Integrated
Integrated-RFECV (L1-LR) + Naive Bayes,X8_TW,374,Integrated
Integrated-RFECV (L1-LR) + Naive Bayes,X8_TY,375,Integrated
Integrated-RFECV (L1-LR) + Naive Bayes,X8_VA,376,Integrated
Integrated-RFECV (L1-LR) + Naive Bayes,X8_VD,377,Integrated
Integrated-RFECV (L1-LR) + Naive Bayes,X8_VF,378,Integrated
Integrated-RFECV (L1-LR) + Naive Bayes,X8_VG,379,Integrated
Integrated-RFECV (L1-LR) + Naive Bayes,X8_VH,380,Integrated
Integrated-RFECV (L1-LR) + Naive Bayes,X8_VI,381,Integrated
Integrated-RFECV (L1-LR) + Naive Bayes,X8_VK,382,Integrated
Integrated-RFECV (L1-LR) + Naive Bayes,X8_VL,383,Integrated
Integrated-RFECV (L1-LR) + Naive Bayes,X8_VM,384,Integrated
Integrated-RFECV (L1-LR) + Naive Bayes,X8_VN,385,Integrated
Integrated-RFECV (L1-LR) + Naive Bayes,X8_VP,386,Integrated
Integrated-RFECV (L1-LR) + Naive Bayes,X8_VR,387,Integrated
Integrated-RFECV (L1-LR) + Naive Bayes,X8_VS,388,Integrated
Integrated-RFECV (L1-LR) + Naive Bayes,X8_VT,389,Integrated
Integrated-RFECV (L1-LR) + Naive Bayes,X8_VW,390,Integrated
Integrated-RFECV (L1-LR) + Naive Bayes,X8_VY,391,Integrated
Integrated-RFECV (L1-LR) + Naive Bayes,X8_WA,392,Integrated
Integrated-RFECV (L1-LR) + Naive Bayes,X8_WC,393,Integrated
Integrated-RFECV (L1-LR) + Naive Bayes,X8_WD,394,Integrated
Integrated-RFECV (L1-LR) + Naive Bayes,X8_WE,395,Integrated
Integrated-RFECV (L1-LR) + Naive Bayes,X8_WF,396,Integrated
Integrated-RFECV (L1-LR) + Naive Bayes,X8_WG,397,Integrated
Integrated-RFECV (L1-LR) + Naive Bayes,X8_WH,398,Integrated
Integrated-RFECV (L1-LR) + Naive Bayes,X8_WI,399,Integrated
Integrated-RFECV (L1-LR) + Naive Bayes,X8_WK,400,Integrated
Integrated-RFECV (L1-LR) + Naive Bayes,X8_WL,401,Integrated
Integrated-RFECV (L1-LR) + Naive Bayes,X8_WM,402,Integrated
Integrated-RFECV (L1-LR) + Naive Bayes,X8_WN,403,Integrated
Integrated-RFECV (L1-LR) + Naive Bayes,X8_WP,404,Integrated
Integrated-RFECV (L1-LR) + Naive Bayes,X8_WQ,405,Integrated
Integrated-RFECV (L1-LR) + Naive Bayes,X8_WR,406,Integrated
Integrated-RFECV (L1-LR) + Naive Bayes,X8_WS,407,Integrated
Integrated-RFECV (L1-LR) + Naive Bayes,X8_WT,408,Integrated
Integrated-RFECV (L1-LR) + Naive Bayes,X8_WV,409,Integrated
Integrated-RFECV (L1-LR) + Naive Bayes,X8_WW,410,Integrated
Integrated-RFECV (L1-LR) + Naive Bayes,X8_WY,411,Integrated
Integrated-RFECV (L1-LR) + Naive Bayes,X8_YA,412,Integrated
Integrated-RFECV (L1-LR) + Naive Bayes,X8_YC,413,Integrated
Integrated-RFECV (L1-LR) + Naive Bayes,X8_YD,414,Integrated
Integrated-RFECV (L1-LR) + Naive Bayes,X8_YE,415,Integrated
Integrated-RFECV (L1-LR) + Naive Bayes,X8_YF,416,Integrated
Integrated-RFECV (L1-LR) + Naive Bayes,X8_YG,417,Integrated
Integrated-RFECV (L1-LR) + Naive Bayes,X8_YH,418,Integrated
Integrated-RFECV (L1-LR) + Naive Bayes,X8_YI,419,Integrated
Integrated-RFECV (L1-LR) + Naive Bayes,X8_YK,420,Integrated
Integrated-RFECV (L1-LR) + Naive Bayes,X8_YL,421,Integrated
Integrated-RFECV (L1-LR) + Naive Bayes,X8_YM,422,Integrated
Integrated-RFECV (L1-LR) + Naive Bayes,X8_YN,423,Integrated
Integrated-RFECV (L1-LR) + Naive Bayes,X8_YP,424,Integrated
Integrated-RFECV (L1-LR) + Naive Bayes,X8_YQ,425,Integrated
Integrated-RFECV (L1-LR) + Naive Bayes,X8_YR,426,Integrated
Integrated-RFECV (L1-LR) + Naive Bayes,X8_YS,427,Integrated
Integrated-RFECV (L1-LR) + Naive Bayes,X8_YT,428,Integrated
Integrated-RFECV (L1-LR) + Naive Bayes,X8_YV,429,Integrated
Integrated-RFECV (L1-LR) + Naive Bayes,X8_YW,430,Integrated
Integrated-RFECV (L1-LR) + Naive Bayes,X8_YY,431,Integrated
Integrated-RFECV (L1-LR) + Naive Bayes,acidic_group,432,Integrated
Integrated-RFECV (L1-LR) + Naive Bayes,aliphatic_group,433,Integrated
Integrated-RFECV (L1-LR) + Naive Bayes,aromatic_group,434,Integrated
Integrated-RFECV (L1-LR) + Naive Bayes,basic_group,435,Integrated
Integrated-RFECV (L1-LR) + Naive Bayes,boman,436,Integrated
Integrated-RFECV (L1-LR) + Naive Bayes,charge,437,Integrated
Integrated-RFECV (L1-LR) + Naive Bayes,charged_group,438,Integrated
Integrated-RFECV (L1-LR) + Naive Bayes,cruciani_prp1,439,Integrated
Integrated-RFECV (L1-LR) + Naive Bayes,cruciani_prp2,440,Integrated
Integrated-RFECV (L1-LR) + Naive Bayes,cruciani_prp3,441,Integrated
Integrated-RFECV (L1-LR) + Naive Bayes,hydrophobic_kyte-doolittle,442,Integrated
Integrated-RFECV (L1-LR) + Naive Bayes,hydrophobic_moment,443,Integrated
Integrated-RFECV (L1-LR) + Naive Bayes,instability_index,444,Integrated
Integrated-RFECV (L1-LR) + Naive Bayes,isoelectric_point,445,Integrated
Integrated-RFECV (L1-LR) + Naive Bayes,non-polar_group,446,Integrated
Integrated-RFECV (L1-LR) + Naive Bayes,peptide_len,447,Integrated
Integrated-RFECV (L1-LR) + Naive Bayes,polar_group,448,Integrated
Integrated-RFECV (L1-LR) + Naive Bayes,small_group,449,Integrated
Integrated-RFECV (L1-LR) + Naive Bayes,tiny_group,450,Integrated
