Model_A,Model_B,W,p_value,z,r_effect,p_adj
Random Forest (All),Logistic Regression (All),160.0,7.723469384046666e-07,-4.942228310237957,-0.6989366304682784,0.000169143979510622
Random Forest (All),SVM (All),11.0,1.462154377056417e-09,-6.048483671504398,-0.8553847640033732,4.7666232692039193e-07
Random Forest (All),K-Neighbors (All),0.0,7.534744968972034e-10,6.1544311458595535,0.8703679995165968,3.791298254797769e-07
Random Forest (All),Decision Tree (All),0.0,1.7763568394002505e-15,7.956038125481531,1.1251537019813398,1.8385293287792592e-12
Random Forest (All),Naive Bayes (All),451.0,0.07237748012944856,1.7967363826722527,0.2540968960384275,1.0
Random Forest (All),Random Forest (MW - inCV),437.0,0.05292836555618156,1.9355049195585274,0.2737217307279516,1.0
Random Forest (All),Random Forest (Wilcoxon - inCV),372.5,0.016969612038575856,2.387365474460186,0.3376244632322874,1.0
Random Forest (All),Random Forest (Kruskal - inCV),93.0,4.8571529021046445e-09,5.851993611327563,0.8275968732060146,1.4717173293377073e-06
Random Forest (All),Random Forest (Chi-square - inCV),192.0,2.8789331400735218e-05,4.182837390249768,0.5915425366492504,0.004894186338124987
Random Forest (All),Random Forest (KS - inCV),166.0,2.5342386645260312e-05,4.211728642245276,0.5956283766898491,0.0043588905029847734
Random Forest (All),Logistic Regression (MW - inCV),2.0,5.329070518200751e-15,7.818891055763057,1.1057581773777803,3.5491609651217004e-12
Random Forest (All),Logistic Regression (Wilcoxon - inCV),3.0,8.881784197001252e-15,7.754320376295517,1.0966265043143162,5.808686864838819e-12
Random Forest (All),Logistic Regression (Kruskal - inCV),0.0,1.7763568394002505e-15,7.956038125481531,1.1251537019813398,1.8385293287792592e-12
Random Forest (All),Logistic Regression (Chi-square - inCV),0.0,1.7763568394002505e-15,7.956038125481531,1.1251537019813398,1.8385293287792592e-12
Random Forest (All),Logistic Regression (KS - inCV),0.0,1.7763568394002505e-15,7.956038125481531,1.1251537019813398,1.8385293287792592e-12
Random Forest (All),SVM (MW - inCV),14.0,2.6253872967106623e-09,5.953455833684866,0.8419457982986358,8.164954492770159e-07
Random Forest (All),SVM (Wilcoxon - inCV),50.0,2.2012913087401553e-08,5.595387830766063,0.7913073357006738,6.053551099035427e-06
Random Forest (All),SVM (Kruskal - inCV),0.0,1.7763568394002505e-15,7.956038125481531,1.1251537019813398,1.8385293287792592e-12
Random Forest (All),SVM (Chi-square - inCV),42.0,9.000621086477699e-09,5.748560931011455,0.8129692832764506,2.610386264478848e-06
Random Forest (All),SVM (KS - inCV),2.0,5.329070518200751e-15,7.818891055763057,1.1057581773777803,3.5491609651217004e-12
Random Forest (All),K-Neighbors (MW - inCV),0.0,7.555220876380673e-10,6.154000996674732,0.870307167235495,3.791298254797769e-07
Random Forest (All),K-Neighbors (Wilcoxon - inCV),0.0,1.7763568394002505e-15,7.956038125481531,1.1251537019813398,1.8385293287792592e-12
Random Forest (All),K-Neighbors (Kruskal - inCV),0.0,1.7763568394002505e-15,7.956038125481531,1.1251537019813398,1.8385293287792592e-12
Random Forest (All),K-Neighbors (Chi-square - inCV),0.0,1.7763568394002505e-15,7.956038125481531,1.1251537019813398,1.8385293287792592e-12
Random Forest (All),K-Neighbors (KS - inCV),0.0,1.7763568394002505e-15,7.956038125481531,1.1251537019813398,1.8385293287792592e-12
Random Forest (All),Decision Tree (MW - inCV),1.0,3.552713678800501e-15,7.869777910570139,1.1129546653992488,2.454925152051146e-12
Random Forest (All),Decision Tree (Wilcoxon - inCV),0.0,1.7763568394002505e-15,7.956038125481531,1.1251537019813398,1.8385293287792592e-12
Random Forest (All),Decision Tree (Kruskal - inCV),0.0,1.7763568394002505e-15,7.956038125481531,1.1251537019813398,1.8385293287792592e-12
Random Forest (All),Decision Tree (Chi-square - inCV),1.0,3.552713678800501e-15,7.869777910570139,1.1129546653992488,2.454925152051146e-12
Random Forest (All),Decision Tree (KS - inCV),0.0,1.7763568394002505e-15,7.956038125481531,1.1251537019813398,1.8385293287792592e-12
Random Forest (All),Naive Bayes (MW - inCV),0.0,1.7763568394002505e-15,7.956038125481531,1.1251537019813398,1.8385293287792592e-12
Random Forest (All),Naive Bayes (Wilcoxon - inCV),0.0,1.7763568394002505e-15,7.956038125481531,1.1251537019813398,1.8385293287792592e-12
Random Forest (All),Naive Bayes (Kruskal - inCV),0.0,7.555220876380673e-10,6.154000996674732,0.870307167235495,3.791298254797769e-07
Random Forest (All),Naive Bayes (Chi-square - inCV),0.0,7.555220876380673e-10,6.154000996674732,0.870307167235495,3.791298254797769e-07
Random Forest (All),Naive Bayes (KS - inCV),0.0,1.7763568394002505e-15,7.956038125481531,1.1251537019813398,1.8385293287792592e-12
Random Forest (All),Integrated-SelectFromModel (L1-LR selector) + LR,436.0,0.0791400736650239,1.7556975014960385,0.2482931218040255,1.0
Random Forest (All),Integrated-SelectFromModel (L1-LR selector) + SVM,7.0,1.1545779354322477e-09,-6.08642765239752,-0.8607508532423209,3.8562903043437075e-07
Random Forest (All),Integrated-SelectFromModel (L1-LR selector) + KNN,0.0,7.553512643873762e-10,6.154036838995318,0.870312236105083,3.791298254797769e-07
Random Forest (All),Integrated-SelectFromModel (L1-LR selector) + Naive Bayes,1.0,3.552713678800501e-15,7.869777910570139,1.1129546653992488,2.454925152051146e-12
Random Forest (All),Integrated-SelectFromModel (RF selector) + RF,314.5,0.008283619799114217,-2.640285555345971,-0.37339276409080513,0.9691835164963634
Random Forest (All),Integrated-SelectFromModel (RF selector) + LR,268.0,0.0002308749851795966,-3.6825914722129354,-0.5207970804683035,0.03440037279175989
Random Forest (All),Integrated-SelectFromModel (RF selector) + KNN,0.0,7.551804758280675e-10,6.154072681942175,0.870317305063239,3.791298254797769e-07
Random Forest (All),Integrated-RFECV (L1-LR) + LR,468.0,0.10316599771973678,1.6296948909103326,0.2304736617255534,1.0
Random Forest (All),Integrated-RFECV (L1-LR) + KNN,0.0,7.555220876380673e-10,6.154000996674732,0.870307167235495,3.791298254797769e-07
Random Forest (All),Integrated-RFECV (L1-LR) + Naive Bayes,11.0,2.186645537552535e-09,5.983297717562985,0.8461660779893558,6.82233407716391e-07
Logistic Regression (All),SVM (All),115.0,4.560051200455459e-07,-5.043955615030202,-0.7133230438783638,0.00010305715713029338
Logistic Regression (All),K-Neighbors (All),0.0,7.548390027588035e-10,6.154144369714769,0.8703274432452648,3.791298254797769e-07
Logistic Regression (All),Decision Tree (All),0.0,1.7763568394002505e-15,7.956038125481531,1.1251537019813398,1.8385293287792592e-12
Logistic Regression (All),Naive Bayes (All),39.0,1.34718902700115e-11,6.763476856436742,0.9565000699169387,7.36912397769629e-09
Logistic Regression (All),Random Forest (MW - inCV),78.0,1.192391962945294e-09,6.081263433176088,0.8600205223561193,3.958741316978376e-07
Logistic Regression (All),Random Forest (Wilcoxon - inCV),65.0,3.134559278805682e-10,6.291973042954127,0.8898193611431638,1.617432587863732e-07
Logistic Regression (All),Random Forest (Kruskal - inCV),3.0,9.066026281609868e-10,6.1250409919844975,0.8662116040955632,3.791298254797769e-07
Logistic Regression (All),Random Forest (Chi-square - inCV),61.0,2.0232171493717033e-10,6.359568178240554,0.8993787568504148,1.0540961348226574e-07
Logistic Regression (All),Random Forest (KS - inCV),56.0,1.1467804483800137e-10,6.446214878112257,0.9116324506597582,6.066468571930272e-08
Logistic Regression (All),Logistic Regression (MW - inCV),0.0,1.7763568394002505e-15,7.956038125481531,1.1251537019813398,1.8385293287792592e-12
Logistic Regression (All),Logistic Regression (Wilcoxon - inCV),1.0,3.552713678800501e-15,7.869777910570139,1.1129546653992488,2.454925152051146e-12
Logistic Regression (All),Logistic Regression (Kruskal - inCV),0.0,1.7763568394002505e-15,7.956038125481531,1.1251537019813398,1.8385293287792592e-12
Logistic Regression (All),Logistic Regression (Chi-square - inCV),3.0,8.881784197001252e-15,7.754320376295517,1.0966265043143162,5.808686864838819e-12
Logistic Regression (All),Logistic Regression (KS - inCV),0.0,1.7763568394002505e-15,7.956038125481531,1.1251537019813398,1.8385293287792592e-12
Logistic Regression (All),SVM (MW - inCV),0.0,1.7763568394002505e-15,7.956038125481531,1.1251537019813398,1.8385293287792592e-12
Logistic Regression (All),SVM (Wilcoxon - inCV),6.0,2.4868995751603507e-14,7.622561816573916,1.0779930301026128,1.5766943306516623e-11
Logistic Regression (All),SVM (Kruskal - inCV),0.0,1.7763568394002505e-15,7.956038125481531,1.1251537019813398,1.8385293287792592e-12
Logistic Regression (All),SVM (Chi-square - inCV),5.0,1.7763568394002505e-14,7.665860858431098,1.0841164393258316,1.1315393066979595e-11
Logistic Regression (All),SVM (KS - inCV),0.0,1.7763568394002505e-15,7.956038125481531,1.1251537019813398,1.8385293287792592e-12
Logistic Regression (All),K-Neighbors (MW - inCV),0.0,1.7763568394002505e-15,7.956038125481531,1.1251537019813398,1.8385293287792592e-12
Logistic Regression (All),K-Neighbors (Wilcoxon - inCV),0.0,1.7763568394002505e-15,7.956038125481531,1.1251537019813398,1.8385293287792592e-12
Logistic Regression (All),K-Neighbors (Kruskal - inCV),0.0,1.7763568394002505e-15,7.956038125481531,1.1251537019813398,1.8385293287792592e-12
Logistic Regression (All),K-Neighbors (Chi-square - inCV),0.0,1.7763568394002505e-15,7.956038125481531,1.1251537019813398,1.8385293287792592e-12
Logistic Regression (All),K-Neighbors (KS - inCV),0.0,1.7763568394002505e-15,7.956038125481531,1.1251537019813398,1.8385293287792592e-12
Logistic Regression (All),Decision Tree (MW - inCV),0.0,1.7763568394002505e-15,7.956038125481531,1.1251537019813398,1.8385293287792592e-12
Logistic Regression (All),Decision Tree (Wilcoxon - inCV),0.0,1.7763568394002505e-15,7.956038125481531,1.1251537019813398,1.8385293287792592e-12
Logistic Regression (All),Decision Tree (Kruskal - inCV),0.0,1.7763568394002505e-15,7.956038125481531,1.1251537019813398,1.8385293287792592e-12
Logistic Regression (All),Decision Tree (Chi-square - inCV),0.0,1.7763568394002505e-15,7.956038125481531,1.1251537019813398,1.8385293287792592e-12
Logistic Regression (All),Decision Tree (KS - inCV),0.0,1.7763568394002505e-15,7.956038125481531,1.1251537019813398,1.8385293287792592e-12
Logistic Regression (All),Naive Bayes (MW - inCV),0.0,1.7763568394002505e-15,7.956038125481531,1.1251537019813398,1.8385293287792592e-12
Logistic Regression (All),Naive Bayes (Wilcoxon - inCV),0.0,1.7763568394002505e-15,7.956038125481531,1.1251537019813398,1.8385293287792592e-12
Logistic Regression (All),Naive Bayes (Kruskal - inCV),0.0,7.555220876380673e-10,6.154000996674732,0.870307167235495,3.791298254797769e-07
Logistic Regression (All),Naive Bayes (Chi-square - inCV),0.0,1.7763568394002505e-15,7.956038125481531,1.1251537019813398,1.8385293287792592e-12
Logistic Regression (All),Naive Bayes (KS - inCV),0.0,1.7763568394002505e-15,7.956038125481531,1.1251537019813398,1.8385293287792592e-12
Logistic Regression (All),Integrated-SelectFromModel (L1-LR selector) + LR,12.0,1.2434497875801753e-13,7.412067987171716,1.0482247072689688,7.510436716984259e-11
Logistic Regression (All),Integrated-SelectFromModel (L1-LR selector) + SVM,103.0,1.158324636207908e-08,-5.705749180815375,-0.806914787500828,3.301225213192538e-06
Logistic Regression (All),Integrated-SelectFromModel (L1-LR selector) + KNN,0.0,7.555220876380673e-10,6.154000996674732,0.870307167235495,3.791298254797769e-07
Logistic Regression (All),Integrated-SelectFromModel (L1-LR selector) + Naive Bayes,0.0,1.7763568394002505e-15,7.956038125481531,1.1251537019813398,1.8385293287792592e-12
Logistic Regression (All),Integrated-SelectFromModel (RF selector) + RF,148.0,3.486415511844143e-07,5.095054170786624,0.7205494709352047,8.05361983235997e-05
Logistic Regression (All),Integrated-SelectFromModel (RF selector) + LR,244.0,0.0011979267165894926,3.239373308961542,0.4581165667122823,0.1593242533064025
Logistic Regression (All),Integrated-SelectFromModel (RF selector) + KNN,0.0,7.555220876380673e-10,6.154000996674732,0.870307167235495,3.791298254797769e-07
Logistic Regression (All),Integrated-RFECV (L1-LR) + LR,9.0,1.9343098054157997e-09,6.0032294326530105,0.8489848481695228,6.145786173306078e-07
Logistic Regression (All),Integrated-RFECV (L1-LR) + KNN,0.0,1.7763568394002505e-15,7.956038125481531,1.1251537019813398,1.8385293287792592e-12
Logistic Regression (All),Integrated-RFECV (L1-LR) + Naive Bayes,0.0,1.7763568394002505e-15,7.956038125481531,1.1251537019813398,1.8385293287792592e-12
SVM (All),K-Neighbors (All),0.0,2.8461162122044543e-10,6.3069369937338395,0.8919355833570991,1.471442081709703e-07
SVM (All),Decision Tree (All),0.0,7.553512643873762e-10,6.154036838995318,0.870312236105083,3.791298254797769e-07
SVM (All),Naive Bayes (All),0.0,7.551804758280675e-10,6.154072681942175,0.870317305063239,3.791298254797769e-07
SVM (All),Random Forest (MW - inCV),6.0,1.0862799019512569e-09,6.096187504098705,0.8621311047065776,3.791298254797769e-07
SVM (All),Random Forest (Wilcoxon - inCV),4.0,9.621500125135102e-10,6.115565750449307,0.8648716025869805,3.791298254797769e-07
SVM (All),Random Forest (Kruskal - inCV),0.0,7.548390027588035e-10,6.154144369714769,0.8703274432452648,3.791298254797769e-07
SVM (All),Random Forest (Chi-square - inCV),2.0,8.524641914173525e-10,6.134837250123506,0.8675970042076325,3.791298254797769e-07
SVM (All),Random Forest (KS - inCV),3.0,9.053846214817168e-10,6.125255043239751,0.8662418755143854,3.791298254797769e-07
SVM (All),Logistic Regression (MW - inCV),0.0,7.553512643873762e-10,6.154036838995318,0.870312236105083,3.791298254797769e-07
SVM (All),Logistic Regression (Wilcoxon - inCV),0.0,7.555220876380673e-10,6.154000996674732,0.870307167235495,3.791298254797769e-07
SVM (All),Logistic Regression (Kruskal - inCV),0.0,7.555220876380673e-10,6.154000996674732,0.870307167235495,3.791298254797769e-07
SVM (All),Logistic Regression (Chi-square - inCV),0.0,1.7763568394002505e-15,7.956038125481531,1.1251537019813398,1.8385293287792592e-12
SVM (All),Logistic Regression (KS - inCV),0.0,1.7763568394002505e-15,7.956038125481531,1.1251537019813398,1.8385293287792592e-12
SVM (All),SVM (MW - inCV),0.0,7.550097219539461e-10,6.154108525515318,0.8703223741099654,3.791298254797769e-07
SVM (All),SVM (Wilcoxon - inCV),0.0,7.553512643873762e-10,6.154036838995318,0.870312236105083,3.791298254797769e-07
SVM (All),SVM (Kruskal - inCV),0.0,7.550097219539461e-10,6.154108525515318,0.8703223741099654,3.791298254797769e-07
SVM (All),SVM (Chi-square - inCV),0.0,7.553512643873762e-10,6.154036838995318,0.870312236105083,3.791298254797769e-07
SVM (All),SVM (KS - inCV),0.0,7.551804758280675e-10,6.154072681942175,0.870317305063239,3.791298254797769e-07
SVM (All),K-Neighbors (MW - inCV),0.0,7.543270531852816e-10,6.154251906071132,0.8703426511826265,3.791298254797769e-07
SVM (All),K-Neighbors (Wilcoxon - inCV),0.0,7.544976683806673e-10,6.154216059992658,0.8703375817815929,3.791298254797769e-07
SVM (All),K-Neighbors (Kruskal - inCV),0.0,7.553512643873762e-10,6.154036838995318,0.870312236105083,3.791298254797769e-07
SVM (All),K-Neighbors (Chi-square - inCV),0.0,7.550097219539461e-10,6.154108525515318,0.8703223741099654,3.791298254797769e-07
SVM (All),K-Neighbors (KS - inCV),0.0,7.555220876380673e-10,6.154000996674732,0.870307167235495,3.791298254797769e-07
SVM (All),Decision Tree (MW - inCV),0.0,7.553512643873762e-10,6.154036838995318,0.870312236105083,3.791298254797769e-07
SVM (All),Decision Tree (Wilcoxon - inCV),0.0,7.555220876380673e-10,6.154000996674732,0.870307167235495,3.791298254797769e-07
SVM (All),Decision Tree (Kruskal - inCV),0.0,7.553512643873762e-10,6.154036838995318,0.870312236105083,3.791298254797769e-07
SVM (All),Decision Tree (Chi-square - inCV),0.0,7.553512643873762e-10,6.154036838995318,0.870312236105083,3.791298254797769e-07
SVM (All),Decision Tree (KS - inCV),0.0,7.555220876380673e-10,6.154000996674732,0.870307167235495,3.791298254797769e-07
SVM (All),Naive Bayes (MW - inCV),0.0,7.544976683806673e-10,6.154216059992658,0.8703375817815929,3.791298254797769e-07
SVM (All),Naive Bayes (Wilcoxon - inCV),0.0,7.555220876380673e-10,6.154000996674732,0.870307167235495,3.791298254797769e-07
SVM (All),Naive Bayes (Kruskal - inCV),0.0,7.553512643873762e-10,6.154036838995318,0.870312236105083,3.791298254797769e-07
SVM (All),Naive Bayes (Chi-square - inCV),0.0,7.550097219539461e-10,6.154108525515318,0.8703223741099654,3.791298254797769e-07
SVM (All),Naive Bayes (KS - inCV),0.0,7.551804758280675e-10,6.154072681942175,0.870317305063239,3.791298254797769e-07
SVM (All),Integrated-SelectFromModel (L1-LR selector) + LR,3.0,9.053846214817168e-10,6.125255043239751,0.8662418755143854,3.791298254797769e-07
SVM (All),Integrated-SelectFromModel (L1-LR selector) + SVM,541.0,0.6296185838147151,0.4822637658914652,0.06820239583648333,1.0
SVM (All),Integrated-SelectFromModel (L1-LR selector) + KNN,0.0,7.507521296629246e-10,6.1550048184406645,0.8704491290710537,3.791298254797769e-07
SVM (All),Integrated-SelectFromModel (L1-LR selector) + Naive Bayes,0.0,7.551804758280675e-10,6.154072681942175,0.870317305063239,3.791298254797769e-07
SVM (All),Integrated-SelectFromModel (RF selector) + RF,3.0,9.019415718915509e-10,6.125861643686507,0.8663276617722598,3.791298254797769e-07
SVM (All),Integrated-SelectFromModel (RF selector) + LR,29.0,4.245620347951789e-09,5.874327996179119,0.8307554322024476,1.2991598264732476e-06
SVM (All),Integrated-SelectFromModel (RF selector) + KNN,0.0,7.194196089969837e-10,6.161757510164938,0.8714041038929529,3.6474574176147075e-07
SVM (All),Integrated-RFECV (L1-LR) + LR,3.0,9.055875205771789e-10,6.125219366472115,0.8662368300575202,3.791298254797769e-07
SVM (All),Integrated-RFECV (L1-LR) + KNN,0.0,7.507521296629246e-10,6.1550048184406645,0.8704491290710537,3.791298254797769e-07
SVM (All),Integrated-RFECV (L1-LR) + Naive Bayes,0.0,7.551804758280675e-10,6.154072681942175,0.870317305063239,3.791298254797769e-07
K-Neighbors (All),Decision Tree (All),0.0,7.548390027588035e-10,-6.154144369714769,-0.8703274432452648,3.791298254797769e-07
K-Neighbors (All),Naive Bayes (All),0.0,7.533040895340024e-10,-6.154466995696573,-0.870373069449169,3.791298254797769e-07
K-Neighbors (All),Random Forest (MW - inCV),0.0,7.539859267508617e-10,-6.1543236001072374,-0.8703527902504468,3.791298254797769e-07
K-Neighbors (All),Random Forest (Wilcoxon - inCV),0.0,7.52622806189462e-10,-6.15461040130972,-0.8703933500654722,3.791298254797769e-07
K-Neighbors (All),Random Forest (Kruskal - inCV),0.0,7.538154154994468e-10,-6.154359448064903,-0.8703578599172381,3.791298254797769e-07
K-Neighbors (All),Random Forest (Chi-square - inCV),0.0,7.551804758280675e-10,-6.154072681942175,-0.870317305063239,3.791298254797769e-07
K-Neighbors (All),Random Forest (KS - inCV),0.0,7.541564726440781e-10,-6.1542877527759865,-0.8703477206722438,3.791298254797769e-07
K-Neighbors (All),Logistic Regression (MW - inCV),0.0,7.551804758280675e-10,-6.154072681942175,-0.870317305063239,3.791298254797769e-07
K-Neighbors (All),Logistic Regression (Wilcoxon - inCV),0.0,7.548390027588035e-10,-6.154144369714769,-0.8703274432452648,3.791298254797769e-07
K-Neighbors (All),Logistic Regression (Kruskal - inCV),0.0,7.553512643873762e-10,-6.154036838995318,-0.870312236105083,3.791298254797769e-07
K-Neighbors (All),Logistic Regression (Chi-square - inCV),0.0,7.553512643873762e-10,-6.154036838995318,-0.870312236105083,3.791298254797769e-07
K-Neighbors (All),Logistic Regression (KS - inCV),0.0,7.551804758280675e-10,-6.154072681942175,-0.870317305063239,3.791298254797769e-07
K-Neighbors (All),SVM (MW - inCV),0.0,7.548390027588035e-10,-6.154144369714769,-0.8703274432452648,3.791298254797769e-07
K-Neighbors (All),SVM (Wilcoxon - inCV),0.0,7.550097219539461e-10,-6.154108525515318,-0.8703223741099654,3.791298254797769e-07
K-Neighbors (All),SVM (Kruskal - inCV),0.0,7.543270531852816e-10,-6.154251906071132,-0.8703426511826265,3.791298254797769e-07
K-Neighbors (All),SVM (Chi-square - inCV),0.0,7.550097219539461e-10,-6.154108525515318,-0.8703223741099654,3.791298254797769e-07
K-Neighbors (All),SVM (KS - inCV),0.0,7.548390027588035e-10,-6.154144369714769,-0.8703274432452648,3.791298254797769e-07
K-Neighbors (All),K-Neighbors (MW - inCV),0.0,7.546683182364461e-10,-6.154180214540541,-0.8703325124691397,3.791298254797769e-07
K-Neighbors (All),K-Neighbors (Wilcoxon - inCV),0.0,7.550097219539461e-10,-6.154108525515318,-0.8703223741099654,3.791298254797769e-07
K-Neighbors (All),K-Neighbors (Kruskal - inCV),0.0,7.550097219539461e-10,-6.154108525515318,-0.8703223741099654,3.791298254797769e-07
K-Neighbors (All),K-Neighbors (Chi-square - inCV),0.0,7.544976683806673e-10,-6.154216059992658,-0.8703375817815929,3.791298254797769e-07
K-Neighbors (All),K-Neighbors (KS - inCV),0.0,7.550097219539461e-10,-6.154108525515318,-0.8703223741099654,3.791298254797769e-07
K-Neighbors (All),Decision Tree (MW - inCV),0.0,7.555220876380673e-10,-6.154000996674732,-0.870307167235495,3.791298254797769e-07
K-Neighbors (All),Decision Tree (Wilcoxon - inCV),0.0,7.555220876380673e-10,-6.154000996674732,-0.870307167235495,3.791298254797769e-07
K-Neighbors (All),Decision Tree (Kruskal - inCV),0.0,7.555220876380673e-10,-6.154000996674732,-0.870307167235495,3.791298254797769e-07
K-Neighbors (All),Decision Tree (Chi-square - inCV),0.0,7.553512643873762e-10,-6.154036838995318,-0.870312236105083,3.791298254797769e-07
K-Neighbors (All),Decision Tree (KS - inCV),0.0,7.553512643873762e-10,-6.154036838995318,-0.870312236105083,3.791298254797769e-07
K-Neighbors (All),Naive Bayes (MW - inCV),0.0,7.541564726440781e-10,-6.1542877527759865,-0.8703477206722438,3.791298254797769e-07
K-Neighbors (All),Naive Bayes (Wilcoxon - inCV),0.0,7.544976683806673e-10,-6.154216059992658,-0.8703375817815929,3.791298254797769e-07
K-Neighbors (All),Naive Bayes (Kruskal - inCV),0.0,7.548390027588035e-10,-6.154144369714769,-0.8703274432452648,3.791298254797769e-07
K-Neighbors (All),Naive Bayes (Chi-square - inCV),0.0,7.544976683806673e-10,-6.154216059992658,-0.8703375817815929,3.791298254797769e-07
K-Neighbors (All),Naive Bayes (KS - inCV),0.0,7.543270531852816e-10,-6.154251906071132,-0.8703426511826265,3.791298254797769e-07
K-Neighbors (All),Integrated-SelectFromModel (L1-LR selector) + LR,0.0,7.534744968972034e-10,-6.1544311458595535,-0.8703679995165968,3.791298254797769e-07
K-Neighbors (All),Integrated-SelectFromModel (L1-LR selector) + SVM,0.0,7.42806194759642e-10,-6.156690909847995,-0.8706875784046185,3.758599345483789e-07
K-Neighbors (All),Integrated-SelectFromModel (L1-LR selector) + KNN,1.0,7.880302811897523e-10,-6.147320037382361,-0.8693623369114016,3.791298254797769e-07
K-Neighbors (All),Integrated-SelectFromModel (L1-LR selector) + Naive Bayes,0.0,7.546683182364461e-10,-6.154180214540541,-0.8703325124691397,3.791298254797769e-07
K-Neighbors (All),Integrated-SelectFromModel (RF selector) + RF,0.0,7.543270531852816e-10,-6.154251906071132,-0.8703426511826265,3.791298254797769e-07
K-Neighbors (All),Integrated-SelectFromModel (RF selector) + LR,0.0,7.538154154994468e-10,-6.154359448064903,-0.8703578599172381,3.791298254797769e-07
K-Neighbors (All),Integrated-SelectFromModel (RF selector) + KNN,10.5,1.0343283049216437e-07,-5.320587246596813,-0.7524446643926536,2.6478804605994078e-05
K-Neighbors (All),Integrated-RFECV (L1-LR) + LR,0.0,7.538154154994468e-10,-6.154359448064903,-0.8703578599172381,3.791298254797769e-07
K-Neighbors (All),Integrated-RFECV (L1-LR) + KNN,0.0,3.4845392572295662e-09,-5.906971537548275,-0.8353719260952623,1.0732380912267064e-06
K-Neighbors (All),Integrated-RFECV (L1-LR) + Naive Bayes,0.0,7.541564726440781e-10,-6.1542877527759865,-0.8703477206722438,3.791298254797769e-07
Decision Tree (All),Naive Bayes (All),6.0,2.4868995751603507e-14,-7.622561816573916,-1.0779930301026128,1.5766943306516623e-11
Decision Tree (All),Random Forest (MW - inCV),0.0,1.7763568394002505e-15,-7.956038125481531,-1.1251537019813398,1.8385293287792592e-12
Decision Tree (All),Random Forest (Wilcoxon - inCV),2.0,5.329070518200751e-15,-7.818891055763057,-1.1057581773777803,3.5491609651217004e-12
Decision Tree (All),Random Forest (Kruskal - inCV),29.0,3.0890845437170356e-12,-6.973610562599213,-0.9862174636336076,1.7267982599378229e-09
Decision Tree (All),Random Forest (Chi-square - inCV),4.0,1.4223576309764776e-09,-6.0529287799452645,-0.8560133972677024,4.651109453293082e-07
Decision Tree (All),Random Forest (KS - inCV),0.0,1.7763568394002505e-15,-7.956038125481531,-1.1251537019813398,1.8385293287792592e-12
Decision Tree (All),Logistic Regression (MW - inCV),270.0,0.000251529064962952,-3.660698027211035,-0.5177008797834279,0.0372263016145169
Decision Tree (All),Logistic Regression (Wilcoxon - inCV),331.0,0.002614123910062105,-3.0098085711308284,-0.42565121014400037,0.32937961266782523
Decision Tree (All),Logistic Regression (Kruskal - inCV),21.0,7.94031507211912e-13,7.16218157502765,1.0128854319582796,4.5577408513963746e-10
Decision Tree (All),Logistic Regression (Chi-square - inCV),381.0,0.012568191503659065,-2.4957760678436616,-0.35295603637906997,1.0
Decision Tree (All),Logistic Regression (KS - inCV),627.0,0.9237813566146151,0.09567165125725886,0.013530014674264445,1.0
Decision Tree (All),SVM (MW - inCV),47.0,3.863753761379485e-11,-6.609210356103502,-0.9346834922178285,2.0786995236221628e-08
Decision Tree (All),SVM (Wilcoxon - inCV),111.0,2.2451841275028528e-08,-5.591961653705873,-0.7908228010941126,6.129352668082788e-06
Decision Tree (All),SVM (Kruskal - inCV),109.0,1.9077969426462005e-08,5.62016090409735,0.7948107773293508,5.322753469982899e-06
Decision Tree (All),SVM (Chi-square - inCV),79.0,1.1151651065122249e-07,-5.306881682992274,-0.750506404999703,2.8102160684108068e-05
Decision Tree (All),SVM (KS - inCV),221.0,2.5552926345540072e-05,-4.20985974887751,-0.5953640752551167,0.004369550405087352
Decision Tree (All),K-Neighbors (MW - inCV),41.0,1.7687185049908294e-11,6.723942831820874,0.9509091145382434,9.63951585220002e-09
Decision Tree (All),K-Neighbors (Wilcoxon - inCV),17.0,3.6770586575585185e-13,7.266945941938681,1.0277013508121808,2.1731416666170844e-10
Decision Tree (All),K-Neighbors (Kruskal - inCV),21.0,7.94031507211912e-13,7.16218157502765,1.0128854319582796,4.5577408513963746e-10
Decision Tree (All),K-Neighbors (Chi-square - inCV),72.0,6.535714192068554e-10,6.176936988638659,0.8735508063256816,3.3332142379549623e-07
Decision Tree (All),K-Neighbors (KS - inCV),19.0,5.453415496958769e-13,7.213493932591597,1.0201420951567068,3.1738878192300035e-10
Decision Tree (All),Decision Tree (MW - inCV),427.0,0.04193213473556767,-2.034193052775158,-0.28767834037197576,1.0
Decision Tree (All),Decision Tree (Wilcoxon - inCV),588.0,0.8074564206762089,-0.24370871833797697,-0.034465617474213166,1.0
Decision Tree (All),Decision Tree (Kruskal - inCV),594.0,0.6806447467771797,0.41158347370163684,0.058206693055748486,1.0
Decision Tree (All),Decision Tree (Chi-square - inCV),587.0,0.6321732707310517,0.4786701974442551,0.06769418851294727,1.0
Decision Tree (All),Decision Tree (KS - inCV),615.0,0.8332778036429911,0.21049954897306894,0.02976913170311336,1.0
Decision Tree (All),Naive Bayes (MW - inCV),137.0,1.6198182883897516e-07,5.238391877863375,0.740820483869945,3.952356623670994e-05
Decision Tree (All),Naive Bayes (Wilcoxon - inCV),117.0,3.623269506647375e-08,5.5082944683831006,0.7789904742732078,9.637896887682018e-06
Decision Tree (All),Naive Bayes (Kruskal - inCV),25.0,1.6058265828178264e-12,7.065028823481318,0.999145958072411,9.072920192920719e-10
Decision Tree (All),Naive Bayes (Chi-square - inCV),144.0,2.649707155910619e-07,5.1467977677549985,0.727867120595069,6.173817673271742e-05
Decision Tree (All),Naive Bayes (KS - inCV),68.0,4.3148595807451784e-10,6.242190145358608,0.8827789962477824,2.2135229649222765e-07
Decision Tree (All),Integrated-SelectFromModel (L1-LR selector) + LR,4.0,1.2434497875801753e-14,-7.7115025445745395,-1.0905711484811946,8.020251129892131e-12
Decision Tree (All),Integrated-SelectFromModel (L1-LR selector) + SVM,0.0,1.7763568394002505e-15,-7.956038125481531,-1.1251537019813398,1.8385293287792592e-12
Decision Tree (All),Integrated-SelectFromModel (L1-LR selector) + KNN,0.0,7.553512643873762e-10,6.154036838995318,0.870312236105083,3.791298254797769e-07
Decision Tree (All),Integrated-SelectFromModel (L1-LR selector) + Naive Bayes,402.0,0.03626839756300609,-2.0939055187813937,-0.2961229582988518,1.0
Decision Tree (All),Integrated-SelectFromModel (RF selector) + RF,0.0,1.7763568394002505e-15,-7.956038125481531,-1.1251537019813398,1.8385293287792592e-12
Decision Tree (All),Integrated-SelectFromModel (RF selector) + LR,0.0,1.7763568394002505e-15,-7.956038125481531,-1.1251537019813398,1.8385293287792592e-12
Decision Tree (All),Integrated-SelectFromModel (RF selector) + KNN,0.0,1.7763568394002505e-15,7.956038125481531,1.1251537019813398,1.8385293287792592e-12
Decision Tree (All),Integrated-RFECV (L1-LR) + LR,0.0,1.1100954635085601e-09,-6.092717958449424,-0.8616404368553291,3.791298254797769e-07
Decision Tree (All),Integrated-RFECV (L1-LR) + KNN,0.0,1.7763568394002505e-15,7.956038125481531,1.1251537019813398,1.8385293287792592e-12
Decision Tree (All),Integrated-RFECV (L1-LR) + Naive Bayes,568.0,0.5086300594933544,0.6609723286169328,0.09347560314833925,1.0
Naive Bayes (All),Random Forest (MW - inCV),606.0,0.766732668436843,-0.29665139512798205,-0.04195284262868921,1.0
Naive Bayes (All),Random Forest (Wilcoxon - inCV),601.0,0.7304479390240814,0.3445297335619284,0.0487238621844068,1.0
Naive Bayes (All),Random Forest (Kruskal - inCV),148.0,2.297674792424164e-06,4.72530743195652,0.6682593856655291,0.0004503442593151362
Naive Bayes (All),Random Forest (Chi-square - inCV),443.0,0.060701401498306495,1.875664223471445,0.2652589783291317,1.0
Naive Bayes (All),Random Forest (KS - inCV),490.0,0.15714035289247086,1.414754963652554,0.2000765657032097,1.0
Naive Bayes (All),Logistic Regression (MW - inCV),19.0,5.453415496958769e-13,7.213493932591597,1.0201420951567068,3.1738878192300035e-10
Naive Bayes (All),Logistic Regression (Wilcoxon - inCV),15.0,2.433608869978343e-13,7.322517875068927,1.0355604089641892,1.4504308865070925e-10
Naive Bayes (All),Logistic Regression (Kruskal - inCV),0.0,1.7763568394002505e-15,7.956038125481531,1.1251537019813398,1.8385293287792592e-12
Naive Bayes (All),Logistic Regression (Chi-square - inCV),32.0,4.9116266609416925e-12,6.908107233972743,0.976953894061194,2.7063062901788726e-09
Naive Bayes (All),Logistic Regression (KS - inCV),3.0,8.881784197001252e-15,7.754320376295517,1.0966265043143162,5.808686864838819e-12
Naive Bayes (All),SVM (MW - inCV),137.0,1.6198182883897516e-07,5.238391877863375,0.740820483869945,3.952356623670994e-05
Naive Bayes (All),SVM (Wilcoxon - inCV),127.0,7.798730550234723e-08,5.371724246898922,0.7596765283292856,2.027669943061028e-05
Naive Bayes (All),SVM (Kruskal - inCV),0.0,1.7763568394002505e-15,7.956038125481531,1.1251537019813398,1.8385293287792592e-12
Naive Bayes (All),SVM (Chi-square - inCV),140.0,2.0039570713947796e-07,5.198970143866563,0.7352454087828895,4.789457400633523e-05
Naive Bayes (All),SVM (KS - inCV),31.0,4.218847493575595e-12,6.92964944110299,0.9800004222098986,2.341460358934455e-09
Naive Bayes (All),K-Neighbors (MW - inCV),0.0,1.7763568394002505e-15,7.956038125481531,1.1251537019813398,1.8385293287792592e-12
Naive Bayes (All),K-Neighbors (Wilcoxon - inCV),0.0,1.7763568394002505e-15,7.956038125481531,1.1251537019813398,1.8385293287792592e-12
Naive Bayes (All),K-Neighbors (Kruskal - inCV),0.0,1.7763568394002505e-15,7.956038125481531,1.1251537019813398,1.8385293287792592e-12
Naive Bayes (All),K-Neighbors (Chi-square - inCV),0.0,1.7763568394002505e-15,7.956038125481531,1.1251537019813398,1.8385293287792592e-12
Naive Bayes (All),K-Neighbors (KS - inCV),0.0,1.7763568394002505e-15,7.956038125481531,1.1251537019813398,1.8385293287792592e-12
Naive Bayes (All),Decision Tree (MW - inCV),17.0,3.6770586575585185e-13,7.266945941938681,1.0277013508121808,2.1731416666170844e-10
Naive Bayes (All),Decision Tree (Wilcoxon - inCV),0.0,1.1100954635085601e-09,6.092717958449424,0.8616404368553291,3.791298254797769e-07
Naive Bayes (All),Decision Tree (Kruskal - inCV),14.0,1.9539925233402755e-13,7.35190665536308,1.0397166101315487,1.1665335364341445e-10
Naive Bayes (All),Decision Tree (Chi-square - inCV),16.0,3.0020430585864233e-13,7.2943051655331095,1.0315705293185047,1.7832135768003354e-10
Naive Bayes (All),Decision Tree (KS - inCV),1.0,3.552713678800501e-15,7.869777910570139,1.1129546653992488,2.454925152051146e-12
Naive Bayes (All),Naive Bayes (MW - inCV),0.0,1.7763568394002505e-15,7.956038125481531,1.1251537019813398,1.8385293287792592e-12
Naive Bayes (All),Naive Bayes (Wilcoxon - inCV),0.0,1.7763568394002505e-15,7.956038125481531,1.1251537019813398,1.8385293287792592e-12
Naive Bayes (All),Naive Bayes (Kruskal - inCV),0.0,1.7763568394002505e-15,7.956038125481531,1.1251537019813398,1.8385293287792592e-12
Naive Bayes (All),Naive Bayes (Chi-square - inCV),0.0,1.7763568394002505e-15,7.956038125481531,1.1251537019813398,1.8385293287792592e-12
Naive Bayes (All),Naive Bayes (KS - inCV),0.0,1.7763568394002505e-15,7.956038125481531,1.1251537019813398,1.8385293287792592e-12
Naive Bayes (All),Integrated-SelectFromModel (L1-LR selector) + LR,593.0,0.6736344940466168,0.42116514516325354,0.05956174602887065,1.0
Naive Bayes (All),Integrated-SelectFromModel (L1-LR selector) + SVM,0.0,7.555220876380673e-10,-6.154000996674732,-0.870307167235495,3.791298254797769e-07
Naive Bayes (All),Integrated-SelectFromModel (L1-LR selector) + KNN,0.0,1.7763568394002505e-15,7.956038125481531,1.1251537019813398,1.8385293287792592e-12
Naive Bayes (All),Integrated-SelectFromModel (L1-LR selector) + Naive Bayes,0.0,1.7763568394002505e-15,7.956038125481531,1.1251537019813398,1.8385293287792592e-12
Naive Bayes (All),Integrated-SelectFromModel (RF selector) + RF,319.0,0.001715436079566146,-3.1355304685082532,-0.44343097137984366,0.223006690343599
Naive Bayes (All),Integrated-SelectFromModel (RF selector) + LR,174.0,1.859966783257505e-06,-4.768072691104312,-0.6743073066140498,0.0003738533234347585
Naive Bayes (All),Integrated-SelectFromModel (RF selector) + KNN,0.0,7.555220876380673e-10,6.154000996674732,0.870307167235495,3.791298254797769e-07
Naive Bayes (All),Integrated-RFECV (L1-LR) + LR,579.0,0.5786292137562761,-0.5553881242825802,-0.07854374177413789,1.0
Naive Bayes (All),Integrated-RFECV (L1-LR) + KNN,0.0,1.7763568394002505e-15,7.956038125481531,1.1251537019813398,1.8385293287792592e-12
Naive Bayes (All),Integrated-RFECV (L1-LR) + Naive Bayes,0.0,1.7763568394002505e-15,7.956038125481531,1.1251537019813398,1.8385293287792592e-12
Random Forest (MW - inCV),Random Forest (Wilcoxon - inCV),413.0,0.238175839240222,1.1795585440953,0.16681476906726359,1.0
Random Forest (MW - inCV),Random Forest (Kruskal - inCV),68.0,9.637019594497717e-08,5.333438530397031,0.754262110377071,2.4767140357859133e-05
Random Forest (MW - inCV),Random Forest (Chi-square - inCV),324.0,0.0024754976178005977,3.026320490129456,0.42798634812286684,0.3143881974606759
Random Forest (MW - inCV),Random Forest (KS - inCV),322.0,0.01697752233701962,2.387194158543329,0.33760023550298046,1.0
Random Forest (MW - inCV),Logistic Regression (MW - inCV),1.0,3.552713678800501e-15,7.869777910570139,1.1129546653992488,2.454925152051146e-12
Random Forest (MW - inCV),Logistic Regression (Wilcoxon - inCV),2.0,5.329070518200751e-15,7.818891055763057,1.1057581773777803,3.5491609651217004e-12
Random Forest (MW - inCV),Logistic Regression (Kruskal - inCV),0.0,1.7763568394002505e-15,7.956038125481531,1.1251537019813398,1.8385293287792592e-12
Random Forest (MW - inCV),Logistic Regression (Chi-square - inCV),6.0,2.4868995751603507e-14,7.622561816573916,1.0779930301026128,1.5766943306516623e-11
Random Forest (MW - inCV),Logistic Regression (KS - inCV),0.0,1.7763568394002505e-15,7.956038125481531,1.1251537019813398,1.8385293287792592e-12
Random Forest (MW - inCV),SVM (MW - inCV),24.0,4.799380277171441e-09,5.8539828874244675,0.8278781993295693,1.459011604260118e-06
Random Forest (MW - inCV),SVM (Wilcoxon - inCV),50.0,2.2017304240204123e-08,5.595353227147431,0.7913024420099961,6.053551099035427e-06
Random Forest (MW - inCV),SVM (Kruskal - inCV),0.0,1.7763568394002505e-15,7.956038125481531,1.1251537019813398,1.8385293287792592e-12
Random Forest (MW - inCV),SVM (Chi-square - inCV),86.0,1.6298630425285524e-07,5.237250620609995,0.7406590857213563,3.952356623670994e-05
Random Forest (MW - inCV),SVM (KS - inCV),3.0,1.3370868913961307e-09,6.062876074571305,0.8574201571646092,4.4123867416072313e-07
Random Forest (MW - inCV),K-Neighbors (MW - inCV),0.0,1.7763568394002505e-15,7.956038125481531,1.1251537019813398,1.8385293287792592e-12
Random Forest (MW - inCV),K-Neighbors (Wilcoxon - inCV),0.0,1.7763568394002505e-15,7.956038125481531,1.1251537019813398,1.8385293287792592e-12
Random Forest (MW - inCV),K-Neighbors (Kruskal - inCV),0.0,1.7763568394002505e-15,7.956038125481531,1.1251537019813398,1.8385293287792592e-12
Random Forest (MW - inCV),K-Neighbors (Chi-square - inCV),0.0,7.553512643873762e-10,6.154036838995318,0.870312236105083,3.791298254797769e-07
Random Forest (MW - inCV),K-Neighbors (KS - inCV),0.0,1.7763568394002505e-15,7.956038125481531,1.1251537019813398,1.8385293287792592e-12
Random Forest (MW - inCV),Decision Tree (MW - inCV),8.0,1.8192244954390868e-09,6.013176788796596,0.8503916167663241,5.803326140450687e-07
Random Forest (MW - inCV),Decision Tree (Wilcoxon - inCV),3.0,8.881784197001252e-15,7.754320376295517,1.0966265043143162,5.808686864838819e-12
Random Forest (MW - inCV),Decision Tree (Kruskal - inCV),2.0,5.329070518200751e-15,7.818891055763057,1.1057581773777803,3.5491609651217004e-12
Random Forest (MW - inCV),Decision Tree (Chi-square - inCV),9.0,5.861977570020827e-14,7.511128589878778,1.062233992053487,3.622702138272871e-11
Random Forest (MW - inCV),Decision Tree (KS - inCV),4.0,1.2434497875801753e-14,7.7115025445745395,1.0905711484811946,8.020251129892131e-12
Random Forest (MW - inCV),Naive Bayes (MW - inCV),0.0,1.7763568394002505e-15,7.956038125481531,1.1251537019813398,1.8385293287792592e-12
Random Forest (MW - inCV),Naive Bayes (Wilcoxon - inCV),0.0,1.7763568394002505e-15,7.956038125481531,1.1251537019813398,1.8385293287792592e-12
Random Forest (MW - inCV),Naive Bayes (Kruskal - inCV),0.0,1.7763568394002505e-15,7.956038125481531,1.1251537019813398,1.8385293287792592e-12
Random Forest (MW - inCV),Naive Bayes (Chi-square - inCV),0.0,7.553512643873762e-10,6.154036838995318,0.870312236105083,3.791298254797769e-07
Random Forest (MW - inCV),Naive Bayes (KS - inCV),0.0,1.7763568394002505e-15,7.956038125481531,1.1251537019813398,1.8385293287792592e-12
Random Forest (MW - inCV),Integrated-SelectFromModel (L1-LR selector) + LR,609.0,0.9722268360399454,-0.034815531191139545,-0.004923659639173306,1.0
Random Forest (MW - inCV),Integrated-SelectFromModel (L1-LR selector) + SVM,5.0,1.7763568394002505e-14,-7.665860858431098,-1.0841164393258316,1.1315393066979595e-11
Random Forest (MW - inCV),Integrated-SelectFromModel (L1-LR selector) + KNN,0.0,1.7763568394002505e-15,7.956038125481531,1.1251537019813398,1.8385293287792592e-12
Random Forest (MW - inCV),Integrated-SelectFromModel (L1-LR selector) + Naive Bayes,1.0,3.552713678800501e-15,7.869777910570139,1.1129546653992488,2.454925152051146e-12
Random Forest (MW - inCV),Integrated-SelectFromModel (RF selector) + RF,188.0,4.084536720009542e-05,-4.1026450233823315,-0.5802016233669777,0.006780330955215841
Random Forest (MW - inCV),Integrated-SelectFromModel (RF selector) + LR,173.0,1.7496796758109667e-06,-4.7803756349065445,-0.676047205612273,0.0003534352945138153
Random Forest (MW - inCV),Integrated-SelectFromModel (RF selector) + KNN,0.0,7.555220876380673e-10,6.154000996674732,0.870307167235495,3.791298254797769e-07
Random Forest (MW - inCV),Integrated-RFECV (L1-LR) + LR,572.0,0.6870472223551314,0.4028654323546149,0.056973775824719707,1.0
Random Forest (MW - inCV),Integrated-RFECV (L1-LR) + KNN,0.0,1.7763568394002505e-15,7.956038125481531,1.1251537019813398,1.8385293287792592e-12
Random Forest (MW - inCV),Integrated-RFECV (L1-LR) + Naive Bayes,7.0,1.7112150878431092e-09,6.023086896067146,0.8517931175769826,5.510112582854812e-07
Random Forest (Wilcoxon - inCV),Random Forest (Kruskal - inCV),121.0,4.945666454148068e-08,5.453252859566592,0.7712064153048938,1.3007102774409418e-05
Random Forest (Wilcoxon - inCV),Random Forest (Chi-square - inCV),366.0,0.014206145404539388,2.452008125318829,0.3467663145874915,1.0
Random Forest (Wilcoxon - inCV),Random Forest (KS - inCV),460.0,0.1292761697373253,1.5169624304710811,0.2145308842782656,1.0
Random Forest (Wilcoxon - inCV),Logistic Regression (MW - inCV),2.0,5.329070518200751e-15,7.818891055763057,1.1057581773777803,3.5491609651217004e-12
Random Forest (Wilcoxon - inCV),Logistic Regression (Wilcoxon - inCV),3.0,9.066026281609868e-10,6.1250409919844975,0.8662116040955632,3.791298254797769e-07
Random Forest (Wilcoxon - inCV),Logistic Regression (Kruskal - inCV),0.0,1.7763568394002505e-15,7.956038125481531,1.1251537019813398,1.8385293287792592e-12
Random Forest (Wilcoxon - inCV),Logistic Regression (Chi-square - inCV),9.0,5.861977570020827e-14,7.511128589878778,1.062233992053487,3.622702138272871e-11
Random Forest (Wilcoxon - inCV),Logistic Regression (KS - inCV),0.0,1.7763568394002505e-15,7.956038125481531,1.1251537019813398,1.8385293287792592e-12
Random Forest (Wilcoxon - inCV),SVM (MW - inCV),27.0,2.239985974483716e-12,7.018664705029341,0.9925890815601852,1.261112103634332e-09
Random Forest (Wilcoxon - inCV),SVM (Wilcoxon - inCV),57.0,3.281330561639642e-08,5.525722164765152,0.7814551227316495,8.761152599577846e-06
Random Forest (Wilcoxon - inCV),SVM (Kruskal - inCV),0.0,1.7763568394002505e-15,7.956038125481531,1.1251537019813398,1.8385293287792592e-12
Random Forest (Wilcoxon - inCV),SVM (Chi-square - inCV),105.0,1.370373858833318e-08,5.677050051392635,0.8028561176950341,3.864454281909957e-06
Random Forest (Wilcoxon - inCV),SVM (KS - inCV),1.0,3.552713678800501e-15,7.869777910570139,1.1129546653992488,2.454925152051146e-12
Random Forest (Wilcoxon - inCV),K-Neighbors (MW - inCV),0.0,1.7763568394002505e-15,7.956038125481531,1.1251537019813398,1.8385293287792592e-12
Random Forest (Wilcoxon - inCV),K-Neighbors (Wilcoxon - inCV),0.0,1.7763568394002505e-15,7.956038125481531,1.1251537019813398,1.8385293287792592e-12
Random Forest (Wilcoxon - inCV),K-Neighbors (Kruskal - inCV),0.0,1.7763568394002505e-15,7.956038125481531,1.1251537019813398,1.8385293287792592e-12
Random Forest (Wilcoxon - inCV),K-Neighbors (Chi-square - inCV),0.0,7.555220876380673e-10,6.154000996674732,0.870307167235495,3.791298254797769e-07
Random Forest (Wilcoxon - inCV),K-Neighbors (KS - inCV),0.0,1.7763568394002505e-15,7.956038125481531,1.1251537019813398,1.8385293287792592e-12
Random Forest (Wilcoxon - inCV),Decision Tree (MW - inCV),9.0,1.9343098054157997e-09,6.0032294326530105,0.8489848481695228,6.145786173306078e-07
Random Forest (Wilcoxon - inCV),Decision Tree (Wilcoxon - inCV),4.0,1.2434497875801753e-14,7.7115025445745395,1.0905711484811946,8.020251129892131e-12
Random Forest (Wilcoxon - inCV),Decision Tree (Kruskal - inCV),1.0,3.552713678800501e-15,7.869777910570139,1.1129546653992488,2.454925152051146e-12
Random Forest (Wilcoxon - inCV),Decision Tree (Chi-square - inCV),10.0,7.638334409421077e-14,7.476404948078904,1.05732332753665,4.68229899297512e-11
Random Forest (Wilcoxon - inCV),Decision Tree (KS - inCV),0.0,1.7763568394002505e-15,7.956038125481531,1.1251537019813398,1.8385293287792592e-12
Random Forest (Wilcoxon - inCV),Naive Bayes (MW - inCV),0.0,1.7763568394002505e-15,7.956038125481531,1.1251537019813398,1.8385293287792592e-12
Random Forest (Wilcoxon - inCV),Naive Bayes (Wilcoxon - inCV),0.0,1.7763568394002505e-15,7.956038125481531,1.1251537019813398,1.8385293287792592e-12
Random Forest (Wilcoxon - inCV),Naive Bayes (Kruskal - inCV),0.0,1.7763568394002505e-15,7.956038125481531,1.1251537019813398,1.8385293287792592e-12
Random Forest (Wilcoxon - inCV),Naive Bayes (Chi-square - inCV),0.0,7.555220876380673e-10,6.154000996674732,0.870307167235495,3.791298254797769e-07
Random Forest (Wilcoxon - inCV),Naive Bayes (KS - inCV),0.0,1.7763568394002505e-15,7.956038125481531,1.1251537019813398,1.8385293287792592e-12
Random Forest (Wilcoxon - inCV),Integrated-SelectFromModel (L1-LR selector) + LR,540.0,0.4707994763603818,-0.7211788603878911,-0.10199009252573285,1.0
Random Forest (Wilcoxon - inCV),Integrated-SelectFromModel (L1-LR selector) + SVM,3.0,9.066026281609868e-10,-6.1250409919844975,-0.8662116040955632,3.791298254797769e-07
Random Forest (Wilcoxon - inCV),Integrated-SelectFromModel (L1-LR selector) + KNN,0.0,7.555220876380673e-10,6.154000996674732,0.870307167235495,3.791298254797769e-07
Random Forest (Wilcoxon - inCV),Integrated-SelectFromModel (L1-LR selector) + Naive Bayes,2.0,5.329070518200751e-15,7.818891055763057,1.1057581773777803,3.5491609651217004e-12
Random Forest (Wilcoxon - inCV),Integrated-SelectFromModel (RF selector) + RF,153.0,4.880519277605799e-07,-5.030951374814389,-0.7114839665902077,0.00010981168374613048
Random Forest (Wilcoxon - inCV),Integrated-SelectFromModel (RF selector) + LR,120.0,5.86528749032599e-07,-4.995600809065371,-0.7064846416382253,0.00013079591103426957
Random Forest (Wilcoxon - inCV),Integrated-SelectFromModel (RF selector) + KNN,0.0,7.539859267508617e-10,6.1543236001072374,0.8703527902504468,3.791298254797769e-07
Random Forest (Wilcoxon - inCV),Integrated-RFECV (L1-LR) + LR,560.0,0.6015058860279711,-0.5222361975381656,-0.07385535133206286,1.0
Random Forest (Wilcoxon - inCV),Integrated-RFECV (L1-LR) + KNN,0.0,7.555220876380673e-10,6.154000996674732,0.870307167235495,3.791298254797769e-07
Random Forest (Wilcoxon - inCV),Integrated-RFECV (L1-LR) + Naive Bayes,10.0,1.382811416141004e-09,6.057467647707285,0.8566552901023892,4.5356214449424927e-07
Random Forest (Kruskal - inCV),Random Forest (Chi-square - inCV),253.0,0.0003488217382562794,-3.5760524180613356,-0.5057301829379441,0.05092797378541679
Random Forest (Kruskal - inCV),Random Forest (KS - inCV),171.0,1.5471859846627467e-06,-4.805042548924874,-0.6795356340469343,0.00031562594087120033
Random Forest (Kruskal - inCV),Logistic Regression (MW - inCV),87.0,1.720002004155735e-07,5.2273033259839545,0.7392523258244497,4.145204830015321e-05
Random Forest (Kruskal - inCV),Logistic Regression (Wilcoxon - inCV),110.0,2.070065541204258e-08,5.606041327352814,0.7928139676366417,5.754782204547837e-06
Random Forest (Kruskal - inCV),Logistic Regression (Kruskal - inCV),0.0,7.555220876380673e-10,6.154000996674732,0.870307167235495,3.791298254797769e-07
Random Forest (Kruskal - inCV),Logistic Regression (Chi-square - inCV),113.0,2.6378053519238165e-08,5.563920247998146,0.7868571474681252,7.174830557232781e-06
Random Forest (Kruskal - inCV),Logistic Regression (KS - inCV),7.0,3.375077994860476e-14,7.583056491845678,1.07240613350095,2.119548980772379e-11
Random Forest (Kruskal - inCV),SVM (MW - inCV),406.0,0.025433961242609365,2.2347470285963924,0.3160409556313993,1.0
Random Forest (Kruskal - inCV),SVM (Wilcoxon - inCV),427.0,0.04193213473556767,2.034193052775158,0.28767834037197576,1.0
Random Forest (Kruskal - inCV),SVM (Kruskal - inCV),0.0,1.7763568394002505e-15,7.956038125481531,1.1251537019813398,1.8385293287792592e-12
Random Forest (Kruskal - inCV),SVM (Chi-square - inCV),438.0,0.054216182330456775,1.9251053297189564,0.2722510066285277,1.0
Random Forest (Kruskal - inCV),SVM (KS - inCV),117.0,3.623269506647375e-08,5.5082944683831006,0.7789904742732078,9.637896887682018e-06
Random Forest (Kruskal - inCV),K-Neighbors (MW - inCV),0.0,7.553512643873762e-10,6.154036838995318,0.870312236105083,3.791298254797769e-07
Random Forest (Kruskal - inCV),K-Neighbors (Wilcoxon - inCV),0.0,1.7763568394002505e-15,7.956038125481531,1.1251537019813398,1.8385293287792592e-12
Random Forest (Kruskal - inCV),K-Neighbors (Kruskal - inCV),0.0,1.7763568394002505e-15,7.956038125481531,1.1251537019813398,1.8385293287792592e-12
Random Forest (Kruskal - inCV),K-Neighbors (Chi-square - inCV),0.0,1.7763568394002505e-15,7.956038125481531,1.1251537019813398,1.8385293287792592e-12
Random Forest (Kruskal - inCV),K-Neighbors (KS - inCV),0.0,1.7763568394002505e-15,7.956038125481531,1.1251537019813398,1.8385293287792592e-12
Random Forest (Kruskal - inCV),Decision Tree (MW - inCV),92.5,1.4322142527162527e-07,5.261067518725848,0.7440273037542661,3.5518913467363065e-05
Random Forest (Kruskal - inCV),Decision Tree (Wilcoxon - inCV),50.0,5.610267805877811e-11,6.55376913986836,0.9268429202264089,2.9846624727269955e-08
Random Forest (Kruskal - inCV),Decision Tree (Kruskal - inCV),30.0,3.6148861681795097e-12,6.951474165646821,0.9830869043543928,2.0098767095078074e-09
Random Forest (Kruskal - inCV),Decision Tree (Chi-square - inCV),72.0,6.535714192068554e-10,6.176936988638659,0.8735508063256816,3.3332142379549623e-07
Random Forest (Kruskal - inCV),Decision Tree (KS - inCV),48.0,4.3806736016449577e-11,6.5905950074247315,0.9320508843608464,2.3524217240833423e-08
Random Forest (Kruskal - inCV),Naive Bayes (MW - inCV),0.0,1.7763568394002505e-15,7.956038125481531,1.1251537019813398,1.8385293287792592e-12
Random Forest (Kruskal - inCV),Naive Bayes (Wilcoxon - inCV),0.0,1.7763568394002505e-15,7.956038125481531,1.1251537019813398,1.8385293287792592e-12
Random Forest (Kruskal - inCV),Naive Bayes (Kruskal - inCV),0.0,1.7763568394002505e-15,7.956038125481531,1.1251537019813398,1.8385293287792592e-12
Random Forest (Kruskal - inCV),Naive Bayes (Chi-square - inCV),0.0,1.7763568394002505e-15,7.956038125481531,1.1251537019813398,1.8385293287792592e-12
Random Forest (Kruskal - inCV),Naive Bayes (KS - inCV),0.0,1.7763568394002505e-15,7.956038125481531,1.1251537019813398,1.8385293287792592e-12
Random Forest (Kruskal - inCV),Integrated-SelectFromModel (L1-LR selector) + LR,78.0,1.0559122734362712e-07,-5.3168289776183135,-0.7519131648966095,2.6820171745281287e-05
Random Forest (Kruskal - inCV),Integrated-SelectFromModel (L1-LR selector) + SVM,0.0,7.555220876380673e-10,-6.154000996674732,-0.870307167235495,3.791298254797769e-07
Random Forest (Kruskal - inCV),Integrated-SelectFromModel (L1-LR selector) + KNN,0.0,7.555220876380673e-10,6.154000996674732,0.870307167235495,3.791298254797769e-07
Random Forest (Kruskal - inCV),Integrated-SelectFromModel (L1-LR selector) + Naive Bayes,22.0,9.521272659185342e-13,7.137255563764949,1.009360361639922,5.427125415735645e-10
Random Forest (Kruskal - inCV),Integrated-SelectFromModel (RF selector) + RF,12.0,1.2434497875801753e-13,-7.412067987171716,-1.0482247072689688,7.510436716984259e-11
Random Forest (Kruskal - inCV),Integrated-SelectFromModel (RF selector) + LR,6.0,2.4868995751603507e-14,-7.622561816573916,-1.0779930301026128,1.5766943306516623e-11
Random Forest (Kruskal - inCV),Integrated-SelectFromModel (RF selector) + KNN,0.0,7.553512643873762e-10,6.154036838995318,0.870312236105083,3.791298254797769e-07
Random Forest (Kruskal - inCV),Integrated-RFECV (L1-LR) + LR,143.0,2.4721383162784605e-07,-5.159799968931126,-0.7297059095194672,5.7848036600915975e-05
Random Forest (Kruskal - inCV),Integrated-RFECV (L1-LR) + KNN,0.0,1.7763568394002505e-15,7.956038125481531,1.1251537019813398,1.8385293287792592e-12
Random Forest (Kruskal - inCV),Integrated-RFECV (L1-LR) + Naive Bayes,59.0,1.616786704516926e-10,6.393926970893299,0.9042378239060425,8.471962331668692e-08
Random Forest (Chi-square - inCV),Random Forest (KS - inCV),500.0,0.26310704953783326,-1.1190775661532124,-0.15826146714013475,1.0
Random Forest (Chi-square - inCV),Logistic Regression (MW - inCV),18.0,4.4941828036826337e-13,7.239778449888348,1.0238592872408565,2.638085305761706e-10
Random Forest (Chi-square - inCV),Logistic Regression (Wilcoxon - inCV),36.0,8.842704346534447e-12,6.824183095454409,0.9650852285708835,4.845801981900877e-09
Random Forest (Chi-square - inCV),Logistic Regression (Kruskal - inCV),0.0,1.7763568394002505e-15,7.956038125481531,1.1251537019813398,1.8385293287792592e-12
Random Forest (Chi-square - inCV),Logistic Regression (Chi-square - inCV),1.0,3.552713678800501e-15,7.869777910570139,1.1129546653992488,2.454925152051146e-12
Random Forest (Chi-square - inCV),Logistic Regression (KS - inCV),0.0,1.7763568394002505e-15,7.956038125481531,1.1251537019813398,1.8385293287792592e-12
Random Forest (Chi-square - inCV),SVM (MW - inCV),101.0,9.772863407420118e-09,5.734624468684976,0.8109983698730897,2.824357524744414e-06
Random Forest (Chi-square - inCV),SVM (Wilcoxon - inCV),175.0,1.349373327022795e-05,4.3519413988924445,0.6154574548966635,0.002401884522100575
Random Forest (Chi-square - inCV),SVM (Kruskal - inCV),0.0,1.7763568394002505e-15,7.956038125481531,1.1251537019813398,1.8385293287792592e-12
Random Forest (Chi-square - inCV),SVM (Chi-square - inCV),148.0,3.486415511844143e-07,5.095054170786624,0.7205494709352047,8.05361983235997e-05
Random Forest (Chi-square - inCV),SVM (KS - inCV),9.0,5.861977570020827e-14,7.511128589878778,1.062233992053487,3.622702138272871e-11
Random Forest (Chi-square - inCV),K-Neighbors (MW - inCV),0.0,1.7763568394002505e-15,7.956038125481531,1.1251537019813398,1.8385293287792592e-12
Random Forest (Chi-square - inCV),K-Neighbors (Wilcoxon - inCV),0.0,1.7763568394002505e-15,7.956038125481531,1.1251537019813398,1.8385293287792592e-12
Random Forest (Chi-square - inCV),K-Neighbors (Kruskal - inCV),0.0,1.7763568394002505e-15,7.956038125481531,1.1251537019813398,1.8385293287792592e-12
Random Forest (Chi-square - inCV),K-Neighbors (Chi-square - inCV),0.0,1.7763568394002505e-15,7.956038125481531,1.1251537019813398,1.8385293287792592e-12
Random Forest (Chi-square - inCV),K-Neighbors (KS - inCV),0.0,1.7763568394002505e-15,7.956038125481531,1.1251537019813398,1.8385293287792592e-12
Random Forest (Chi-square - inCV),Decision Tree (MW - inCV),27.0,5.740709396600488e-09,5.824141003546348,0.8236579196388494,1.6992499813937444e-06
Random Forest (Chi-square - inCV),Decision Tree (Wilcoxon - inCV),16.0,3.0020430585864233e-13,7.2943051655331095,1.0315705293185047,1.7832135768003354e-10
Random Forest (Chi-square - inCV),Decision Tree (Kruskal - inCV),1.0,3.552713678800501e-15,7.869777910570139,1.1129546653992488,2.454925152051146e-12
Random Forest (Chi-square - inCV),Decision Tree (Chi-square - inCV),10.0,2.0569458285737544e-09,5.993245012189026,0.8475728378862625,6.479379360007326e-07
Random Forest (Chi-square - inCV),Decision Tree (KS - inCV),6.0,2.4868995751603507e-14,7.622561816573916,1.0779930301026128,1.5766943306516623e-11
Random Forest (Chi-square - inCV),Naive Bayes (MW - inCV),0.0,1.7763568394002505e-15,7.956038125481531,1.1251537019813398,1.8385293287792592e-12
Random Forest (Chi-square - inCV),Naive Bayes (Wilcoxon - inCV),0.0,1.7763568394002505e-15,7.956038125481531,1.1251537019813398,1.8385293287792592e-12
Random Forest (Chi-square - inCV),Naive Bayes (Kruskal - inCV),0.0,1.7763568394002505e-15,7.956038125481531,1.1251537019813398,1.8385293287792592e-12
Random Forest (Chi-square - inCV),Naive Bayes (Chi-square - inCV),0.0,1.7763568394002505e-15,7.956038125481531,1.1251537019813398,1.8385293287792592e-12
Random Forest (Chi-square - inCV),Naive Bayes (KS - inCV),0.0,1.7763568394002505e-15,7.956038125481531,1.1251537019813398,1.8385293287792592e-12
Random Forest (Chi-square - inCV),Integrated-SelectFromModel (L1-LR selector) + LR,367.0,0.0370978790530843,-2.084685264968159,-0.29481901749973194,1.0
Random Forest (Chi-square - inCV),Integrated-SelectFromModel (L1-LR selector) + SVM,1.0,8.029280680234973e-10,-6.144347661777988,-0.8689419795221844,3.791298254797769e-07
Random Forest (Chi-square - inCV),Integrated-SelectFromModel (L1-LR selector) + KNN,0.0,1.7763568394002505e-15,7.956038125481531,1.1251537019813398,1.8385293287792592e-12
Random Forest (Chi-square - inCV),Integrated-SelectFromModel (L1-LR selector) + Naive Bayes,12.0,1.2434497875801753e-13,7.412067987171716,1.0482247072689688,7.510436716984259e-11
Random Forest (Chi-square - inCV),Integrated-SelectFromModel (RF selector) + RF,107.0,1.3244693191699152e-06,-4.836046528377912,-0.6839202588699366,0.00027681408770651226
Random Forest (Chi-square - inCV),Integrated-SelectFromModel (RF selector) + LR,87.0,1.0714993513184776e-07,-5.314160860657945,-0.7515358361774745,2.7108933588357485e-05
Random Forest (Chi-square - inCV),Integrated-SelectFromModel (RF selector) + KNN,0.0,7.553512643873762e-10,6.154036838995318,0.870312236105083,3.791298254797769e-07
Random Forest (Chi-square - inCV),Integrated-RFECV (L1-LR) + LR,441.0,0.05803543429142444,-1.895430174205165,-0.26805430588921425,1.0
Random Forest (Chi-square - inCV),Integrated-RFECV (L1-LR) + KNN,0.0,1.7763568394002505e-15,7.956038125481531,1.1251537019813398,1.8385293287792592e-12
Random Forest (Chi-square - inCV),Integrated-RFECV (L1-LR) + Naive Bayes,19.0,5.453415496958769e-13,7.213493932591597,1.0201420951567068,3.1738878192300035e-10
Random Forest (KS - inCV),Logistic Regression (MW - inCV),8.0,4.440892098500626e-14,7.547383578188932,1.0673612216706767,2.7489122089718876e-11
Random Forest (KS - inCV),Logistic Regression (Wilcoxon - inCV),21.0,7.94031507211912e-13,7.16218157502765,1.0128854319582796,4.5577408513963746e-10
Random Forest (KS - inCV),Logistic Regression (Kruskal - inCV),0.0,1.7763568394002505e-15,7.956038125481531,1.1251537019813398,1.8385293287792592e-12
Random Forest (KS - inCV),Logistic Regression (Chi-square - inCV),4.0,1.2434497875801753e-14,7.7115025445745395,1.0905711484811946,8.020251129892131e-12
Random Forest (KS - inCV),Logistic Regression (KS - inCV),0.0,1.7763568394002505e-15,7.956038125481531,1.1251537019813398,1.8385293287792592e-12
Random Forest (KS - inCV),SVM (MW - inCV),58.0,1.4432899320127035e-10,6.411252423930071,0.9066880129719286,7.620570841027074e-08
Random Forest (KS - inCV),SVM (Wilcoxon - inCV),110.0,9.456268352504457e-07,4.902628568846841,0.6933363813340999,0.00020520102324934672
Random Forest (KS - inCV),SVM (Kruskal - inCV),0.0,1.7763568394002505e-15,7.956038125481531,1.1251537019813398,1.8385293287792592e-12
Random Forest (KS - inCV),SVM (Chi-square - inCV),122.0,1.0654508547103816e-06,4.879148014072559,0.6900157294327165,0.00022754812142977698
Random Forest (KS - inCV),SVM (KS - inCV),1.0,8.029280680234973e-10,6.144347661777988,0.8689419795221844,3.791298254797769e-07
Random Forest (KS - inCV),K-Neighbors (MW - inCV),0.0,7.555220876380673e-10,6.154000996674732,0.870307167235495,3.791298254797769e-07
Random Forest (KS - inCV),K-Neighbors (Wilcoxon - inCV),0.0,1.7763568394002505e-15,7.956038125481531,1.1251537019813398,1.8385293287792592e-12
Random Forest (KS - inCV),K-Neighbors (Kruskal - inCV),0.0,1.7763568394002505e-15,7.956038125481531,1.1251537019813398,1.8385293287792592e-12
Random Forest (KS - inCV),K-Neighbors (Chi-square - inCV),0.0,1.7763568394002505e-15,7.956038125481531,1.1251537019813398,1.8385293287792592e-12
Random Forest (KS - inCV),K-Neighbors (KS - inCV),0.0,1.7763568394002505e-15,7.956038125481531,1.1251537019813398,1.8385293287792592e-12
Random Forest (KS - inCV),Decision Tree (MW - inCV),14.0,2.6253872967106623e-09,5.953455833684866,0.8419457982986358,8.164954492770159e-07
Random Forest (KS - inCV),Decision Tree (Wilcoxon - inCV),3.0,8.881784197001252e-15,7.754320376295517,1.0966265043143162,5.808686864838819e-12
Random Forest (KS - inCV),Decision Tree (Kruskal - inCV),0.0,1.1100954635085601e-09,6.092717958449424,0.8616404368553291,3.791298254797769e-07
Random Forest (KS - inCV),Decision Tree (Chi-square - inCV),27.0,2.239985974483716e-12,7.018664705029341,0.9925890815601852,1.261112103634332e-09
Random Forest (KS - inCV),Decision Tree (KS - inCV),0.0,1.1100954635085601e-09,6.092717958449424,0.8616404368553291,3.791298254797769e-07
Random Forest (KS - inCV),Naive Bayes (MW - inCV),0.0,1.7763568394002505e-15,7.956038125481531,1.1251537019813398,1.8385293287792592e-12
Random Forest (KS - inCV),Naive Bayes (Wilcoxon - inCV),0.0,1.7763568394002505e-15,7.956038125481531,1.1251537019813398,1.8385293287792592e-12
Random Forest (KS - inCV),Naive Bayes (Kruskal - inCV),0.0,1.7763568394002505e-15,7.956038125481531,1.1251537019813398,1.8385293287792592e-12
Random Forest (KS - inCV),Naive Bayes (Chi-square - inCV),0.0,1.7763568394002505e-15,7.956038125481531,1.1251537019813398,1.8385293287792592e-12
Random Forest (KS - inCV),Naive Bayes (KS - inCV),0.0,1.7763568394002505e-15,7.956038125481531,1.1251537019813398,1.8385293287792592e-12
Random Forest (KS - inCV),Integrated-SelectFromModel (L1-LR selector) + LR,408.0,0.06486634650557221,-1.8461781221598978,-0.261089013891502,1.0
Random Forest (KS - inCV),Integrated-SelectFromModel (L1-LR selector) + SVM,3.0,9.063995250059829e-10,-6.1250766656353415,-0.8662166491116474,3.791298254797769e-07
Random Forest (KS - inCV),Integrated-SelectFromModel (L1-LR selector) + KNN,0.0,7.553512643873762e-10,6.154036838995318,0.870312236105083,3.791298254797769e-07
Random Forest (KS - inCV),Integrated-SelectFromModel (L1-LR selector) + Naive Bayes,3.0,8.881784197001252e-15,7.754320376295517,1.0966265043143162,5.808686864838819e-12
Random Forest (KS - inCV),Integrated-SelectFromModel (RF selector) + RF,95.0,5.802245794939154e-09,-5.822359829515583,-0.8234060235917239,1.7116625095070503e-06
Random Forest (KS - inCV),Integrated-SelectFromModel (RF selector) + LR,90.0,3.7055123414120317e-09,-5.896830018111767,-0.8339376986622444,1.1375922888134937e-06
Random Forest (KS - inCV),Integrated-SelectFromModel (RF selector) + KNN,0.0,1.7763568394002505e-15,7.956038125481531,1.1251537019813398,1.8385293287792592e-12
Random Forest (KS - inCV),Integrated-RFECV (L1-LR) + LR,452.0,0.11036810693872007,-1.5965407874794004,-0.22578496345351892,1.0
Random Forest (KS - inCV),Integrated-RFECV (L1-LR) + KNN,0.0,7.555220876380673e-10,6.154000996674732,0.870307167235495,3.791298254797769e-07
Random Forest (KS - inCV),Integrated-RFECV (L1-LR) + Naive Bayes,15.0,2.7898521185566788e-09,5.943508539058826,0.8405390384017292,8.620643046340138e-07
Logistic Regression (MW - inCV),Logistic Regression (Wilcoxon - inCV),399.0,0.37156459283852283,0.0,0.0,1.0
Logistic Regression (MW - inCV),Logistic Regression (Kruskal - inCV),0.0,1.7763568394002505e-15,7.956038125481531,1.1251537019813398,1.8385293287792592e-12
Logistic Regression (MW - inCV),Logistic Regression (Chi-square - inCV),449.0,0.31746941401036044,0.9996716956829043,0.14137492699552726,1.0
Logistic Regression (MW - inCV),Logistic Regression (KS - inCV),167.0,9.357123801985516e-06,4.431519755900765,0.6267115340719169,0.001684282284357393
Logistic Regression (MW - inCV),SVM (MW - inCV),97.0,6.917133532624575e-09,-5.792924191456381,-0.8192431957356809,2.0267201250590006e-06
Logistic Regression (MW - inCV),SVM (Wilcoxon - inCV),199.0,7.946967700789287e-06,-4.466607663745244,-0.6316737135868129,0.001438401153842861
Logistic Regression (MW - inCV),SVM (Kruskal - inCV),7.0,3.375077994860476e-14,7.583056491845678,1.07240613350095,2.119548980772379e-11
Logistic Regression (MW - inCV),SVM (Chi-square - inCV),242.0,7.155652345502972e-05,-3.971050115091663,-0.5615912929625869,0.011520600276259785
Logistic Regression (MW - inCV),SVM (KS - inCV),537.0,0.452640171506663,0.7510207442660106,0.1062103722164528,1.0
Logistic Regression (MW - inCV),K-Neighbors (MW - inCV),0.0,1.7763568394002505e-15,7.956038125481531,1.1251537019813398,1.8385293287792592e-12
Logistic Regression (MW - inCV),K-Neighbors (Wilcoxon - inCV),0.0,1.7763568394002505e-15,7.956038125481531,1.1251537019813398,1.8385293287792592e-12
Logistic Regression (MW - inCV),K-Neighbors (Kruskal - inCV),1.0,3.552713678800501e-15,7.869777910570139,1.1129546653992488,2.454925152051146e-12
Logistic Regression (MW - inCV),K-Neighbors (Chi-square - inCV),0.0,1.7763568394002505e-15,7.956038125481531,1.1251537019813398,1.8385293287792592e-12
Logistic Regression (MW - inCV),K-Neighbors (KS - inCV),0.0,1.7763568394002505e-15,7.956038125481531,1.1251537019813398,1.8385293287792592e-12
Logistic Regression (MW - inCV),Decision Tree (MW - inCV),418.0,0.033687793845592395,2.1237889687047935,0.30034911631606875,1.0
Logistic Regression (MW - inCV),Decision Tree (Wilcoxon - inCV),302.0,0.0009149367393188612,3.3154562114147392,0.46887631396368434,0.125346333286684
Logistic Regression (MW - inCV),Decision Tree (Kruskal - inCV),210.0,0.00010576363075976823,3.8769740565357855,0.5482869291721543,0.016499126398523842
Logistic Regression (MW - inCV),Decision Tree (Chi-square - inCV),262.5,0.0002946023483017996,3.620000586279254,0.5119453924914676,0.04330654520036454
Logistic Regression (MW - inCV),Decision Tree (KS - inCV),291.0,0.0005966978973450665,3.4331109368504817,0.48551520480253535,0.08532779932034451
Logistic Regression (MW - inCV),Naive Bayes (MW - inCV),1.0,3.552713678800501e-15,7.869777910570139,1.1129546653992488,2.454925152051146e-12
Logistic Regression (MW - inCV),Naive Bayes (Wilcoxon - inCV),0.0,1.7763568394002505e-15,7.956038125481531,1.1251537019813398,1.8385293287792592e-12
Logistic Regression (MW - inCV),Naive Bayes (Kruskal - inCV),0.0,1.7763568394002505e-15,7.956038125481531,1.1251537019813398,1.8385293287792592e-12
Logistic Regression (MW - inCV),Naive Bayes (Chi-square - inCV),1.0,3.552713678800501e-15,7.869777910570139,1.1129546653992488,2.454925152051146e-12
Logistic Regression (MW - inCV),Naive Bayes (KS - inCV),0.0,1.7763568394002505e-15,7.956038125481531,1.1251537019813398,1.8385293287792592e-12
Logistic Regression (MW - inCV),Integrated-SelectFromModel (L1-LR selector) + LR,19.0,5.453415496958769e-13,-7.213493932591597,-1.0201420951567068,3.1738878192300035e-10
Logistic Regression (MW - inCV),Integrated-SelectFromModel (L1-LR selector) + SVM,0.0,1.7763568394002505e-15,-7.956038125481531,-1.1251537019813398,1.8385293287792592e-12
Logistic Regression (MW - inCV),Integrated-SelectFromModel (L1-LR selector) + KNN,0.0,7.555220876380673e-10,6.154000996674732,0.870307167235495,3.791298254797769e-07
Logistic Regression (MW - inCV),Integrated-SelectFromModel (L1-LR selector) + Naive Bayes,417.0,0.03286210881230289,2.133763943310453,0.30175979075323384,1.0
Logistic Regression (MW - inCV),Integrated-SelectFromModel (RF selector) + RF,1.0,3.552713678800501e-15,-7.869777910570139,-1.1129546653992488,2.454925152051146e-12
Logistic Regression (MW - inCV),Integrated-SelectFromModel (RF selector) + LR,0.0,1.7763568394002505e-15,-7.956038125481531,-1.1251537019813398,1.8385293287792592e-12
Logistic Regression (MW - inCV),Integrated-SelectFromModel (RF selector) + KNN,0.0,1.7763568394002505e-15,7.956038125481531,1.1251537019813398,1.8385293287792592e-12
Logistic Regression (MW - inCV),Integrated-RFECV (L1-LR) + LR,27.0,2.239985974483716e-12,-7.018664705029341,-0.9925890815601852,1.261112103634332e-09
Logistic Regression (MW - inCV),Integrated-RFECV (L1-LR) + KNN,0.0,7.555220876380673e-10,6.154000996674732,0.870307167235495,3.791298254797769e-07
Logistic Regression (MW - inCV),Integrated-RFECV (L1-LR) + Naive Bayes,391.0,0.016637745581261854,2.394616751829852,0.33864994871235843,1.0
Logistic Regression (Wilcoxon - inCV),Logistic Regression (Kruskal - inCV),2.0,5.329070518200751e-15,7.818891055763057,1.1057581773777803,3.5491609651217004e-12
Logistic Regression (Wilcoxon - inCV),Logistic Regression (Chi-square - inCV),585.0,0.7844300000516808,0.27355060221609656,0.03868589716493314,1.0
Logistic Regression (Wilcoxon - inCV),Logistic Regression (KS - inCV),199.0,6.613013191749347e-05,3.989796052890002,0.5642423689099683,0.010713081370633941
Logistic Regression (Wilcoxon - inCV),SVM (MW - inCV),164.0,9.979758868183808e-07,-4.892037174498732,-0.6918385319809462,0.00021456481566595187
Logistic Regression (Wilcoxon - inCV),SVM (Wilcoxon - inCV),33.0,5.707434524993005e-12,-6.8867676030731255,-0.9739360145177666,3.1333815542211596e-09
Logistic Regression (Wilcoxon - inCV),SVM (Kruskal - inCV),18.0,4.4941828036826337e-13,7.239778449888348,1.0238592872408565,2.638085305761706e-10
Logistic Regression (Wilcoxon - inCV),SVM (Chi-square - inCV),220.0,9.449336773381125e-05,-3.9043131407206517,-0.552153259535864,0.015024445469675988
Logistic Regression (Wilcoxon - inCV),SVM (KS - inCV),528.5,0.29270160535377054,1.0522135037451696,0.14880546075085324,1.0
Logistic Regression (Wilcoxon - inCV),K-Neighbors (MW - inCV),0.0,1.7763568394002505e-15,7.956038125481531,1.1251537019813398,1.8385293287792592e-12
Logistic Regression (Wilcoxon - inCV),K-Neighbors (Wilcoxon - inCV),0.0,1.7763568394002505e-15,7.956038125481531,1.1251537019813398,1.8385293287792592e-12
Logistic Regression (Wilcoxon - inCV),K-Neighbors (Kruskal - inCV),0.0,1.7763568394002505e-15,7.956038125481531,1.1251537019813398,1.8385293287792592e-12
Logistic Regression (Wilcoxon - inCV),K-Neighbors (Chi-square - inCV),7.0,3.375077994860476e-14,7.583056491845678,1.07240613350095,2.119548980772379e-11
Logistic Regression (Wilcoxon - inCV),K-Neighbors (KS - inCV),0.0,1.7763568394002505e-15,7.956038125481531,1.1251537019813398,1.8385293287792592e-12
Logistic Regression (Wilcoxon - inCV),Decision Tree (MW - inCV),487.0,0.14874176207376877,1.443990093191657,0.20421103737240306,1.0
Logistic Regression (Wilcoxon - inCV),Decision Tree (Wilcoxon - inCV),298.0,0.0017574635911406268,3.128424159889541,0.44242598757714446,0.22671280325714085
Logistic Regression (Wilcoxon - inCV),Decision Tree (Kruskal - inCV),308.0,0.002454043088940096,3.0289512136291417,0.4283583886080778,0.3141175153843323
Logistic Regression (Wilcoxon - inCV),Decision Tree (Chi-square - inCV),320.0,0.0036191049075792858,2.909583678116664,0.411477269845198,0.4415307987246729
Logistic Regression (Wilcoxon - inCV),Decision Tree (KS - inCV),335.0,0.002996250182501825,2.9681223712733016,0.4197558912237694,0.37453127281272813
Logistic Regression (Wilcoxon - inCV),Naive Bayes (MW - inCV),0.0,1.7763568394002505e-15,7.956038125481531,1.1251537019813398,1.8385293287792592e-12
Logistic Regression (Wilcoxon - inCV),Naive Bayes (Wilcoxon - inCV),0.0,1.7763568394002505e-15,7.956038125481531,1.1251537019813398,1.8385293287792592e-12
Logistic Regression (Wilcoxon - inCV),Naive Bayes (Kruskal - inCV),0.0,1.7763568394002505e-15,7.956038125481531,1.1251537019813398,1.8385293287792592e-12
Logistic Regression (Wilcoxon - inCV),Naive Bayes (Chi-square - inCV),16.0,3.0020430585864233e-13,7.2943051655331095,1.0315705293185047,1.7832135768003354e-10
Logistic Regression (Wilcoxon - inCV),Naive Bayes (KS - inCV),0.0,1.7763568394002505e-15,7.956038125481531,1.1251537019813398,1.8385293287792592e-12
Logistic Regression (Wilcoxon - inCV),Integrated-SelectFromModel (L1-LR selector) + LR,12.0,1.2434497875801753e-13,-7.412067987171716,-1.0482247072689688,7.510436716984259e-11
Logistic Regression (Wilcoxon - inCV),Integrated-SelectFromModel (L1-LR selector) + SVM,0.0,1.7763568394002505e-15,-7.956038125481531,-1.1251537019813398,1.8385293287792592e-12
Logistic Regression (Wilcoxon - inCV),Integrated-SelectFromModel (L1-LR selector) + KNN,0.0,1.7763568394002505e-15,7.956038125481531,1.1251537019813398,1.8385293287792592e-12
Logistic Regression (Wilcoxon - inCV),Integrated-SelectFromModel (L1-LR selector) + Naive Bayes,498.0,0.18125476399734453,1.3369015831657411,0.18906643504710532,1.0
Logistic Regression (Wilcoxon - inCV),Integrated-SelectFromModel (RF selector) + RF,1.0,3.552713678800501e-15,-7.869777910570139,-1.1129546653992488,2.454925152051146e-12
Logistic Regression (Wilcoxon - inCV),Integrated-SelectFromModel (RF selector) + LR,1.0,3.552713678800501e-15,-7.869777910570139,-1.1129546653992488,2.454925152051146e-12
Logistic Regression (Wilcoxon - inCV),Integrated-SelectFromModel (RF selector) + KNN,0.0,7.555220876380673e-10,6.154000996674732,0.870307167235495,3.791298254797769e-07
Logistic Regression (Wilcoxon - inCV),Integrated-RFECV (L1-LR) + LR,18.0,4.4941828036826337e-13,-7.239778449888348,-1.0238592872408565,2.638085305761706e-10
Logistic Regression (Wilcoxon - inCV),Integrated-RFECV (L1-LR) + KNN,0.0,7.555220876380673e-10,6.154000996674732,0.870307167235495,3.791298254797769e-07
Logistic Regression (Wilcoxon - inCV),Integrated-RFECV (L1-LR) + Naive Bayes,474.0,0.11619549807268115,1.5709446843250618,0.22216512783104228,1.0
Logistic Regression (Kruskal - inCV),Logistic Regression (Chi-square - inCV),1.0,3.552713678800501e-15,-7.869777910570139,-1.1129546653992488,2.454925152051146e-12
Logistic Regression (Kruskal - inCV),Logistic Regression (KS - inCV),0.0,1.7763568394002505e-15,-7.956038125481531,-1.1251537019813398,1.8385293287792592e-12
Logistic Regression (Kruskal - inCV),SVM (MW - inCV),0.0,1.7763568394002505e-15,-7.956038125481531,-1.1251537019813398,1.8385293287792592e-12
Logistic Regression (Kruskal - inCV),SVM (Wilcoxon - inCV),0.0,1.7763568394002505e-15,-7.956038125481531,-1.1251537019813398,1.8385293287792592e-12
Logistic Regression (Kruskal - inCV),SVM (Kruskal - inCV),110.0,5.776408920148189e-07,-4.998546462151016,-0.7069012198926019,0.00012939155981131945
Logistic Regression (Kruskal - inCV),SVM (Chi-square - inCV),0.0,1.7763568394002505e-15,-7.956038125481531,-1.1251537019813398,1.8385293287792592e-12
Logistic Regression (Kruskal - inCV),SVM (KS - inCV),0.0,1.7763568394002505e-15,-7.956038125481531,-1.1251537019813398,1.8385293287792592e-12
Logistic Regression (Kruskal - inCV),K-Neighbors (MW - inCV),496.0,0.174987615360088,-1.3563506870301332,-0.19181695369320795,1.0
Logistic Regression (Kruskal - inCV),K-Neighbors (Wilcoxon - inCV),541.0,0.47694075091631205,-0.7112315657618511,-0.10058333262882616,1.0
Logistic Regression (Kruskal - inCV),K-Neighbors (Kruskal - inCV),621.5,0.877252284484036,0.15445335834791488,0.02184300341296929,1.0
Logistic Regression (Kruskal - inCV),K-Neighbors (Chi-square - inCV),210.0,1.4422642710343325e-05,-4.337326307979584,-0.6133905689182352,0.002523962474310082
Logistic Regression (Kruskal - inCV),K-Neighbors (KS - inCV),537.0,0.452640171506663,0.7510207442660106,0.1062103722164528,1.0
Logistic Regression (Kruskal - inCV),Decision Tree (MW - inCV),10.0,7.638334409421077e-14,-7.476404948078904,-1.05732332753665,4.68229899297512e-11
Logistic Regression (Kruskal - inCV),Decision Tree (Wilcoxon - inCV),20.0,6.590283874174929e-13,-7.187677208965087,-1.016491059087842,3.796003511524759e-10
Logistic Regression (Kruskal - inCV),Decision Tree (Kruskal - inCV),62.0,2.2601653881793027e-10,-6.342533842214891,-0.8969697379470635,1.1730258364650581e-07
Logistic Regression (Kruskal - inCV),Decision Tree (Chi-square - inCV),31.0,4.218847493575595e-12,-6.92964944110299,-0.9800004222098986,2.341460358934455e-09
Logistic Regression (Kruskal - inCV),Decision Tree (KS - inCV),25.0,5.095113411870287e-09,-5.844035592798427,-0.8264714394326625,1.528534023561086e-06
Logistic Regression (Kruskal - inCV),Naive Bayes (MW - inCV),232.0,0.0001537422019073124,-3.7849456052081734,-0.5352721407729841,0.0235225568918188
Logistic Regression (Kruskal - inCV),Naive Bayes (Wilcoxon - inCV),226.0,3.288899332076767e-05,-4.1524810939008105,-0.5872495080492391,0.005558239871209736
Logistic Regression (Kruskal - inCV),Naive Bayes (Kruskal - inCV),334.0,0.0056000976672750365,2.7703215533521055,0.3917826312885047,0.6664116224057294
Logistic Regression (Kruskal - inCV),Naive Bayes (Chi-square - inCV),165.0,1.0633089786438177e-06,-4.8795449318053565,-0.6900718620768034,0.00022754812142977698
Logistic Regression (Kruskal - inCV),Naive Bayes (KS - inCV),343.0,0.00734472971460848,-2.680795901717747,-0.37912179221634484,0.8666781063238007
Logistic Regression (Kruskal - inCV),Integrated-SelectFromModel (L1-LR selector) + LR,0.0,1.7763568394002505e-15,-7.956038125481531,-1.1251537019813398,1.8385293287792592e-12
Logistic Regression (Kruskal - inCV),Integrated-SelectFromModel (L1-LR selector) + SVM,0.0,1.7763568394002505e-15,-7.956038125481531,-1.1251537019813398,1.8385293287792592e-12
Logistic Regression (Kruskal - inCV),Integrated-SelectFromModel (L1-LR selector) + KNN,0.0,1.7763568394002505e-15,7.956038125481531,1.1251537019813398,1.8385293287792592e-12
Logistic Regression (Kruskal - inCV),Integrated-SelectFromModel (L1-LR selector) + Naive Bayes,0.0,1.7763568394002505e-15,-7.956038125481531,-1.1251537019813398,1.8385293287792592e-12
Logistic Regression (Kruskal - inCV),Integrated-SelectFromModel (RF selector) + RF,0.0,1.7763568394002505e-15,-7.956038125481531,-1.1251537019813398,1.8385293287792592e-12
Logistic Regression (Kruskal - inCV),Integrated-SelectFromModel (RF selector) + LR,0.0,1.7763568394002505e-15,-7.956038125481531,-1.1251537019813398,1.8385293287792592e-12
Logistic Regression (Kruskal - inCV),Integrated-SelectFromModel (RF selector) + KNN,0.0,1.7763568394002505e-15,7.956038125481531,1.1251537019813398,1.8385293287792592e-12
Logistic Regression (Kruskal - inCV),Integrated-RFECV (L1-LR) + LR,0.0,1.7763568394002505e-15,-7.956038125481531,-1.1251537019813398,1.8385293287792592e-12
Logistic Regression (Kruskal - inCV),Integrated-RFECV (L1-LR) + KNN,0.0,1.7763568394002505e-15,7.956038125481531,1.1251537019813398,1.8385293287792592e-12
Logistic Regression (Kruskal - inCV),Integrated-RFECV (L1-LR) + Naive Bayes,48.0,4.3806736016449577e-11,-6.5905950074247315,-0.9320508843608464,2.3524217240833423e-08
Logistic Regression (Chi-square - inCV),Logistic Regression (KS - inCV),221.0,9.84559617478658e-05,3.8943658460946113,0.5507464996389573,0.01545758599441493
Logistic Regression (Chi-square - inCV),SVM (MW - inCV),114.0,2.8573925447972215e-08,-5.549957376536288,-0.7848824992490221,7.714959870952498e-06
Logistic Regression (Chi-square - inCV),SVM (Wilcoxon - inCV),177.0,2.2310435863204248e-06,-4.731283792257646,-0.6691045706446771,0.0004417466300914441
Logistic Regression (Chi-square - inCV),SVM (Kruskal - inCV),39.0,1.34718902700115e-11,6.763476856436742,0.9565000699169387,7.36912397769629e-09
Logistic Regression (Chi-square - inCV),SVM (Chi-square - inCV),50.0,5.610267805877811e-11,-6.55376913986836,-0.9268429202264089,2.9846624727269955e-08
Logistic Regression (Chi-square - inCV),SVM (KS - inCV),441.0,0.08801533580416682,-1.7059610283658388,-0.24125932231949215,1.0
Logistic Regression (Chi-square - inCV),K-Neighbors (MW - inCV),0.0,1.7763568394002505e-15,7.956038125481531,1.1251537019813398,1.8385293287792592e-12
Logistic Regression (Chi-square - inCV),K-Neighbors (Wilcoxon - inCV),0.0,1.7763568394002505e-15,7.956038125481531,1.1251537019813398,1.8385293287792592e-12
Logistic Regression (Chi-square - inCV),K-Neighbors (Kruskal - inCV),2.0,5.329070518200751e-15,7.818891055763057,1.1057581773777803,3.5491609651217004e-12
Logistic Regression (Chi-square - inCV),K-Neighbors (Chi-square - inCV),10.0,7.638334409421077e-14,7.476404948078904,1.05732332753665,4.68229899297512e-11
Logistic Regression (Chi-square - inCV),K-Neighbors (KS - inCV),0.0,1.7763568394002505e-15,7.956038125481531,1.1251537019813398,1.8385293287792592e-12
Logistic Regression (Chi-square - inCV),Decision Tree (MW - inCV),491.0,0.16001685587048975,1.4050148722519615,0.19869910876746255,1.0
Logistic Regression (Chi-square - inCV),Decision Tree (Wilcoxon - inCV),376.0,0.010879562807692977,2.546543573351432,0.36013564586076396,1.0
Logistic Regression (Chi-square - inCV),Decision Tree (Kruskal - inCV),292.0,0.0014320707318812404,3.18810792764578,0.4508665469585844,0.1876012658764425
Logistic Regression (Chi-square - inCV),Decision Tree (Chi-square - inCV),303.0,0.0009504084140701252,3.304809895065729,0.4673706974666759,0.12925554431353703
Logistic Regression (Chi-square - inCV),Decision Tree (KS - inCV),349.0,0.004757046552823496,2.8230411495979517,0.39923830808987565,0.575602632891643
Logistic Regression (Chi-square - inCV),Naive Bayes (MW - inCV),25.0,1.6058265828178264e-12,7.065028823481318,0.999145958072411,9.072920192920719e-10
Logistic Regression (Chi-square - inCV),Naive Bayes (Wilcoxon - inCV),10.0,7.638334409421077e-14,7.476404948078904,1.05732332753665,4.68229899297512e-11
Logistic Regression (Chi-square - inCV),Naive Bayes (Kruskal - inCV),0.0,1.7763568394002505e-15,7.956038125481531,1.1251537019813398,1.8385293287792592e-12
Logistic Regression (Chi-square - inCV),Naive Bayes (Chi-square - inCV),45.0,2.994404724177002e-11,6.646845785159792,0.9400059456375421,1.6169785510555812e-08
Logistic Regression (Chi-square - inCV),Naive Bayes (KS - inCV),6.0,2.4868995751603507e-14,7.622561816573916,1.0779930301026128,1.5766943306516623e-11
Logistic Regression (Chi-square - inCV),Integrated-SelectFromModel (L1-LR selector) + LR,23.0,1.1368683772161603e-12,-7.112830539255548,-1.005906141547673,6.45741238258779e-10
Logistic Regression (Chi-square - inCV),Integrated-SelectFromModel (L1-LR selector) + SVM,0.0,1.7763568394002505e-15,-7.956038125481531,-1.1251537019813398,1.8385293287792592e-12
Logistic Regression (Chi-square - inCV),Integrated-SelectFromModel (L1-LR selector) + KNN,0.0,1.7763568394002505e-15,7.956038125481531,1.1251537019813398,1.8385293287792592e-12
Logistic Regression (Chi-square - inCV),Integrated-SelectFromModel (L1-LR selector) + Naive Bayes,573.0,0.5398998476772991,-0.6129644477352498,-0.08668626352397245,1.0
Logistic Regression (Chi-square - inCV),Integrated-SelectFromModel (RF selector) + RF,0.0,1.7763568394002505e-15,-7.956038125481531,-1.1251537019813398,1.8385293287792592e-12
Logistic Regression (Chi-square - inCV),Integrated-SelectFromModel (RF selector) + LR,0.0,1.7763568394002505e-15,-7.956038125481531,-1.1251537019813398,1.8385293287792592e-12
Logistic Regression (Chi-square - inCV),Integrated-SelectFromModel (RF selector) + KNN,0.0,7.555220876380673e-10,6.154000996674732,0.870307167235495,3.791298254797769e-07
Logistic Regression (Chi-square - inCV),Integrated-RFECV (L1-LR) + LR,41.0,1.7687185049908294e-11,-6.723942831820874,-0.9509091145382434,9.63951585220002e-09
Logistic Regression (Chi-square - inCV),Integrated-RFECV (L1-LR) + KNN,0.0,1.7763568394002505e-15,7.956038125481531,1.1251537019813398,1.8385293287792592e-12
Logistic Regression (Chi-square - inCV),Integrated-RFECV (L1-LR) + Naive Bayes,491.0,0.16001685587048975,1.4050148722519615,0.19869910876746255,1.0
Logistic Regression (KS - inCV),SVM (MW - inCV),3.0,8.881784197001252e-15,-7.754320376295517,-1.0966265043143162,5.808686864838819e-12
Logistic Regression (KS - inCV),SVM (Wilcoxon - inCV),10.0,2.0569458285737544e-09,-5.993245012189026,-0.8475728378862625,6.479379360007326e-07
Logistic Regression (KS - inCV),SVM (Kruskal - inCV),60.0,3.8876619657334306e-08,5.495880280887032,0.7772348430409296,1.0263427589536257e-05
Logistic Regression (KS - inCV),SVM (Chi-square - inCV),29.0,3.0890845437170356e-12,-6.973610562599213,-0.9862174636336076,1.7267982599378229e-09
Logistic Regression (KS - inCV),SVM (KS - inCV),53.5,2.6889176035151702e-08,-5.560572084263518,-0.7863836456118695,7.286966705526111e-06
Logistic Regression (KS - inCV),K-Neighbors (MW - inCV),7.0,3.375077994860476e-14,7.583056491845678,1.07240613350095,2.119548980772379e-11
Logistic Regression (KS - inCV),K-Neighbors (Wilcoxon - inCV),4.0,1.2434497875801753e-14,7.7115025445745395,1.0905711484811946,8.020251129892131e-12
Logistic Regression (KS - inCV),K-Neighbors (Kruskal - inCV),0.0,1.7763568394002505e-15,7.956038125481531,1.1251537019813398,1.8385293287792592e-12
Logistic Regression (KS - inCV),K-Neighbors (Chi-square - inCV),49.0,4.9604764740251994e-11,6.572117282126797,0.9294377393890321,2.6439339606554313e-08
Logistic Regression (KS - inCV),K-Neighbors (KS - inCV),0.0,1.7763568394002505e-15,7.956038125481531,1.1251537019813398,1.8385293287792592e-12
Logistic Regression (KS - inCV),Decision Tree (MW - inCV),505.0,0.20447619481721802,-1.2689015069001126,-0.17944977203737966,1.0
Logistic Regression (KS - inCV),Decision Tree (Wilcoxon - inCV),580.0,0.7464778413011777,0.323287075346296,0.04571969664946645,1.0
Logistic Regression (KS - inCV),Decision Tree (Kruskal - inCV),574.0,0.5462652589115535,0.6033659646961572,0.08532883303476316,1.0
Logistic Regression (KS - inCV),Decision Tree (Chi-square - inCV),604.0,0.7521534307154649,0.31580116905372585,0.044661029628905766,1.0
Logistic Regression (KS - inCV),Decision Tree (KS - inCV),568.0,0.6580155776157375,0.44265461085877467,0.06260081541234638,1.0
Logistic Regression (KS - inCV),Naive Bayes (MW - inCV),73.0,8.02500876772779e-08,5.366565450748514,0.758946964381143,2.0784772708414977e-05
Logistic Regression (KS - inCV),Naive Bayes (Wilcoxon - inCV),49.0,2.078939311482553e-08,5.605300521773471,0.7927092019069029,5.7586618928066725e-06
Logistic Regression (KS - inCV),Naive Bayes (Kruskal - inCV),0.0,1.7763568394002505e-15,7.956038125481531,1.1251537019813398,1.8385293287792592e-12
Logistic Regression (KS - inCV),Naive Bayes (Chi-square - inCV),134.0,1.3054913772236887e-07,5.278073452652985,0.746432305994324,3.250673529286985e-05
Logistic Regression (KS - inCV),Naive Bayes (KS - inCV),30.0,6.860708631977539e-09,5.794299119668229,0.8194376399481295,2.0170483378013967e-06
Logistic Regression (KS - inCV),Integrated-SelectFromModel (L1-LR selector) + LR,1.0,3.552713678800501e-15,-7.869777910570139,-1.1129546653992488,2.454925152051146e-12
Logistic Regression (KS - inCV),Integrated-SelectFromModel (L1-LR selector) + SVM,0.0,1.7763568394002505e-15,-7.956038125481531,-1.1251537019813398,1.8385293287792592e-12
Logistic Regression (KS - inCV),Integrated-SelectFromModel (L1-LR selector) + KNN,0.0,1.7763568394002505e-15,7.956038125481531,1.1251537019813398,1.8385293287792592e-12
Logistic Regression (KS - inCV),Integrated-SelectFromModel (L1-LR selector) + Naive Bayes,390.0,0.016185270214664982,-2.404710762751776,-0.34007745742681117,1.0
Logistic Regression (KS - inCV),Integrated-SelectFromModel (RF selector) + RF,0.0,1.7763568394002505e-15,-7.956038125481531,-1.1251537019813398,1.8385293287792592e-12
Logistic Regression (KS - inCV),Integrated-SelectFromModel (RF selector) + LR,0.0,1.7763568394002505e-15,-7.956038125481531,-1.1251537019813398,1.8385293287792592e-12
Logistic Regression (KS - inCV),Integrated-SelectFromModel (RF selector) + KNN,0.0,1.7763568394002505e-15,7.956038125481531,1.1251537019813398,1.8385293287792592e-12
Logistic Regression (KS - inCV),Integrated-RFECV (L1-LR) + LR,1.0,3.552713678800501e-15,-7.869777910570139,-1.1129546653992488,2.454925152051146e-12
Logistic Regression (KS - inCV),Integrated-RFECV (L1-LR) + KNN,0.0,7.555220876380673e-10,6.154000996674732,0.870307167235495,3.791298254797769e-07
Logistic Regression (KS - inCV),Integrated-RFECV (L1-LR) + Naive Bayes,519.0,0.2571237847552261,-1.1332154567699937,-0.16026086680549467,1.0
SVM (MW - inCV),SVM (Wilcoxon - inCV),414.0,0.6391501305851586,0.0,0.0,1.0
SVM (MW - inCV),SVM (Kruskal - inCV),0.0,1.7763568394002505e-15,7.956038125481531,1.1251537019813398,1.8385293287792592e-12
SVM (MW - inCV),SVM (Chi-square - inCV),553.5,0.5572748913286275,-0.5868940124714627,-0.08299934721127068,1.0
SVM (MW - inCV),SVM (KS - inCV),155.0,5.342015966597199e-06,4.550887291413243,0.6435926528347968,0.0009989569857536762
SVM (MW - inCV),K-Neighbors (MW - inCV),0.0,1.7763568394002505e-15,7.956038125481531,1.1251537019813398,1.8385293287792592e-12
SVM (MW - inCV),K-Neighbors (Wilcoxon - inCV),0.0,1.7763568394002505e-15,7.956038125481531,1.1251537019813398,1.8385293287792592e-12
SVM (MW - inCV),K-Neighbors (Kruskal - inCV),0.0,1.7763568394002505e-15,7.956038125481531,1.1251537019813398,1.8385293287792592e-12
SVM (MW - inCV),K-Neighbors (Chi-square - inCV),0.0,1.7763568394002505e-15,7.956038125481531,1.1251537019813398,1.8385293287792592e-12
SVM (MW - inCV),K-Neighbors (KS - inCV),0.0,7.555220876380673e-10,6.154000996674732,0.870307167235495,3.791298254797769e-07
SVM (MW - inCV),Decision Tree (MW - inCV),141.0,2.1499046276574063e-07,5.1858858556089835,0.7333950109921026,5.095273967548053e-05
SVM (MW - inCV),Decision Tree (Wilcoxon - inCV),93.0,2.3709430019433458e-07,5.167619558227716,0.7308117664430097,5.5717160545668626e-05
SVM (MW - inCV),Decision Tree (Kruskal - inCV),42.0,2.1426076974249868e-08,5.600073637218357,0.7919700088042229,5.9135972448929635e-06
SVM (MW - inCV),Decision Tree (Chi-square - inCV),58.0,1.4432899320127035e-10,6.411252423930071,0.9066880129719286,7.620570841027074e-08
SVM (MW - inCV),Decision Tree (KS - inCV),52.0,7.151434999741468e-11,6.517446425915671,0.9217061127569998,3.790260549862978e-08
SVM (MW - inCV),Naive Bayes (MW - inCV),0.0,1.7763568394002505e-15,7.956038125481531,1.1251537019813398,1.8385293287792592e-12
SVM (MW - inCV),Naive Bayes (Wilcoxon - inCV),0.0,1.7763568394002505e-15,7.956038125481531,1.1251537019813398,1.8385293287792592e-12
SVM (MW - inCV),Naive Bayes (Kruskal - inCV),0.0,1.7763568394002505e-15,7.956038125481531,1.1251537019813398,1.8385293287792592e-12
SVM (MW - inCV),Naive Bayes (Chi-square - inCV),0.0,1.7763568394002505e-15,7.956038125481531,1.1251537019813398,1.8385293287792592e-12
SVM (MW - inCV),Naive Bayes (KS - inCV),0.0,1.7763568394002505e-15,7.956038125481531,1.1251537019813398,1.8385293287792592e-12
SVM (MW - inCV),Integrated-SelectFromModel (L1-LR selector) + LR,48.0,4.3806736016449577e-11,-6.5905950074247315,-0.9320508843608464,2.3524217240833423e-08
SVM (MW - inCV),Integrated-SelectFromModel (L1-LR selector) + SVM,0.0,1.7763568394002505e-15,-7.956038125481531,-1.1251537019813398,1.8385293287792592e-12
SVM (MW - inCV),Integrated-SelectFromModel (L1-LR selector) + KNN,0.0,1.7763568394002505e-15,7.956038125481531,1.1251537019813398,1.8385293287792592e-12
SVM (MW - inCV),Integrated-SelectFromModel (L1-LR selector) + Naive Bayes,92.0,2.2479840144076458e-07,5.177566852853755,0.7322185263399164,5.305242274002044e-05
SVM (MW - inCV),Integrated-SelectFromModel (RF selector) + RF,0.0,1.1100954635085601e-09,-6.092717958449424,-0.8616404368553291,3.791298254797769e-07
SVM (MW - inCV),Integrated-SelectFromModel (RF selector) + LR,4.0,1.2434497875801753e-14,-7.7115025445745395,-1.0905711484811946,8.020251129892131e-12
SVM (MW - inCV),Integrated-SelectFromModel (RF selector) + KNN,0.0,1.7763568394002505e-15,7.956038125481531,1.1251537019813398,1.8385293287792592e-12
SVM (MW - inCV),Integrated-RFECV (L1-LR) + LR,82.0,1.7568968502246207e-09,-6.018823152015437,-0.8511901331105411,5.639638889221033e-07
SVM (MW - inCV),Integrated-RFECV (L1-LR) + KNN,0.0,1.7763568394002505e-15,7.956038125481531,1.1251537019813398,1.8385293287792592e-12
SVM (MW - inCV),Integrated-RFECV (L1-LR) + Naive Bayes,154.0,3.0505379419595974e-06,4.667387422576051,0.6600682593856656,0.0005826527469142832
SVM (Wilcoxon - inCV),SVM (Kruskal - inCV),0.0,1.7763568394002505e-15,7.956038125481531,1.1251537019813398,1.8385293287792592e-12
SVM (Wilcoxon - inCV),SVM (Chi-square - inCV),511.0,0.5748967903589721,0.5608544113873729,0.0793167915100802,1.0
SVM (Wilcoxon - inCV),SVM (KS - inCV),229.0,3.818192634774675e-05,4.118214474467443,0.5824034762553046,0.0064145636264214545
SVM (Wilcoxon - inCV),K-Neighbors (MW - inCV),0.0,7.555220876380673e-10,6.154000996674732,0.870307167235495,3.791298254797769e-07
SVM (Wilcoxon - inCV),K-Neighbors (Wilcoxon - inCV),0.0,1.7763568394002505e-15,7.956038125481531,1.1251537019813398,1.8385293287792592e-12
SVM (Wilcoxon - inCV),K-Neighbors (Kruskal - inCV),0.0,1.7763568394002505e-15,7.956038125481531,1.1251537019813398,1.8385293287792592e-12
SVM (Wilcoxon - inCV),K-Neighbors (Chi-square - inCV),1.0,3.552713678800501e-15,7.869777910570139,1.1129546653992488,2.454925152051146e-12
SVM (Wilcoxon - inCV),K-Neighbors (KS - inCV),0.0,1.7763568394002505e-15,7.956038125481531,1.1251537019813398,1.8385293287792592e-12
SVM (Wilcoxon - inCV),Decision Tree (MW - inCV),170.0,1.0741695511414963e-05,4.401677872022646,0.6224912543811971,0.0019227634965432784
SVM (Wilcoxon - inCV),Decision Tree (Wilcoxon - inCV),126.0,7.235236054725647e-08,5.3852292752011515,0.76158642774781,1.8883966102833938e-05
SVM (Wilcoxon - inCV),Decision Tree (Kruskal - inCV),90.0,2.0202842737161678e-07,5.197461442105835,0.7350320461337296,4.80827657144448e-05
SVM (Wilcoxon - inCV),Decision Tree (Chi-square - inCV),76.0,9.785132704109856e-10,6.1128761252929245,0.8644912321495949,3.791298254797769e-07
SVM (Wilcoxon - inCV),Decision Tree (KS - inCV),81.0,1.5961560961841315e-09,6.034338054747779,0.8533842716968388,5.187507312598427e-07
SVM (Wilcoxon - inCV),Naive Bayes (MW - inCV),0.0,1.7763568394002505e-15,7.956038125481531,1.1251537019813398,1.8385293287792592e-12
SVM (Wilcoxon - inCV),Naive Bayes (Wilcoxon - inCV),0.0,1.7763568394002505e-15,7.956038125481531,1.1251537019813398,1.8385293287792592e-12
SVM (Wilcoxon - inCV),Naive Bayes (Kruskal - inCV),0.0,1.7763568394002505e-15,7.956038125481531,1.1251537019813398,1.8385293287792592e-12
SVM (Wilcoxon - inCV),Naive Bayes (Chi-square - inCV),2.0,5.329070518200751e-15,7.818891055763057,1.1057581773777803,3.5491609651217004e-12
SVM (Wilcoxon - inCV),Naive Bayes (KS - inCV),0.0,1.7763568394002505e-15,7.956038125481531,1.1251537019813398,1.8385293287792592e-12
SVM (Wilcoxon - inCV),Integrated-SelectFromModel (L1-LR selector) + LR,105.0,1.370373858833318e-08,-5.677050051392635,-0.8028561176950341,3.864454281909957e-06
SVM (Wilcoxon - inCV),Integrated-SelectFromModel (L1-LR selector) + SVM,0.0,1.7763568394002505e-15,-7.956038125481531,-1.1251537019813398,1.8385293287792592e-12
SVM (Wilcoxon - inCV),Integrated-SelectFromModel (L1-LR selector) + KNN,0.0,1.7763568394002505e-15,7.956038125481531,1.1251537019813398,1.8385293287792592e-12
SVM (Wilcoxon - inCV),Integrated-SelectFromModel (L1-LR selector) + Naive Bayes,168.0,1.2841054282120012e-06,4.842198261314356,0.6847902452850182,0.00027094624535273226
SVM (Wilcoxon - inCV),Integrated-SelectFromModel (RF selector) + RF,19.0,5.453415496958769e-13,-7.213493932591597,-1.0201420951567068,3.1738878192300035e-10
SVM (Wilcoxon - inCV),Integrated-SelectFromModel (RF selector) + LR,12.0,1.2434497875801753e-13,-7.412067987171716,-1.0482247072689688,7.510436716984259e-11
SVM (Wilcoxon - inCV),Integrated-SelectFromModel (RF selector) + KNN,0.0,1.7763568394002505e-15,7.956038125481531,1.1251537019813398,1.8385293287792592e-12
SVM (Wilcoxon - inCV),Integrated-RFECV (L1-LR) + LR,101.0,3.6178078353131617e-07,-5.088041201219397,-0.7195576872677565,8.248601864514009e-05
SVM (Wilcoxon - inCV),Integrated-RFECV (L1-LR) + KNN,0.0,1.7763568394002505e-15,7.956038125481531,1.1251537019813398,1.8385293287792592e-12
SVM (Wilcoxon - inCV),Integrated-RFECV (L1-LR) + Naive Bayes,192.0,5.367254770405339e-06,4.549895563309199,0.6434524013013042,0.0009989569857536762
SVM (Kruskal - inCV),SVM (Chi-square - inCV),0.0,1.7763568394002505e-15,-7.956038125481531,-1.1251537019813398,1.8385293287792592e-12
SVM (Kruskal - inCV),SVM (KS - inCV),0.0,1.7763568394002505e-15,-7.956038125481531,-1.1251537019813398,1.8385293287792592e-12
SVM (Kruskal - inCV),K-Neighbors (MW - inCV),407.0,0.025500083179634814,2.2337415534124787,0.31589875996722727,1.0
SVM (Kruskal - inCV),K-Neighbors (Wilcoxon - inCV),335.0,0.002996250182501825,2.9681223712733016,0.4197558912237694,0.37453127281272813
SVM (Kruskal - inCV),K-Neighbors (Kruskal - inCV),252.0,0.00011374680137699045,3.8592258047693875,0.5457769473365089,0.01751700741205653
SVM (Kruskal - inCV),K-Neighbors (Chi-square - inCV),606.0,0.766732668436843,-0.29665139512798205,-0.04195284262868921,1.0
SVM (Kruskal - inCV),K-Neighbors (KS - inCV),209.0,5.976585237652229e-05,4.01373338160709,0.5676276184018372,0.009801599789749656
SVM (Kruskal - inCV),Decision Tree (MW - inCV),82.0,1.7568968502246207e-09,-6.018823152015437,-0.8511901331105411,5.639638889221033e-07
SVM (Kruskal - inCV),Decision Tree (Wilcoxon - inCV),112.0,6.403891610776942e-07,-4.978620960332957,-0.7040833284017831,0.00014152600459817042
SVM (Kruskal - inCV),Decision Tree (Kruskal - inCV),133.0,1.2141019567479816e-07,-5.291359872755751,-0.7483112895447958,3.0473959114374338e-05
SVM (Kruskal - inCV),Decision Tree (Chi-square - inCV),176.0,1.4119532304343915e-05,-4.341994104266406,-0.614050694999757,0.002485037685564529
SVM (Kruskal - inCV),Decision Tree (KS - inCV),133.0,1.2141019567479816e-07,-5.291359872755751,-0.7483112895447958,3.0473959114374338e-05
SVM (Kruskal - inCV),Naive Bayes (MW - inCV),576.0,0.7165479226795088,-0.36307625385045555,-0.05134673623709309,1.0
SVM (Kruskal - inCV),Naive Bayes (Wilcoxon - inCV),564.0,0.8055606363451162,0.24615708295465308,0.03481186851886694,1.0
SVM (Kruskal - inCV),Naive Bayes (Kruskal - inCV),85.0,1.54429974258478e-07,5.247197915236035,0.742065845618263,3.7835343693327114e-05
SVM (Kruskal - inCV),Naive Bayes (Chi-square - inCV),514.0,0.32718064535777236,-0.9798085206649274,-0.13856584984530593,1.0
SVM (Kruskal - inCV),Naive Bayes (KS - inCV),473.0,0.11393994202132163,1.580729317296681,0.22354888389617297,1.0
SVM (Kruskal - inCV),Integrated-SelectFromModel (L1-LR selector) + LR,0.0,1.7763568394002505e-15,-7.956038125481531,-1.1251537019813398,1.8385293287792592e-12
SVM (Kruskal - inCV),Integrated-SelectFromModel (L1-LR selector) + SVM,0.0,1.7763568394002505e-15,-7.956038125481531,-1.1251537019813398,1.8385293287792592e-12
SVM (Kruskal - inCV),Integrated-SelectFromModel (L1-LR selector) + KNN,0.0,1.7763568394002505e-15,7.956038125481531,1.1251537019813398,1.8385293287792592e-12
SVM (Kruskal - inCV),Integrated-SelectFromModel (L1-LR selector) + Naive Bayes,46.0,3.40367733997482e-11,-6.627955631297833,-0.9373344744588524,1.834582086246428e-08
SVM (Kruskal - inCV),Integrated-SelectFromModel (RF selector) + RF,0.0,1.7763568394002505e-15,-7.956038125481531,-1.1251537019813398,1.8385293287792592e-12
SVM (Kruskal - inCV),Integrated-SelectFromModel (RF selector) + LR,0.0,1.7763568394002505e-15,-7.956038125481531,-1.1251537019813398,1.8385293287792592e-12
SVM (Kruskal - inCV),Integrated-SelectFromModel (RF selector) + KNN,0.0,7.553512643873762e-10,6.154036838995318,0.870312236105083,3.791298254797769e-07
SVM (Kruskal - inCV),Integrated-RFECV (L1-LR) + LR,0.0,1.7763568394002505e-15,-7.956038125481531,-1.1251537019813398,1.8385293287792592e-12
SVM (Kruskal - inCV),Integrated-RFECV (L1-LR) + KNN,0.0,7.555220876380673e-10,6.154000996674732,0.870307167235495,3.791298254797769e-07
SVM (Kruskal - inCV),Integrated-RFECV (L1-LR) + Naive Bayes,146.0,3.0412363649645613e-07,-5.120873486663943,-0.7242008736036947,7.055668366717782e-05
SVM (Chi-square - inCV),SVM (KS - inCV),249.0,0.0005071168317600691,3.476968796734475,0.49171764282899555,0.07353194060521001
SVM (Chi-square - inCV),K-Neighbors (MW - inCV),0.0,1.7763568394002505e-15,7.956038125481531,1.1251537019813398,1.8385293287792592e-12
SVM (Chi-square - inCV),K-Neighbors (Wilcoxon - inCV),0.0,1.7763568394002505e-15,7.956038125481531,1.1251537019813398,1.8385293287792592e-12
SVM (Chi-square - inCV),K-Neighbors (Kruskal - inCV),0.0,1.7763568394002505e-15,7.956038125481531,1.1251537019813398,1.8385293287792592e-12
SVM (Chi-square - inCV),K-Neighbors (Chi-square - inCV),0.0,1.7763568394002505e-15,7.956038125481531,1.1251537019813398,1.8385293287792592e-12
SVM (Chi-square - inCV),K-Neighbors (KS - inCV),0.0,1.7763568394002505e-15,7.956038125481531,1.1251537019813398,1.8385293287792592e-12
SVM (Chi-square - inCV),Decision Tree (MW - inCV),169.0,1.3667570399888973e-06,4.829792063612173,0.6830357439802273,0.00028428546431769064
SVM (Chi-square - inCV),Decision Tree (Wilcoxon - inCV),102.0,3.812402633016023e-07,5.078093906593358,0.71815092737085,8.654153976946373e-05
SVM (Chi-square - inCV),Decision Tree (Kruskal - inCV),76.0,9.785132704109856e-10,6.1128761252929245,0.8644912321495949,3.791298254797769e-07
SVM (Chi-square - inCV),Decision Tree (Chi-square - inCV),58.0,1.4432899320127035e-10,6.411252423930071,0.9066880129719286,7.620570841027074e-08
SVM (Chi-square - inCV),Decision Tree (KS - inCV),72.0,6.535714192068554e-10,6.176936988638659,0.8735508063256816,3.3332142379549623e-07
SVM (Chi-square - inCV),Naive Bayes (MW - inCV),0.0,1.7763568394002505e-15,7.956038125481531,1.1251537019813398,1.8385293287792592e-12
SVM (Chi-square - inCV),Naive Bayes (Wilcoxon - inCV),0.0,1.7763568394002505e-15,7.956038125481531,1.1251537019813398,1.8385293287792592e-12
SVM (Chi-square - inCV),Naive Bayes (Kruskal - inCV),0.0,1.7763568394002505e-15,7.956038125481531,1.1251537019813398,1.8385293287792592e-12
SVM (Chi-square - inCV),Naive Bayes (Chi-square - inCV),5.0,1.7763568394002505e-14,7.665860858431098,1.0841164393258316,1.1315393066979595e-11
SVM (Chi-square - inCV),Naive Bayes (KS - inCV),0.0,1.7763568394002505e-15,7.956038125481531,1.1251537019813398,1.8385293287792592e-12
SVM (Chi-square - inCV),Integrated-SelectFromModel (L1-LR selector) + LR,114.0,2.8573925447972215e-08,-5.549957376536288,-0.7848824992490221,7.714959870952498e-06
SVM (Chi-square - inCV),Integrated-SelectFromModel (L1-LR selector) + SVM,0.0,1.7763568394002505e-15,-7.956038125481531,-1.1251537019813398,1.8385293287792592e-12
SVM (Chi-square - inCV),Integrated-SelectFromModel (L1-LR selector) + KNN,0.0,7.555220876380673e-10,6.154000996674732,0.870307167235495,3.791298254797769e-07
SVM (Chi-square - inCV),Integrated-SelectFromModel (L1-LR selector) + Naive Bayes,131.0,1.0490046520317264e-07,5.318023600557078,0.7520821100928019,2.6749618626809024e-05
SVM (Chi-square - inCV),Integrated-SelectFromModel (RF selector) + RF,34.0,5.684387116025299e-09,-5.825787610185413,-0.8238907849829353,1.688262973459514e-06
SVM (Chi-square - inCV),Integrated-SelectFromModel (RF selector) + LR,11.0,9.769962616701378e-14,-7.443975501082831,-1.0527371111604396,5.940137270954438e-11
SVM (Chi-square - inCV),Integrated-SelectFromModel (RF selector) + KNN,0.0,1.7763568394002505e-15,7.956038125481531,1.1251537019813398,1.8385293287792592e-12
SVM (Chi-square - inCV),Integrated-RFECV (L1-LR) + LR,147.0,3.648443105419524e-06,-4.630465648421563,-0.6548467320100502,0.00068955574692429
SVM (Chi-square - inCV),Integrated-RFECV (L1-LR) + KNN,0.0,7.555220876380673e-10,6.154000996674732,0.870307167235495,3.791298254797769e-07
SVM (Chi-square - inCV),Integrated-RFECV (L1-LR) + Naive Bayes,167.0,1.206143563692308e-06,4.854625678201598,0.6865477474357384,0.0002557024355027693
SVM (KS - inCV),K-Neighbors (MW - inCV),0.0,1.7763568394002505e-15,7.956038125481531,1.1251537019813398,1.8385293287792592e-12
SVM (KS - inCV),K-Neighbors (Wilcoxon - inCV),0.0,1.7763568394002505e-15,7.956038125481531,1.1251537019813398,1.8385293287792592e-12
SVM (KS - inCV),K-Neighbors (Kruskal - inCV),0.0,1.7763568394002505e-15,7.956038125481531,1.1251537019813398,1.8385293287792592e-12
SVM (KS - inCV),K-Neighbors (Chi-square - inCV),0.0,1.7763568394002505e-15,7.956038125481531,1.1251537019813398,1.8385293287792592e-12
SVM (KS - inCV),K-Neighbors (KS - inCV),0.0,1.7763568394002505e-15,7.956038125481531,1.1251537019813398,1.8385293287792592e-12
SVM (KS - inCV),Decision Tree (MW - inCV),364.0,0.013439608424081387,2.471902714570909,0.3495798343813049,1.0
SVM (KS - inCV),Decision Tree (Wilcoxon - inCV),240.0,6.508990648690371e-05,3.993555237060321,0.5647739978336807,0.010609654757365305
SVM (KS - inCV),Decision Tree (Kruskal - inCV),179.0,2.5156639491541455e-06,4.7068560669366875,0.6656499685999948,0.0004880388061359042
SVM (KS - inCV),Decision Tree (Chi-square - inCV),209.0,1.367585375788849e-05,4.3490018839560305,0.6150417447076759,0.0024206261151462627
SVM (KS - inCV),Decision Tree (KS - inCV),194.0,6.010637926934237e-06,4.526014775598196,0.6400751479151989,0.0011119680164828338
SVM (KS - inCV),Naive Bayes (MW - inCV),0.0,1.7763568394002505e-15,7.956038125481531,1.1251537019813398,1.8385293287792592e-12
SVM (KS - inCV),Naive Bayes (Wilcoxon - inCV),0.0,1.7763568394002505e-15,7.956038125481531,1.1251537019813398,1.8385293287792592e-12
SVM (KS - inCV),Naive Bayes (Kruskal - inCV),0.0,1.7763568394002505e-15,7.956038125481531,1.1251537019813398,1.8385293287792592e-12
SVM (KS - inCV),Naive Bayes (Chi-square - inCV),4.0,1.2434497875801753e-14,7.7115025445745395,1.0905711484811946,8.020251129892131e-12
SVM (KS - inCV),Naive Bayes (KS - inCV),0.0,1.7763568394002505e-15,7.956038125481531,1.1251537019813398,1.8385293287792592e-12
SVM (KS - inCV),Integrated-SelectFromModel (L1-LR selector) + LR,15.0,2.433608869978343e-13,-7.322517875068927,-1.0355604089641892,1.4504308865070925e-10
SVM (KS - inCV),Integrated-SelectFromModel (L1-LR selector) + SVM,0.0,7.555220876380673e-10,-6.154000996674732,-0.870307167235495,3.791298254797769e-07
SVM (KS - inCV),Integrated-SelectFromModel (L1-LR selector) + KNN,0.0,1.7763568394002505e-15,7.956038125481531,1.1251537019813398,1.8385293287792592e-12
SVM (KS - inCV),Integrated-SelectFromModel (L1-LR selector) + Naive Bayes,351.0,0.009289352608290816,2.601217544709427,0.36786771304109145,1.0
SVM (KS - inCV),Integrated-SelectFromModel (RF selector) + RF,0.0,7.555220876380673e-10,-6.154000996674732,-0.870307167235495,3.791298254797769e-07
SVM (KS - inCV),Integrated-SelectFromModel (RF selector) + LR,0.0,1.7763568394002505e-15,-7.956038125481531,-1.1251537019813398,1.8385293287792592e-12
SVM (KS - inCV),Integrated-SelectFromModel (RF selector) + KNN,0.0,1.7763568394002505e-15,7.956038125481531,1.1251537019813398,1.8385293287792592e-12
SVM (KS - inCV),Integrated-RFECV (L1-LR) + LR,13.0,1.6544463328964658e-09,-6.0285427544354135,-0.8525646924668616,5.343861655255584e-07
SVM (KS - inCV),Integrated-RFECV (L1-LR) + KNN,0.0,1.7763568394002505e-15,7.956038125481531,1.1251537019813398,1.8385293287792592e-12
SVM (KS - inCV),Integrated-RFECV (L1-LR) + Naive Bayes,395.0,0.019235582010228156,2.340933712460584,0.3310580204778157,1.0
K-Neighbors (MW - inCV),K-Neighbors (Wilcoxon - inCV),371.0,0.2180816681051977,1.2316451479050081,0.1741809272198279,1.0
K-Neighbors (MW - inCV),K-Neighbors (Kruskal - inCV),439.0,0.0843733910111204,1.7258556176179183,0.24407284211330543,1.0
K-Neighbors (MW - inCV),K-Neighbors (Chi-square - inCV),318.0,0.0033953155494004243,-2.929478267368744,-0.41429078963901134,0.4176238125762522
K-Neighbors (MW - inCV),K-Neighbors (KS - inCV),277.5,0.0005104715382263487,3.475200562828084,0.49146757679180897,0.07353194060521001
K-Neighbors (MW - inCV),Decision Tree (MW - inCV),31.0,4.218847493575595e-12,-6.92964944110299,-0.9800004222098986,2.341460358934455e-09
K-Neighbors (MW - inCV),Decision Tree (Wilcoxon - inCV),71.0,5.897913268881894e-10,-6.193135102733352,-0.8758415655894398,3.0197315936675295e-07
K-Neighbors (MW - inCV),Decision Tree (Kruskal - inCV),83.0,8.661590715610181e-08,-5.352774200244924,-0.7569965870307168,2.234690404627427e-05
K-Neighbors (MW - inCV),Decision Tree (Chi-square - inCV),79.0,1.3149694666481082e-09,-6.065557215185887,-0.8577993277065863,4.352548934605238e-07
K-Neighbors (MW - inCV),Decision Tree (KS - inCV),71.0,5.897913268881894e-10,-6.193135102733352,-0.8758415655894398,3.0197315936675295e-07
K-Neighbors (MW - inCV),Naive Bayes (MW - inCV),287.5,0.0007283812120265408,-3.3786672138606373,-0.47781569965870313,0.10124498847168917
K-Neighbors (MW - inCV),Naive Bayes (Wilcoxon - inCV),290.0,0.0007949881830860046,-3.354533876618775,-0.4744027303754266,0.10970836926586863
K-Neighbors (MW - inCV),Naive Bayes (Kruskal - inCV),210.0,1.4422642710343325e-05,4.337326307979584,0.6133905689182352,0.002523962474310082
K-Neighbors (MW - inCV),Naive Bayes (Chi-square - inCV),228.0,0.00022218593638710548,-3.692356244319796,-0.522178027783004,0.03332789045806582
K-Neighbors (MW - inCV),Naive Bayes (KS - inCV),508.0,0.4119176755679902,-0.8205236098488438,-0.11603956172955648,1.0
K-Neighbors (MW - inCV),Integrated-SelectFromModel (L1-LR selector) + LR,0.0,1.7763568394002505e-15,-7.956038125481531,-1.1251537019813398,1.8385293287792592e-12
K-Neighbors (MW - inCV),Integrated-SelectFromModel (L1-LR selector) + SVM,0.0,1.7763568394002505e-15,-7.956038125481531,-1.1251537019813398,1.8385293287792592e-12
K-Neighbors (MW - inCV),Integrated-SelectFromModel (L1-LR selector) + KNN,0.0,1.7763568394002505e-15,7.956038125481531,1.1251537019813398,1.8385293287792592e-12
K-Neighbors (MW - inCV),Integrated-SelectFromModel (L1-LR selector) + Naive Bayes,7.0,3.375077994860476e-14,-7.583056491845678,-1.07240613350095,2.119548980772379e-11
K-Neighbors (MW - inCV),Integrated-SelectFromModel (RF selector) + RF,0.0,1.7763568394002505e-15,-7.956038125481531,-1.1251537019813398,1.8385293287792592e-12
K-Neighbors (MW - inCV),Integrated-SelectFromModel (RF selector) + LR,0.0,7.555220876380673e-10,-6.154000996674732,-0.870307167235495,3.791298254797769e-07
K-Neighbors (MW - inCV),Integrated-SelectFromModel (RF selector) + KNN,0.0,7.555220876380673e-10,6.154000996674732,0.870307167235495,3.791298254797769e-07
K-Neighbors (MW - inCV),Integrated-RFECV (L1-LR) + LR,0.0,1.7763568394002505e-15,-7.956038125481531,-1.1251537019813398,1.8385293287792592e-12
K-Neighbors (MW - inCV),Integrated-RFECV (L1-LR) + KNN,0.0,1.7763568394002505e-15,7.956038125481531,1.1251537019813398,1.8385293287792592e-12
K-Neighbors (MW - inCV),Integrated-RFECV (L1-LR) + Naive Bayes,93.0,4.8571529021046445e-09,-5.851993611327563,-0.8275968732060146,1.4717173293377073e-06
K-Neighbors (Wilcoxon - inCV),K-Neighbors (Kruskal - inCV),545.0,0.5019361053800627,0.6714465396919275,0.09495688028408085,1.0
K-Neighbors (Wilcoxon - inCV),K-Neighbors (Chi-square - inCV),281.0,0.0009753989027676829,-3.2975281685322186,-0.46634090582455767,0.1316788518736372
K-Neighbors (Wilcoxon - inCV),K-Neighbors (KS - inCV),394.0,0.01806109651468013,2.36436319534162,0.33437144972279065,1.0
K-Neighbors (Wilcoxon - inCV),Decision Tree (MW - inCV),19.0,5.453415496958769e-13,-7.213493932591597,-1.0201420951567068,3.1738878192300035e-10
K-Neighbors (Wilcoxon - inCV),Decision Tree (Wilcoxon - inCV),22.0,4.257180677571756e-09,-5.873877476676547,-0.8306917191233826,1.2991598264732476e-06
K-Neighbors (Wilcoxon - inCV),Decision Tree (Kruskal - inCV),65.0,3.134559278805682e-10,-6.291973042954127,-0.8898193611431638,1.617432587863732e-07
K-Neighbors (Wilcoxon - inCV),Decision Tree (Chi-square - inCV),59.0,1.616786704516926e-10,-6.393926970893299,-0.9042378239060425,8.471962331668692e-08
K-Neighbors (Wilcoxon - inCV),Decision Tree (KS - inCV),42.0,2.022026990289305e-11,-6.70442375324876,-0.9481486999740725,1.0979606557270927e-08
K-Neighbors (Wilcoxon - inCV),Naive Bayes (MW - inCV),254.0,0.000613248726417714,-3.425686071118922,-0.48446517022089824,0.08646807042489768
K-Neighbors (Wilcoxon - inCV),Naive Bayes (Wilcoxon - inCV),265.0,0.000202796732962085,-3.7155068973802305,-0.5254520245365901,0.030622306677274835
K-Neighbors (Wilcoxon - inCV),Naive Bayes (Kruskal - inCV),312.0,0.0013303578723942167,3.209349252370011,0.4538705239093623,0.1756072391560366
K-Neighbors (Wilcoxon - inCV),Naive Bayes (Chi-square - inCV),223.0,0.00010685645403975631,-3.874471256842533,-0.5479329798451441,0.016562750376162227
K-Neighbors (Wilcoxon - inCV),Naive Bayes (KS - inCV),459.0,0.12678346096618878,-1.526909725097121,-0.21593764417517228,1.0
K-Neighbors (Wilcoxon - inCV),Integrated-SelectFromModel (L1-LR selector) + LR,0.0,1.7763568394002505e-15,-7.956038125481531,-1.1251537019813398,1.8385293287792592e-12
K-Neighbors (Wilcoxon - inCV),Integrated-SelectFromModel (L1-LR selector) + SVM,0.0,1.7763568394002505e-15,-7.956038125481531,-1.1251537019813398,1.8385293287792592e-12
K-Neighbors (Wilcoxon - inCV),Integrated-SelectFromModel (L1-LR selector) + KNN,0.0,1.7763568394002505e-15,7.956038125481531,1.1251537019813398,1.8385293287792592e-12
K-Neighbors (Wilcoxon - inCV),Integrated-SelectFromModel (L1-LR selector) + Naive Bayes,7.0,3.375077994860476e-14,-7.583056491845678,-1.07240613350095,2.119548980772379e-11
K-Neighbors (Wilcoxon - inCV),Integrated-SelectFromModel (RF selector) + RF,0.0,1.7763568394002505e-15,-7.956038125481531,-1.1251537019813398,1.8385293287792592e-12
K-Neighbors (Wilcoxon - inCV),Integrated-SelectFromModel (RF selector) + LR,0.0,1.7763568394002505e-15,-7.956038125481531,-1.1251537019813398,1.8385293287792592e-12
K-Neighbors (Wilcoxon - inCV),Integrated-SelectFromModel (RF selector) + KNN,0.0,7.555220876380673e-10,6.154000996674732,0.870307167235495,3.791298254797769e-07
K-Neighbors (Wilcoxon - inCV),Integrated-RFECV (L1-LR) + LR,0.0,1.7763568394002505e-15,-7.956038125481531,-1.1251537019813398,1.8385293287792592e-12
K-Neighbors (Wilcoxon - inCV),Integrated-RFECV (L1-LR) + KNN,0.0,7.555220876380673e-10,6.154000996674732,0.870307167235495,3.791298254797769e-07
K-Neighbors (Wilcoxon - inCV),Integrated-RFECV (L1-LR) + Naive Bayes,100.0,8.970399534291573e-09,-5.74912968436522,-0.8130497171471046,2.610386264478848e-06
K-Neighbors (Kruskal - inCV),K-Neighbors (Chi-square - inCV),248.0,9.468707561843814e-05,-3.9038177975498813,-0.5520832074328508,0.015024445469675988
K-Neighbors (Kruskal - inCV),K-Neighbors (KS - inCV),530.0,0.4118446292938597,0.8206518066482898,0.11605769149479944,1.0
K-Neighbors (Kruskal - inCV),Decision Tree (MW - inCV),17.0,3.6770586575585185e-13,-7.266945941938681,-1.0277013508121808,2.1731416666170844e-10
K-Neighbors (Kruskal - inCV),Decision Tree (Wilcoxon - inCV),28.0,2.6343371928305714e-12,-6.995967970693875,-0.9893792786083057,1.47522882798512e-09
K-Neighbors (Kruskal - inCV),Decision Tree (Kruskal - inCV),67.0,3.8819791825517314e-10,-6.258700764202439,-0.8851139503569944,1.99533729983159e-07
K-Neighbors (Kruskal - inCV),Decision Tree (Chi-square - inCV),61.0,2.0232171493717033e-10,-6.359568178240554,-0.8993787568504148,1.0540961348226574e-07
K-Neighbors (Kruskal - inCV),Decision Tree (KS - inCV),29.0,3.0890845437170356e-12,-6.973610562599213,-0.9862174636336076,1.7267982599378229e-09
K-Neighbors (Kruskal - inCV),Naive Bayes (MW - inCV),263.0,0.0001858580190070569,-3.737501449320225,-0.528562523901776,0.028250418889072648
K-Neighbors (Kruskal - inCV),Naive Bayes (Wilcoxon - inCV),238.0,5.9166993136017254e-05,-4.016108623181579,-0.5679635282866927,0.009762553867442847
K-Neighbors (Kruskal - inCV),Naive Bayes (Kruskal - inCV),376.0,0.01864592593471131,2.3525351790584312,0.3326987156184251,1.0
K-Neighbors (Kruskal - inCV),Naive Bayes (Chi-square - inCV),182.0,3.006746544187422e-06,-4.670358419981241,-0.660488421868085,0.000577295336483985
K-Neighbors (Kruskal - inCV),Naive Bayes (KS - inCV),400.0,0.0345323437465721,-2.113800108033473,-0.2989364780926651,1.0
K-Neighbors (Kruskal - inCV),Integrated-SelectFromModel (L1-LR selector) + LR,0.0,1.7763568394002505e-15,-7.956038125481531,-1.1251537019813398,1.8385293287792592e-12
K-Neighbors (Kruskal - inCV),Integrated-SelectFromModel (L1-LR selector) + SVM,0.0,1.7763568394002505e-15,-7.956038125481531,-1.1251537019813398,1.8385293287792592e-12
K-Neighbors (Kruskal - inCV),Integrated-SelectFromModel (L1-LR selector) + KNN,0.0,7.555220876380673e-10,6.154000996674732,0.870307167235495,3.791298254797769e-07
K-Neighbors (Kruskal - inCV),Integrated-SelectFromModel (L1-LR selector) + Naive Bayes,3.0,8.881784197001252e-15,-7.754320376295517,-1.0966265043143162,5.808686864838819e-12
K-Neighbors (Kruskal - inCV),Integrated-SelectFromModel (RF selector) + RF,0.0,1.7763568394002505e-15,-7.956038125481531,-1.1251537019813398,1.8385293287792592e-12
K-Neighbors (Kruskal - inCV),Integrated-SelectFromModel (RF selector) + LR,0.0,7.555220876380673e-10,-6.154000996674732,-0.870307167235495,3.791298254797769e-07
K-Neighbors (Kruskal - inCV),Integrated-SelectFromModel (RF selector) + KNN,0.0,7.553512643873762e-10,6.154036838995318,0.870312236105083,3.791298254797769e-07
K-Neighbors (Kruskal - inCV),Integrated-RFECV (L1-LR) + LR,0.0,1.7763568394002505e-15,-7.956038125481531,-1.1251537019813398,1.8385293287792592e-12
K-Neighbors (Kruskal - inCV),Integrated-RFECV (L1-LR) + KNN,0.0,1.7763568394002505e-15,7.956038125481531,1.1251537019813398,1.8385293287792592e-12
K-Neighbors (Kruskal - inCV),Integrated-RFECV (L1-LR) + Naive Bayes,48.0,4.3806736016449577e-11,-6.5905950074247315,-0.9320508843608464,2.3524217240833423e-08
K-Neighbors (Chi-square - inCV),K-Neighbors (KS - inCV),94.0,5.310079487230723e-09,5.837151543943659,0.8254978879072175,1.5877137666819863e-06
K-Neighbors (Chi-square - inCV),Decision Tree (MW - inCV),38.0,7.158030743286194e-09,-5.787174270598434,-0.8184300341296928,2.0901449770395684e-06
K-Neighbors (Chi-square - inCV),Decision Tree (Wilcoxon - inCV),107.0,1.6183291151605772e-08,-5.648522247368568,-0.7988216769594784,4.531321522449616e-06
K-Neighbors (Chi-square - inCV),Decision Tree (Kruskal - inCV),127.0,1.369371305103974e-06,-4.82941154094236,-0.6829819299481833,0.00028428546431769064
K-Neighbors (Chi-square - inCV),Decision Tree (Chi-square - inCV),123.0,5.7649630846867694e-08,-5.425942147576705,-0.7673440973754773,1.5104203281879336e-05
K-Neighbors (Chi-square - inCV),Decision Tree (KS - inCV),94.0,5.310079487230723e-09,-5.837151543943659,-0.8254978879072175,1.5877137666819863e-06
K-Neighbors (Chi-square - inCV),Naive Bayes (MW - inCV),591.0,0.6535181719012829,-0.4488800726986275,-0.06348122866894199,1.0
K-Neighbors (Chi-square - inCV),Naive Bayes (Wilcoxon - inCV),613.0,0.81837027658068,-0.22964160244255327,-0.03247622686593493,1.0
K-Neighbors (Chi-square - inCV),Naive Bayes (Kruskal - inCV),63.0,2.5226754019058717e-10,6.325589558663674,0.8945734543867808,1.3067458581872415e-07
K-Neighbors (Chi-square - inCV),Naive Bayes (Chi-square - inCV),517.0,0.24473747344247077,-1.1632268550577334,-0.1645051194539249,1.0
K-Neighbors (Chi-square - inCV),Naive Bayes (KS - inCV),403.0,0.022974872408266123,2.2738522346788024,0.32157126691151316,1.0
K-Neighbors (Chi-square - inCV),Integrated-SelectFromModel (L1-LR selector) + LR,0.0,1.7763568394002505e-15,-7.956038125481531,-1.1251537019813398,1.8385293287792592e-12
K-Neighbors (Chi-square - inCV),Integrated-SelectFromModel (L1-LR selector) + SVM,0.0,7.553512643873762e-10,-6.154036838995318,-0.870312236105083,3.791298254797769e-07
K-Neighbors (Chi-square - inCV),Integrated-SelectFromModel (L1-LR selector) + KNN,0.0,1.7763568394002505e-15,7.956038125481531,1.1251537019813398,1.8385293287792592e-12
K-Neighbors (Chi-square - inCV),Integrated-SelectFromModel (L1-LR selector) + Naive Bayes,18.0,4.4941828036826337e-13,-7.239778449888348,-1.0238592872408565,2.638085305761706e-10
K-Neighbors (Chi-square - inCV),Integrated-SelectFromModel (RF selector) + RF,0.0,1.7763568394002505e-15,-7.956038125481531,-1.1251537019813398,1.8385293287792592e-12
K-Neighbors (Chi-square - inCV),Integrated-SelectFromModel (RF selector) + LR,0.0,1.7763568394002505e-15,-7.956038125481531,-1.1251537019813398,1.8385293287792592e-12
K-Neighbors (Chi-square - inCV),Integrated-SelectFromModel (RF selector) + KNN,0.0,7.555220876380673e-10,6.154000996674732,0.870307167235495,3.791298254797769e-07
K-Neighbors (Chi-square - inCV),Integrated-RFECV (L1-LR) + LR,0.0,1.7763568394002505e-15,-7.956038125481531,-1.1251537019813398,1.8385293287792592e-12
K-Neighbors (Chi-square - inCV),Integrated-RFECV (L1-LR) + KNN,0.0,1.7763568394002505e-15,7.956038125481531,1.1251537019813398,1.8385293287792592e-12
K-Neighbors (Chi-square - inCV),Integrated-RFECV (L1-LR) + Naive Bayes,139.0,1.4928723347864114e-06,-4.812187446027221,-0.6805460750853243,0.00030603882863121433
K-Neighbors (KS - inCV),Decision Tree (MW - inCV),11.0,9.769962616701378e-14,-7.443975501082831,-1.0527371111604396,5.940137270954438e-11
K-Neighbors (KS - inCV),Decision Tree (Wilcoxon - inCV),31.0,4.218847493575595e-12,-6.92964944110299,-0.9800004222098986,2.341460358934455e-09
K-Neighbors (KS - inCV),Decision Tree (Kruskal - inCV),58.0,1.4432899320127035e-10,-6.411252423930071,-0.9066880129719286,7.620570841027074e-08
K-Neighbors (KS - inCV),Decision Tree (Chi-square - inCV),32.0,4.9116266609416925e-12,-6.908107233972743,-0.976953894061194,2.7063062901788726e-09
K-Neighbors (KS - inCV),Decision Tree (KS - inCV),10.0,2.0569458285737544e-09,-5.993245012189026,-0.8475728378862625,6.479379360007326e-07
K-Neighbors (KS - inCV),Naive Bayes (MW - inCV),158.0,6.78354924232849e-07,-4.9674601496618,-0.7025049514199602,0.0001492380833312268
K-Neighbors (KS - inCV),Naive Bayes (Wilcoxon - inCV),101.0,5.885483223611942e-07,-4.994937474954835,-0.7063908320286749,0.00013079591103426957
K-Neighbors (KS - inCV),Naive Bayes (Kruskal - inCV),417.0,0.05181156528800345,1.9446960993907956,0.27502155984525195,1.0
K-Neighbors (KS - inCV),Naive Bayes (Chi-square - inCV),136.0,1.507920117660433e-07,-5.251589767531072,-0.7426869473262211,3.724562690621269e-05
K-Neighbors (KS - inCV),Naive Bayes (KS - inCV),291.0,0.0005966978973450665,-3.4331109368504817,-0.48551520480253535,0.08532779932034451
K-Neighbors (KS - inCV),Integrated-SelectFromModel (L1-LR selector) + LR,0.0,1.7763568394002505e-15,-7.956038125481531,-1.1251537019813398,1.8385293287792592e-12
K-Neighbors (KS - inCV),Integrated-SelectFromModel (L1-LR selector) + SVM,0.0,1.7763568394002505e-15,-7.956038125481531,-1.1251537019813398,1.8385293287792592e-12
K-Neighbors (KS - inCV),Integrated-SelectFromModel (L1-LR selector) + KNN,0.0,1.7763568394002505e-15,7.956038125481531,1.1251537019813398,1.8385293287792592e-12
K-Neighbors (KS - inCV),Integrated-SelectFromModel (L1-LR selector) + Naive Bayes,1.0,3.552713678800501e-15,-7.869777910570139,-1.1129546653992488,2.454925152051146e-12
K-Neighbors (KS - inCV),Integrated-SelectFromModel (RF selector) + RF,0.0,1.7763568394002505e-15,-7.956038125481531,-1.1251537019813398,1.8385293287792592e-12
K-Neighbors (KS - inCV),Integrated-SelectFromModel (RF selector) + LR,0.0,1.7763568394002505e-15,-7.956038125481531,-1.1251537019813398,1.8385293287792592e-12
K-Neighbors (KS - inCV),Integrated-SelectFromModel (RF selector) + KNN,0.0,1.7763568394002505e-15,7.956038125481531,1.1251537019813398,1.8385293287792592e-12
K-Neighbors (KS - inCV),Integrated-RFECV (L1-LR) + LR,0.0,1.7763568394002505e-15,-7.956038125481531,-1.1251537019813398,1.8385293287792592e-12
K-Neighbors (KS - inCV),Integrated-RFECV (L1-LR) + KNN,0.0,1.7763568394002505e-15,7.956038125481531,1.1251537019813398,1.8385293287792592e-12
K-Neighbors (KS - inCV),Integrated-RFECV (L1-LR) + Naive Bayes,59.0,1.616786704516926e-10,-6.393926970893299,-0.9042378239060425,8.471962331668692e-08
Decision Tree (MW - inCV),Decision Tree (Wilcoxon - inCV),228.0,0.008688652339547073,2.6240676587353056,0.37109920715680833,1.0
Decision Tree (MW - inCV),Decision Tree (Kruskal - inCV),373.0,0.02744306528023885,2.2051572014687664,0.3118563221481829,1.0
Decision Tree (MW - inCV),Decision Tree (Chi-square - inCV),320.0,0.04112339804402021,2.042283699746084,0.2888225306394414,1.0
Decision Tree (MW - inCV),Decision Tree (KS - inCV),341.0,0.01828373563329182,2.3598213913091346,0.3337291416367525,1.0
Decision Tree (MW - inCV),Naive Bayes (MW - inCV),93.0,4.8571529021046445e-09,5.851993611327563,0.8275968732060146,1.4717173293377073e-06
Decision Tree (MW - inCV),Naive Bayes (Wilcoxon - inCV),81.0,1.5961560961841315e-09,6.034338054747779,0.8533842716968388,5.187507312598427e-07
Decision Tree (MW - inCV),Naive Bayes (Kruskal - inCV),10.0,7.638334409421077e-14,7.476404948078904,1.05732332753665,4.68229899297512e-11
Decision Tree (MW - inCV),Naive Bayes (Chi-square - inCV),98.5,1.959412176234629e-07,5.203147509345381,0.7358361774744029,4.70258922296311e-05
Decision Tree (MW - inCV),Naive Bayes (KS - inCV),44.0,2.630606843467831e-11,6.665893102965971,0.942699643154375,1.4231583023160965e-08
Decision Tree (MW - inCV),Integrated-SelectFromModel (L1-LR selector) + LR,7.0,3.375077994860476e-14,-7.583056491845678,-1.07240613350095,2.119548980772379e-11
Decision Tree (MW - inCV),Integrated-SelectFromModel (L1-LR selector) + SVM,0.0,1.7763568394002505e-15,-7.956038125481531,-1.1251537019813398,1.8385293287792592e-12
Decision Tree (MW - inCV),Integrated-SelectFromModel (L1-LR selector) + KNN,0.0,1.7763568394002505e-15,7.956038125481531,1.1251537019813398,1.8385293287792592e-12
Decision Tree (MW - inCV),Integrated-SelectFromModel (L1-LR selector) + Naive Bayes,597.0,0.7018365959451138,0.38284243445055743,0.054142096305191095,1.0
Decision Tree (MW - inCV),Integrated-SelectFromModel (RF selector) + RF,0.0,1.7763568394002505e-15,-7.956038125481531,-1.1251537019813398,1.8385293287792592e-12
Decision Tree (MW - inCV),Integrated-SelectFromModel (RF selector) + LR,0.0,1.7763568394002505e-15,-7.956038125481531,-1.1251537019813398,1.8385293287792592e-12
Decision Tree (MW - inCV),Integrated-SelectFromModel (RF selector) + KNN,0.0,7.555220876380673e-10,6.154000996674732,0.870307167235495,3.791298254797769e-07
Decision Tree (MW - inCV),Integrated-RFECV (L1-LR) + LR,7.0,1.1545779354322477e-09,-6.08642765239752,-0.8607508532423209,3.8562903043437075e-07
Decision Tree (MW - inCV),Integrated-RFECV (L1-LR) + KNN,0.0,1.7763568394002505e-15,7.956038125481531,1.1251537019813398,1.8385293287792592e-12
Decision Tree (MW - inCV),Integrated-RFECV (L1-LR) + Naive Bayes,546.0,0.5082948606967681,0.661495092631652,0.0935495331442929,1.0
Decision Tree (Wilcoxon - inCV),Decision Tree (Kruskal - inCV),546.0,0.5082948606967681,0.661495092631652,0.0935495331442929,1.0
Decision Tree (Wilcoxon - inCV),Decision Tree (Chi-square - inCV),581.0,0.9427644026876507,-0.07179581586177378,-0.010153461651336185,1.0
Decision Tree (Wilcoxon - inCV),Decision Tree (KS - inCV),594.0,0.8539938814440382,0.1840249505817378,0.026025058092773216,1.0
Decision Tree (Wilcoxon - inCV),Naive Bayes (MW - inCV),178.0,2.36936675790389e-06,4.71906022240515,0.6673758968180757,0.0004620265177912586
Decision Tree (Wilcoxon - inCV),Naive Bayes (Wilcoxon - inCV),175.0,1.9767201369091936e-06,4.755789854556498,0.6725702512110168,0.0003933673072449295
Decision Tree (Wilcoxon - inCV),Naive Bayes (Kruskal - inCV),21.0,7.94031507211912e-13,7.16218157502765,1.0128854319582796,4.5577408513963746e-10
Decision Tree (Wilcoxon - inCV),Naive Bayes (Chi-square - inCV),179.0,2.5156639491541455e-06,4.7068560669366875,0.6656499685999948,0.0004880388061359042
Decision Tree (Wilcoxon - inCV),Naive Bayes (KS - inCV),102.0,1.0642100534141719e-08,5.720164442241856,0.8089534133222763,3.0436407527645315e-06
Decision Tree (Wilcoxon - inCV),Integrated-SelectFromModel (L1-LR selector) + LR,3.0,8.881784197001252e-15,-7.754320376295517,-1.0966265043143162,5.808686864838819e-12
Decision Tree (Wilcoxon - inCV),Integrated-SelectFromModel (L1-LR selector) + SVM,0.0,1.7763568394002505e-15,-7.956038125481531,-1.1251537019813398,1.8385293287792592e-12
Decision Tree (Wilcoxon - inCV),Integrated-SelectFromModel (L1-LR selector) + KNN,0.0,1.7763568394002505e-15,7.956038125481531,1.1251537019813398,1.8385293287792592e-12
Decision Tree (Wilcoxon - inCV),Integrated-SelectFromModel (L1-LR selector) + Naive Bayes,477.0,0.12316903051698347,-1.541607382372825,-0.21801620680061348,1.0
Decision Tree (Wilcoxon - inCV),Integrated-SelectFromModel (RF selector) + RF,0.0,1.7763568394002505e-15,-7.956038125481531,-1.1251537019813398,1.8385293287792592e-12
Decision Tree (Wilcoxon - inCV),Integrated-SelectFromModel (RF selector) + LR,0.0,1.7763568394002505e-15,-7.956038125481531,-1.1251537019813398,1.8385293287792592e-12
Decision Tree (Wilcoxon - inCV),Integrated-SelectFromModel (RF selector) + KNN,0.0,1.7763568394002505e-15,7.956038125481531,1.1251537019813398,1.8385293287792592e-12
Decision Tree (Wilcoxon - inCV),Integrated-RFECV (L1-LR) + LR,0.0,1.7763568394002505e-15,-7.956038125481531,-1.1251537019813398,1.8385293287792592e-12
Decision Tree (Wilcoxon - inCV),Integrated-RFECV (L1-LR) + KNN,0.0,1.7763568394002505e-15,7.956038125481531,1.1251537019813398,1.8385293287792592e-12
Decision Tree (Wilcoxon - inCV),Integrated-RFECV (L1-LR) + Naive Bayes,576.0,0.559104623193516,-0.584171962045723,-0.08261439114831623,1.0
Decision Tree (Kruskal - inCV),Decision Tree (Chi-square - inCV),599.0,0.7160933233749613,-0.3636848959860822,-0.051432811233376584,1.0
Decision Tree (Kruskal - inCV),Decision Tree (KS - inCV),545.0,0.6591902359251769,-0.4410314402937533,-0.06237126442963658,1.0
Decision Tree (Kruskal - inCV),Naive Bayes (MW - inCV),195.0,6.358623311442102e-06,4.5140999250562155,0.6383901335921872,0.0011699866893053468
Decision Tree (Kruskal - inCV),Naive Bayes (Wilcoxon - inCV),163.0,9.364108866094512e-07,4.9045514221871525,0.6936083138613323,0.00020413757328086035
Decision Tree (Kruskal - inCV),Naive Bayes (Kruskal - inCV),24.0,1.3535839116229909e-12,7.088719673092127,1.0024963501547859,7.661284939786128e-10
Decision Tree (Kruskal - inCV),Naive Bayes (Chi-square - inCV),195.0,6.358623311442102e-06,4.5140999250562155,0.6383901335921872,0.0011699866893053468
Decision Tree (Kruskal - inCV),Naive Bayes (KS - inCV),103.0,1.158324636207908e-08,5.705749180815375,0.806914787500828,3.301225213192538e-06
Decision Tree (Kruskal - inCV),Integrated-SelectFromModel (L1-LR selector) + LR,13.0,1.5631940186722204e-13,-7.381667318455632,-1.043925403468619,9.347900231659878e-11
Decision Tree (Kruskal - inCV),Integrated-SelectFromModel (L1-LR selector) + SVM,0.0,1.7763568394002505e-15,-7.956038125481531,-1.1251537019813398,1.8385293287792592e-12
Decision Tree (Kruskal - inCV),Integrated-SelectFromModel (L1-LR selector) + KNN,0.0,1.7763568394002505e-15,7.956038125481531,1.1251537019813398,1.8385293287792592e-12
Decision Tree (Kruskal - inCV),Integrated-SelectFromModel (L1-LR selector) + Naive Bayes,416.0,0.03205348601661129,-2.143742984186386,-0.30317104024785585,1.0
Decision Tree (Kruskal - inCV),Integrated-SelectFromModel (RF selector) + RF,0.0,1.7763568394002505e-15,-7.956038125481531,-1.1251537019813398,1.8385293287792592e-12
Decision Tree (Kruskal - inCV),Integrated-SelectFromModel (RF selector) + LR,0.0,1.7763568394002505e-15,-7.956038125481531,-1.1251537019813398,1.8385293287792592e-12
Decision Tree (Kruskal - inCV),Integrated-SelectFromModel (RF selector) + KNN,0.0,1.7763568394002505e-15,7.956038125481531,1.1251537019813398,1.8385293287792592e-12
Decision Tree (Kruskal - inCV),Integrated-RFECV (L1-LR) + LR,11.0,9.769962616701378e-14,-7.443975501082831,-1.0527371111604396,5.940137270954438e-11
Decision Tree (Kruskal - inCV),Integrated-RFECV (L1-LR) + KNN,0.0,1.7763568394002505e-15,7.956038125481531,1.1251537019813398,1.8385293287792592e-12
Decision Tree (Kruskal - inCV),Integrated-RFECV (L1-LR) + Naive Bayes,506.0,0.20795951830847592,-1.259196076687342,-0.17807721693382308,1.0
Decision Tree (Chi-square - inCV),Decision Tree (KS - inCV),581.0,0.9427644026876507,0.07179581586177378,0.010153461651336185,1.0
Decision Tree (Chi-square - inCV),Naive Bayes (MW - inCV),168.0,1.2841054282120012e-06,4.842198261314356,0.6847902452850182,0.00027094624535273226
Decision Tree (Chi-square - inCV),Naive Bayes (Wilcoxon - inCV),121.0,1.6694215963795005e-06,4.789806572492624,0.6773809415962858,0.0003388925840650386
Decision Tree (Chi-square - inCV),Naive Bayes (Kruskal - inCV),18.0,4.4941828036826337e-13,7.239778449888348,1.0238592872408565,2.638085305761706e-10
Decision Tree (Chi-square - inCV),Naive Bayes (Chi-square - inCV),177.0,2.2310435863204248e-06,4.731283792257646,0.6691045706446771,0.0004417466300914441
Decision Tree (Chi-square - inCV),Naive Bayes (KS - inCV),77.0,1.080529443697742e-09,6.097036367095577,0.862251152062855,3.791298254797769e-07
Decision Tree (Chi-square - inCV),Integrated-SelectFromModel (L1-LR selector) + LR,9.0,5.861977570020827e-14,-7.511128589878778,-1.062233992053487,3.622702138272871e-11
Decision Tree (Chi-square - inCV),Integrated-SelectFromModel (L1-LR selector) + SVM,0.0,1.7763568394002505e-15,-7.956038125481531,-1.1251537019813398,1.8385293287792592e-12
Decision Tree (Chi-square - inCV),Integrated-SelectFromModel (L1-LR selector) + KNN,0.0,1.7763568394002505e-15,7.956038125481531,1.1251537019813398,1.8385293287792592e-12
Decision Tree (Chi-square - inCV),Integrated-SelectFromModel (L1-LR selector) + Naive Bayes,435.0,0.050606643801015906,-1.9548003165907972,-0.27645051194539255,1.0
Decision Tree (Chi-square - inCV),Integrated-SelectFromModel (RF selector) + RF,2.0,5.329070518200751e-15,-7.818891055763057,-1.1057581773777803,3.5491609651217004e-12
Decision Tree (Chi-square - inCV),Integrated-SelectFromModel (RF selector) + LR,0.0,1.7763568394002505e-15,-7.956038125481531,-1.1251537019813398,1.8385293287792592e-12
Decision Tree (Chi-square - inCV),Integrated-SelectFromModel (RF selector) + KNN,0.0,1.7763568394002505e-15,7.956038125481531,1.1251537019813398,1.8385293287792592e-12
Decision Tree (Chi-square - inCV),Integrated-RFECV (L1-LR) + LR,7.0,3.375077994860476e-14,-7.583056491845678,-1.07240613350095,2.119548980772379e-11
Decision Tree (Chi-square - inCV),Integrated-RFECV (L1-LR) + KNN,0.0,1.7763568394002505e-15,7.956038125481531,1.1251537019813398,1.8385293287792592e-12
Decision Tree (Chi-square - inCV),Integrated-RFECV (L1-LR) + Naive Bayes,547.0,0.38817752503383396,-0.862927144723721,-0.12203632714081768,1.0
Decision Tree (KS - inCV),Naive Bayes (MW - inCV),191.0,5.070202146129077e-06,4.56186178085583,0.6451446800157795,0.0009531980034722665
Decision Tree (KS - inCV),Naive Bayes (Wilcoxon - inCV),146.0,3.477136398975647e-06,4.640412943047603,0.6562534919069569,0.000660655915805373
Decision Tree (KS - inCV),Naive Bayes (Kruskal - inCV),23.0,1.1368683772161603e-12,7.112830539255548,1.005906141547673,6.45741238258779e-10
Decision Tree (KS - inCV),Naive Bayes (Chi-square - inCV),196.0,6.725303951071737e-06,4.502201923197802,0.6367075020328563,0.0012240053190950562
Decision Tree (KS - inCV),Naive Bayes (KS - inCV),101.0,9.772863407420118e-09,5.734624468684976,0.8109983698730897,2.824357524744414e-06
Decision Tree (KS - inCV),Integrated-SelectFromModel (L1-LR selector) + LR,0.0,1.7763568394002505e-15,-7.956038125481531,-1.1251537019813398,1.8385293287792592e-12
Decision Tree (KS - inCV),Integrated-SelectFromModel (L1-LR selector) + SVM,0.0,1.7763568394002505e-15,-7.956038125481531,-1.1251537019813398,1.8385293287792592e-12
Decision Tree (KS - inCV),Integrated-SelectFromModel (L1-LR selector) + KNN,0.0,1.7763568394002505e-15,7.956038125481531,1.1251537019813398,1.8385293287792592e-12
Decision Tree (KS - inCV),Integrated-SelectFromModel (L1-LR selector) + Naive Bayes,419.0,0.03453081197041463,-2.1138180351363967,-0.298939013367874,1.0
Decision Tree (KS - inCV),Integrated-SelectFromModel (RF selector) + RF,0.0,1.7763568394002505e-15,-7.956038125481531,-1.1251537019813398,1.8385293287792592e-12
Decision Tree (KS - inCV),Integrated-SelectFromModel (RF selector) + LR,0.0,1.7763568394002505e-15,-7.956038125481531,-1.1251537019813398,1.8385293287792592e-12
Decision Tree (KS - inCV),Integrated-SelectFromModel (RF selector) + KNN,0.0,1.7763568394002505e-15,7.956038125481531,1.1251537019813398,1.8385293287792592e-12
Decision Tree (KS - inCV),Integrated-RFECV (L1-LR) + LR,0.0,1.7763568394002505e-15,-7.956038125481531,-1.1251537019813398,1.8385293287792592e-12
Decision Tree (KS - inCV),Integrated-RFECV (L1-LR) + KNN,0.0,1.7763568394002505e-15,7.956038125481531,1.1251537019813398,1.8385293287792592e-12
Decision Tree (KS - inCV),Integrated-RFECV (L1-LR) + Naive Bayes,559.0,0.4547879869752496,-0.7474566065644581,-0.10570632702888272,1.0
Naive Bayes (MW - inCV),Naive Bayes (Wilcoxon - inCV),465.0,0.9230436596120133,0.0,0.0,1.0
Naive Bayes (MW - inCV),Naive Bayes (Kruskal - inCV),9.0,5.861977570020827e-14,7.511128589878778,1.062233992053487,3.622702138272871e-11
Naive Bayes (MW - inCV),Naive Bayes (Chi-square - inCV),477.0,0.3572343337261602,-0.9206478073717252,-0.13019926153541464,1.0
Naive Bayes (MW - inCV),Naive Bayes (KS - inCV),199.0,3.902013387522206e-05,4.113206327867489,0.5816952173709038,0.006516362357162084
Naive Bayes (MW - inCV),Integrated-SelectFromModel (L1-LR selector) + LR,0.0,1.7763568394002505e-15,-7.956038125481531,-1.1251537019813398,1.8385293287792592e-12
Naive Bayes (MW - inCV),Integrated-SelectFromModel (L1-LR selector) + SVM,0.0,7.553512643873762e-10,-6.154036838995318,-0.870312236105083,3.791298254797769e-07
Naive Bayes (MW - inCV),Integrated-SelectFromModel (L1-LR selector) + KNN,0.0,7.555220876380673e-10,6.154000996674732,0.870307167235495,3.791298254797769e-07
Naive Bayes (MW - inCV),Integrated-SelectFromModel (L1-LR selector) + Naive Bayes,11.0,9.769962616701378e-14,-7.443975501082831,-1.0527371111604396,5.940137270954438e-11
Naive Bayes (MW - inCV),Integrated-SelectFromModel (RF selector) + RF,0.0,1.7763568394002505e-15,-7.956038125481531,-1.1251537019813398,1.8385293287792592e-12
Naive Bayes (MW - inCV),Integrated-SelectFromModel (RF selector) + LR,0.0,1.7763568394002505e-15,-7.956038125481531,-1.1251537019813398,1.8385293287792592e-12
Naive Bayes (MW - inCV),Integrated-SelectFromModel (RF selector) + KNN,0.0,1.7763568394002505e-15,7.956038125481531,1.1251537019813398,1.8385293287792592e-12
Naive Bayes (MW - inCV),Integrated-RFECV (L1-LR) + LR,0.0,1.7763568394002505e-15,-7.956038125481531,-1.1251537019813398,1.8385293287792592e-12
Naive Bayes (MW - inCV),Integrated-RFECV (L1-LR) + KNN,0.0,7.555220876380673e-10,6.154000996674732,0.870307167235495,3.791298254797769e-07
Naive Bayes (MW - inCV),Integrated-RFECV (L1-LR) + Naive Bayes,148.0,3.486415511844143e-07,-5.095054170786624,-0.7205494709352047,8.05361983235997e-05
Naive Bayes (Wilcoxon - inCV),Naive Bayes (Kruskal - inCV),3.0,1.3370868913961307e-09,6.062876074571305,0.8574201571646092,4.4123867416072313e-07
Naive Bayes (Wilcoxon - inCV),Naive Bayes (Chi-square - inCV),382.0,0.12614964199417725,-1.5294632534342465,-0.21629876761579894,1.0
Naive Bayes (Wilcoxon - inCV),Naive Bayes (KS - inCV),246.0,8.630484972549368e-05,3.9261820361894197,0.5552459883924691,0.013808775956078989
Naive Bayes (Wilcoxon - inCV),Integrated-SelectFromModel (L1-LR selector) + LR,0.0,1.7763568394002505e-15,-7.956038125481531,-1.1251537019813398,1.8385293287792592e-12
Naive Bayes (Wilcoxon - inCV),Integrated-SelectFromModel (L1-LR selector) + SVM,0.0,1.7763568394002505e-15,-7.956038125481531,-1.1251537019813398,1.8385293287792592e-12
Naive Bayes (Wilcoxon - inCV),Integrated-SelectFromModel (L1-LR selector) + KNN,0.0,7.555220876380673e-10,6.154000996674732,0.870307167235495,3.791298254797769e-07
Naive Bayes (Wilcoxon - inCV),Integrated-SelectFromModel (L1-LR selector) + Naive Bayes,12.0,1.2434497875801753e-13,-7.412067987171716,-1.0482247072689688,7.510436716984259e-11
Naive Bayes (Wilcoxon - inCV),Integrated-SelectFromModel (RF selector) + RF,0.0,1.7763568394002505e-15,-7.956038125481531,-1.1251537019813398,1.8385293287792592e-12
Naive Bayes (Wilcoxon - inCV),Integrated-SelectFromModel (RF selector) + LR,0.0,1.7763568394002505e-15,-7.956038125481531,-1.1251537019813398,1.8385293287792592e-12
Naive Bayes (Wilcoxon - inCV),Integrated-SelectFromModel (RF selector) + KNN,0.0,1.7763568394002505e-15,7.956038125481531,1.1251537019813398,1.8385293287792592e-12
Naive Bayes (Wilcoxon - inCV),Integrated-RFECV (L1-LR) + LR,0.0,1.7763568394002505e-15,-7.956038125481531,-1.1251537019813398,1.8385293287792592e-12
Naive Bayes (Wilcoxon - inCV),Integrated-RFECV (L1-LR) + KNN,0.0,1.7763568394002505e-15,7.956038125481531,1.1251537019813398,1.8385293287792592e-12
Naive Bayes (Wilcoxon - inCV),Integrated-RFECV (L1-LR) + Naive Bayes,136.0,1.507920117660433e-07,-5.251589767531072,-0.7426869473262211,3.724562690621269e-05
Naive Bayes (Kruskal - inCV),Naive Bayes (Chi-square - inCV),7.0,3.375077994860476e-14,-7.583056491845678,-1.07240613350095,2.119548980772379e-11
Naive Bayes (Kruskal - inCV),Naive Bayes (KS - inCV),47.0,1.1960080051198983e-08,-5.700294256527731,-0.8061433447098976,3.384702654489312e-06
Naive Bayes (Kruskal - inCV),Integrated-SelectFromModel (L1-LR selector) + LR,0.0,7.555220876380673e-10,-6.154000996674732,-0.870307167235495,3.791298254797769e-07
Naive Bayes (Kruskal - inCV),Integrated-SelectFromModel (L1-LR selector) + SVM,0.0,7.555220876380673e-10,-6.154000996674732,-0.870307167235495,3.791298254797769e-07
Naive Bayes (Kruskal - inCV),Integrated-SelectFromModel (L1-LR selector) + KNN,0.0,1.7763568394002505e-15,7.956038125481531,1.1251537019813398,1.8385293287792592e-12
Naive Bayes (Kruskal - inCV),Integrated-SelectFromModel (L1-LR selector) + Naive Bayes,0.0,1.7763568394002505e-15,-7.956038125481531,-1.1251537019813398,1.8385293287792592e-12
Naive Bayes (Kruskal - inCV),Integrated-SelectFromModel (RF selector) + RF,0.0,1.7763568394002505e-15,-7.956038125481531,-1.1251537019813398,1.8385293287792592e-12
Naive Bayes (Kruskal - inCV),Integrated-SelectFromModel (RF selector) + LR,0.0,7.555220876380673e-10,-6.154000996674732,-0.870307167235495,3.791298254797769e-07
Naive Bayes (Kruskal - inCV),Integrated-SelectFromModel (RF selector) + KNN,0.0,7.555220876380673e-10,6.154000996674732,0.870307167235495,3.791298254797769e-07
Naive Bayes (Kruskal - inCV),Integrated-RFECV (L1-LR) + LR,0.0,1.7763568394002505e-15,-7.956038125481531,-1.1251537019813398,1.8385293287792592e-12
Naive Bayes (Kruskal - inCV),Integrated-RFECV (L1-LR) + KNN,0.0,1.7763568394002505e-15,7.956038125481531,1.1251537019813398,1.8385293287792592e-12
Naive Bayes (Kruskal - inCV),Integrated-RFECV (L1-LR) + Naive Bayes,20.0,6.590283874174929e-13,-7.187677208965087,-1.016491059087842,3.796003511524759e-10
Naive Bayes (Chi-square - inCV),Naive Bayes (KS - inCV),174.0,2.1739010155420453e-05,4.246237599200713,0.6005086801848218,0.0037608487568877385
Naive Bayes (Chi-square - inCV),Integrated-SelectFromModel (L1-LR selector) + LR,0.0,1.7763568394002505e-15,-7.956038125481531,-1.1251537019813398,1.8385293287792592e-12
Naive Bayes (Chi-square - inCV),Integrated-SelectFromModel (L1-LR selector) + SVM,0.0,1.7763568394002505e-15,-7.956038125481531,-1.1251537019813398,1.8385293287792592e-12
Naive Bayes (Chi-square - inCV),Integrated-SelectFromModel (L1-LR selector) + KNN,0.0,1.7763568394002505e-15,7.956038125481531,1.1251537019813398,1.8385293287792592e-12
Naive Bayes (Chi-square - inCV),Integrated-SelectFromModel (L1-LR selector) + Naive Bayes,42.0,2.022026990289305e-11,-6.70442375324876,-0.9481486999740725,1.0979606557270927e-08
Naive Bayes (Chi-square - inCV),Integrated-SelectFromModel (RF selector) + RF,0.0,7.555220876380673e-10,-6.154000996674732,-0.870307167235495,3.791298254797769e-07
Naive Bayes (Chi-square - inCV),Integrated-SelectFromModel (RF selector) + LR,0.0,1.7763568394002505e-15,-7.956038125481531,-1.1251537019813398,1.8385293287792592e-12
Naive Bayes (Chi-square - inCV),Integrated-SelectFromModel (RF selector) + KNN,0.0,7.553512643873762e-10,6.154036838995318,0.870312236105083,3.791298254797769e-07
Naive Bayes (Chi-square - inCV),Integrated-RFECV (L1-LR) + LR,0.0,1.7763568394002505e-15,-7.956038125481531,-1.1251537019813398,1.8385293287792592e-12
Naive Bayes (Chi-square - inCV),Integrated-RFECV (L1-LR) + KNN,0.0,1.7763568394002505e-15,7.956038125481531,1.1251537019813398,1.8385293287792592e-12
Naive Bayes (Chi-square - inCV),Integrated-RFECV (L1-LR) + Naive Bayes,169.0,1.3667570399888973e-06,-4.829792063612173,-0.6830357439802273,0.00028428546431769064
Naive Bayes (KS - inCV),Integrated-SelectFromModel (L1-LR selector) + LR,0.0,7.555220876380673e-10,-6.154000996674732,-0.870307167235495,3.791298254797769e-07
Naive Bayes (KS - inCV),Integrated-SelectFromModel (L1-LR selector) + SVM,0.0,1.7763568394002505e-15,-7.956038125481531,-1.1251537019813398,1.8385293287792592e-12
Naive Bayes (KS - inCV),Integrated-SelectFromModel (L1-LR selector) + KNN,0.0,7.555220876380673e-10,6.154000996674732,0.870307167235495,3.791298254797769e-07
Naive Bayes (KS - inCV),Integrated-SelectFromModel (L1-LR selector) + Naive Bayes,1.0,3.552713678800501e-15,-7.869777910570139,-1.1129546653992488,2.454925152051146e-12
Naive Bayes (KS - inCV),Integrated-SelectFromModel (RF selector) + RF,0.0,1.7763568394002505e-15,-7.956038125481531,-1.1251537019813398,1.8385293287792592e-12
Naive Bayes (KS - inCV),Integrated-SelectFromModel (RF selector) + LR,0.0,1.7763568394002505e-15,-7.956038125481531,-1.1251537019813398,1.8385293287792592e-12
Naive Bayes (KS - inCV),Integrated-SelectFromModel (RF selector) + KNN,0.0,7.555220876380673e-10,6.154000996674732,0.870307167235495,3.791298254797769e-07
Naive Bayes (KS - inCV),Integrated-RFECV (L1-LR) + LR,0.0,1.7763568394002505e-15,-7.956038125481531,-1.1251537019813398,1.8385293287792592e-12
Naive Bayes (KS - inCV),Integrated-RFECV (L1-LR) + KNN,0.0,1.7763568394002505e-15,7.956038125481531,1.1251537019813398,1.8385293287792592e-12
Naive Bayes (KS - inCV),Integrated-RFECV (L1-LR) + Naive Bayes,83.0,1.9326371614170057e-09,-6.00336983182729,-0.849004703611164,6.145786173306078e-07
Integrated-SelectFromModel (L1-LR selector) + LR,Integrated-SelectFromModel (L1-LR selector) + SVM,4.0,1.2434497875801753e-14,-7.7115025445745395,-1.0905711484811946,8.020251129892131e-12
Integrated-SelectFromModel (L1-LR selector) + LR,Integrated-SelectFromModel (L1-LR selector) + KNN,0.0,1.7763568394002505e-15,7.956038125481531,1.1251537019813398,1.8385293287792592e-12
Integrated-SelectFromModel (L1-LR selector) + LR,Integrated-SelectFromModel (L1-LR selector) + Naive Bayes,0.0,1.7763568394002505e-15,7.956038125481531,1.1251537019813398,1.8385293287792592e-12
Integrated-SelectFromModel (L1-LR selector) + LR,Integrated-SelectFromModel (RF selector) + RF,281.0,0.0009753989027676829,-3.2975281685322186,-0.46634090582455767,0.1316788518736372
Integrated-SelectFromModel (L1-LR selector) + LR,Integrated-SelectFromModel (RF selector) + LR,101.0,9.604478312046022e-07,-4.899573772260208,-0.6929043678577892,0.00020745673154019408
Integrated-SelectFromModel (L1-LR selector) + LR,Integrated-SelectFromModel (RF selector) + KNN,0.0,7.555220876380673e-10,6.154000996674732,0.870307167235495,3.791298254797769e-07
Integrated-SelectFromModel (L1-LR selector) + LR,Integrated-RFECV (L1-LR) + LR,499.5,0.8389962607237514,0.0,0.0,1.0
Integrated-SelectFromModel (L1-LR selector) + LR,Integrated-RFECV (L1-LR) + KNN,0.0,1.7763568394002505e-15,7.956038125481531,1.1251537019813398,1.8385293287792592e-12
Integrated-SelectFromModel (L1-LR selector) + LR,Integrated-RFECV (L1-LR) + Naive Bayes,1.0,3.552713678800501e-15,7.869777910570139,1.1129546653992488,2.454925152051146e-12
Integrated-SelectFromModel (L1-LR selector) + SVM,Integrated-SelectFromModel (L1-LR selector) + KNN,0.0,7.553512643873762e-10,6.154036838995318,0.870312236105083,3.791298254797769e-07
Integrated-SelectFromModel (L1-LR selector) + SVM,Integrated-SelectFromModel (L1-LR selector) + Naive Bayes,0.0,7.555220876380673e-10,6.154000996674732,0.870307167235495,3.791298254797769e-07
Integrated-SelectFromModel (L1-LR selector) + SVM,Integrated-SelectFromModel (RF selector) + RF,2.0,5.329070518200751e-15,7.818891055763057,1.1057581773777803,3.5491609651217004e-12
Integrated-SelectFromModel (L1-LR selector) + SVM,Integrated-SelectFromModel (RF selector) + LR,22.0,9.521272659185342e-13,7.137255563764949,1.009360361639922,5.427125415735645e-10
Integrated-SelectFromModel (L1-LR selector) + SVM,Integrated-SelectFromModel (RF selector) + KNN,0.0,7.550097219539461e-10,6.154108525515318,0.8703223741099654,3.791298254797769e-07
Integrated-SelectFromModel (L1-LR selector) + SVM,Integrated-RFECV (L1-LR) + LR,0.0,1.7763568394002505e-15,7.956038125481531,1.1251537019813398,1.8385293287792592e-12
Integrated-SelectFromModel (L1-LR selector) + SVM,Integrated-RFECV (L1-LR) + KNN,0.0,7.553512643873762e-10,6.154036838995318,0.870312236105083,3.791298254797769e-07
Integrated-SelectFromModel (L1-LR selector) + SVM,Integrated-RFECV (L1-LR) + Naive Bayes,0.0,1.7763568394002505e-15,7.956038125481531,1.1251537019813398,1.8385293287792592e-12
Integrated-SelectFromModel (L1-LR selector) + KNN,Integrated-SelectFromModel (L1-LR selector) + Naive Bayes,0.0,1.7763568394002505e-15,-7.956038125481531,-1.1251537019813398,1.8385293287792592e-12
Integrated-SelectFromModel (L1-LR selector) + KNN,Integrated-SelectFromModel (RF selector) + RF,0.0,1.7763568394002505e-15,-7.956038125481531,-1.1251537019813398,1.8385293287792592e-12
Integrated-SelectFromModel (L1-LR selector) + KNN,Integrated-SelectFromModel (RF selector) + LR,0.0,1.7763568394002505e-15,-7.956038125481531,-1.1251537019813398,1.8385293287792592e-12
Integrated-SelectFromModel (L1-LR selector) + KNN,Integrated-SelectFromModel (RF selector) + KNN,27.0,3.073358042147313e-08,5.5372055372083056,0.7830791168367385,8.2365995529548e-06
Integrated-SelectFromModel (L1-LR selector) + KNN,Integrated-RFECV (L1-LR) + LR,0.0,7.555220876380673e-10,-6.154000996674732,-0.870307167235495,3.791298254797769e-07
Integrated-SelectFromModel (L1-LR selector) + KNN,Integrated-RFECV (L1-LR) + KNN,382.0,0.27183318808379064,0.0,0.0,1.0
Integrated-SelectFromModel (L1-LR selector) + KNN,Integrated-RFECV (L1-LR) + Naive Bayes,0.0,1.7763568394002505e-15,-7.956038125481531,-1.1251537019813398,1.8385293287792592e-12
Integrated-SelectFromModel (L1-LR selector) + Naive Bayes,Integrated-SelectFromModel (RF selector) + RF,0.0,1.7763568394002505e-15,-7.956038125481531,-1.1251537019813398,1.8385293287792592e-12
Integrated-SelectFromModel (L1-LR selector) + Naive Bayes,Integrated-SelectFromModel (RF selector) + LR,0.0,1.7763568394002505e-15,-7.956038125481531,-1.1251537019813398,1.8385293287792592e-12
Integrated-SelectFromModel (L1-LR selector) + Naive Bayes,Integrated-SelectFromModel (RF selector) + KNN,0.0,7.553512643873762e-10,6.154036838995318,0.870312236105083,3.791298254797769e-07
Integrated-SelectFromModel (L1-LR selector) + Naive Bayes,Integrated-RFECV (L1-LR) + LR,1.0,3.552713678800501e-15,-7.869777910570139,-1.1129546653992488,2.454925152051146e-12
Integrated-SelectFromModel (L1-LR selector) + Naive Bayes,Integrated-RFECV (L1-LR) + KNN,0.0,1.7763568394002505e-15,7.956038125481531,1.1251537019813398,1.8385293287792592e-12
Integrated-SelectFromModel (L1-LR selector) + Naive Bayes,Integrated-RFECV (L1-LR) + Naive Bayes,481.0,0.5156536358602679,-0.6500597365369707,-0.0919323295763265,1.0
Integrated-SelectFromModel (RF selector) + RF,Integrated-SelectFromModel (RF selector) + LR,348.0,0.005195746556616582,-2.794640452607584,-0.395221843003413,0.6234895867939898
Integrated-SelectFromModel (RF selector) + RF,Integrated-SelectFromModel (RF selector) + KNN,0.0,7.546683182364461e-10,6.154180214540541,0.8703325124691397,3.791298254797769e-07
Integrated-SelectFromModel (RF selector) + RF,Integrated-RFECV (L1-LR) + LR,286.0,0.0006909449406366775,3.3931472162057545,0.47986348122866906,0.09673229168913484
Integrated-SelectFromModel (RF selector) + RF,Integrated-RFECV (L1-LR) + KNN,0.0,7.555220876380673e-10,6.154000996674732,0.870307167235495,3.791298254797769e-07
Integrated-SelectFromModel (RF selector) + RF,Integrated-RFECV (L1-LR) + Naive Bayes,0.0,1.7763568394002505e-15,7.956038125481531,1.1251537019813398,1.8385293287792592e-12
Integrated-SelectFromModel (RF selector) + LR,Integrated-SelectFromModel (RF selector) + KNN,0.0,7.550097219539461e-10,6.154108525515318,0.8703223741099654,3.791298254797769e-07
Integrated-SelectFromModel (RF selector) + LR,Integrated-RFECV (L1-LR) + LR,101.0,9.772863407420118e-09,5.734624468684976,0.8109983698730897,2.824357524744414e-06
Integrated-SelectFromModel (RF selector) + LR,Integrated-RFECV (L1-LR) + KNN,0.0,1.7763568394002505e-15,7.956038125481531,1.1251537019813398,1.8385293287792592e-12
Integrated-SelectFromModel (RF selector) + LR,Integrated-RFECV (L1-LR) + Naive Bayes,0.0,1.1100954635085601e-09,6.092717958449424,0.8616404368553291,3.791298254797769e-07
Integrated-SelectFromModel (RF selector) + KNN,Integrated-RFECV (L1-LR) + LR,0.0,7.548390027588035e-10,-6.154144369714769,-0.8703274432452648,3.791298254797769e-07
Integrated-SelectFromModel (RF selector) + KNN,Integrated-RFECV (L1-LR) + KNN,87.0,1.9198626615809007e-06,-4.761681765862803,-0.6734034932987844,0.0003839725323161801
Integrated-SelectFromModel (RF selector) + KNN,Integrated-RFECV (L1-LR) + Naive Bayes,0.0,7.553512643873762e-10,-6.154036838995318,-0.870312236105083,3.791298254797769e-07
Integrated-RFECV (L1-LR) + LR,Integrated-RFECV (L1-LR) + KNN,0.0,1.7763568394002505e-15,7.956038125481531,1.1251537019813398,1.8385293287792592e-12
Integrated-RFECV (L1-LR) + LR,Integrated-RFECV (L1-LR) + Naive Bayes,17.0,3.6770586575585185e-13,7.266945941938681,1.0277013508121808,2.1731416666170844e-10
Integrated-RFECV (L1-LR) + KNN,Integrated-RFECV (L1-LR) + Naive Bayes,0.0,1.7763568394002505e-15,-7.956038125481531,-1.1251537019813398,1.8385293287792592e-12
