Model_A,Model_B,W,p_value,z,r_effect,p_adj
Random Forest (All),Logistic Regression (All),63.0,2.9254475329620983e-08,5.545840898179817,0.7843003412969284,1.8518082883650082e-05
Random Forest (All),SVM (All),0.0,7.553512643873762e-10,6.154036838995318,0.870312236105083,5.733116096700186e-07
Random Forest (All),K-Neighbors (All),0.0,1.7763568394002505e-15,7.956038125481531,1.1251537019813398,1.8385293287792592e-12
Random Forest (All),Decision Tree (All),48.0,1.2648972427105204e-08,5.690740354182401,0.8047922188828621,8.234481050045488e-06
Random Forest (All),Naive Bayes (All),0.0,1.7763568394002505e-15,7.956038125481531,1.1251537019813398,1.8385293287792592e-12
Random Forest (All),Random Forest (MW - inCV),186.0,1.3096846606175185e-05,4.358480705880221,0.6163822525597269,0.006744876002180221
Random Forest (All),Random Forest (Wilcoxon - inCV),211.0,3.835908666400679e-05,4.117147333461603,0.5822525597269623,0.018642516118707302
Random Forest (All),Random Forest (Kruskal - inCV),213.0,4.169791843913608e-05,4.097864530436883,0.5795255595711495,0.020181792524541862
Random Forest (All),Random Forest (Chi-square - inCV),315.5,0.0018809689686911206,3.108410044839813,0.43959556428292235,0.7185301460400081
Random Forest (All),Random Forest (KS - inCV),199.0,2.3053162039977364e-05,4.233061315197595,0.598645272230933,0.011595740506108614
Random Forest (All),Logistic Regression (MW - inCV),163.5,4.745531080873585e-06,4.575734041161711,0.6471065138823141,0.0025673323147526093
Random Forest (All),Logistic Regression (Wilcoxon - inCV),197.0,2.1159180339503176e-05,4.252294022016031,0.6013651877133107,0.010685386071449103
Random Forest (All),Logistic Regression (Kruskal - inCV),303.0,0.0012420629369640987,3.229040522961095,0.45665529010238914,0.49309898597474716
Random Forest (All),Logistic Regression (Chi-square - inCV),125.0,7.523676546263388e-07,4.947334134581647,0.6996587030716723,0.0004341161367193975
Random Forest (All),Logistic Regression (KS - inCV),138.0,1.4223946331142919e-06,4.8218407809239645,0.6819112627986346,0.0008093425462420321
Random Forest (All),SVM (MW - inCV),100.0,8.970399534291573e-09,5.74912968436522,0.8130497171471046,5.9384044917010215e-06
Random Forest (All),SVM (Wilcoxon - inCV),94.0,5.310079487230723e-09,5.837151543943659,0.8254978879072175,3.6002338923424304e-06
Random Forest (All),SVM (Kruskal - inCV),173.0,1.7496796758109667e-06,4.7803756349065445,0.676047205612273,0.0009868193371573852
Random Forest (All),SVM (Chi-square - inCV),161.0,4.228138040956442e-06,4.599840868676501,0.6505157341240346,0.0023001070942803045
Random Forest (All),SVM (KS - inCV),47.0,3.863753761379485e-11,6.609210356103502,0.9346834922178285,3.029182948921516e-08
Random Forest (All),K-Neighbors (MW - inCV),45.0,1.0675360568787773e-08,5.71963423859565,0.8088784312035479,6.992361172555991e-06
Random Forest (All),K-Neighbors (Wilcoxon - inCV),44.0,1.008731019424161e-08,5.729254261217966,0.8102389078498294,6.637450107810979e-06
Random Forest (All),K-Neighbors (Kruskal - inCV),116.0,3.348859145546612e-08,5.5221450126237315,0.7809492370243427,2.116478979985459e-05
Random Forest (All),K-Neighbors (Chi-square - inCV),141.0,1.6440333412568337e-06,4.792880776233733,0.6778156996587031,0.0009288788378101111
Random Forest (All),K-Neighbors (KS - inCV),38.0,7.158030743286194e-09,5.787174270598434,0.8184300341296928,4.795880598001749e-06
Random Forest (All),Decision Tree (MW - inCV),82.0,1.7568968502246207e-09,6.018823152015437,0.8511901331105411,1.2416181725411653e-06
Random Forest (All),Decision Tree (Wilcoxon - inCV),108.0,3.197109682584731e-07,5.111440827826306,0.7228668941979522,0.00018862947127249913
Random Forest (All),Decision Tree (Kruskal - inCV),158.0,6.78354924232849e-07,4.9674601496618,0.7025049514199602,0.0003927675011308196
Random Forest (All),Decision Tree (Chi-square - inCV),99.0,8.22989321136447e-09,5.763680939364115,0.8151075753640032,5.489338771980101e-06
Random Forest (All),Decision Tree (KS - inCV),69.0,4.792291008470784e-10,6.225759375951321,0.8804553345541815,3.6708949124886203e-07
Random Forest (All),Naive Bayes (MW - inCV),107.0,1.6183291151605772e-08,5.648522247368568,0.7988216769594784,1.0438222792785723e-05
Random Forest (All),Naive Bayes (Wilcoxon - inCV),147.5,2.243715799272386e-06,4.730134099404892,0.6689419795221844,0.001249749700194719
Random Forest (All),Naive Bayes (Kruskal - inCV),182.0,1.097098171236786e-05,4.397094045467201,0.6218430034129694,0.005682968527006551
Random Forest (All),Naive Bayes (Chi-square - inCV),414.5,0.03134177437513582,2.152706219758363,0.3044386331787193,1.0
Random Forest (All),Naive Bayes (KS - inCV),249.0,0.0001765778493599895,3.7503642932306436,0.5303816047326563,0.07893029866391531
Random Forest (All),Integrated-SelectFromModel (L1-LR selector) + LR,14.0,1.9539925233402755e-13,7.35190665536308,1.0397166101315487,1.6003198766156856e-10
Random Forest (All),Integrated-SelectFromModel (L1-LR selector) + SVM,3.0,8.881784197001252e-15,7.754320376295517,1.0966265043143162,7.815970093361102e-12
Random Forest (All),Integrated-SelectFromModel (L1-LR selector) + KNN,0.0,1.7763568394002505e-15,7.956038125481531,1.1251537019813398,1.8385293287792592e-12
Random Forest (All),Integrated-SelectFromModel (L1-LR selector) + Naive Bayes,0.0,1.7763568394002505e-15,7.956038125481531,1.1251537019813398,1.8385293287792592e-12
Random Forest (All),Integrated-SelectFromModel (RF selector) + RF,555.0,0.42578872247477006,0.7964186831395582,0.11263061030232838,1.0
Random Forest (All),Integrated-SelectFromModel (RF selector) + LR,40.0,8.026483828460728e-09,5.767901194195613,0.8157044095259406,5.3616911974117664e-06
Random Forest (All),Integrated-SelectFromModel (RF selector) + KNN,0.0,1.7763568394002505e-15,7.956038125481531,1.1251537019813398,1.8385293287792592e-12
Random Forest (All),Integrated-RFECV (L1-LR) + LR,14.0,1.9539925233402755e-13,7.35190665536308,1.0397166101315487,1.6003198766156856e-10
Random Forest (All),Integrated-RFECV (L1-LR) + KNN,0.0,1.7763568394002505e-15,7.956038125481531,1.1251537019813398,1.8385293287792592e-12
Random Forest (All),Integrated-RFECV (L1-LR) + Naive Bayes,0.0,1.7763568394002505e-15,7.956038125481531,1.1251537019813398,1.8385293287792592e-12
Logistic Regression (All),SVM (All),52.0,1.5856613793114016e-08,5.652027582044008,0.7993174061433447,1.0243372510351655e-05
Logistic Regression (All),K-Neighbors (All),0.0,1.7763568394002505e-15,7.956038125481531,1.1251537019813398,1.8385293287792592e-12
Logistic Regression (All),Decision Tree (All),595.0,0.6876822045635382,0.4020024753210993,0.0568517352706654,1.0
Logistic Regression (All),Naive Bayes (All),1.0,3.552713678800501e-15,7.869777910570139,1.1129546653992488,3.318234575999668e-12
Logistic Regression (All),Random Forest (MW - inCV),188.0,1.4301923014250588e-05,-4.339174036086732,-0.6136518771331058,0.007351188429324802
Logistic Regression (All),Random Forest (Wilcoxon - inCV),156.5,3.4291923850027236e-06,-4.643281128716469,-0.6566591146141882,0.0018826266193664952
Logistic Regression (All),Random Forest (Kruskal - inCV),217.0,2.0810681753857807e-05,-4.256010628922073,-0.6018907953025642,0.01053020496745205
Logistic Regression (All),Random Forest (Chi-square - inCV),137.0,1.6198182883897516e-07,-5.238391877863375,-0.740820483869945,9.816098827641895e-05
Logistic Regression (All),Random Forest (KS - inCV),188.0,4.268415494834699e-06,-4.597865422075181,-0.6502363637865015,0.0023177496136952414
Logistic Regression (All),Logistic Regression (MW - inCV),233.5,9.621362915533919e-05,-3.8999472982848498,-0.5515358361774745,0.044450696669766705
Logistic Regression (All),Logistic Regression (Wilcoxon - inCV),223.0,6.299348063159924e-05,-4.001307314700668,-0.5658703071672354,0.029543942416220045
Logistic Regression (All),Logistic Regression (Kruskal - inCV),155.0,5.572207957271758e-07,-5.005483176963374,-0.7078822195091969,0.0003259741655003978
Logistic Regression (All),Logistic Regression (Chi-square - inCV),280.0,0.0003825853095680287,-3.551813926535002,-0.5023023425931435,0.16489426842382038
Logistic Regression (All),Logistic Regression (KS - inCV),295.5,0.0009618972232820032,-3.3014405346866793,-0.4668941979522184,0.38572078653608327
Logistic Regression (All),SVM (MW - inCV),369.0,0.008848884696840642,-2.617837833836914,-0.37021817687055686,1.0
Logistic Regression (All),SVM (Wilcoxon - inCV),315.0,0.0030830029729874086,-2.9593384527162723,-0.41851365754835623,1.0
Logistic Regression (All),SVM (Kruskal - inCV),324.0,0.0024753533020201294,-3.026338116117698,-0.4279888408140291,0.9158807217474478
Logistic Regression (All),SVM (Chi-square - inCV),336.0,0.005951765777890864,-2.7504269641000256,-0.3889691114946914,1.0
Logistic Regression (All),SVM (KS - inCV),497.5,0.17654592065928587,-1.3514668855442549,-0.19112627986348124,1.0
Logistic Regression (All),K-Neighbors (MW - inCV),446.0,0.064886242135481,-1.846041071343809,-0.2610696319792173,1.0
Logistic Regression (All),K-Neighbors (Wilcoxon - inCV),420.0,0.03539143616493412,-2.1038511174825234,-0.2975294783557576,1.0
Logistic Regression (All),K-Neighbors (Kruskal - inCV),351.0,0.0050721514649119115,-2.8024154179590273,-0.3963213891481122,1.0
Logistic Regression (All),K-Neighbors (Chi-square - inCV),367.0,0.008333363871146915,-2.638256030883085,-0.373105745988747,1.0
Logistic Regression (All),K-Neighbors (KS - inCV),555.0,0.43191110415215306,-0.785925551515467,-0.1111466573968728,1.0
Logistic Regression (All),Decision Tree (MW - inCV),466.0,0.09908592454842413,-1.6493012947201122,-0.23324642594326878,1.0
Logistic Regression (All),Decision Tree (Wilcoxon - inCV),420.0,0.03576401284644463,-2.099600340041967,-0.2969283276450512,1.0
Logistic Regression (All),Decision Tree (Kruskal - inCV),387.0,0.015598595412159131,-2.41817447555816,-0.34198151395187965,1.0
Logistic Regression (All),Decision Tree (Chi-square - inCV),486.0,0.14601836144972324,-1.4537401528120055,-0.2055899040273074,1.0
Logistic Regression (All),Decision Tree (KS - inCV),500.0,0.18768390417341507,-1.3174617203779069,-0.1863172232865826,1.0
Logistic Regression (All),Naive Bayes (MW - inCV),216.0,1.9760169596594324e-05,-4.267583637180055,-0.6035274658261535,0.010018405985473322
Logistic Regression (All),Naive Bayes (Wilcoxon - inCV),200.0,2.4071466407921403e-05,-4.223334017325797,-0.5972696245733791,0.0120357332039607
Logistic Regression (All),Naive Bayes (Kruskal - inCV),185.0,3.586156610779767e-06,-4.634029613272017,-0.6553507527527835,0.0019616276660965326
Logistic Regression (All),Naive Bayes (Chi-square - inCV),84.0,2.1246773229677274e-09,-5.9879765152793105,-0.8468277599079586,1.4787754167855383e-06
Logistic Regression (All),Naive Bayes (KS - inCV),166.0,1.1326234101716182e-06,-4.867074500820136,-0.6883082768140097,0.0006478605906181656
Logistic Regression (All),Integrated-SelectFromModel (L1-LR selector) + LR,14.0,1.7565587728239223e-09,6.0188543081203045,0.8511945392491466,1.2416181725411653e-06
Logistic Regression (All),Integrated-SelectFromModel (L1-LR selector) + SVM,23.0,1.1368683772161603e-12,7.112830539255548,1.005906141547673,9.185896487906575e-10
Logistic Regression (All),Integrated-SelectFromModel (L1-LR selector) + KNN,6.0,2.4868995751603507e-14,7.622561816573916,1.0779930301026128,2.1188384380366188e-11
Logistic Regression (All),Integrated-SelectFromModel (L1-LR selector) + Naive Bayes,0.0,1.7763568394002505e-15,7.956038125481531,1.1251537019813398,1.8385293287792592e-12
Logistic Regression (All),Integrated-SelectFromModel (RF selector) + RF,59.5,2.4103411268634136e-08,-5.579627570318424,-0.7890784982935155,1.5353872978119945e-05
Logistic Regression (All),Integrated-SelectFromModel (RF selector) + LR,313.0,0.0013800985654270903,3.198781222960647,0.4523759788575342,0.5396185390819923
Logistic Regression (All),Integrated-SelectFromModel (RF selector) + KNN,8.0,4.440892098500626e-14,7.547383578188932,1.0673612216706767,3.7125857943465235e-11
Logistic Regression (All),Integrated-RFECV (L1-LR) + LR,1.0,8.029280680234973e-10,6.144347661777988,0.8689419795221844,5.92560914201341e-07
Logistic Regression (All),Integrated-RFECV (L1-LR) + KNN,0.0,1.7763568394002505e-15,7.956038125481531,1.1251537019813398,1.8385293287792592e-12
Logistic Regression (All),Integrated-RFECV (L1-LR) + Naive Bayes,0.0,1.7763568394002505e-15,7.956038125481531,1.1251537019813398,1.8385293287792592e-12
SVM (All),K-Neighbors (All),40.0,1.5448975432263978e-11,6.743618602811567,0.953691688756762,1.2220139566920807e-08
SVM (All),Decision Tree (All),129.0,9.051156624195755e-08,-5.3448107590660605,-0.7558703863788859,5.584563637128781e-05
SVM (All),Naive Bayes (All),145.5,2.039799273635801e-06,4.749440769198381,0.6716723549488055,0.0011422875932360485
SVM (All),Random Forest (MW - inCV),19.0,2.3640056174058536e-09,-5.970587633636584,-0.8443686006825941,1.6406198984796625e-06
SVM (All),Random Forest (Wilcoxon - inCV),14.0,1.7565587728239223e-09,-6.0188543081203045,-0.8511945392491466,1.2416181725411653e-06
SVM (All),Random Forest (Kruskal - inCV),15.0,1.8643989447286525e-09,-6.009200973223561,-0.8498293515358362,1.303214862365328e-06
SVM (All),Random Forest (Chi-square - inCV),5.0,1.023291039922917e-09,-6.105734322191008,-0.8634812286689421,7.398394218642691e-07
SVM (All),Random Forest (KS - inCV),32.0,5.0628144200557475e-09,-5.845094279978903,-0.8266211604095565,3.4376509912178526e-06
SVM (All),Logistic Regression (MW - inCV),26.0,3.569193464674167e-09,-5.903014289359369,-0.8348122866894198,2.4484667167664787e-06
SVM (All),Logistic Regression (Wilcoxon - inCV),23.0,2.9925050227144815e-09,-5.932008843235487,-0.8389127358220761,2.070813475718421e-06
SVM (All),Logistic Regression (Kruskal - inCV),0.0,7.555220876380673e-10,-6.154000996674732,-0.870307167235495,5.733116096700186e-07
SVM (All),Logistic Regression (Chi-square - inCV),23.0,2.993134945020048e-09,-5.9319742940496045,-0.8389078498293516,2.070813475718421e-06
SVM (All),Logistic Regression (KS - inCV),31.0,4.218847493575595e-12,-6.92964944110299,-0.9800004222098986,3.3708591473669003e-09
SVM (All),SVM (MW - inCV),53.0,8.060396794462577e-11,-6.499469075513929,-0.919163731481632,6.270988706091885e-08
SVM (All),SVM (Wilcoxon - inCV),52.5,1.630812047816262e-08,-5.647200914595636,-0.7986348122866895,1.0502429587936728e-05
SVM (All),SVM (Kruskal - inCV),38.5,7.366529422828334e-09,-5.782347603150062,-0.8177474402730377,4.928208183872155e-06
SVM (All),SVM (Chi-square - inCV),49.0,2.0785232513790256e-08,-5.605335186909647,-0.792714104297475,1.3281763576311974e-05
SVM (All),SVM (KS - inCV),101.5,2.2890486431059124e-07,-5.174187504655148,-0.7317406143344711,0.00013688510885773357
SVM (All),K-Neighbors (MW - inCV),59.0,1.616786704516926e-10,-6.393926970893299,-0.9042378239060425,1.2497761225915838e-07
SVM (All),K-Neighbors (Wilcoxon - inCV),54.0,9.07522945681194e-11,-6.4816044715717975,-0.9166372949634933,7.051453287942877e-08
SVM (All),K-Neighbors (Kruskal - inCV),40.0,1.5448975432263978e-11,-6.743618602811567,-0.953691688756762,1.2220139566920807e-08
SVM (All),K-Neighbors (Chi-square - inCV),42.0,8.99883928836417e-09,-5.748594411955627,-0.8129740181969835,5.948232769608716e-06
SVM (All),K-Neighbors (KS - inCV),114.0,2.8573925447972215e-08,-5.549957376536288,-0.7848824992490221,1.8144442659462356e-05
SVM (All),Decision Tree (MW - inCV),48.0,1.2656340961232244e-08,-5.690640921630988,-0.8047781569965872,8.234481050045488e-06
SVM (All),Decision Tree (Wilcoxon - inCV),35.0,7.65609797781508e-12,-6.844840772590466,-0.968006665288177,6.086597892362988e-09
SVM (All),Decision Tree (Kruskal - inCV),25.0,1.6058265828178264e-12,-7.065028823481318,-0.999145958072411,1.294296225751168e-09
SVM (All),Decision Tree (Chi-square - inCV),48.0,4.3806736016449577e-11,-6.5905950074247315,-0.9320508843608464,3.416925409283067e-08
SVM (All),Decision Tree (KS - inCV),54.0,9.07522945681194e-11,-6.4816044715717975,-0.9166372949634933,7.051453287942877e-08
SVM (All),Naive Bayes (MW - inCV),6.0,2.4868995751603507e-14,-7.622561816573916,-1.0779930301026128,2.1188384380366188e-11
SVM (All),Naive Bayes (Wilcoxon - inCV),5.0,1.7763568394002505e-14,-7.665860858431098,-1.0841164393258316,1.5294432387236157e-11
SVM (All),Naive Bayes (Kruskal - inCV),7.5,1.1898838531003364e-09,-6.081600984949146,-0.8600682593856656,8.483871872605399e-07
SVM (All),Naive Bayes (Chi-square - inCV),0.0,1.7763568394002505e-15,-7.956038125481531,-1.1251537019813398,1.8385293287792592e-12
SVM (All),Naive Bayes (KS - inCV),5.0,1.7763568394002505e-14,-7.665860858431098,-1.0841164393258316,1.5294432387236157e-11
SVM (All),Integrated-SelectFromModel (L1-LR selector) + LR,497.0,0.1781010477908609,-1.3466249705201487,-0.19044152967398637,1.0
SVM (All),Integrated-SelectFromModel (L1-LR selector) + SVM,418.5,0.03450735438537489,2.114092655278392,0.298977850520805,1.0
SVM (All),Integrated-SelectFromModel (L1-LR selector) + KNN,77.0,1.080529443697742e-09,6.097036367095577,0.862251152062855,7.779811994623742e-07
SVM (All),Integrated-SelectFromModel (L1-LR selector) + Naive Bayes,45.0,1.0677453640053683e-08,5.719600926321221,0.8088737201365188,6.992361172555991e-06
SVM (All),Integrated-SelectFromModel (RF selector) + RF,1.0,3.552713678800501e-15,-7.869777910570139,-1.1129546653992488,3.318234575999668e-12
SVM (All),Integrated-SelectFromModel (RF selector) + LR,165.5,5.204421693467544e-06,-4.5563740712634875,-0.6443686006825938,0.0027999788710855386
SVM (All),Integrated-SelectFromModel (RF selector) + KNN,134.0,1.3054913772236887e-07,5.278073452652985,0.746432305994324,7.963497401064501e-05
SVM (All),Integrated-RFECV (L1-LR) + LR,462.5,0.09115174759590898,-1.6893532852390287,-0.2389106327624578,1.0
SVM (All),Integrated-RFECV (L1-LR) + KNN,100.0,2.1180418735835142e-07,5.188667507000264,0.7337883959044369,0.0001268707082276525
SVM (All),Integrated-RFECV (L1-LR) + Naive Bayes,50.0,1.4166232304304915e-08,5.6713672829956865,0.802052452881155,9.16555230088528e-06
K-Neighbors (All),Decision Tree (All),5.0,1.7763568394002505e-14,-7.665860858431098,-1.0841164393258316,1.5294432387236157e-11
K-Neighbors (All),Naive Bayes (All),333.0,0.002799360749817126,-2.9889520331799386,-0.4227016502605706,1.0
K-Neighbors (All),Random Forest (MW - inCV),0.0,1.7763568394002505e-15,-7.956038125481531,-1.1251537019813398,1.8385293287792592e-12
K-Neighbors (All),Random Forest (Wilcoxon - inCV),0.0,1.7763568394002505e-15,-7.956038125481531,-1.1251537019813398,1.8385293287792592e-12
K-Neighbors (All),Random Forest (Kruskal - inCV),0.0,1.7763568394002505e-15,-7.956038125481531,-1.1251537019813398,1.8385293287792592e-12
K-Neighbors (All),Random Forest (Chi-square - inCV),0.0,1.7763568394002505e-15,-7.956038125481531,-1.1251537019813398,1.8385293287792592e-12
K-Neighbors (All),Random Forest (KS - inCV),0.0,1.7763568394002505e-15,-7.956038125481531,-1.1251537019813398,1.8385293287792592e-12
K-Neighbors (All),Logistic Regression (MW - inCV),1.0,3.552713678800501e-15,-7.869777910570139,-1.1129546653992488,3.318234575999668e-12
K-Neighbors (All),Logistic Regression (Wilcoxon - inCV),1.0,3.552713678800501e-15,-7.869777910570139,-1.1129546653992488,3.318234575999668e-12
K-Neighbors (All),Logistic Regression (Kruskal - inCV),0.0,1.7763568394002505e-15,-7.956038125481531,-1.1251537019813398,1.8385293287792592e-12
K-Neighbors (All),Logistic Regression (Chi-square - inCV),0.0,1.7763568394002505e-15,-7.956038125481531,-1.1251537019813398,1.8385293287792592e-12
K-Neighbors (All),Logistic Regression (KS - inCV),1.0,3.552713678800501e-15,-7.869777910570139,-1.1129546653992488,3.318234575999668e-12
K-Neighbors (All),SVM (MW - inCV),6.0,1.0870035830988515e-09,-6.096080987294263,-0.8621160409556313,7.815555762480742e-07
K-Neighbors (All),SVM (Wilcoxon - inCV),2.0,8.532308998540056e-10,-6.134694326881243,-0.8675767918088738,6.245650186931321e-07
K-Neighbors (All),SVM (Kruskal - inCV),1.0,3.552713678800501e-15,-7.869777910570139,-1.1129546653992488,3.318234575999668e-12
K-Neighbors (All),SVM (Chi-square - inCV),3.0,8.881784197001252e-15,-7.754320376295517,-1.0966265043143162,7.815970093361102e-12
K-Neighbors (All),SVM (KS - inCV),10.0,7.638334409421077e-14,-7.476404948078904,-1.05732332753665,6.355094228638336e-11
K-Neighbors (All),K-Neighbors (MW - inCV),0.0,1.7763568394002505e-15,-7.956038125481531,-1.1251537019813398,1.8385293287792592e-12
K-Neighbors (All),K-Neighbors (Wilcoxon - inCV),0.0,1.7763568394002505e-15,-7.956038125481531,-1.1251537019813398,1.8385293287792592e-12
K-Neighbors (All),K-Neighbors (Kruskal - inCV),2.0,5.329070518200751e-15,-7.818891055763057,-1.1057581773777803,4.785505325344275e-12
K-Neighbors (All),K-Neighbors (Chi-square - inCV),0.0,7.555220876380673e-10,-6.154000996674732,-0.870307167235495,5.733116096700186e-07
K-Neighbors (All),K-Neighbors (KS - inCV),5.0,1.023291039922917e-09,-6.105734322191008,-0.8634812286689421,7.398394218642691e-07
K-Neighbors (All),Decision Tree (MW - inCV),0.0,1.7763568394002505e-15,-7.956038125481531,-1.1251537019813398,1.8385293287792592e-12
K-Neighbors (All),Decision Tree (Wilcoxon - inCV),0.0,1.7763568394002505e-15,-7.956038125481531,-1.1251537019813398,1.8385293287792592e-12
K-Neighbors (All),Decision Tree (Kruskal - inCV),1.0,3.552713678800501e-15,-7.869777910570139,-1.1129546653992488,3.318234575999668e-12
K-Neighbors (All),Decision Tree (Chi-square - inCV),0.0,1.7763568394002505e-15,-7.956038125481531,-1.1251537019813398,1.8385293287792592e-12
K-Neighbors (All),Decision Tree (KS - inCV),0.0,1.7763568394002505e-15,-7.956038125481531,-1.1251537019813398,1.8385293287792592e-12
K-Neighbors (All),Naive Bayes (MW - inCV),0.0,1.7763568394002505e-15,-7.956038125481531,-1.1251537019813398,1.8385293287792592e-12
K-Neighbors (All),Naive Bayes (Wilcoxon - inCV),0.0,1.7763568394002505e-15,-7.956038125481531,-1.1251537019813398,1.8385293287792592e-12
K-Neighbors (All),Naive Bayes (Kruskal - inCV),0.0,1.7763568394002505e-15,-7.956038125481531,-1.1251537019813398,1.8385293287792592e-12
K-Neighbors (All),Naive Bayes (Chi-square - inCV),0.0,1.7763568394002505e-15,-7.956038125481531,-1.1251537019813398,1.8385293287792592e-12
K-Neighbors (All),Naive Bayes (KS - inCV),0.0,1.7763568394002505e-15,-7.956038125481531,-1.1251537019813398,1.8385293287792592e-12
K-Neighbors (All),Integrated-SelectFromModel (L1-LR selector) + LR,43.0,9.528919070628027e-09,-5.738907596114711,-0.8116040955631401,6.289086586614498e-06
K-Neighbors (All),Integrated-SelectFromModel (L1-LR selector) + SVM,157.0,6.354784893858323e-07,-4.980110894366649,-0.7042940368935319,0.0003698484808225544
K-Neighbors (All),Integrated-SelectFromModel (L1-LR selector) + KNN,581.5,0.5887924497200947,-0.5405867542177021,-0.07645051194539251,1.0
K-Neighbors (All),Integrated-SelectFromModel (L1-LR selector) + Naive Bayes,554.0,0.4262959591146398,0.7955460083624224,0.11250719545179173,1.0
K-Neighbors (All),Integrated-SelectFromModel (RF selector) + RF,0.0,1.7763568394002505e-15,-7.956038125481531,-1.1251537019813398,1.8385293287792592e-12
K-Neighbors (All),Integrated-SelectFromModel (RF selector) + LR,7.0,1.1545779354322477e-09,-6.08642765239752,-0.8607508532423209,8.266778017694894e-07
K-Neighbors (All),Integrated-SelectFromModel (RF selector) + KNN,468.0,0.10178731877313227,-1.636249794838756,-0.2314006651291163,1.0
K-Neighbors (All),Integrated-RFECV (L1-LR) + LR,23.0,1.1368683772161603e-12,-7.112830539255548,-1.005906141547673,9.185896487906575e-10
K-Neighbors (All),Integrated-RFECV (L1-LR) + KNN,463.0,0.0932040847757225,-1.6787330343705578,-0.2374087024810582,1.0
K-Neighbors (All),Integrated-RFECV (L1-LR) + Naive Bayes,629.5,0.9384417868357546,-0.07722847836504805,-0.01092175615052881,1.0
Decision Tree (All),Naive Bayes (All),25.0,1.6058265828178264e-12,7.065028823481318,0.999145958072411,1.294296225751168e-09
Decision Tree (All),Random Forest (MW - inCV),105.0,2.741093060444487e-07,-5.1404307713960895,-0.726966691334834,0.0001625468184843581
Decision Tree (All),Random Forest (Wilcoxon - inCV),127.0,7.798730550234723e-08,-5.371724246898922,-0.7596765283292856,4.8508104022459975e-05
Decision Tree (All),Random Forest (Kruskal - inCV),195.0,6.358623311442102e-06,-4.5140999250562155,-0.6383901335921872,0.003376428978375756
Decision Tree (All),Random Forest (Chi-square - inCV),95.0,5.802245794939154e-09,-5.822359829515583,-0.8234060235917239,3.928120403173807e-06
Decision Tree (All),Random Forest (KS - inCV),137.0,1.35512224384434e-06,-4.831494115820711,-0.6832764505119455,0.0007724196789912739
Decision Tree (All),Logistic Regression (MW - inCV),192.0,5.367254770405339e-06,-4.549895563309199,-0.6434524013013042,0.0028768485569372615
Decision Tree (All),Logistic Regression (Wilcoxon - inCV),203.0,2.7362618194116665e-05,-4.194374012635563,-0.5931740614334472,0.013489770769699516
Decision Tree (All),Logistic Regression (Kruskal - inCV),148.0,3.486415511844143e-07,-5.095054170786624,-0.7205494709352047,0.00020500123209643561
Decision Tree (All),Logistic Regression (Chi-square - inCV),234.0,9.81498701445565e-05,-3.8951206308364767,-0.5508532423208191,0.04524709013664055
Decision Tree (All),Logistic Regression (KS - inCV),233.0,4.6469730756726335e-05,-4.072707689379381,-0.5759678449901512,0.02230547076322864
Decision Tree (All),SVM (MW - inCV),235.0,5.121092026350027e-05,-4.0500306719066135,-0.5727608304237352,0.02447881988595313
Decision Tree (All),SVM (Wilcoxon - inCV),250.0,0.00010381446904439429,-3.881499257546521,-0.5489268892363388,0.04754702682233258
Decision Tree (All),SVM (Kruskal - inCV),276.0,0.0004835982297703459,-3.4896805651732,-0.4935153583617747,0.205529247652397
Decision Tree (All),SVM (Chi-square - inCV),261.0,0.00017022784864551,-3.7595373717728715,-0.5316788739409696,0.07626207619318848
Decision Tree (All),SVM (KS - inCV),406.0,0.03996443290510324,-2.054116340277235,-0.2904959187112253,1.0
Decision Tree (All),K-Neighbors (MW - inCV),378.0,0.011529687649083797,-2.526221152856233,-0.357261621592308,1.0
Decision Tree (All),K-Neighbors (Wilcoxon - inCV),369.0,0.00954418462558197,-2.591920419775946,-0.3665529010238908,1.0
Decision Tree (All),K-Neighbors (Kruskal - inCV),334.0,0.002896310240339872,-2.978533862620222,-0.4212282984505039,1.0
Decision Tree (All),K-Neighbors (Chi-square - inCV),286.0,0.0004885945525092694,-3.4869325577310346,-0.4931267314223534,0.20667549571142096
Decision Tree (All),K-Neighbors (KS - inCV),452.0,0.07395602411280144,-1.7868853294178901,-0.2527037467268296,1.0
Decision Tree (All),Decision Tree (MW - inCV),401.0,0.021794286702137455,-2.2939340589143287,-0.32441126573062057,1.0
Decision Tree (All),Decision Tree (Wilcoxon - inCV),337.0,0.0032054206503495664,-2.94731926853147,-0.4168138882200755,1.0
Decision Tree (All),Decision Tree (Kruskal - inCV),341.0,0.0036632546526647047,-2.90579149335146,-0.4109409739326004,1.0
Decision Tree (All),Decision Tree (Chi-square - inCV),385.0,0.014790561639585054,-2.4374670614280314,-0.3447098976109216,1.0
Decision Tree (All),Decision Tree (KS - inCV),419.0,0.03492057150523662,-2.10927824471273,-0.29829699004912585,1.0
Decision Tree (All),Naive Bayes (MW - inCV),243.0,7.500770700019643e-05,-3.959815446189701,-0.5600024708495944,0.03487858375509134
Decision Tree (All),Naive Bayes (Wilcoxon - inCV),246.0,8.630484972549368e-05,-3.9261820361894197,-0.5552459883924691,0.039959145422903575
Decision Tree (All),Naive Bayes (Kruskal - inCV),166.0,8.93362232953614e-06,-4.441494518110305,-0.6281221784717348,0.004672284478347401
Decision Tree (All),Naive Bayes (Chi-square - inCV),119.0,4.2364032282193875e-08,-5.480702499960625,-0.7750883806776443,2.668934033778214e-05
Decision Tree (All),Naive Bayes (KS - inCV),145.5,2.039799273635801e-06,-4.749440769198381,-0.6716723549488055,0.0011422875932360485
Decision Tree (All),Integrated-SelectFromModel (L1-LR selector) + LR,243.0,7.500770700019643e-05,3.959815446189701,0.5600024708495944,0.03487858375509134
Decision Tree (All),Integrated-SelectFromModel (L1-LR selector) + SVM,71.0,5.897913268881894e-10,6.193135102733352,0.8758415655894398,4.500107824156885e-07
Decision Tree (All),Integrated-SelectFromModel (L1-LR selector) + KNN,7.0,3.375077994860476e-14,7.583056491845678,1.07240613350095,2.8418156716725207e-11
Decision Tree (All),Integrated-SelectFromModel (L1-LR selector) + Naive Bayes,0.0,1.7763568394002505e-15,7.956038125481531,1.1251537019813398,1.8385293287792592e-12
Decision Tree (All),Integrated-SelectFromModel (RF selector) + RF,49.0,1.3389328977946965e-08,-5.681020674115679,-0.8034176485456336,8.676285177709634e-06
Decision Tree (All),Integrated-SelectFromModel (RF selector) + LR,541.0,0.35718707191412413,0.9207383057397592,0.1302120599373593,1.0
Decision Tree (All),Integrated-SelectFromModel (RF selector) + KNN,3.0,8.881784197001252e-15,7.754320376295517,1.0966265043143162,7.815970093361102e-12
Decision Tree (All),Integrated-RFECV (L1-LR) + LR,255.0,0.0002221471786454621,3.6924005980048396,0.522184300341297,0.09818905296129425
Decision Tree (All),Integrated-RFECV (L1-LR) + KNN,1.0,3.552713678800501e-15,7.869777910570139,1.1129546653992488,3.318234575999668e-12
Decision Tree (All),Integrated-RFECV (L1-LR) + Naive Bayes,1.0,3.552713678800501e-15,7.869777910570139,1.1129546653992488,3.318234575999668e-12
Naive Bayes (All),Random Forest (MW - inCV),0.0,7.555220876380673e-10,-6.154000996674732,-0.870307167235495,5.733116096700186e-07
Naive Bayes (All),Random Forest (Wilcoxon - inCV),0.0,1.7763568394002505e-15,-7.956038125481531,-1.1251537019813398,1.8385293287792592e-12
Naive Bayes (All),Random Forest (Kruskal - inCV),3.0,8.881784197001252e-15,-7.754320376295517,-1.0966265043143162,7.815970093361102e-12
Naive Bayes (All),Random Forest (Chi-square - inCV),0.0,1.7763568394002505e-15,-7.956038125481531,-1.1251537019813398,1.8385293287792592e-12
Naive Bayes (All),Random Forest (KS - inCV),0.0,1.7763568394002505e-15,-7.956038125481531,-1.1251537019813398,1.8385293287792592e-12
Naive Bayes (All),Logistic Regression (MW - inCV),5.0,1.7763568394002505e-14,-7.665860858431098,-1.0841164393258316,1.5294432387236157e-11
Naive Bayes (All),Logistic Regression (Wilcoxon - inCV),2.0,5.329070518200751e-15,-7.818891055763057,-1.1057581773777803,4.785505325344275e-12
Naive Bayes (All),Logistic Regression (Kruskal - inCV),0.0,1.7763568394002505e-15,-7.956038125481531,-1.1251537019813398,1.8385293287792592e-12
Naive Bayes (All),Logistic Regression (Chi-square - inCV),1.0,3.552713678800501e-15,-7.869777910570139,-1.1129546653992488,3.318234575999668e-12
Naive Bayes (All),Logistic Regression (KS - inCV),6.0,2.4868995751603507e-14,-7.622561816573916,-1.0779930301026128,2.1188384380366188e-11
Naive Bayes (All),SVM (MW - inCV),7.0,3.375077994860476e-14,-7.583056491845678,-1.07240613350095,2.8418156716725207e-11
Naive Bayes (All),SVM (Wilcoxon - inCV),6.0,2.4868995751603507e-14,-7.622561816573916,-1.0779930301026128,2.1188384380366188e-11
Naive Bayes (All),SVM (Kruskal - inCV),1.0,1.1812325186599061e-09,-6.082770663823384,-0.8602336769584223,8.445812508418329e-07
Naive Bayes (All),SVM (Chi-square - inCV),4.0,9.632252047950751e-10,-6.115387657087753,-0.8648464163822527,6.993014986812245e-07
Naive Bayes (All),SVM (KS - inCV),12.0,1.2434497875801753e-13,-7.412067987171716,-1.0482247072689688,1.0270895245412248e-10
Naive Bayes (All),K-Neighbors (MW - inCV),0.0,1.7763568394002505e-15,-7.956038125481531,-1.1251537019813398,1.8385293287792592e-12
Naive Bayes (All),K-Neighbors (Wilcoxon - inCV),0.0,1.7763568394002505e-15,-7.956038125481531,-1.1251537019813398,1.8385293287792592e-12
Naive Bayes (All),K-Neighbors (Kruskal - inCV),12.0,1.2434497875801753e-13,-7.412067987171716,-1.0482247072689688,1.0270895245412248e-10
Naive Bayes (All),K-Neighbors (Chi-square - inCV),5.0,1.7763568394002505e-14,-7.665860858431098,-1.0841164393258316,1.5294432387236157e-11
Naive Bayes (All),K-Neighbors (KS - inCV),6.0,1.0870035830988515e-09,-6.096080987294263,-0.8621160409556313,7.815555762480742e-07
Naive Bayes (All),Decision Tree (MW - inCV),1.0,8.029280680234973e-10,-6.144347661777988,-0.8689419795221844,5.92560914201341e-07
Naive Bayes (All),Decision Tree (Wilcoxon - inCV),1.0,8.029280680234973e-10,-6.144347661777988,-0.8689419795221844,5.92560914201341e-07
Naive Bayes (All),Decision Tree (Kruskal - inCV),3.0,8.881784197001252e-15,-7.754320376295517,-1.0966265043143162,7.815970093361102e-12
Naive Bayes (All),Decision Tree (Chi-square - inCV),2.0,5.329070518200751e-15,-7.818891055763057,-1.1057581773777803,4.785505325344275e-12
Naive Bayes (All),Decision Tree (KS - inCV),0.0,1.7763568394002505e-15,-7.956038125481531,-1.1251537019813398,1.8385293287792592e-12
Naive Bayes (All),Naive Bayes (MW - inCV),2.0,5.329070518200751e-15,-7.818891055763057,-1.1057581773777803,4.785505325344275e-12
Naive Bayes (All),Naive Bayes (Wilcoxon - inCV),1.0,3.552713678800501e-15,-7.869777910570139,-1.1129546653992488,3.318234575999668e-12
Naive Bayes (All),Naive Bayes (Kruskal - inCV),0.0,1.7763568394002505e-15,-7.956038125481531,-1.1251537019813398,1.8385293287792592e-12
Naive Bayes (All),Naive Bayes (Chi-square - inCV),0.0,1.7763568394002505e-15,-7.956038125481531,-1.1251537019813398,1.8385293287792592e-12
Naive Bayes (All),Naive Bayes (KS - inCV),2.0,5.329070518200751e-15,-7.818891055763057,-1.1057581773777803,4.785505325344275e-12
Naive Bayes (All),Integrated-SelectFromModel (L1-LR selector) + LR,53.5,1.724889555030254e-08,-5.637547579698891,-0.7972696245733789,1.1091039838844533e-05
Naive Bayes (All),Integrated-SelectFromModel (L1-LR selector) + SVM,287.0,0.0005086665780176247,-3.476150589288687,-0.4916019308223287,0.21414862934542
Naive Bayes (All),Integrated-SelectFromModel (L1-LR selector) + KNN,407.0,0.02607494901635935,2.225093693699648,0.31467576791808877,1.0
Naive Bayes (All),Integrated-SelectFromModel (L1-LR selector) + Naive Bayes,127.5,8.511505330877008e-07,4.923258145553741,0.6962538440505914,0.0004894115565254279
Naive Bayes (All),Integrated-SelectFromModel (RF selector) + RF,0.0,1.7763568394002505e-15,-7.956038125481531,-1.1251537019813398,1.8385293287792592e-12
Naive Bayes (All),Integrated-SelectFromModel (RF selector) + LR,1.0,3.552713678800501e-15,-7.869777910570139,-1.1129546653992488,3.318234575999668e-12
Naive Bayes (All),Integrated-SelectFromModel (RF selector) + KNN,472.0,0.1101260304360799,1.5976269254112445,0.2259385665529011,1.0
Naive Bayes (All),Integrated-RFECV (L1-LR) + LR,47.0,3.863753761379485e-11,-6.609210356103502,-0.9346834922178285,3.029182948921516e-08
Naive Bayes (All),Integrated-RFECV (L1-LR) + KNN,485.0,0.14333259515310637,1.4634927531315187,0.20696912999133335,1.0
Naive Bayes (All),Integrated-RFECV (L1-LR) + Naive Bayes,199.0,2.3060747862565105e-05,4.232987352222541,0.5986348122866896,0.011595740506108614
Random Forest (MW - inCV),Random Forest (Wilcoxon - inCV),605.5,0.7573924873436124,0.3089067166958297,0.043686006825938574,1.0
Random Forest (MW - inCV),Random Forest (Kruskal - inCV),517.0,0.24908489906916564,1.1525749278001407,0.16299870945461498,1.0
Random Forest (MW - inCV),Random Forest (Chi-square - inCV),469.0,0.10382485701630806,-1.6265869301014781,-0.2300341296928328,1.0
Random Forest (MW - inCV),Random Forest (KS - inCV),600.0,0.7173519866295903,0.3620000586279253,0.05119453924914674,1.0
Random Forest (MW - inCV),Logistic Regression (MW - inCV),574.0,0.5462652589115535,0.6033659646961572,0.08532883303476316,1.0
Random Forest (MW - inCV),Logistic Regression (Wilcoxon - inCV),582.0,0.5984627102635613,-0.5266124992481189,-0.0744742538551881,1.0
Random Forest (MW - inCV),Logistic Regression (Kruskal - inCV),539.0,0.34720687274462314,0.9400208367125855,0.1329390216192243,1.0
Random Forest (MW - inCV),Logistic Regression (Chi-square - inCV),473.5,0.1133879807499919,1.5831469230661268,0.22389078498293513,1.0
Random Forest (MW - inCV),Logistic Regression (KS - inCV),478.0,0.1236318102520084,1.5397069160307764,0.2177474402730376,1.0
Random Forest (MW - inCV),SVM (MW - inCV),305.5,0.0013510603955414026,3.2049071857192324,0.4532423208191126,0.5296156750522298
Random Forest (MW - inCV),SVM (Wilcoxon - inCV),320.0,0.0021771816052136156,3.064933829716435,0.4334470989761092,0.8207974651655331
Random Forest (MW - inCV),SVM (Kruskal - inCV),475.0,0.11672557026025483,1.5686669207210098,0.22184300341296925,1.0
Random Forest (MW - inCV),SVM (Chi-square - inCV),388.0,0.016017916620302528,2.408507056737797,0.34061433447098977,1.0
Random Forest (MW - inCV),SVM (KS - inCV),184.0,1.1989022485563904e-05,4.377787375673711,0.6191126279863483,0.006186335602550975
Random Forest (MW - inCV),K-Neighbors (MW - inCV),145.0,1.9916725452983955e-06,4.754267436646753,0.6723549488054608,0.0011173282979124
Random Forest (MW - inCV),K-Neighbors (Wilcoxon - inCV),178.0,2.36936675790389e-06,4.71906022240515,0.6673758968180757,0.001317367917394563
Random Forest (MW - inCV),K-Neighbors (Kruskal - inCV),354.5,0.006297144012795129,2.7318937757787434,0.3863481228668942,1.0
Random Forest (MW - inCV),K-Neighbors (Chi-square - inCV),371.0,0.00939211543820484,2.597441363751975,0.3673336804086911,1.0
Random Forest (MW - inCV),K-Neighbors (KS - inCV),97.0,1.8122945762785934e-07,5.217627511690497,0.7378839590443685,0.00010910013349197132
Random Forest (MW - inCV),Decision Tree (MW - inCV),206.5,3.1743019136881056e-05,4.1605873404969556,0.5883959044368601,0.015585822396208598
Random Forest (MW - inCV),Decision Tree (Wilcoxon - inCV),288.5,0.0007543763017789126,3.369013878963892,0.4764505119453925,0.30853990742757526
Random Forest (MW - inCV),Decision Tree (Kruskal - inCV),350.0,0.004912360514200742,2.8127252455919924,0.397779418954539,1.0
Random Forest (MW - inCV),Decision Tree (Chi-square - inCV),237.0,5.639617199193481e-05,4.027403624771343,0.5695608827302197,0.026562597008201294
Random Forest (MW - inCV),Decision Tree (KS - inCV),187.0,4.028586058524297e-06,4.609902115241674,0.6519386092587194,0.002195579401895742
Random Forest (MW - inCV),Naive Bayes (MW - inCV),497.0,0.17500578594082772,1.3562935529926268,0.19180887372013647,1.0
Random Forest (MW - inCV),Naive Bayes (Wilcoxon - inCV),539.0,0.34720687274462314,0.9400208367125855,0.1329390216192243,1.0
Random Forest (MW - inCV),Naive Bayes (Kruskal - inCV),590.0,0.652772195247282,0.44991435663909024,0.06362749850653669,1.0
Random Forest (MW - inCV),Naive Bayes (Chi-square - inCV),452.0,0.07395602411280144,-1.7868853294178901,-0.2527037467268296,1.0
Random Forest (MW - inCV),Naive Bayes (KS - inCV),545.0,0.3776732059941086,-0.8821915957135212,-0.12476073192696241,1.0
Random Forest (MW - inCV),Integrated-SelectFromModel (L1-LR selector) + LR,54.5,1.824228699703057e-08,5.627894244802146,0.7959044368600682,1.1711548252093627e-05
Random Forest (MW - inCV),Integrated-SelectFromModel (L1-LR selector) + SVM,9.0,5.861977570020827e-14,7.511128589878778,1.062233992053487,4.89475127096739e-11
Random Forest (MW - inCV),Integrated-SelectFromModel (L1-LR selector) + KNN,0.0,1.7763568394002505e-15,7.956038125481531,1.1251537019813398,1.8385293287792592e-12
Random Forest (MW - inCV),Integrated-SelectFromModel (L1-LR selector) + Naive Bayes,0.0,7.555220876380673e-10,6.154000996674732,0.870307167235495,5.733116096700186e-07
Random Forest (MW - inCV),Integrated-SelectFromModel (RF selector) + RF,172.0,7.002010074274284e-06,-4.493627394434648,-0.6354948805460752,0.0036970613192168216
Random Forest (MW - inCV),Integrated-SelectFromModel (RF selector) + LR,126.0,7.905710188378587e-07,4.937680799684903,0.6982935153583618,0.00045536890685060665
Random Forest (MW - inCV),Integrated-SelectFromModel (RF selector) + KNN,0.0,1.7763568394002505e-15,7.956038125481531,1.1251537019813398,1.8385293287792592e-12
Random Forest (MW - inCV),Integrated-RFECV (L1-LR) + LR,50.0,5.610267805877811e-11,6.55376913986836,0.9268429202264089,4.370398620778815e-08
Random Forest (MW - inCV),Integrated-RFECV (L1-LR) + KNN,0.0,1.7763568394002505e-15,7.956038125481531,1.1251537019813398,1.8385293287792592e-12
Random Forest (MW - inCV),Integrated-RFECV (L1-LR) + Naive Bayes,0.0,1.7763568394002505e-15,7.956038125481531,1.1251537019813398,1.8385293287792592e-12
Random Forest (Wilcoxon - inCV),Random Forest (Kruskal - inCV),542.0,0.3622430237473182,0.9110993597978071,0.1288489071295503,1.0
Random Forest (Wilcoxon - inCV),Random Forest (Chi-square - inCV),402.0,0.023003675137892043,-2.2733736087582708,-0.3215035789847013,1.0
Random Forest (Wilcoxon - inCV),Random Forest (KS - inCV),569.0,0.5084497948497686,-0.6612534404270103,-0.09351535836177474,1.0
Random Forest (Wilcoxon - inCV),Logistic Regression (MW - inCV),551.0,0.40970358186013023,0.824415374716488,0.11658994039529544,1.0
Random Forest (Wilcoxon - inCV),Logistic Regression (Wilcoxon - inCV),571.0,0.520900461817212,0.6419579873674804,0.09078656922088268,1.0
Random Forest (Wilcoxon - inCV),Logistic Regression (Kruskal - inCV),544.5,0.36931064829451177,-0.8977653741593171,-0.12696319679650625,1.0
Random Forest (Wilcoxon - inCV),Logistic Regression (Chi-square - inCV),497.0,0.17500327358789936,1.3563014523589678,0.19180999085923783,1.0
Random Forest (Wilcoxon - inCV),Logistic Regression (KS - inCV),506.0,0.20795951830847592,-1.259196076687342,-0.17807721693382308,1.0
Random Forest (Wilcoxon - inCV),SVM (MW - inCV),321.0,0.0018425334424101436,3.1145057838545727,0.4404576319616584,0.705690308443085
Random Forest (Wilcoxon - inCV),SVM (Wilcoxon - inCV),223.5,6.429113487041454e-05,3.9964806472522962,0.5651877133105803,0.030088251119354006
Random Forest (Wilcoxon - inCV),SVM (Kruskal - inCV),483.0,0.13807290852462017,1.483005654215227,0.20972867092671585,1.0
Random Forest (Wilcoxon - inCV),SVM (Chi-square - inCV),382.5,0.013831867883496909,2.461600398669893,0.348122866894198,1.0
Random Forest (Wilcoxon - inCV),SVM (KS - inCV),199.0,2.3060747862565105e-05,4.232987352222541,0.5986348122866896,0.011595740506108614
Random Forest (Wilcoxon - inCV),K-Neighbors (MW - inCV),178.0,2.36936675790389e-06,4.71906022240515,0.6673758968180757,0.001317367917394563
Random Forest (Wilcoxon - inCV),K-Neighbors (Wilcoxon - inCV),127.0,7.798730550234723e-08,5.371724246898922,0.7596765283292856,4.8508104022459975e-05
Random Forest (Wilcoxon - inCV),K-Neighbors (Kruskal - inCV),383.0,0.01330480151673541,2.4755046875503663,0.3500892302851899,1.0
Random Forest (Wilcoxon - inCV),K-Neighbors (Chi-square - inCV),383.0,0.014019095406169881,2.4567737312215203,0.34744027303754266,1.0
Random Forest (Wilcoxon - inCV),K-Neighbors (KS - inCV),129.0,9.051156624195755e-08,5.3448107590660605,0.7558703863788859,5.584563637128781e-05
Random Forest (Wilcoxon - inCV),Decision Tree (MW - inCV),264.5,0.00031736902254149186,3.6006939164857643,0.5092150170648464,0.13773815578300747
Random Forest (Wilcoxon - inCV),Decision Tree (Wilcoxon - inCV),257.0,0.00023963134945343515,3.67309392821135,0.5194539249146759,0.10543779375951147
Random Forest (Wilcoxon - inCV),Decision Tree (Kruskal - inCV),363.0,0.007380741603101981,2.679158642569575,0.37889024880709843,1.0
Random Forest (Wilcoxon - inCV),Decision Tree (Chi-square - inCV),222.0,2.6885878247284722e-05,4.198356801481503,0.593737312833647,0.013335395610653222
Random Forest (Wilcoxon - inCV),Decision Tree (KS - inCV),173.0,1.7496796758109667e-06,4.7803756349065445,0.676047205612273,0.0009868193371573852
Random Forest (Wilcoxon - inCV),Naive Bayes (MW - inCV),440.0,0.05658100519591361,1.9065336421070733,0.26962457337883955,1.0
Random Forest (Wilcoxon - inCV),Naive Bayes (Wilcoxon - inCV),504.5,0.19917397391006186,1.283908496781662,0.18157208089946797,1.0
Random Forest (Wilcoxon - inCV),Naive Bayes (Kruskal - inCV),583.0,0.5988097799492575,0.5261128802601546,0.07440359706030827,1.0
Random Forest (Wilcoxon - inCV),Naive Bayes (Chi-square - inCV),449.0,0.06930163067169381,-1.816448307291936,-0.2568845831521907,1.0
Random Forest (Wilcoxon - inCV),Naive Bayes (KS - inCV),575.0,0.5526669770606443,-0.5937684748590927,-0.0839715430055317,1.0
Random Forest (Wilcoxon - inCV),Integrated-SelectFromModel (L1-LR selector) + LR,43.0,2.3080204414327454e-11,6.685077768724393,0.9454127646048905,1.814104066966138e-08
Random Forest (Wilcoxon - inCV),Integrated-SelectFromModel (L1-LR selector) + SVM,6.0,2.4868995751603507e-14,7.622561816573916,1.0779930301026128,2.1188384380366188e-11
Random Forest (Wilcoxon - inCV),Integrated-SelectFromModel (L1-LR selector) + KNN,0.0,1.7763568394002505e-15,7.956038125481531,1.1251537019813398,1.8385293287792592e-12
Random Forest (Wilcoxon - inCV),Integrated-SelectFromModel (L1-LR selector) + Naive Bayes,0.0,7.555220876380673e-10,6.154000996674732,0.870307167235495,5.733116096700186e-07
Random Forest (Wilcoxon - inCV),Integrated-SelectFromModel (RF selector) + RF,219.0,5.346392356031115e-05,-4.039944183716926,-0.571334385584278,0.025341899767587484
Random Forest (Wilcoxon - inCV),Integrated-SelectFromModel (RF selector) + LR,119.0,4.2364032282193875e-08,5.480702499960625,0.7750883806776443,2.668934033778214e-05
Random Forest (Wilcoxon - inCV),Integrated-SelectFromModel (RF selector) + KNN,0.0,1.7763568394002505e-15,7.956038125481531,1.1251537019813398,1.8385293287792592e-12
Random Forest (Wilcoxon - inCV),Integrated-RFECV (L1-LR) + LR,47.0,3.863753761379485e-11,6.609210356103502,0.9346834922178285,3.029182948921516e-08
Random Forest (Wilcoxon - inCV),Integrated-RFECV (L1-LR) + KNN,0.0,1.7763568394002505e-15,7.956038125481531,1.1251537019813398,1.8385293287792592e-12
Random Forest (Wilcoxon - inCV),Integrated-RFECV (L1-LR) + Naive Bayes,0.0,7.555220876380673e-10,6.154000996674732,0.870307167235495,5.733116096700186e-07
Random Forest (Kruskal - inCV),Random Forest (Chi-square - inCV),376.0,0.010879562807692977,-2.546543573351432,-0.36013564586076396,1.0
Random Forest (Kruskal - inCV),Random Forest (KS - inCV),510.0,0.2183976009859543,-1.2308001993349458,-0.1740614334470989,1.0
Random Forest (Kruskal - inCV),Logistic Regression (MW - inCV),606.0,0.766732668436843,0.29665139512798205,0.04195284262868921,1.0
Random Forest (Kruskal - inCV),Logistic Regression (Wilcoxon - inCV),609.0,0.7887529519630228,-0.26793032351764046,-0.03789106972896582,1.0
Random Forest (Kruskal - inCV),Logistic Regression (Kruskal - inCV),424.0,0.039015525521861605,-2.064023107575155,-0.2918969471784246,1.0
Random Forest (Kruskal - inCV),Logistic Regression (Chi-square - inCV),616.5,0.8393529414453512,-0.20272121351984587,-0.028669108954049807,1.0
Random Forest (Kruskal - inCV),Logistic Regression (KS - inCV),629.0,0.9389922173111831,-0.07653657417760153,-0.01082390612195385,1.0
Random Forest (Kruskal - inCV),SVM (MW - inCV),489.0,0.15430250303892734,1.4244975180387665,0.20145437095772362,1.0
Random Forest (Kruskal - inCV),SVM (Wilcoxon - inCV),412.0,0.04610345508442351,1.9944449067886145,0.2820571036586402,1.0
Random Forest (Kruskal - inCV),SVM (Kruskal - inCV),585.0,0.6122950987501914,-0.5068000820790955,-0.07167235494880547,1.0
Random Forest (Kruskal - inCV),SVM (Chi-square - inCV),516.5,0.24278243229906737,1.1680603255191118,0.165188675401906,1.0
Random Forest (Kruskal - inCV),SVM (KS - inCV),283.0,0.0006213324953273363,3.422127152037396,0.48396186305765,0.2572316530655172
Random Forest (Kruskal - inCV),K-Neighbors (MW - inCV),311.0,0.001282241835095732,3.219924899086892,0.4553661462111502,0.5064855248628142
Random Forest (Kruskal - inCV),K-Neighbors (Wilcoxon - inCV),279.0,0.0005386913816499508,3.4607407165173676,0.4894226457155644,0.22571168891132937
Random Forest (Kruskal - inCV),K-Neighbors (Kruskal - inCV),408.0,0.02616696817119646,2.2237247618939042,0.31448217172552406,1.0
Random Forest (Kruskal - inCV),K-Neighbors (Chi-square - inCV),506.0,0.20795951830847592,1.259196076687342,0.17807721693382308,1.0
Random Forest (Kruskal - inCV),K-Neighbors (KS - inCV),256.0,0.0001362867761987019,3.8148117696790433,0.539495854258061,0.06146533606561455
Random Forest (Kruskal - inCV),Decision Tree (MW - inCV),307.0,0.0014206263546371058,3.1904271833741156,0.45119453924914676,0.5540442783084712
Random Forest (Kruskal - inCV),Decision Tree (Wilcoxon - inCV),320.0,0.0017779629774352657,3.1250144962417568,0.4419437883197618,0.682737783335142
Random Forest (Kruskal - inCV),Decision Tree (Kruskal - inCV),408.0,0.02616696817119646,2.2237247618939042,0.31448217172552406,1.0
Random Forest (Kruskal - inCV),Decision Tree (Chi-square - inCV),337.0,0.0032054206503495664,2.94731926853147,0.4168138882200755,1.0
Random Forest (Kruskal - inCV),Decision Tree (KS - inCV),278.0,0.00035222154756553437,3.5735146350033347,0.5053712862160457,0.15251193009587638
Random Forest (Kruskal - inCV),Naive Bayes (MW - inCV),589.0,0.645875956795086,-0.459498879103713,-0.06498295467237061,1.0
Random Forest (Kruskal - inCV),Naive Bayes (Wilcoxon - inCV),609.0,0.7887529519630228,-0.26793032351764046,-0.03789106972896582,1.0
Random Forest (Kruskal - inCV),Naive Bayes (Kruskal - inCV),555.5,0.4286094261609269,-0.7915734615330635,-0.11194539249146758,1.0
Random Forest (Kruskal - inCV),Naive Bayes (Chi-square - inCV),359.0,0.006525205201144857,-2.720151301725831,-0.3846874862607499,1.0
Random Forest (Kruskal - inCV),Naive Bayes (KS - inCV),453.0,0.07556206690378708,-1.7770375195581385,-0.25131105610049637,1.0
Random Forest (Kruskal - inCV),Integrated-SelectFromModel (L1-LR selector) + LR,60.0,1.8094681308866711e-10,6.376697964130577,0.9018012744030366,1.39690939704451e-07
Random Forest (Kruskal - inCV),Integrated-SelectFromModel (L1-LR selector) + SVM,11.0,9.769962616701378e-14,7.443975501082831,1.0527371111604396,8.099299009245442e-11
Random Forest (Kruskal - inCV),Integrated-SelectFromModel (L1-LR selector) + KNN,1.0,3.552713678800501e-15,7.869777910570139,1.1129546653992488,3.318234575999668e-12
Random Forest (Kruskal - inCV),Integrated-SelectFromModel (L1-LR selector) + Naive Bayes,0.0,1.7763568394002505e-15,7.956038125481531,1.1251537019813398,1.8385293287792592e-12
Random Forest (Kruskal - inCV),Integrated-SelectFromModel (RF selector) + RF,221.0,5.804665444357392e-05,-4.020613984494157,-0.5686006825938565,0.02728192758847974
Random Forest (Kruskal - inCV),Integrated-SelectFromModel (RF selector) + LR,165.0,1.0633089786438177e-06,4.8795449318053565,0.6900718620768034,0.0006092760447629075
Random Forest (Kruskal - inCV),Integrated-SelectFromModel (RF selector) + KNN,1.0,8.029280680234973e-10,6.144347661777988,0.8689419795221844,5.92560914201341e-07
Random Forest (Kruskal - inCV),Integrated-RFECV (L1-LR) + LR,68.0,4.3148595807451784e-10,6.242190145358608,0.8827789962477824,3.309497298431552e-07
Random Forest (Kruskal - inCV),Integrated-RFECV (L1-LR) + KNN,0.0,1.7763568394002505e-15,7.956038125481531,1.1251537019813398,1.8385293287792592e-12
Random Forest (Kruskal - inCV),Integrated-RFECV (L1-LR) + Naive Bayes,0.0,1.7763568394002505e-15,7.956038125481531,1.1251537019813398,1.8385293287792592e-12
Random Forest (Chi-square - inCV),Random Forest (KS - inCV),413.5,0.03059143821508769,2.1623470168708074,0.30580204778156994,1.0
Random Forest (Chi-square - inCV),Logistic Regression (MW - inCV),444.0,0.06207125225267518,1.8657864255347185,0.2638620467482818,1.0
Random Forest (Chi-square - inCV),Logistic Regression (Wilcoxon - inCV),472.0,0.11171837302823029,1.5905167502534556,0.22493303593900177,1.0
Random Forest (Chi-square - inCV),Logistic Regression (Kruskal - inCV),589.0,0.645875956795086,0.459498879103713,0.06498295467237061,1.0
Random Forest (Chi-square - inCV),Logistic Regression (Chi-square - inCV),382.0,0.01364685170499553,2.4664270661182646,0.3488054607508532,1.0
Random Forest (Chi-square - inCV),Logistic Regression (KS - inCV),385.0,0.014788819437338585,2.437509651282538,0.34471592072590784,1.0
Random Forest (Chi-square - inCV),SVM (MW - inCV),234.5,0.00010010416086014506,3.890339279721877,0.5501770571615456,0.046047913995666725
Random Forest (Chi-square - inCV),SVM (Wilcoxon - inCV),218.5,5.2379586779175583e-05,4.04474732173602,0.5720136518771332,0.024880303720108403
Random Forest (Chi-square - inCV),SVM (Kruskal - inCV),318.0,0.0020406023145530493,3.084258462837654,0.4361800148009005,0.7774694818447118
Random Forest (Chi-square - inCV),SVM (Chi-square - inCV),255.5,0.00022640232614993386,3.687573930556467,0.5215017064846417,0.09984342583212083
Random Forest (Chi-square - inCV),SVM (KS - inCV),109.0,1.9077969426462005e-08,5.62016090409735,0.7948107773293508,1.2209900432935683e-05
Random Forest (Chi-square - inCV),K-Neighbors (MW - inCV),119.0,5.578837643399114e-07,5.005254143962116,0.707849829351536,0.0003259741655003978
Random Forest (Chi-square - inCV),K-Neighbors (Wilcoxon - inCV),138.0,1.4223946331142919e-06,4.8218407809239645,0.6819112627986346,0.0008093425462420321
Random Forest (Chi-square - inCV),K-Neighbors (Kruskal - inCV),218.0,5.13109535994176e-05,4.049573989184392,0.5726962457337884,0.02447881988595313
Random Forest (Chi-square - inCV),K-Neighbors (Chi-square - inCV),218.0,5.13109535994176e-05,4.049573989184392,0.5726962457337884,0.02447881988595313
Random Forest (Chi-square - inCV),K-Neighbors (KS - inCV),80.0,7.377163970149327e-08,5.381734204935157,0.7610921501706484,4.5959731534030303e-05
Random Forest (Chi-square - inCV),Decision Tree (MW - inCV),193.0,1.7794454055914472e-05,4.29090736160301,0.606825938566553,0.009075171568516381
Random Forest (Chi-square - inCV),Decision Tree (Wilcoxon - inCV),231.0,4.213757459226031e-05,4.095435383114293,0.5791820262622885,0.02035244852806173
Random Forest (Chi-square - inCV),Decision Tree (Kruskal - inCV),262.0,0.0001778852638985029,3.7485142054151313,0.5301199628046285,0.07933682769873229
Random Forest (Chi-square - inCV),Decision Tree (Chi-square - inCV),172.5,7.161647002542367e-06,4.488826870796586,0.6348159839825313,0.0037741879703398276
Random Forest (Chi-square - inCV),Decision Tree (KS - inCV),138.0,1.4223946331142919e-06,4.8218407809239645,0.6819112627986346,0.0008093425462420321
Random Forest (Chi-square - inCV),Naive Bayes (MW - inCV),391.5,0.01756224858561438,2.37472038459919,0.3358361774744027,1.0
Random Forest (Chi-square - inCV),Naive Bayes (Wilcoxon - inCV),429.0,0.04414405981976628,2.0127203259712654,0.284641638225256,1.0
Random Forest (Chi-square - inCV),Naive Bayes (Kruskal - inCV),470.5,0.10693663066540461,1.6121163170387736,0.22798767596791977,1.0
Random Forest (Chi-square - inCV),Naive Bayes (Chi-square - inCV),580.0,0.5788490000981157,-0.5550667565628191,-0.07849829351535839,1.0
Random Forest (Chi-square - inCV),Naive Bayes (KS - inCV),572.0,0.5335711137818162,0.6225639401751157,0.08804383676400808,1.0
Random Forest (Chi-square - inCV),Integrated-SelectFromModel (L1-LR selector) + LR,35.0,6.0224096131304135e-09,5.816134275288668,0.8225255972696247,4.065126488863029e-06
Random Forest (Chi-square - inCV),Integrated-SelectFromModel (L1-LR selector) + SVM,0.0,1.7763568394002505e-15,7.956038125481531,1.1251537019813398,1.8385293287792592e-12
Random Forest (Chi-square - inCV),Integrated-SelectFromModel (L1-LR selector) + KNN,0.0,1.7763568394002505e-15,7.956038125481531,1.1251537019813398,1.8385293287792592e-12
Random Forest (Chi-square - inCV),Integrated-SelectFromModel (L1-LR selector) + Naive Bayes,0.0,1.7763568394002505e-15,7.956038125481531,1.1251537019813398,1.8385293287792592e-12
Random Forest (Chi-square - inCV),Integrated-SelectFromModel (RF selector) + RF,353.5,0.0061144646732559605,-2.741579045759338,-0.3877178268830744,1.0
Random Forest (Chi-square - inCV),Integrated-SelectFromModel (RF selector) + LR,82.0,8.211091259920598e-08,5.362427535141667,0.7583617747440272,5.090876581150771e-05
Random Forest (Chi-square - inCV),Integrated-SelectFromModel (RF selector) + KNN,0.0,1.7763568394002505e-15,7.956038125481531,1.1251537019813398,1.8385293287792592e-12
Random Forest (Chi-square - inCV),Integrated-RFECV (L1-LR) + LR,28.0,4.0117628535125806e-09,5.8837076195658815,0.8320819112627988,2.7440457918026053e-06
Random Forest (Chi-square - inCV),Integrated-RFECV (L1-LR) + KNN,0.0,1.7763568394002505e-15,7.956038125481531,1.1251537019813398,1.8385293287792592e-12
Random Forest (Chi-square - inCV),Integrated-RFECV (L1-LR) + Naive Bayes,0.0,7.555220876380673e-10,6.154000996674732,0.870307167235495,5.733116096700186e-07
Random Forest (KS - inCV),Logistic Regression (MW - inCV),540.0,0.3466022986463131,0.941200152432606,0.13310580204778158,1.0
Random Forest (KS - inCV),Logistic Regression (Wilcoxon - inCV),567.0,0.4961448569251454,0.680568037767723,0.09624685491287586,1.0
Random Forest (KS - inCV),Logistic Regression (Kruskal - inCV),566.0,0.4900549141307122,-0.6902214851119461,-0.09761205852866135,1.0
Random Forest (KS - inCV),Logistic Regression (Chi-square - inCV),466.0,0.09781360409210259,1.655546934791712,0.2341296928327645,1.0
Random Forest (KS - inCV),Logistic Regression (KS - inCV),467.0,0.10110987171644048,1.639496631119223,0.23185983711938044,1.0
Random Forest (KS - inCV),SVM (MW - inCV),353.0,0.0054056035788701,2.781813849118582,0.39340788734208015,1.0
Random Forest (KS - inCV),SVM (Wilcoxon - inCV),328.0,0.0028107874052504455,2.987707150542477,0.4225255972696245,1.0
Random Forest (KS - inCV),SVM (Kruskal - inCV),448.0,0.06780369678404519,1.8263092228175448,0.25827912719956386,1.0
Random Forest (KS - inCV),SVM (Chi-square - inCV),353.5,0.0061144646732559605,2.741579045759338,0.3877178268830744,1.0
Random Forest (KS - inCV),SVM (KS - inCV),170.0,6.393690370251723e-06,4.512934064228136,0.6382252559726962,0.003388655896233413
Random Forest (KS - inCV),K-Neighbors (MW - inCV),190.5,2.695391814446614e-05,4.1977842925924955,0.5936563478501056,0.013335395610653222
Random Forest (KS - inCV),K-Neighbors (Wilcoxon - inCV),166.0,1.502905932942479e-05,4.32826204195265,0.6121086881234103,0.007694878376665493
Random Forest (KS - inCV),K-Neighbors (Kruskal - inCV),355.5,0.006484094695516992,2.722240440881999,0.38498293515358367,1.0
Random Forest (KS - inCV),K-Neighbors (Chi-square - inCV),370.0,0.009116960633276605,2.6076368989664624,0.3687755468262891,1.0
Random Forest (KS - inCV),K-Neighbors (KS - inCV),95.5,1.675882220255969e-07,5.232107514035614,0.7399317406143344,0.00010122328610346053
Random Forest (KS - inCV),Decision Tree (MW - inCV),275.0,0.0003107899432901462,3.6061362955885583,0.5099846856987211,0.13550441527450374
Random Forest (KS - inCV),Decision Tree (Wilcoxon - inCV),316.0,0.001539555129280501,3.167122382286477,0.4478987426724922,0.5958078350315539
Random Forest (KS - inCV),Decision Tree (Kruskal - inCV),375.0,0.010566648384996213,2.5567125847698042,0.36157376124714286,1.0
Random Forest (KS - inCV),Decision Tree (Chi-square - inCV),253.0,0.00011903464815610221,3.8481057980427864,0.544204340903865,0.0540417302628704
Random Forest (KS - inCV),Decision Tree (KS - inCV),210.0,1.4422642710343325e-05,4.337326307979584,0.6133905689182352,0.007398815710406126
Random Forest (KS - inCV),Naive Bayes (MW - inCV),488.0,0.1515030570827971,1.4342425547535023,0.20283252726650391,1.0
Random Forest (KS - inCV),Naive Bayes (Wilcoxon - inCV),530.0,0.3044806608698192,1.0268721689840914,0.14522165482007787,1.0
Random Forest (KS - inCV),Naive Bayes (Kruskal - inCV),568.5,0.5053598984248798,0.6660801078753826,0.09419795221843003,1.0
Random Forest (KS - inCV),Naive Bayes (Chi-square - inCV),470.0,0.10737600575610173,-1.6101000977865256,-0.22770253950679512,1.0
Random Forest (KS - inCV),Naive Bayes (KS - inCV),580.0,0.7464687568661599,-0.3232990718238534,-0.045721393207592685,1.0
Random Forest (KS - inCV),Integrated-SelectFromModel (L1-LR selector) + LR,64.0,2.8132163265581767e-10,6.3087370326060155,0.8921901472956821,2.166176571449796e-07
Random Forest (KS - inCV),Integrated-SelectFromModel (L1-LR selector) + SVM,14.0,1.7565587728239223e-09,6.0188543081203045,0.8511945392491466,1.2416181725411653e-06
Random Forest (KS - inCV),Integrated-SelectFromModel (L1-LR selector) + KNN,2.0,5.329070518200751e-15,7.818891055763057,1.1057581773777803,4.785505325344275e-12
Random Forest (KS - inCV),Integrated-SelectFromModel (L1-LR selector) + Naive Bayes,0.0,1.7763568394002505e-15,7.956038125481531,1.1251537019813398,1.8385293287792592e-12
Random Forest (KS - inCV),Integrated-SelectFromModel (RF selector) + RF,180.0,1.0035796458252872e-05,-4.416400715260689,-0.6245733788395904,0.005208578361833241
Random Forest (KS - inCV),Integrated-SelectFromModel (RF selector) + LR,135.0,1.4032918471684752e-07,5.264816847567653,0.7445575389240539,8.546047349256014e-05
Random Forest (KS - inCV),Integrated-SelectFromModel (RF selector) + KNN,0.0,1.7763568394002505e-15,7.956038125481531,1.1251537019813398,1.8385293287792592e-12
Random Forest (KS - inCV),Integrated-RFECV (L1-LR) + LR,61.0,2.619306560979915e-08,5.565147567973306,0.7870307167235495,1.665878972783226e-05
Random Forest (KS - inCV),Integrated-RFECV (L1-LR) + KNN,0.0,1.7763568394002505e-15,7.956038125481531,1.1251537019813398,1.8385293287792592e-12
Random Forest (KS - inCV),Integrated-RFECV (L1-LR) + Naive Bayes,0.0,1.7763568394002505e-15,7.956038125481531,1.1251537019813398,1.8385293287792592e-12
Logistic Regression (MW - inCV),Logistic Regression (Wilcoxon - inCV),451.0,0.7905039864068941,0.0,0.0,1.0
Logistic Regression (MW - inCV),Logistic Regression (Kruskal - inCV),422.0,0.03749527318470712,-2.080330019213413,-0.294203092738349,1.0
Logistic Regression (MW - inCV),Logistic Regression (Chi-square - inCV),527.0,0.39504774380102525,0.8504989502764414,0.12027871502650239,1.0
Logistic Regression (MW - inCV),Logistic Regression (KS - inCV),503.5,0.19581937852401665,1.2935544100790155,0.1829362190401272,1.0
Logistic Regression (MW - inCV),SVM (MW - inCV),381.5,0.013463483074037774,2.4712681267181202,0.3494900901065118,1.0
Logistic Regression (MW - inCV),SVM (Wilcoxon - inCV),369.0,0.008848884696840642,2.617837833836914,0.37021817687055686,1.0
Logistic Regression (MW - inCV),SVM (Kruskal - inCV),537.0,0.3374027667706141,0.959309667145611,0.13566687417929424,1.0
Logistic Regression (MW - inCV),SVM (Chi-square - inCV),482.0,0.13549845162767582,1.492765994311626,0.211108991460486,1.0
Logistic Regression (MW - inCV),SVM (KS - inCV),318.5,0.00207395871271923,3.0794317672776574,0.4354974169686612,0.7881043108333073
Logistic Regression (MW - inCV),K-Neighbors (MW - inCV),285.0,0.0006669895097297915,3.402800551102499,0.4812286689419796,0.2754666675184039
Logistic Regression (MW - inCV),K-Neighbors (Wilcoxon - inCV),289.0,0.0005510827602233093,3.454613228309719,0.48855608802291056,0.22980151101311996
Logistic Regression (MW - inCV),K-Neighbors (Kruskal - inCV),492.0,0.16293225736063377,1.3952772245504552,0.19732199742295442,1.0
Logistic Regression (MW - inCV),K-Neighbors (Chi-square - inCV),469.0,0.10525460779046192,1.6198960533571363,0.22908789682923128,1.0
Logistic Regression (MW - inCV),K-Neighbors (KS - inCV),275.0,0.0003107899432901462,3.6061362955885583,0.5099846856987211,0.13550441527450374
Logistic Regression (MW - inCV),Decision Tree (MW - inCV),339.0,0.0034275276816781997,2.926542412173399,0.4138755970155693,1.0
Logistic Regression (MW - inCV),Decision Tree (Wilcoxon - inCV),385.0,0.014790561639585054,2.4374670614280314,0.3447098976109216,1.0
Logistic Regression (MW - inCV),Decision Tree (Kruskal - inCV),446.5,0.06521262747578825,1.843797703918597,0.26075237191540523,1.0
Logistic Regression (MW - inCV),Decision Tree (Chi-square - inCV),315.0,0.0014846473444478647,3.177667833194091,0.44939009464198093,0.5775278169902194
Logistic Regression (MW - inCV),Decision Tree (KS - inCV),303.5,0.0012631074375689948,3.2242326340775476,0.4559753519358396,0.500190545277322
Logistic Regression (MW - inCV),Naive Bayes (MW - inCV),490.0,0.22301460812608642,1.2185511275890533,0.17232915310814667,1.0
Logistic Regression (MW - inCV),Naive Bayes (Wilcoxon - inCV),573.0,0.5398998476772991,0.6129644477352498,0.08668626352397245,1.0
Logistic Regression (MW - inCV),Naive Bayes (Kruskal - inCV),577.5,0.5624541675427843,-0.5792000938046805,-0.0819112627986348,1.0
Logistic Regression (MW - inCV),Naive Bayes (Chi-square - inCV),297.0,0.0007549339759211904,-3.3688101898212883,-0.47642170595059463,0.30853990742757526
Logistic Regression (MW - inCV),Naive Bayes (KS - inCV),412.0,0.029491583701997604,-2.1768523761222913,-0.3078534153596242,1.0
Logistic Regression (MW - inCV),Integrated-SelectFromModel (L1-LR selector) + LR,76.0,5.9472777275847996e-08,5.420379113875876,0.7665573656047123,3.7229958574680846e-05
Logistic Regression (MW - inCV),Integrated-SelectFromModel (L1-LR selector) + SVM,29.0,4.252640137236981e-09,5.8740542846691355,0.830716723549488,2.9003005735956207e-06
Logistic Regression (MW - inCV),Integrated-SelectFromModel (L1-LR selector) + KNN,0.0,1.7763568394002505e-15,7.956038125481531,1.1251537019813398,1.8385293287792592e-12
Logistic Regression (MW - inCV),Integrated-SelectFromModel (L1-LR selector) + Naive Bayes,3.0,8.881784197001252e-15,7.754320376295517,1.0966265043143162,7.815970093361102e-12
Logistic Regression (MW - inCV),Integrated-SelectFromModel (RF selector) + RF,206.5,3.1743019136881056e-05,-4.1605873404969556,-0.5883959044368601,0.015585822396208598
Logistic Regression (MW - inCV),Integrated-SelectFromModel (RF selector) + LR,157.0,3.5107018137782545e-06,4.638427417885818,0.6559726962457338,0.0019238645939504836
Logistic Regression (MW - inCV),Integrated-SelectFromModel (RF selector) + KNN,3.0,8.881784197001252e-15,7.754320376295517,1.0966265043143162,7.815970093361102e-12
Logistic Regression (MW - inCV),Integrated-RFECV (L1-LR) + LR,81.0,1.5961560961841315e-09,6.034338054747779,0.8533842716968388,1.130078516098365e-06
Logistic Regression (MW - inCV),Integrated-RFECV (L1-LR) + KNN,1.0,3.552713678800501e-15,7.869777910570139,1.1129546653992488,3.318234575999668e-12
Logistic Regression (MW - inCV),Integrated-RFECV (L1-LR) + Naive Bayes,1.0,3.552713678800501e-15,7.869777910570139,1.1129546653992488,3.318234575999668e-12
Logistic Regression (Wilcoxon - inCV),Logistic Regression (Kruskal - inCV),465.0,0.0958708729317577,-1.6652099681987333,-0.2354962521225519,1.0
Logistic Regression (Wilcoxon - inCV),Logistic Regression (Chi-square - inCV),530.0,0.41184173761489073,0.820656881845689,0.1160584092360988,1.0
Logistic Regression (Wilcoxon - inCV),Logistic Regression (KS - inCV),524.0,0.27798803015155293,1.0848501490266866,0.15342097938960136,1.0
Logistic Regression (Wilcoxon - inCV),SVM (MW - inCV),404.5,0.024496389516279884,2.2492532312039635,0.3180924424780152,1.0
Logistic Regression (Wilcoxon - inCV),SVM (Wilcoxon - inCV),311.0,0.001622596838141647,3.1518138437871372,0.4457337883959045,0.6263223795226758
Logistic Regression (Wilcoxon - inCV),SVM (Kruskal - inCV),530.0,0.3044806608698192,1.0268721689840914,0.14522165482007787,1.0
Logistic Regression (Wilcoxon - inCV),SVM (Chi-square - inCV),464.0,0.09396104408379559,1.674863359318726,0.23686144778703047,1.0
Logistic Regression (Wilcoxon - inCV),SVM (KS - inCV),311.0,0.001282241835095732,3.219924899086892,0.4553661462111502,0.5064855248628142
Logistic Regression (Wilcoxon - inCV),K-Neighbors (MW - inCV),312.0,0.0013303578723942167,3.209349252370011,0.4538705239093623,0.5228306438509271
Logistic Regression (Wilcoxon - inCV),K-Neighbors (Wilcoxon - inCV),273.0,0.0004337639489806458,3.5186405698634347,0.4976109215017065,0.1856509701637164
Logistic Regression (Wilcoxon - inCV),K-Neighbors (Kruskal - inCV),479.5,0.12720250989124895,1.5252269136856589,0.21569965870307167,1.0
Logistic Regression (Wilcoxon - inCV),K-Neighbors (Chi-square - inCV),479.0,0.12799334338745183,1.5220628100540607,0.21525218687621567,1.0
Logistic Regression (Wilcoxon - inCV),K-Neighbors (KS - inCV),299.0,0.0008156048825487261,3.347443919113905,0.47340005896942305,0.33031997743223407
Logistic Regression (Wilcoxon - inCV),Decision Tree (MW - inCV),360.5,0.007495483399757712,2.6739893402379664,0.37815919906056167,1.0
Logistic Regression (Wilcoxon - inCV),Decision Tree (Wilcoxon - inCV),383.0,0.01330480151673541,2.4755046875503663,0.3500892302851899,1.0
Logistic Regression (Wilcoxon - inCV),Decision Tree (Kruskal - inCV),432.0,0.04719429796794117,1.9845523525749833,0.28065808522509733,1.0
Logistic Regression (Wilcoxon - inCV),Decision Tree (Chi-square - inCV),281.5,0.0005890926392932925,3.4365872232411054,0.48600682593856664,0.24447344530671639
Logistic Regression (Wilcoxon - inCV),Decision Tree (KS - inCV),294.0,0.0006715891126169993,3.400922311251266,0.4809630457148793,0.2766947143982037
Logistic Regression (Wilcoxon - inCV),Naive Bayes (MW - inCV),511.0,0.2220223412061293,1.2211682015336276,0.1726992632547617,1.0
Logistic Regression (Wilcoxon - inCV),Naive Bayes (Wilcoxon - inCV),572.0,0.5335711137818162,0.6225639401751157,0.08804383676400808,1.0
Logistic Regression (Wilcoxon - inCV),Naive Bayes (Kruskal - inCV),594.0,0.6745438470223697,-0.4199200680083935,-0.05938566552901025,1.0
Logistic Regression (Wilcoxon - inCV),Naive Bayes (Chi-square - inCV),327.0,0.004512023546399982,-2.839952615734385,-0.4016299505668514,1.0
Logistic Regression (Wilcoxon - inCV),Naive Bayes (KS - inCV),474.5,0.1156045718231283,-1.5734935881693821,-0.22252559726962456,1.0
Logistic Regression (Wilcoxon - inCV),Integrated-SelectFromModel (L1-LR selector) + LR,69.0,4.792291008470784e-10,6.225759375951321,0.8804553345541815,3.6708949124886203e-07
Logistic Regression (Wilcoxon - inCV),Integrated-SelectFromModel (L1-LR selector) + SVM,20.0,6.590283874174929e-13,7.187677208965087,1.016491059087842,5.344720221955868e-10
Logistic Regression (Wilcoxon - inCV),Integrated-SelectFromModel (L1-LR selector) + KNN,1.0,3.552713678800501e-15,7.869777910570139,1.1129546653992488,3.318234575999668e-12
Logistic Regression (Wilcoxon - inCV),Integrated-SelectFromModel (L1-LR selector) + Naive Bayes,3.0,8.881784197001252e-15,7.754320376295517,1.0966265043143162,7.815970093361102e-12
Logistic Regression (Wilcoxon - inCV),Integrated-SelectFromModel (RF selector) + RF,242.5,0.00013722805318165077,-3.813111700968093,-0.5392554282352618,0.06175262393174285
Logistic Regression (Wilcoxon - inCV),Integrated-SelectFromModel (RF selector) + LR,130.0,9.745764195656648e-08,5.331401567993223,0.75397404039132,5.993644980328838e-05
Logistic Regression (Wilcoxon - inCV),Integrated-SelectFromModel (RF selector) + KNN,3.0,8.881784197001252e-15,7.754320376295517,1.0966265043143162,7.815970093361102e-12
Logistic Regression (Wilcoxon - inCV),Integrated-RFECV (L1-LR) + LR,63.0,2.5226754019058717e-10,6.325589558663674,0.8945734543867808,1.944982734869427e-07
Logistic Regression (Wilcoxon - inCV),Integrated-RFECV (L1-LR) + KNN,3.0,8.881784197001252e-15,7.754320376295517,1.0966265043143162,7.815970093361102e-12
Logistic Regression (Wilcoxon - inCV),Integrated-RFECV (L1-LR) + Naive Bayes,1.0,3.552713678800501e-15,7.869777910570139,1.1129546653992488,3.318234575999668e-12
Logistic Regression (Kruskal - inCV),Logistic Regression (Chi-square - inCV),329.0,0.0029008504608866023,2.9780538156457332,0.42116040955631406,1.0
Logistic Regression (Kruskal - inCV),Logistic Regression (KS - inCV),289.5,0.0007811753847337211,3.3593801097574443,0.4750880912385394,0.31715720620189075
Logistic Regression (Kruskal - inCV),SVM (MW - inCV),332.5,0.0032372044329119056,2.9442671435071266,0.416382252559727,1.0
Logistic Regression (Kruskal - inCV),SVM (Wilcoxon - inCV),302.0,0.0009149367393188612,3.3154562114147392,0.46887631396368434,0.3678045692061822
Logistic Regression (Kruskal - inCV),SVM (Kruskal - inCV),279.5,0.0005484711803620374,3.4558938930345935,0.4887372013651876,0.22926095339133162
Logistic Regression (Kruskal - inCV),SVM (Chi-square - inCV),372.0,0.010378388051314273,2.562960415085712,0.3624573378839591,1.0
Logistic Regression (Kruskal - inCV),SVM (KS - inCV),179.0,9.59724863145825e-06,4.426054050157435,0.6259385665529011,0.005000166536989748
Logistic Regression (Kruskal - inCV),K-Neighbors (MW - inCV),220.0,2.4281497463363166e-05,4.221376502970866,0.5969927902384506,0.01211646723421822
Logistic Regression (Kruskal - inCV),K-Neighbors (Wilcoxon - inCV),233.0,4.6469730756726335e-05,4.072707689379381,0.5759678449901512,0.02230547076322864
Logistic Regression (Kruskal - inCV),K-Neighbors (Kruskal - inCV),288.0,0.0007412729307956567,3.3738405464122647,0.4771331058020478,0.30392190162621924
Logistic Regression (Kruskal - inCV),K-Neighbors (Chi-square - inCV),359.0,0.006525205201144857,2.720151301725831,0.3846874862607499,1.0
Logistic Regression (Kruskal - inCV),K-Neighbors (KS - inCV),143.0,2.4721383162784605e-07,5.159799968931126,0.7297059095194672,0.00014733944365019624
Logistic Regression (Kruskal - inCV),Decision Tree (MW - inCV),214.0,1.7805245978053108e-05,4.290772737276924,0.6068068998117755,0.009075171568516381
Logistic Regression (Kruskal - inCV),Decision Tree (Wilcoxon - inCV),255.0,0.0001302957841744501,3.8258988534733023,0.5410638046849618,0.05889369444685144
Logistic Regression (Kruskal - inCV),Decision Tree (Kruskal - inCV),271.5,0.0004106851259960238,3.533120572208552,0.4996587030716724,0.17659460417829023
Logistic Regression (Kruskal - inCV),Decision Tree (Chi-square - inCV),192.0,1.7036649895824982e-05,4.300560696499753,0.6081911262798634,0.008705728096766566
Logistic Regression (Kruskal - inCV),Decision Tree (KS - inCV),197.0,2.1159180339503176e-05,4.252294022016031,0.6013651877133107,0.010685386071449103
Logistic Regression (Kruskal - inCV),Naive Bayes (MW - inCV),379.0,0.01186723909238907,2.5160676822705312,0.35582570401156244,1.0
Logistic Regression (Kruskal - inCV),Naive Bayes (Wilcoxon - inCV),437.0,0.052989788310034314,1.9350041346339224,0.2736509090447307,1.0
Logistic Regression (Kruskal - inCV),Naive Bayes (Kruskal - inCV),457.0,0.12190813218811582,1.5468138803273286,0.21875251680258617,1.0
Logistic Regression (Kruskal - inCV),Naive Bayes (Chi-square - inCV),453.5,0.07569260069056805,-1.7762446567761863,-0.25119892837056257,1.0
Logistic Regression (Kruskal - inCV),Naive Bayes (KS - inCV),632.5,0.9615037134940911,0.04826667448372342,0.006825938566552906,1.0
Logistic Regression (Kruskal - inCV),Integrated-SelectFromModel (L1-LR selector) + LR,36.0,8.842704346534447e-12,6.824183095454409,0.9650852285708835,7.021107251148351e-09
Logistic Regression (Kruskal - inCV),Integrated-SelectFromModel (L1-LR selector) + SVM,6.0,2.4868995751603507e-14,7.622561816573916,1.0779930301026128,2.1188384380366188e-11
Logistic Regression (Kruskal - inCV),Integrated-SelectFromModel (L1-LR selector) + KNN,0.0,1.7763568394002505e-15,7.956038125481531,1.1251537019813398,1.8385293287792592e-12
Logistic Regression (Kruskal - inCV),Integrated-SelectFromModel (L1-LR selector) + Naive Bayes,0.0,1.7763568394002505e-15,7.956038125481531,1.1251537019813398,1.8385293287792592e-12
Logistic Regression (Kruskal - inCV),Integrated-SelectFromModel (RF selector) + RF,345.5,0.007908672519755189,-2.6559440903369578,-0.37560721534591984,1.0
Logistic Regression (Kruskal - inCV),Integrated-SelectFromModel (RF selector) + LR,78.0,1.192391962945294e-09,6.081263433176088,0.8600205223561193,8.489830776170493e-07
Logistic Regression (Kruskal - inCV),Integrated-SelectFromModel (RF selector) + KNN,0.0,7.555220876380673e-10,6.154000996674732,0.870307167235495,5.733116096700186e-07
Logistic Regression (Kruskal - inCV),Integrated-RFECV (L1-LR) + LR,26.5,3.6751594078408713e-09,5.898187621910997,0.8341296928327645,2.5174841943709967e-06
Logistic Regression (Kruskal - inCV),Integrated-RFECV (L1-LR) + KNN,0.0,1.7763568394002505e-15,7.956038125481531,1.1251537019813398,1.8385293287792592e-12
Logistic Regression (Kruskal - inCV),Integrated-RFECV (L1-LR) + Naive Bayes,0.0,1.7763568394002505e-15,7.956038125481531,1.1251537019813398,1.8385293287792592e-12
Logistic Regression (Chi-square - inCV),Logistic Regression (KS - inCV),575.0,0.5526669770606443,0.5937684748590927,0.0839715430055317,1.0
Logistic Regression (Chi-square - inCV),SVM (MW - inCV),508.0,0.21125785150815046,1.2501141500390494,0.17679283854997377,1.0
Logistic Regression (Chi-square - inCV),SVM (Wilcoxon - inCV),456.0,0.08054833435456032,1.747513332006899,0.24713570545519536,1.0
Logistic Regression (Chi-square - inCV),SVM (Kruskal - inCV),578.0,0.5720861414815896,0.5649818028862988,0.07990049281358065,1.0
Logistic Regression (Chi-square - inCV),SVM (Chi-square - inCV),534.0,0.3177364853432144,0.9991201618130742,0.14129692832764507,1.0
Logistic Regression (Chi-square - inCV),SVM (KS - inCV),320.5,0.002212446418572885,3.0601249850376724,0.4327670256397041,0.827454960546259
Logistic Regression (Chi-square - inCV),K-Neighbors (MW - inCV),353.0,0.0054056035788701,2.781813849118582,0.39340788734208015,1.0
Logistic Regression (Chi-square - inCV),K-Neighbors (Wilcoxon - inCV),337.0,0.0061349577332173435,2.7404796694739857,0.38756235159778474,1.0
Logistic Regression (Chi-square - inCV),K-Neighbors (Kruskal - inCV),502.0,0.19427670053532076,1.2980309480757548,0.1835692971148739,1.0
Logistic Regression (Chi-square - inCV),K-Neighbors (Chi-square - inCV),547.0,0.38232152193677915,0.8736268081553933,0.12354948805460751,1.0
Logistic Regression (Chi-square - inCV),K-Neighbors (KS - inCV),273.0,0.0002857006608838475,3.6279318364942594,0.5130670406535311,0.12485118880624135
Logistic Regression (Chi-square - inCV),Decision Tree (MW - inCV),407.0,0.02607494901635935,2.225093693699648,0.31467576791808877,1.0
Logistic Regression (Chi-square - inCV),Decision Tree (Wilcoxon - inCV),440.0,0.056738698656332076,1.9053183725510618,0.2694527083100345,1.0
Logistic Regression (Chi-square - inCV),Decision Tree (Kruskal - inCV),529.5,0.2971520449298021,1.042560168848425,0.14744027303754265,1.0
Logistic Regression (Chi-square - inCV),Decision Tree (Chi-square - inCV),366.0,0.008770301774992688,2.62088042446618,0.3706484641638226,1.0
Logistic Regression (Chi-square - inCV),Decision Tree (KS - inCV),375.0,0.010566648384996213,2.5567125847698042,0.36157376124714286,1.0
Logistic Regression (Chi-square - inCV),Naive Bayes (MW - inCV),605.0,0.7537235431167062,0.313733384144202,0.04436860068259386,1.0
Logistic Regression (Chi-square - inCV),Naive Bayes (Wilcoxon - inCV),622.5,0.8848687637092881,0.14480002345117018,0.02047781569965871,1.0
Logistic Regression (Chi-square - inCV),Naive Bayes (Kruskal - inCV),512.5,0.22755775822116642,-1.2066738899990819,-0.17064945805982018,1.0
Logistic Regression (Chi-square - inCV),Naive Bayes (Chi-square - inCV),245.5,0.00015424761059696425,-3.7841293190371217,-0.5351567004755962,0.06925717715803695
Logistic Regression (Chi-square - inCV),Naive Bayes (KS - inCV),351.5,0.005764764255042166,-2.7608698603179,-0.3904459600408687,1.0
Logistic Regression (Chi-square - inCV),Integrated-SelectFromModel (L1-LR selector) + LR,90.0,1.2556690765590098e-07,5.285200855967711,0.7474402730375427,7.67213805777555e-05
Logistic Regression (Chi-square - inCV),Integrated-SelectFromModel (L1-LR selector) + SVM,35.0,6.0224096131304135e-09,5.816134275288668,0.8225255972696247,4.065126488863029e-06
Logistic Regression (Chi-square - inCV),Integrated-SelectFromModel (L1-LR selector) + KNN,0.0,1.7763568394002505e-15,7.956038125481531,1.1251537019813398,1.8385293287792592e-12
Logistic Regression (Chi-square - inCV),Integrated-SelectFromModel (L1-LR selector) + Naive Bayes,3.0,9.063995250059829e-10,6.1250766656353415,0.8662166491116474,6.607652537293616e-07
Logistic Regression (Chi-square - inCV),Integrated-SelectFromModel (RF selector) + RF,175.0,8.018349399556471e-06,-4.464693392996604,-0.6314029948213348,0.004217651784166704
Logistic Regression (Chi-square - inCV),Integrated-SelectFromModel (RF selector) + LR,168.0,5.836128457714753e-06,4.532240734021626,0.6409556313993175,0.0031106564679619633
Logistic Regression (Chi-square - inCV),Integrated-SelectFromModel (RF selector) + KNN,2.0,5.329070518200751e-15,7.818891055763057,1.1057581773777803,4.785505325344275e-12
Logistic Regression (Chi-square - inCV),Integrated-RFECV (L1-LR) + LR,79.0,1.1151651065122249e-07,5.306881682992274,0.750506404999703,6.84711375398506e-05
Logistic Regression (Chi-square - inCV),Integrated-RFECV (L1-LR) + KNN,2.0,5.329070518200751e-15,7.818891055763057,1.1057581773777803,4.785505325344275e-12
Logistic Regression (Chi-square - inCV),Integrated-RFECV (L1-LR) + Naive Bayes,1.0,3.552713678800501e-15,7.869777910570139,1.1129546653992488,3.318234575999668e-12
Logistic Regression (KS - inCV),SVM (MW - inCV),525.0,0.27746772079261084,1.0860254770084885,0.15358719586681144,1.0
Logistic Regression (KS - inCV),SVM (Wilcoxon - inCV),503.5,0.19581677466495573,1.2935619441258848,0.1829372845152534,1.0
Logistic Regression (KS - inCV),SVM (Kruskal - inCV),548.0,0.38760246289647093,0.8639734732586484,0.1221843003412969,1.0
Logistic Regression (KS - inCV),SVM (Chi-square - inCV),538.0,0.3422827758111566,0.949664455928803,0.13430283532781795,1.0
Logistic Regression (KS - inCV),SVM (KS - inCV),292.5,0.0008672113893951699,3.330400539376914,0.47098976109215024,0.34948618992625347
Logistic Regression (KS - inCV),K-Neighbors (MW - inCV),387.0,0.015599199204924842,2.4181603916345416,0.34197952218430033,1.0
Logistic Regression (KS - inCV),K-Neighbors (Wilcoxon - inCV),386.0,0.014479791748943427,2.4451350325580266,0.34579431248771403,1.0
Logistic Regression (KS - inCV),K-Neighbors (Kruskal - inCV),490.0,0.1544850059028902,1.4238668972698403,0.20136518771331066,1.0
Logistic Regression (KS - inCV),K-Neighbors (Chi-square - inCV),561.0,0.46647302992520423,0.728229631430008,0.10298722212902775,1.0
Logistic Regression (KS - inCV),K-Neighbors (KS - inCV),288.0,0.0005294876867694143,3.4653774978018377,0.4900783856133899,0.222384828443154
Logistic Regression (KS - inCV),Decision Tree (MW - inCV),362.0,0.007825458033751688,2.6595092535579767,0.3761114055638437,1.0
Logistic Regression (KS - inCV),Decision Tree (Wilcoxon - inCV),426.0,0.04118325110113326,2.0416803306614986,0.28873720136518766,1.0
Logistic Regression (KS - inCV),Decision Tree (Kruskal - inCV),492.0,0.23066157199474524,1.198656415301885,0.16951561591454428,1.0
Logistic Regression (KS - inCV),Decision Tree (Chi-square - inCV),376.0,0.010879562807692977,2.546543573351432,0.36013564586076396,1.0
Logistic Regression (KS - inCV),Decision Tree (KS - inCV),351.5,0.005764764255042166,2.7608698603179,0.3904459600408687,1.0
Logistic Regression (KS - inCV),Naive Bayes (MW - inCV),608.0,0.7813934753886187,-0.27750355641778124,-0.03924492930927936,1.0
Logistic Regression (KS - inCV),Naive Bayes (Wilcoxon - inCV),569.0,0.5148085516941183,-0.6513686361815747,-0.09211743593924492,1.0
Logistic Regression (KS - inCV),Naive Bayes (Kruskal - inCV),486.0,0.14601836144972324,-1.4537401528120055,-0.2055899040273074,1.0
Logistic Regression (KS - inCV),Naive Bayes (Chi-square - inCV),236.0,5.374574670646837e-05,-4.0387109458228965,-0.5711599794087411,0.02536799244545307
Logistic Regression (KS - inCV),Naive Bayes (KS - inCV),272.0,0.0004182150243363876,-3.528314454357316,-0.4989790153669143,0.1794142454403103
Logistic Regression (KS - inCV),Integrated-SelectFromModel (L1-LR selector) + LR,99.0,8.22989321136447e-09,5.763680939364115,0.8151075753640032,5.489338771980101e-06
Logistic Regression (KS - inCV),Integrated-SelectFromModel (L1-LR selector) + SVM,39.0,1.34718902700115e-11,6.763476856436742,0.9565000699169387,1.0669737093849108e-08
Logistic Regression (KS - inCV),Integrated-SelectFromModel (L1-LR selector) + KNN,0.0,1.7763568394002505e-15,7.956038125481531,1.1251537019813398,1.8385293287792592e-12
Logistic Regression (KS - inCV),Integrated-SelectFromModel (L1-LR selector) + Naive Bayes,4.0,1.2434497875801753e-14,7.7115025445745395,1.0905711484811946,1.0755840662568517e-11
Logistic Regression (KS - inCV),Integrated-SelectFromModel (RF selector) + RF,182.5,1.1217462478598447e-05,-4.392267378018828,-0.621160409556314,0.005799428101435397
Logistic Regression (KS - inCV),Integrated-SelectFromModel (RF selector) + LR,194.0,6.010637926934237e-06,4.526014775598196,0.6400751479151989,0.003197659377129014
Logistic Regression (KS - inCV),Integrated-SelectFromModel (RF selector) + KNN,6.0,2.4868995751603507e-14,7.622561816573916,1.0779930301026128,2.1188384380366188e-11
Logistic Regression (KS - inCV),Integrated-RFECV (L1-LR) + LR,96.0,6.3368066349767105e-09,5.8076175338546685,0.821321148145306,4.2583340587043494e-06
Logistic Regression (KS - inCV),Integrated-RFECV (L1-LR) + KNN,4.0,9.632252047950751e-10,6.115387657087753,0.8648464163822527,6.993014986812245e-07
Logistic Regression (KS - inCV),Integrated-RFECV (L1-LR) + Naive Bayes,3.0,9.066026281609868e-10,6.1250409919844975,0.8662116040955632,6.607652537293616e-07
SVM (MW - inCV),SVM (Wilcoxon - inCV),456.0,0.6490103137190081,0.0,0.0,1.0
SVM (MW - inCV),SVM (Kruskal - inCV),549.0,0.39292763192967284,-0.8543201383619041,-0.12081911262798639,1.0
SVM (MW - inCV),SVM (Chi-square - inCV),542.5,0.48622353631616244,-0.6963278492145542,-0.098475628821731,1.0
SVM (MW - inCV),SVM (KS - inCV),376.5,0.011750503147010864,2.519549756842208,0.3563181437200084,1.0
SVM (MW - inCV),K-Neighbors (MW - inCV),396.0,0.019067043399514816,2.344217604387867,0.3315224329279088,1.0
SVM (MW - inCV),K-Neighbors (Wilcoxon - inCV),425.0,0.03996834652842374,2.0540758965964003,0.29049019911103047,1.0
SVM (MW - inCV),K-Neighbors (Kruskal - inCV),626.5,0.9154337452655885,-0.10618730231991927,-0.015017152309264184,1.0
SVM (MW - inCV),K-Neighbors (Chi-square - inCV),627.5,0.9230969889487787,-0.09653334896744675,-0.0136518771331058,1.0
SVM (MW - inCV),K-Neighbors (KS - inCV),364.5,0.008404798370562275,2.6353604268112965,0.37269624573378834,1.0
SVM (MW - inCV),Decision Tree (MW - inCV),488.0,0.14897158367005808,1.4431735670633292,0.20409556313993174,1.0
SVM (MW - inCV),Decision Tree (Wilcoxon - inCV),537.0,0.3374027667706141,0.959309667145611,0.13566687417929424,1.0
SVM (MW - inCV),Decision Tree (Kruskal - inCV),565.0,0.49032624846387485,0.6897900154987827,0.0975510395107926,1.0
SVM (MW - inCV),Decision Tree (Chi-square - inCV),442.0,0.05935623218713815,1.8855454654515449,0.2666563969712665,1.0
SVM (MW - inCV),Decision Tree (KS - inCV),433.0,0.04830953815983641,1.9746354051434858,0.2792556170696009,1.0
SVM (MW - inCV),Naive Bayes (MW - inCV),554.0,0.4202120225803053,-0.8060534638781806,-0.11399317406143346,1.0
SVM (MW - inCV),Naive Bayes (Wilcoxon - inCV),500.0,0.18768390417341507,-1.3174617203779069,-0.1863172232865826,1.0
SVM (MW - inCV),Naive Bayes (Kruskal - inCV),467.0,0.09978566685940078,-1.6458935998949669,-0.23276450511945385,1.0
SVM (MW - inCV),Naive Bayes (Chi-square - inCV),251.5,0.00019439799711017678,-3.726187270143445,-0.5269624573378839,0.08640022755908916
SVM (MW - inCV),Naive Bayes (KS - inCV),334.0,0.0033919426674941695,-2.92978714116201,-0.41433447098976117,1.0
SVM (MW - inCV),Integrated-SelectFromModel (L1-LR selector) + LR,126.0,7.235236054725647e-08,5.3852292752011515,0.76158642774781,4.522022534203529e-05
SVM (MW - inCV),Integrated-SelectFromModel (L1-LR selector) + SVM,40.0,1.5448975432263978e-11,6.743618602811567,0.953691688756762,1.2220139566920807e-08
SVM (MW - inCV),Integrated-SelectFromModel (L1-LR selector) + KNN,2.0,5.329070518200751e-15,7.818891055763057,1.1057581773777803,4.785505325344275e-12
SVM (MW - inCV),Integrated-SelectFromModel (L1-LR selector) + Naive Bayes,5.0,1.7763568394002505e-14,7.665860858431098,1.0841164393258316,1.5294432387236157e-11
SVM (MW - inCV),Integrated-SelectFromModel (RF selector) + RF,123.0,6.810228572609851e-07,-4.966698658602744,-0.7023972603216259,0.00039363121149684936
SVM (MW - inCV),Integrated-SelectFromModel (RF selector) + LR,273.0,0.0004337639489806458,3.5186405698634347,0.4976109215017065,0.1856509701637164
SVM (MW - inCV),Integrated-SelectFromModel (RF selector) + KNN,9.0,5.861977570020827e-14,7.511128589878778,1.062233992053487,4.89475127096739e-11
SVM (MW - inCV),Integrated-RFECV (L1-LR) + LR,123.0,5.7649630846867694e-08,5.425942147576705,0.7673440973754773,3.6146318540986044e-05
SVM (MW - inCV),Integrated-RFECV (L1-LR) + KNN,11.0,9.769962616701378e-14,7.443975501082831,1.0527371111604396,8.099299009245442e-11
SVM (MW - inCV),Integrated-RFECV (L1-LR) + Naive Bayes,6.0,2.4868995751603507e-14,7.622561816573916,1.0779930301026128,2.1188384380366188e-11
SVM (Wilcoxon - inCV),SVM (Kruskal - inCV),522.5,0.26693871202203134,-1.1101399787991553,-0.15699750141503455,1.0
SVM (Wilcoxon - inCV),SVM (Chi-square - inCV),533.0,0.42905491864890766,-0.7908099227701704,-0.11183741180407948,1.0
SVM (Wilcoxon - inCV),SVM (KS - inCV),463.0,0.09208184504263979,1.6845167504387188,0.23822664345150904,1.0
SVM (Wilcoxon - inCV),K-Neighbors (MW - inCV),426.0,0.04118207080274487,2.041692221878447,0.2887388830372158,1.0
SVM (Wilcoxon - inCV),K-Neighbors (Wilcoxon - inCV),390.5,0.017108218536636147,2.384373719495935,0.33720136518771326,1.0
SVM (Wilcoxon - inCV),K-Neighbors (Kruskal - inCV),609.0,0.7832240122577349,-0.27512004455722333,-0.03890784982935154,1.0
SVM (Wilcoxon - inCV),K-Neighbors (Chi-square - inCV),567.0,0.650835426431331,-0.4526019054848144,-0.06400757530925302,1.0
SVM (Wilcoxon - inCV),K-Neighbors (KS - inCV),424.0,0.039015525521861605,2.064023107575155,0.2918969471784246,1.0
SVM (Wilcoxon - inCV),Decision Tree (MW - inCV),539.0,0.34720687274462314,0.9400208367125855,0.1329390216192243,1.0
SVM (Wilcoxon - inCV),Decision Tree (Wilcoxon - inCV),561.0,0.46647302992520423,0.728229631430008,0.10298722212902775,1.0
SVM (Wilcoxon - inCV),Decision Tree (Kruskal - inCV),619.0,0.8582622419229222,0.17858669558977658,0.025255972696245743,1.0
SVM (Wilcoxon - inCV),Decision Tree (Chi-square - inCV),475.0,0.11848533640686121,1.5611628310132655,0.22078176486917364,1.0
SVM (Wilcoxon - inCV),Decision Tree (KS - inCV),433.0,0.04830953815983641,1.9746354051434858,0.2792556170696009,1.0
SVM (Wilcoxon - inCV),Naive Bayes (MW - inCV),506.0,0.20795951830847592,-1.259196076687342,-0.17807721693382308,1.0
SVM (Wilcoxon - inCV),Naive Bayes (Wilcoxon - inCV),480.0,0.12841041263756067,-1.5204002462372868,-0.21501706484641642,1.0
SVM (Wilcoxon - inCV),Naive Bayes (Kruskal - inCV),447.0,0.06591629950686641,-1.8389924299775187,-0.2600728035575661,1.0
SVM (Wilcoxon - inCV),Naive Bayes (Chi-square - inCV),203.0,9.898605478397826e-06,-4.419376530024601,-0.6249942225994138,0.00514727484876687
SVM (Wilcoxon - inCV),Naive Bayes (KS - inCV),318.0,0.001654895925714328,-3.146053744286194,-0.4449191873124193,0.6371349314000163
SVM (Wilcoxon - inCV),Integrated-SelectFromModel (L1-LR selector) + LR,95.5,1.675882220255969e-07,5.232107514035614,0.7399317406143344,0.00010122328610346053
SVM (Wilcoxon - inCV),Integrated-SelectFromModel (L1-LR selector) + SVM,29.0,3.0890845437170356e-12,6.973610562599213,0.9862174636336076,2.4774458040610625e-09
SVM (Wilcoxon - inCV),Integrated-SelectFromModel (L1-LR selector) + KNN,2.0,5.329070518200751e-15,7.818891055763057,1.1057581773777803,4.785505325344275e-12
SVM (Wilcoxon - inCV),Integrated-SelectFromModel (L1-LR selector) + Naive Bayes,4.0,1.2434497875801753e-14,7.7115025445745395,1.0905711484811946,1.0755840662568517e-11
SVM (Wilcoxon - inCV),Integrated-SelectFromModel (RF selector) + RF,122.0,6.476465327994518e-07,-4.9764390597578805,-0.7037747610632807,0.00037563498902368203
SVM (Wilcoxon - inCV),Integrated-SelectFromModel (RF selector) + LR,250.0,0.00010381446904439429,3.881499257546521,0.5489268892363388,0.04754702682233258
SVM (Wilcoxon - inCV),Integrated-SelectFromModel (RF selector) + KNN,7.0,3.375077994860476e-14,7.583056491845678,1.07240613350095,2.8418156716725207e-11
SVM (Wilcoxon - inCV),Integrated-RFECV (L1-LR) + LR,95.0,5.802245794939154e-09,5.822359829515583,0.8234060235917239,3.928120403173807e-06
SVM (Wilcoxon - inCV),Integrated-RFECV (L1-LR) + KNN,11.0,9.769962616701378e-14,7.443975501082831,1.0527371111604396,8.099299009245442e-11
SVM (Wilcoxon - inCV),Integrated-RFECV (L1-LR) + Naive Bayes,4.0,1.2434497875801753e-14,7.7115025445745395,1.0905711484811946,1.0755840662568517e-11
SVM (Kruskal - inCV),SVM (Chi-square - inCV),611.5,0.8018243863454573,-0.25098670731536166,-0.035494880546075094,1.0
SVM (Kruskal - inCV),SVM (KS - inCV),373.5,0.010819336240482888,2.548480412740595,0.36040955631399324,1.0
SVM (Kruskal - inCV),K-Neighbors (MW - inCV),403.5,0.023890827635902355,2.258880365838254,0.3194539249146757,1.0
SVM (Kruskal - inCV),K-Neighbors (Wilcoxon - inCV),414.0,0.03048635454688231,2.1637133662071473,0.3059952787578091,1.0
SVM (Kruskal - inCV),K-Neighbors (Kruskal - inCV),518.0,0.25308251223662737,1.1428942209997057,0.1616296507695617,1.0
SVM (Kruskal - inCV),K-Neighbors (Chi-square - inCV),612.0,0.8109402812359416,-0.23921318246546305,-0.03382985269410877,1.0
SVM (Kruskal - inCV),K-Neighbors (KS - inCV),324.0,0.0024753533020201294,3.026338116117698,0.4279888408140291,0.9158807217474478
SVM (Kruskal - inCV),Decision Tree (MW - inCV),443.0,0.060701401498306495,1.875664223471445,0.2652589783291317,1.0
SVM (Kruskal - inCV),Decision Tree (Wilcoxon - inCV),444.0,0.06207125225267518,1.8657864255347185,0.2638620467482818,1.0
SVM (Kruskal - inCV),Decision Tree (Kruskal - inCV),531.5,0.3061880037719803,1.023253499054936,0.14470989761092154,1.0
SVM (Kruskal - inCV),Decision Tree (Chi-square - inCV),438.0,0.054216182330456775,1.9251053297189564,0.2722510066285277,1.0
SVM (Kruskal - inCV),Decision Tree (KS - inCV),402.0,0.023003675137892043,2.2733736087582708,0.3215035789847013,1.0
SVM (Kruskal - inCV),Naive Bayes (MW - inCV),592.0,0.6666519727454681,-0.4307475055581763,-0.060916896431875305,1.0
SVM (Kruskal - inCV),Naive Bayes (Wilcoxon - inCV),567.0,0.49614987460979565,0.6805601102204997,0.0962457337883959,1.0
SVM (Kruskal - inCV),Naive Bayes (Kruskal - inCV),497.0,0.1781010477908609,-1.3466249705201487,-0.19044152967398637,1.0
SVM (Kruskal - inCV),Naive Bayes (Chi-square - inCV),300.0,0.0008475708983652908,-3.3367731736706023,-0.47189098767676807,0.34241864293957747
SVM (Kruskal - inCV),Naive Bayes (KS - inCV),361.0,0.007604413809529687,-2.6691470989499035,-0.3774744027303755,1.0
SVM (Kruskal - inCV),Integrated-SelectFromModel (L1-LR selector) + LR,83.0,1.9326371614170057e-09,6.00336983182729,0.849004703611164,1.347048101507653e-06
SVM (Kruskal - inCV),Integrated-SelectFromModel (L1-LR selector) + SVM,25.0,3.3661099753299608e-09,5.912667624256114,0.8361774744027304,2.319249773002343e-06
SVM (Kruskal - inCV),Integrated-SelectFromModel (L1-LR selector) + KNN,0.0,1.7763568394002505e-15,7.956038125481531,1.1251537019813398,1.8385293287792592e-12
SVM (Kruskal - inCV),Integrated-SelectFromModel (L1-LR selector) + Naive Bayes,1.0,3.552713678800501e-15,7.869777910570139,1.1129546653992488,3.318234575999668e-12
SVM (Kruskal - inCV),Integrated-SelectFromModel (RF selector) + RF,200.0,8.398093875428003e-06,-4.454775721778108,-0.6300004243068994,0.004408999284599702
SVM (Kruskal - inCV),Integrated-SelectFromModel (RF selector) + LR,200.0,8.398093875428003e-06,4.454775721778108,0.6300004243068994,0.004408999284599702
SVM (Kruskal - inCV),Integrated-SelectFromModel (RF selector) + KNN,3.0,8.881784197001252e-15,7.754320376295517,1.0966265043143162,7.815970093361102e-12
SVM (Kruskal - inCV),Integrated-RFECV (L1-LR) + LR,83.0,8.661590715610181e-08,5.352774200244924,0.7569965870307168,5.352863062247092e-05
SVM (Kruskal - inCV),Integrated-RFECV (L1-LR) + KNN,3.0,8.881784197001252e-15,7.754320376295517,1.0966265043143162,7.815970093361102e-12
SVM (Kruskal - inCV),Integrated-RFECV (L1-LR) + Naive Bayes,1.0,3.552713678800501e-15,7.869777910570139,1.1129546653992488,3.318234575999668e-12
SVM (Chi-square - inCV),SVM (KS - inCV),289.0,0.0007676944895432013,3.3641872115155196,0.4757679180887372,0.3124516572440829
SVM (Chi-square - inCV),K-Neighbors (MW - inCV),415.5,0.032109858736995074,2.1430403470773185,0.30307167235494886,1.0
SVM (Chi-square - inCV),K-Neighbors (Wilcoxon - inCV),430.0,0.045027510990479414,2.004397368480232,0.28346459428896864,1.0
SVM (Chi-square - inCV),K-Neighbors (Kruskal - inCV),621.0,0.8734482569560387,-0.15928002579628722,-0.02252559726962458,1.0
SVM (Chi-square - inCV),K-Neighbors (Chi-square - inCV),599.5,0.713746676988727,0.3668288625597211,0.05187743525018536,1.0
SVM (Chi-square - inCV),K-Neighbors (KS - inCV),318.5,0.00207395871271923,3.0794317672776574,0.4354974169686612,0.7881043108333073
SVM (Chi-square - inCV),Decision Tree (MW - inCV),485.0,0.14333259515310637,1.4634927531315187,0.20696912999133335,1.0
SVM (Chi-square - inCV),Decision Tree (Wilcoxon - inCV),493.5,0.16450451742183325,1.3900802251312334,0.19658703071672354,1.0
SVM (Chi-square - inCV),Decision Tree (Kruskal - inCV),517.0,0.24473747344247077,1.1632268550577334,0.1645051194539249,1.0
SVM (Chi-square - inCV),Decision Tree (Chi-square - inCV),429.5,0.044654593207377316,2.0078936585228933,0.28395904436860075,1.0
SVM (Chi-square - inCV),Decision Tree (KS - inCV),435.0,0.05060520369320898,1.9548125130220544,0.27645223678124214,1.0
SVM (Chi-square - inCV),Naive Bayes (MW - inCV),562.0,0.4723763440876976,-0.7186179603519856,-0.1016279265694669,1.0
SVM (Chi-square - inCV),Naive Bayes (Wilcoxon - inCV),533.0,0.31832456588976044,-0.9979067760903436,-0.14112532967309754,1.0
SVM (Chi-square - inCV),Naive Bayes (Kruskal - inCV),486.5,0.14493371471054195,-1.4576620591188918,-0.2061445453362629,1.0
SVM (Chi-square - inCV),Naive Bayes (Chi-square - inCV),280.0,0.0005583744681927958,-3.451067225586222,-0.4880546075085324,0.23228377876820305
SVM (Chi-square - inCV),Naive Bayes (KS - inCV),377.0,0.011913087589251244,-2.514708386758087,-0.3556334705966653,1.0
SVM (Chi-square - inCV),Integrated-SelectFromModel (L1-LR selector) + LR,114.0,2.8573925447972215e-08,5.549957376536288,0.7848824992490221,1.8144442659462356e-05
SVM (Chi-square - inCV),Integrated-SelectFromModel (L1-LR selector) + SVM,29.0,4.252640137236981e-09,5.8740542846691355,0.830716723549488,2.9003005735956207e-06
SVM (Chi-square - inCV),Integrated-SelectFromModel (L1-LR selector) + KNN,0.0,1.7763568394002505e-15,7.956038125481531,1.1251537019813398,1.8385293287792592e-12
SVM (Chi-square - inCV),Integrated-SelectFromModel (L1-LR selector) + Naive Bayes,3.0,9.066026281609868e-10,6.1250409919844975,0.8662116040955632,6.607652537293616e-07
SVM (Chi-square - inCV),Integrated-SelectFromModel (RF selector) + RF,165.5,5.204421693467544e-06,-4.5563740712634875,-0.6443686006825938,0.0027999788710855386
SVM (Chi-square - inCV),Integrated-SelectFromModel (RF selector) + LR,254.0,0.00012454807471407037,3.8369968388084046,0.5426332968225538,0.056420277845473876
SVM (Chi-square - inCV),Integrated-SelectFromModel (RF selector) + KNN,7.0,3.375077994860476e-14,7.583056491845678,1.07240613350095,2.8418156716725207e-11
SVM (Chi-square - inCV),Integrated-RFECV (L1-LR) + LR,101.0,9.772863407420118e-09,5.734624468684976,0.8109983698730897,6.440316985489858e-06
SVM (Chi-square - inCV),Integrated-RFECV (L1-LR) + KNN,9.0,5.861977570020827e-14,7.511128589878778,1.062233992053487,4.89475127096739e-11
SVM (Chi-square - inCV),Integrated-RFECV (L1-LR) + Naive Bayes,2.0,8.532308998540056e-10,6.134694326881243,0.8675767918088738,6.245650186931321e-07
SVM (KS - inCV),K-Neighbors (MW - inCV),636.0,0.9923668279164506,0.009566908419261144,0.0013529651636500458,1.0
SVM (KS - inCV),K-Neighbors (Wilcoxon - inCV),637.0,0.9961488915158516,-0.004826667448372274,-0.000682593856655281,1.0
SVM (KS - inCV),K-Neighbors (Kruskal - inCV),469.0,0.10525460779046192,-1.6198960533571363,-0.22908789682923128,1.0
SVM (KS - inCV),K-Neighbors (Chi-square - inCV),428.0,0.04294367729928261,-2.0242573713120615,-0.2862732228243227,1.0
SVM (KS - inCV),K-Neighbors (KS - inCV),574.0,0.5462652589115535,-0.6033659646961572,-0.08532883303476316,1.0
SVM (KS - inCV),Decision Tree (MW - inCV),584.0,0.60553776594788,-0.5164534169758401,-0.07303754266211603,1.0
SVM (KS - inCV),Decision Tree (Wilcoxon - inCV),582.0,0.5984627102635613,0.5266124992481189,0.0744742538551881,1.0
SVM (KS - inCV),Decision Tree (Kruskal - inCV),551.5,0.4064331765521304,-0.8301868011200424,-0.11740614334470993,1.0
SVM (KS - inCV),Decision Tree (Chi-square - inCV),617.0,0.8482444441392172,0.19135886669162835,0.027062230455564593,1.0
SVM (KS - inCV),Decision Tree (KS - inCV),634.0,0.9771032283055696,0.028700787484861077,0.004058904291187853,1.0
SVM (KS - inCV),Naive Bayes (MW - inCV),369.0,0.00954418462558197,-2.591920419775946,-0.3665529010238908,1.0
SVM (KS - inCV),Naive Bayes (Wilcoxon - inCV),350.0,0.004912360514200742,-2.8127252455919924,-0.397779418954539,1.0
SVM (KS - inCV),Naive Bayes (Kruskal - inCV),286.0,0.0006909449406366775,-3.3931472162057545,-0.47986348122866906,0.2839783706016744
SVM (KS - inCV),Naive Bayes (Chi-square - inCV),146.0,3.0412363649645613e-07,-5.120873486663943,-0.7242008736036947,0.00017973706916940557
SVM (KS - inCV),Naive Bayes (KS - inCV),178.5,9.384899483061786e-06,-4.430880717605806,-0.6266211604095563,0.004898917530158252
SVM (KS - inCV),Integrated-SelectFromModel (L1-LR selector) + LR,180.0,2.670359481982132e-06,4.694671155368546,0.6639267618803966,0.001479379153018101
SVM (KS - inCV),Integrated-SelectFromModel (L1-LR selector) + SVM,82.0,1.7568968502246207e-09,6.018823152015437,0.8511901331105411,1.2416181725411653e-06
SVM (KS - inCV),Integrated-SelectFromModel (L1-LR selector) + KNN,2.0,8.532308998540056e-10,6.134694326881243,0.8675767918088738,6.245650186931321e-07
SVM (KS - inCV),Integrated-SelectFromModel (L1-LR selector) + Naive Bayes,9.0,1.3022346333018547e-09,6.06712098260403,0.8580204778156998,9.232843550110149e-07
SVM (KS - inCV),Integrated-SelectFromModel (RF selector) + RF,48.0,1.2656340961232244e-08,-5.690640921630988,-0.8047781569965872,8.234481050045488e-06
SVM (KS - inCV),Integrated-SelectFromModel (RF selector) + LR,361.0,0.01235830417095222,2.501744598449029,0.35380011407202494,1.0
SVM (KS - inCV),Integrated-SelectFromModel (RF selector) + KNN,13.0,1.5631940186722204e-13,7.381667318455632,1.043925403468619,1.2865086773672374e-10
SVM (KS - inCV),Integrated-RFECV (L1-LR) + LR,185.0,3.586156610779767e-06,4.634029613272017,0.6553507527527835,0.0019616276660965326
SVM (KS - inCV),Integrated-RFECV (L1-LR) + KNN,18.0,4.4941828036826337e-13,7.239778449888348,1.0238592872408565,3.6492764365902985e-10
SVM (KS - inCV),Integrated-RFECV (L1-LR) + Naive Bayes,12.0,1.2434497875801753e-13,7.412067987171716,1.0482247072689688,1.0270895245412248e-10
K-Neighbors (MW - inCV),K-Neighbors (Wilcoxon - inCV),474.5,0.8109187244671923,0.0,0.0,1.0
K-Neighbors (MW - inCV),K-Neighbors (Kruskal - inCV),488.0,0.1515030570827971,-1.4342425547535023,-0.20283252726650391,1.0
K-Neighbors (MW - inCV),K-Neighbors (Chi-square - inCV),420.0,0.055511098097871046,-1.9148542155126764,-0.27080128015453203,1.0
K-Neighbors (MW - inCV),K-Neighbors (KS - inCV),523.5,0.27112017025892443,1.100486587679162,0.15563230575055592,1.0
K-Neighbors (MW - inCV),Decision Tree (MW - inCV),612.0,0.8055583474774579,0.24616003986698928,0.0348122866894198,1.0
K-Neighbors (MW - inCV),Decision Tree (Wilcoxon - inCV),586.0,0.6190835295576942,-0.49714964267962186,-0.07030757672064593,1.0
K-Neighbors (MW - inCV),Decision Tree (Kruskal - inCV),525.0,0.28229295463063053,-1.0751826657008368,-0.15205379078625808,1.0
K-Neighbors (MW - inCV),Decision Tree (Chi-square - inCV),617.0,0.843128495185443,0.19789336538326582,0.027986348122866888,1.0
K-Neighbors (MW - inCV),Decision Tree (KS - inCV),614.5,0.8242930963776723,0.22202670262512753,0.03139931740614334,1.0
K-Neighbors (MW - inCV),Naive Bayes (MW - inCV),365.0,0.00784436585604098,-2.6586962133430823,-0.37599642431397784,1.0
K-Neighbors (MW - inCV),Naive Bayes (Wilcoxon - inCV),351.5,0.005764196631400557,-2.7609020208586377,-0.3904505082281571,1.0
K-Neighbors (MW - inCV),Naive Bayes (Kruskal - inCV),309.0,0.0015185213086344952,-3.171120513580626,-0.4484641638225256,0.5891862677501841
K-Neighbors (MW - inCV),Naive Bayes (Chi-square - inCV),153.0,4.880519277605799e-07,-5.030951374814389,-0.7114839665902077,0.00028599842966769984
K-Neighbors (MW - inCV),Naive Bayes (KS - inCV),222.0,2.6885878247284722e-05,-4.198356801481503,-0.593737312833647,0.013335395610653222
K-Neighbors (MW - inCV),Integrated-SelectFromModel (L1-LR selector) + LR,135.0,1.4032918471684752e-07,5.264816847567653,0.7445575389240539,8.546047349256014e-05
K-Neighbors (MW - inCV),Integrated-SelectFromModel (L1-LR selector) + SVM,65.0,3.134559278805682e-10,6.291973042954127,0.8898193611431638,2.407341526122764e-07
K-Neighbors (MW - inCV),Integrated-SelectFromModel (L1-LR selector) + KNN,2.0,5.329070518200751e-15,7.818891055763057,1.1057581773777803,4.785505325344275e-12
K-Neighbors (MW - inCV),Integrated-SelectFromModel (L1-LR selector) + Naive Bayes,0.0,7.553512643873762e-10,6.154036838995318,0.870312236105083,5.733116096700186e-07
K-Neighbors (MW - inCV),Integrated-SelectFromModel (RF selector) + RF,23.0,2.993134945020048e-09,-5.9319742940496045,-0.8389078498293516,2.070813475718421e-06
K-Neighbors (MW - inCV),Integrated-SelectFromModel (RF selector) + LR,386.0,0.014479791748943427,2.4451350325580266,0.34579431248771403,1.0
K-Neighbors (MW - inCV),Integrated-SelectFromModel (RF selector) + KNN,0.0,7.555220876380673e-10,6.154000996674732,0.870307167235495,5.733116096700186e-07
K-Neighbors (MW - inCV),Integrated-RFECV (L1-LR) + LR,135.0,1.4032918471684752e-07,5.264816847567653,0.7445575389240539,8.546047349256014e-05
K-Neighbors (MW - inCV),Integrated-RFECV (L1-LR) + KNN,2.0,5.329070518200751e-15,7.818891055763057,1.1057581773777803,4.785505325344275e-12
K-Neighbors (MW - inCV),Integrated-RFECV (L1-LR) + Naive Bayes,0.0,1.7763568394002505e-15,7.956038125481531,1.1251537019813398,1.8385293287792592e-12
K-Neighbors (Wilcoxon - inCV),K-Neighbors (Kruskal - inCV),445.0,0.06346609527860991,-1.8559120490097687,-0.2624655990281255,1.0
K-Neighbors (Wilcoxon - inCV),K-Neighbors (Chi-square - inCV),437.0,0.0808543667009045,-1.7457502068699982,-0.24688636190711877,1.0
K-Neighbors (Wilcoxon - inCV),K-Neighbors (KS - inCV),566.0,0.4963885938865378,0.6801830019370297,0.09619240262349926,1.0
K-Neighbors (Wilcoxon - inCV),Decision Tree (MW - inCV),600.0,0.7173519866295903,-0.3620000586279253,-0.05119453924914674,1.0
K-Neighbors (Wilcoxon - inCV),Decision Tree (Wilcoxon - inCV),577.5,0.5624541675427843,-0.5792000938046805,-0.0819112627986348,1.0
K-Neighbors (Wilcoxon - inCV),Decision Tree (Kruskal - inCV),514.0,0.2373529877703877,-1.181628883323211,-0.16710755924874604,1.0
K-Neighbors (Wilcoxon - inCV),Decision Tree (Chi-square - inCV),606.0,0.766732668436843,-0.29665139512798205,-0.04195284262868921,1.0
K-Neighbors (Wilcoxon - inCV),Decision Tree (KS - inCV),610.5,0.7943701074334786,0.2606400422121063,0.03686006825938567,1.0
K-Neighbors (Wilcoxon - inCV),Naive Bayes (MW - inCV),345.0,0.004178445711550793,-2.8643662520331,-0.4050825601229001,1.0
K-Neighbors (Wilcoxon - inCV),Naive Bayes (Wilcoxon - inCV),326.0,0.0021981232450851707,-3.06206961526504,-0.43304203788383844,0.8264943401520242
K-Neighbors (Wilcoxon - inCV),Naive Bayes (Kruskal - inCV),299.5,0.0011030675793154592,-3.2628271950997005,-0.4614334470989761,0.4401239641468682
K-Neighbors (Wilcoxon - inCV),Naive Bayes (Chi-square - inCV),128.5,8.944306735793005e-07,-4.913547462443041,-0.6948805460750853,0.0005134032066345185
K-Neighbors (Wilcoxon - inCV),Naive Bayes (KS - inCV),221.0,2.5552926345540072e-05,-4.20985974887751,-0.5953640752551167,0.012725357320078956
K-Neighbors (Wilcoxon - inCV),Integrated-SelectFromModel (L1-LR selector) + LR,95.0,1.6326588238475913e-07,5.236934181483988,0.7406143344709899,9.877585884277927e-05
K-Neighbors (Wilcoxon - inCV),Integrated-SelectFromModel (L1-LR selector) + SVM,29.0,4.252640137236981e-09,5.8740542846691355,0.830716723549488,2.9003005735956207e-06
K-Neighbors (Wilcoxon - inCV),Integrated-SelectFromModel (L1-LR selector) + KNN,1.0,3.552713678800501e-15,7.869777910570139,1.1129546653992488,3.318234575999668e-12
K-Neighbors (Wilcoxon - inCV),Integrated-SelectFromModel (L1-LR selector) + Naive Bayes,0.0,1.7763568394002505e-15,7.956038125481531,1.1251537019813398,1.8385293287792592e-12
K-Neighbors (Wilcoxon - inCV),Integrated-SelectFromModel (RF selector) + RF,41.0,1.7687185049908294e-11,-6.723942831820874,-0.9509091145382434,1.3919814634277827e-08
K-Neighbors (Wilcoxon - inCV),Integrated-SelectFromModel (RF selector) + LR,322.0,0.0023219556968567417,3.045627159922946,0.43071672354948815,0.8637675192307079
K-Neighbors (Wilcoxon - inCV),Integrated-SelectFromModel (RF selector) + KNN,0.0,1.7763568394002505e-15,7.956038125481531,1.1251537019813398,1.8385293287792592e-12
K-Neighbors (Wilcoxon - inCV),Integrated-RFECV (L1-LR) + LR,89.0,3.3822118439275073e-09,5.911881817083706,0.8360663444866674,2.326961748622125e-06
K-Neighbors (Wilcoxon - inCV),Integrated-RFECV (L1-LR) + KNN,0.0,1.7763568394002505e-15,7.956038125481531,1.1251537019813398,1.8385293287792592e-12
K-Neighbors (Wilcoxon - inCV),Integrated-RFECV (L1-LR) + Naive Bayes,0.0,1.7763568394002505e-15,7.956038125481531,1.1251537019813398,1.8385293287792592e-12
K-Neighbors (Kruskal - inCV),K-Neighbors (Chi-square - inCV),615.0,0.8332778036429911,-0.21049954897306894,-0.02976913170311336,1.0
K-Neighbors (Kruskal - inCV),K-Neighbors (KS - inCV),409.0,0.026848578410895385,2.2137122689062383,0.3130661913878918,1.0
K-Neighbors (Kruskal - inCV),Decision Tree (MW - inCV),507.0,0.21148488261323095,1.2494928073610456,0.17670496742576236,1.0
K-Neighbors (Kruskal - inCV),Decision Tree (Wilcoxon - inCV),482.0,0.19424543320598409,1.298121948698204,0.18358216654631912,1.0
K-Neighbors (Kruskal - inCV),Decision Tree (Kruskal - inCV),584.0,0.6118509675549912,0.5074330976284415,0.07176187686631327,1.0
K-Neighbors (Kruskal - inCV),Decision Tree (Chi-square - inCV),477.5,0.1224591219431692,1.5445335834791485,0.21843003412969286,1.0
K-Neighbors (Kruskal - inCV),Decision Tree (KS - inCV),460.0,0.08662483516538871,1.7134769237986962,0.24232223044494464,1.0
K-Neighbors (Kruskal - inCV),Naive Bayes (MW - inCV),543.5,0.36418538975435333,-0.9074187652793099,-0.12832839246098482,1.0
K-Neighbors (Kruskal - inCV),Naive Bayes (Wilcoxon - inCV),522.0,0.26486748576450514,-1.11496018057401,-0.15767918088737198,1.0
K-Neighbors (Kruskal - inCV),Naive Bayes (Kruskal - inCV),437.0,0.052989788310034314,-1.9350041346339224,-0.2736509090447307,1.0
K-Neighbors (Kruskal - inCV),Naive Bayes (Chi-square - inCV),252.0,0.00011374680137699045,-3.8592258047693875,-0.5457769473365089,0.051868541427907644
K-Neighbors (Kruskal - inCV),Naive Bayes (KS - inCV),357.5,0.006873043951985706,-2.7029337710885093,-0.3822525597269624,1.0
K-Neighbors (Kruskal - inCV),Integrated-SelectFromModel (L1-LR selector) + LR,103.0,1.158324636207908e-08,5.705749180815375,0.806914787500828,7.5638598744376395e-06
K-Neighbors (Kruskal - inCV),Integrated-SelectFromModel (L1-LR selector) + SVM,33.0,5.707434524993005e-12,6.8867676030731255,0.9739360145177666,4.554532750944418e-09
K-Neighbors (Kruskal - inCV),Integrated-SelectFromModel (L1-LR selector) + KNN,5.0,1.7763568394002505e-14,7.665860858431098,1.0841164393258316,1.5294432387236157e-11
K-Neighbors (Kruskal - inCV),Integrated-SelectFromModel (L1-LR selector) + Naive Bayes,0.0,1.7763568394002505e-15,7.956038125481531,1.1251537019813398,1.8385293287792592e-12
K-Neighbors (Kruskal - inCV),Integrated-SelectFromModel (RF selector) + RF,126.0,7.235236054725647e-08,-5.3852292752011515,-0.76158642774781,4.522022534203529e-05
K-Neighbors (Kruskal - inCV),Integrated-SelectFromModel (RF selector) + LR,272.0,0.0002738644978439453,3.6388441207095132,0.5146102706868994,0.11995265005564804
K-Neighbors (Kruskal - inCV),Integrated-SelectFromModel (RF selector) + KNN,4.0,1.2434497875801753e-14,7.7115025445745395,1.0905711484811946,1.0755840662568517e-11
K-Neighbors (Kruskal - inCV),Integrated-RFECV (L1-LR) + LR,111.0,2.2451841275028528e-08,5.591961653705873,0.7908228010941126,1.43242747334682e-05
K-Neighbors (Kruskal - inCV),Integrated-RFECV (L1-LR) + KNN,3.0,8.881784197001252e-15,7.754320376295517,1.0966265043143162,7.815970093361102e-12
K-Neighbors (Kruskal - inCV),Integrated-RFECV (L1-LR) + Naive Bayes,0.0,1.7763568394002505e-15,7.956038125481531,1.1251537019813398,1.8385293287792592e-12
K-Neighbors (Chi-square - inCV),K-Neighbors (KS - inCV),356.0,0.00594215911497642,2.7509561819979345,0.3890439542075587,1.0
K-Neighbors (Chi-square - inCV),Decision Tree (MW - inCV),430.0,0.045027510990479414,2.004397368480232,0.28346459428896864,1.0
K-Neighbors (Chi-square - inCV),Decision Tree (Wilcoxon - inCV),472.5,0.11120500725855781,1.5928002579628717,0.22525597269624575,1.0
K-Neighbors (Chi-square - inCV),Decision Tree (Kruskal - inCV),495.5,0.17044555701236763,1.3707735553377445,0.19385665529010246,1.0
K-Neighbors (Chi-square - inCV),Decision Tree (Chi-square - inCV),421.5,0.03705837860413071,2.08512033769685,0.2948805460750853,1.0
K-Neighbors (Chi-square - inCV),Decision Tree (KS - inCV),450.0,0.07082612042920822,1.8065907012826017,0.2554905071410976,1.0
K-Neighbors (Chi-square - inCV),Naive Bayes (MW - inCV),534.0,0.3177364853432144,-0.9991201618130742,-0.14129692832764507,1.0
K-Neighbors (Chi-square - inCV),Naive Bayes (Wilcoxon - inCV),501.0,0.19095974436218555,-1.307745207294419,-0.18494310082841817,1.0
K-Neighbors (Chi-square - inCV),Naive Bayes (Kruskal - inCV),458.5,0.12554887916384486,-1.5318928461119528,-0.21664236390738442,1.0
K-Neighbors (Chi-square - inCV),Naive Bayes (Chi-square - inCV),252.0,0.00011374680137699045,-3.8592258047693875,-0.5457769473365089,0.051868541427907644
K-Neighbors (Chi-square - inCV),Naive Bayes (KS - inCV),375.0,0.011276859965470306,-2.5340004103954774,-0.3583617747440273,1.0
K-Neighbors (Chi-square - inCV),Integrated-SelectFromModel (L1-LR selector) + LR,99.0,8.22989321136447e-09,5.763680939364115,0.8151075753640032,5.489338771980101e-06
K-Neighbors (Chi-square - inCV),Integrated-SelectFromModel (L1-LR selector) + SVM,10.0,7.638334409421077e-14,7.476404948078904,1.05732332753665,6.355094228638336e-11
K-Neighbors (Chi-square - inCV),Integrated-SelectFromModel (L1-LR selector) + KNN,1.0,3.552713678800501e-15,7.869777910570139,1.1129546653992488,3.318234575999668e-12
K-Neighbors (Chi-square - inCV),Integrated-SelectFromModel (L1-LR selector) + Naive Bayes,0.0,1.7763568394002505e-15,7.956038125481531,1.1251537019813398,1.8385293287792592e-12
K-Neighbors (Chi-square - inCV),Integrated-SelectFromModel (RF selector) + RF,132.0,1.7557872723777957e-06,-4.7796750678121604,-0.67594813046365,0.0009868193371573852
K-Neighbors (Chi-square - inCV),Integrated-SelectFromModel (RF selector) + LR,264.0,0.0001941578147395262,3.7264990356053485,0.5270065476323342,0.08640022755908916
K-Neighbors (Chi-square - inCV),Integrated-SelectFromModel (RF selector) + KNN,1.0,3.552713678800501e-15,7.869777910570139,1.1129546653992488,3.318234575999668e-12
K-Neighbors (Chi-square - inCV),Integrated-RFECV (L1-LR) + LR,89.0,3.3822118439275073e-09,5.911881817083706,0.8360663444866674,2.326961748622125e-06
K-Neighbors (Chi-square - inCV),Integrated-RFECV (L1-LR) + KNN,1.0,3.552713678800501e-15,7.869777910570139,1.1129546653992488,3.318234575999668e-12
K-Neighbors (Chi-square - inCV),Integrated-RFECV (L1-LR) + Naive Bayes,0.0,1.7763568394002505e-15,7.956038125481531,1.1251537019813398,1.8385293287792592e-12
K-Neighbors (KS - inCV),Decision Tree (MW - inCV),541.0,0.35718707191412413,-0.9207383057397592,-0.1302120599373593,1.0
K-Neighbors (KS - inCV),Decision Tree (Wilcoxon - inCV),535.0,0.32777522027848605,-0.9786049343266516,-0.13839563703299826,1.0
K-Neighbors (KS - inCV),Decision Tree (Kruskal - inCV),489.0,0.15430250303892734,-1.4244975180387665,-0.20145437095772362,1.0
K-Neighbors (KS - inCV),Decision Tree (Chi-square - inCV),581.0,0.5918179227766114,-0.536203488535706,-0.07583062456789617,1.0
K-Neighbors (KS - inCV),Decision Tree (KS - inCV),548.0,0.38760246289647093,-0.8639734732586484,-0.1221843003412969,1.0
K-Neighbors (KS - inCV),Naive Bayes (MW - inCV),327.0,0.0022762251098509267,-3.0516035631232303,-0.43156191459549337,0.8490319659743957
K-Neighbors (KS - inCV),Naive Bayes (Wilcoxon - inCV),326.0,0.0021981232450851707,-3.06206961526504,-0.43304203788383844,0.8264943401520242
K-Neighbors (KS - inCV),Naive Bayes (Kruskal - inCV),252.5,0.00020197452389497924,-3.7165339352467006,-0.5255972696245734,0.0894747140854758
K-Neighbors (KS - inCV),Naive Bayes (Chi-square - inCV),139.5,1.5293585106390817e-06,-4.8073607785788495,-0.679863481228669,0.0008656169170217202
K-Neighbors (KS - inCV),Naive Bayes (KS - inCV),181.0,2.8338981969966426e-06,-4.6825053278396425,-0.6622062540515098,0.0015671457029391433
K-Neighbors (KS - inCV),Integrated-SelectFromModel (L1-LR selector) + LR,176.0,2.1002898957789284e-06,4.743526947463352,0.670836014258492,0.001171961761844642
K-Neighbors (KS - inCV),Integrated-SelectFromModel (L1-LR selector) + SVM,72.0,6.535714192068554e-10,6.176936988638659,0.8735508063256816,4.980214214356238e-07
K-Neighbors (KS - inCV),Integrated-SelectFromModel (L1-LR selector) + KNN,6.0,2.4868995751603507e-14,7.622561816573916,1.0779930301026128,2.1188384380366188e-11
K-Neighbors (KS - inCV),Integrated-SelectFromModel (L1-LR selector) + Naive Bayes,5.0,1.023291039922917e-09,6.105734322191008,0.8634812286689421,7.398394218642691e-07
K-Neighbors (KS - inCV),Integrated-SelectFromModel (RF selector) + RF,41.0,8.499152653577803e-09,-5.75824780307562,-0.814339213861462,5.6349382093220835e-06
K-Neighbors (KS - inCV),Integrated-SelectFromModel (RF selector) + LR,421.0,0.0362699414949752,2.093888190745513,0.29612050774451665,1.0
K-Neighbors (KS - inCV),Integrated-SelectFromModel (RF selector) + KNN,5.0,1.7763568394002505e-14,7.665860858431098,1.0841164393258316,1.5294432387236157e-11
K-Neighbors (KS - inCV),Integrated-RFECV (L1-LR) + LR,181.0,2.8338981969966426e-06,4.6825053278396425,0.6622062540515098,0.0015671457029391433
K-Neighbors (KS - inCV),Integrated-RFECV (L1-LR) + KNN,10.0,7.638334409421077e-14,7.476404948078904,1.05732332753665,6.355094228638336e-11
K-Neighbors (KS - inCV),Integrated-RFECV (L1-LR) + Naive Bayes,6.0,2.4868995751603507e-14,7.622561816573916,1.0779930301026128,2.1188384380366188e-11
Decision Tree (MW - inCV),Decision Tree (Wilcoxon - inCV),400.0,0.5196070362551104,0.0,0.0,1.0
Decision Tree (MW - inCV),Decision Tree (Kruskal - inCV),461.5,0.08932164403793988,-1.698986941827063,-0.2402730375426621,1.0
Decision Tree (MW - inCV),Decision Tree (Chi-square - inCV),596.0,0.8696269229112668,-0.16413239142744993,-0.02321182539814292,1.0
Decision Tree (MW - inCV),Decision Tree (KS - inCV),579.5,0.575543236658183,-0.5599064681465986,-0.0791827320913339,1.0
Decision Tree (MW - inCV),Naive Bayes (MW - inCV),399.0,0.02131711174557302,-2.3023203728736052,-0.32559726962457336,1.0
Decision Tree (MW - inCV),Naive Bayes (Wilcoxon - inCV),368.0,0.015010377752386431,-2.4321285771063152,-0.3439549219178929,1.0
Decision Tree (MW - inCV),Naive Bayes (Kruskal - inCV),276.0,0.0004835982297703459,-3.4896805651732,-0.4935153583617747,0.205529247652397
Decision Tree (MW - inCV),Naive Bayes (Chi-square - inCV),203.0,2.7362618194116665e-05,-4.194374012635563,-0.5931740614334472,0.013489770769699516
Decision Tree (MW - inCV),Naive Bayes (KS - inCV),215.5,4.6265906858334234e-05,-4.073731052636901,-0.5761125704099529,0.022253901198858766
Decision Tree (MW - inCV),Integrated-SelectFromModel (L1-LR selector) + LR,128.0,8.403119267086367e-08,5.358251544207731,0.7577712004425153,5.2015308263264615e-05
Decision Tree (MW - inCV),Integrated-SelectFromModel (L1-LR selector) + SVM,29.0,3.0890845437170356e-12,6.973610562599213,0.9862174636336076,2.4774458040610625e-09
Decision Tree (MW - inCV),Integrated-SelectFromModel (L1-LR selector) + KNN,0.0,7.555220876380673e-10,6.154000996674732,0.870307167235495,5.733116096700186e-07
Decision Tree (MW - inCV),Integrated-SelectFromModel (L1-LR selector) + Naive Bayes,0.0,1.7763568394002505e-15,7.956038125481531,1.1251537019813398,1.8385293287792592e-12
Decision Tree (MW - inCV),Integrated-SelectFromModel (RF selector) + RF,73.0,7.237197507947712e-10,-6.16081396108734,-0.8712706659027225,5.507507303548209e-07
Decision Tree (MW - inCV),Integrated-SelectFromModel (RF selector) + LR,341.0,0.004206930196575554,2.8622137968847965,0.40477815699658704,1.0
Decision Tree (MW - inCV),Integrated-SelectFromModel (RF selector) + KNN,1.0,3.552713678800501e-15,7.869777910570139,1.1129546653992488,3.318234575999668e-12
Decision Tree (MW - inCV),Integrated-RFECV (L1-LR) + LR,145.0,2.8391607465039215e-07,5.133822367793856,0.7260321219348427,0.00016807831619303215
Decision Tree (MW - inCV),Integrated-RFECV (L1-LR) + KNN,1.0,8.029280680234973e-10,6.144347661777988,0.8689419795221844,5.92560914201341e-07
Decision Tree (MW - inCV),Integrated-RFECV (L1-LR) + Naive Bayes,1.0,3.552713678800501e-15,7.869777910570139,1.1129546653992488,3.318234575999668e-12
Decision Tree (Wilcoxon - inCV),Decision Tree (Kruskal - inCV),521.0,0.26075284397018716,-1.1246135154707546,-0.15904436860068258,1.0
Decision Tree (Wilcoxon - inCV),Decision Tree (Chi-square - inCV),525.0,0.3840882494738521,0.8703882797784891,0.12309149097933271,1.0
Decision Tree (Wilcoxon - inCV),Decision Tree (KS - inCV),512.0,0.22974800885474522,1.2010082300557645,0.16984821274665685,1.0
Decision Tree (Wilcoxon - inCV),Naive Bayes (MW - inCV),436.0,0.05178623002471738,-1.9449065213084802,-0.27505131799823296,1.0
Decision Tree (Wilcoxon - inCV),Naive Bayes (Wilcoxon - inCV),434.0,0.049477506198838554,-1.9644536514875421,-0.2778156996587031,1.0
Decision Tree (Wilcoxon - inCV),Naive Bayes (Kruskal - inCV),319.5,0.0021423049033382985,-3.0697604971648076,-0.4341296928327646,0.8097912534618769
Decision Tree (Wilcoxon - inCV),Naive Bayes (Chi-square - inCV),196.0,6.725303951071737e-06,-4.502201923197802,-0.6367075020328563,0.003557685790116949
Decision Tree (Wilcoxon - inCV),Naive Bayes (KS - inCV),241.0,6.825250486741652e-05,-3.9822966845894685,-0.5631817980739837,0.031873919773083514
Decision Tree (Wilcoxon - inCV),Integrated-SelectFromModel (L1-LR selector) + LR,102.0,1.0642100534141719e-08,5.720164442241856,0.8089534133222763,6.991860050931109e-06
Decision Tree (Wilcoxon - inCV),Integrated-SelectFromModel (L1-LR selector) + SVM,13.0,1.5631940186722204e-13,7.381667318455632,1.043925403468619,1.2865086773672374e-10
Decision Tree (Wilcoxon - inCV),Integrated-SelectFromModel (L1-LR selector) + KNN,0.0,7.555220876380673e-10,6.154000996674732,0.870307167235495,5.733116096700186e-07
Decision Tree (Wilcoxon - inCV),Integrated-SelectFromModel (L1-LR selector) + Naive Bayes,1.0,3.552713678800501e-15,7.869777910570139,1.1129546653992488,3.318234575999668e-12
Decision Tree (Wilcoxon - inCV),Integrated-SelectFromModel (RF selector) + RF,121.0,4.945666454148068e-08,-5.453252859566592,-0.7712064153048938,3.1058785332049865e-05
Decision Tree (Wilcoxon - inCV),Integrated-SelectFromModel (RF selector) + LR,328.0,0.002356807144249018,3.0411444738366544,0.43008277600357864,0.8743754505163857
Decision Tree (Wilcoxon - inCV),Integrated-SelectFromModel (RF selector) + KNN,1.0,3.552713678800501e-15,7.869777910570139,1.1129546653992488,3.318234575999668e-12
Decision Tree (Wilcoxon - inCV),Integrated-RFECV (L1-LR) + LR,111.5,3.821234401925637e-07,5.077654155687701,0.7180887372013653,0.0002243064593930349
Decision Tree (Wilcoxon - inCV),Integrated-RFECV (L1-LR) + KNN,1.0,8.029280680234973e-10,6.144347661777988,0.8689419795221844,5.92560914201341e-07
Decision Tree (Wilcoxon - inCV),Integrated-RFECV (L1-LR) + Naive Bayes,1.0,3.552713678800501e-15,7.869777910570139,1.1129546653992488,3.318234575999668e-12
Decision Tree (Kruskal - inCV),Decision Tree (Chi-square - inCV),481.0,0.1329605561585705,1.5025289537607511,0.21248968242667113,1.0
Decision Tree (Kruskal - inCV),Decision Tree (KS - inCV),439.0,0.055465717070337206,1.9152100833887211,0.27085160747220355,1.0
Decision Tree (Kruskal - inCV),Naive Bayes (MW - inCV),501.5,0.189232302822525,-1.312853545957276,-0.18566552901023892,1.0
Decision Tree (Kruskal - inCV),Naive Bayes (Wilcoxon - inCV),459.0,0.12678346096618878,-1.526909725097121,-0.21593764417517228,1.0
Decision Tree (Kruskal - inCV),Naive Bayes (Kruskal - inCV),386.0,0.014479791748943427,-2.4451350325580266,-0.34579431248771403,1.0
Decision Tree (Kruskal - inCV),Naive Bayes (Chi-square - inCV),234.5,0.00010012285761096825,-3.8902939633881046,-0.5501706484641639,0.046047913995666725
Decision Tree (Kruskal - inCV),Naive Bayes (KS - inCV),310.0,0.001235703558341683,-3.2305082091310235,-0.4568628522710712,0.4918100162199899
Decision Tree (Kruskal - inCV),Integrated-SelectFromModel (L1-LR selector) + LR,78.0,1.192391962945294e-09,6.081263433176088,0.8600205223561193,8.489830776170493e-07
Decision Tree (Kruskal - inCV),Integrated-SelectFromModel (L1-LR selector) + SVM,17.0,3.6770586575585185e-13,7.266945941938681,1.0277013508121808,2.993125747252634e-10
Decision Tree (Kruskal - inCV),Integrated-SelectFromModel (L1-LR selector) + KNN,0.0,1.7763568394002505e-15,7.956038125481531,1.1251537019813398,1.8385293287792592e-12
Decision Tree (Kruskal - inCV),Integrated-SelectFromModel (L1-LR selector) + Naive Bayes,1.0,3.552713678800501e-15,7.869777910570139,1.1129546653992488,3.318234575999668e-12
Decision Tree (Kruskal - inCV),Integrated-SelectFromModel (RF selector) + RF,164.0,4.857404524994126e-06,-4.570854073608605,-0.6464163822525598,0.002618141038971834
Decision Tree (Kruskal - inCV),Integrated-SelectFromModel (RF selector) + LR,278.0,0.00035222154756553437,3.5735146350033347,0.5053712862160457,0.15251193009587638
Decision Tree (Kruskal - inCV),Integrated-SelectFromModel (RF selector) + KNN,0.0,1.7763568394002505e-15,7.956038125481531,1.1251537019813398,1.8385293287792592e-12
Decision Tree (Kruskal - inCV),Integrated-RFECV (L1-LR) + LR,89.0,1.191114119282937e-07,5.294854190864456,0.7488054607508533,7.289618410011574e-05
Decision Tree (Kruskal - inCV),Integrated-RFECV (L1-LR) + KNN,2.0,5.329070518200751e-15,7.818891055763057,1.1057581773777803,4.785505325344275e-12
Decision Tree (Kruskal - inCV),Integrated-RFECV (L1-LR) + Naive Bayes,0.0,1.1100954635085601e-09,6.092717958449424,0.8616404368553291,7.959384473356376e-07
Decision Tree (Chi-square - inCV),Decision Tree (KS - inCV),592.0,0.6604972529810282,0.4392267378018828,0.062116040955631405,1.0
Decision Tree (Chi-square - inCV),Naive Bayes (MW - inCV),387.0,0.014890897756602683,-2.435021673253956,-0.34436406749881715,1.0
Decision Tree (Chi-square - inCV),Naive Bayes (Wilcoxon - inCV),386.0,0.014479791748943427,-2.4451350325580266,-0.34579431248771403,1.0
Decision Tree (Chi-square - inCV),Naive Bayes (Kruskal - inCV),276.5,0.0004924058268076888,-3.484853897724829,-0.49283276450511954,0.2077952589128447
Decision Tree (Chi-square - inCV),Naive Bayes (Chi-square - inCV),139.0,1.8673260271384606e-07,-5.2120823653494766,-0.737099756928287,0.00011222629423102148
Decision Tree (Chi-square - inCV),Naive Bayes (KS - inCV),195.0,1.9407486073729077e-05,-4.271600691809519,-0.6040955631399317,0.009859002925454372
Decision Tree (Chi-square - inCV),Integrated-SelectFromModel (L1-LR selector) + LR,132.0,1.1287300338835848e-07,5.304676471102534,0.7501945409434653,6.919115107706375e-05
Decision Tree (Chi-square - inCV),Integrated-SelectFromModel (L1-LR selector) + SVM,21.0,7.94031507211912e-13,7.16218157502765,1.0128854319582796,6.431655208416487e-10
Decision Tree (Chi-square - inCV),Integrated-SelectFromModel (L1-LR selector) + KNN,3.0,8.881784197001252e-15,7.754320376295517,1.0966265043143162,7.815970093361102e-12
Decision Tree (Chi-square - inCV),Integrated-SelectFromModel (L1-LR selector) + Naive Bayes,2.0,5.329070518200751e-15,7.818891055763057,1.1057581773777803,4.785505325344275e-12
Decision Tree (Chi-square - inCV),Integrated-SelectFromModel (RF selector) + RF,98.0,1.9091348579808304e-07,-5.207974176793754,-0.7365187713310581,0.00011454809147884982
Decision Tree (Chi-square - inCV),Integrated-SelectFromModel (RF selector) + LR,358.0,0.006325487527247375,2.730413787437149,0.38613882090841045,1.0
Decision Tree (Chi-square - inCV),Integrated-SelectFromModel (RF selector) + KNN,2.0,5.329070518200751e-15,7.818891055763057,1.1057581773777803,4.785505325344275e-12
Decision Tree (Chi-square - inCV),Integrated-RFECV (L1-LR) + LR,147.0,3.256713547727941e-07,5.107950836915303,0.7223733349500623,0.0001918204279611757
Decision Tree (Chi-square - inCV),Integrated-RFECV (L1-LR) + KNN,0.0,1.7763568394002505e-15,7.956038125481531,1.1251537019813398,1.8385293287792592e-12
Decision Tree (Chi-square - inCV),Integrated-RFECV (L1-LR) + Naive Bayes,0.0,1.7763568394002505e-15,7.956038125481531,1.1251537019813398,1.8385293287792592e-12
Decision Tree (KS - inCV),Naive Bayes (MW - inCV),341.5,0.004271445200138,-2.8573871294364244,-0.4040955631399318,1.0
Decision Tree (KS - inCV),Naive Bayes (Wilcoxon - inCV),339.0,0.003957615311687594,-2.8815204666782868,-0.40750853242320834,1.0
Decision Tree (KS - inCV),Naive Bayes (Kruskal - inCV),257.0,0.00023963134945343515,-3.67309392821135,-0.5194539249146759,0.10543779375951147
Decision Tree (KS - inCV),Naive Bayes (Chi-square - inCV),167.0,5.575105494227833e-06,-4.54189406891837,-0.642320819112628,0.002977106333917663
Decision Tree (KS - inCV),Naive Bayes (KS - inCV),163.5,4.746739548533561e-06,-4.575680741056978,-0.6470989761092152,0.0025673323147526093
Decision Tree (KS - inCV),Integrated-SelectFromModel (L1-LR selector) + LR,136.0,1.2909153734510404e-06,4.841147450717456,0.684641638225256,0.0007371126782405441
Decision Tree (KS - inCV),Integrated-SelectFromModel (L1-LR selector) + SVM,33.0,5.707434524993005e-12,6.8867676030731255,0.9739360145177666,4.554532750944418e-09
Decision Tree (KS - inCV),Integrated-SelectFromModel (L1-LR selector) + KNN,1.0,3.552713678800501e-15,7.869777910570139,1.1129546653992488,3.318234575999668e-12
Decision Tree (KS - inCV),Integrated-SelectFromModel (L1-LR selector) + Naive Bayes,0.0,1.7763568394002505e-15,7.956038125481531,1.1251537019813398,1.8385293287792592e-12
Decision Tree (KS - inCV),Integrated-SelectFromModel (RF selector) + RF,70.0,5.318447904301138e-10,-6.2094082830367725,-0.8781429408182437,4.0632941988860694e-07
Decision Tree (KS - inCV),Integrated-SelectFromModel (RF selector) + LR,335.0,0.002996250182501825,2.9681223712733016,0.4197558912237694,1.0
Decision Tree (KS - inCV),Integrated-SelectFromModel (RF selector) + KNN,7.0,3.375077994860476e-14,7.583056491845678,1.07240613350095,2.8418156716725207e-11
Decision Tree (KS - inCV),Integrated-RFECV (L1-LR) + LR,154.0,3.0505379419595974e-06,4.667387422576051,0.6600682593856656,0.0016777958680777787
Decision Tree (KS - inCV),Integrated-RFECV (L1-LR) + KNN,0.0,1.7763568394002505e-15,7.956038125481531,1.1251537019813398,1.8385293287792592e-12
Decision Tree (KS - inCV),Integrated-RFECV (L1-LR) + Naive Bayes,0.0,1.7763568394002505e-15,7.956038125481531,1.1251537019813398,1.8385293287792592e-12
Naive Bayes (MW - inCV),Naive Bayes (Wilcoxon - inCV),334.0,0.09325649904178024,-1.6784642748844094,-0.23737069415002543,1.0
Naive Bayes (MW - inCV),Naive Bayes (Kruskal - inCV),493.5,0.16450451742183325,-1.3900802251312334,-0.19658703071672354,1.0
Naive Bayes (MW - inCV),Naive Bayes (Chi-square - inCV),84.0,2.349313011592784e-07,-5.169332729461738,-0.7310540454423919,0.00014025398679208922
Naive Bayes (MW - inCV),Naive Bayes (KS - inCV),274.0,0.00044981649317315197,-3.50898723496669,-0.4962457337883959,0.19162182609176273
Naive Bayes (MW - inCV),Integrated-SelectFromModel (L1-LR selector) + LR,64.0,2.8132163265581767e-10,6.3087370326060155,0.8921901472956821,2.166176571449796e-07
Naive Bayes (MW - inCV),Integrated-SelectFromModel (L1-LR selector) + SVM,18.0,2.2280777116597e-09,5.9802409685333275,0.8457337883959045,1.5485140096034915e-06
Naive Bayes (MW - inCV),Integrated-SelectFromModel (L1-LR selector) + KNN,0.0,1.7763568394002505e-15,7.956038125481531,1.1251537019813398,1.8385293287792592e-12
Naive Bayes (MW - inCV),Integrated-SelectFromModel (L1-LR selector) + Naive Bayes,2.0,5.329070518200751e-15,7.818891055763057,1.1057581773777803,4.785505325344275e-12
Naive Bayes (MW - inCV),Integrated-SelectFromModel (RF selector) + RF,153.0,2.909285060634297e-06,-4.677122479391642,-0.6614450043235737,0.0016030160684094978
Naive Bayes (MW - inCV),Integrated-SelectFromModel (RF selector) + LR,157.0,6.354784893858323e-07,4.980110894366649,0.7042940368935319,0.0003698484808225544
Naive Bayes (MW - inCV),Integrated-SelectFromModel (RF selector) + KNN,4.0,9.632252047950751e-10,6.115387657087753,0.8648464163822527,6.993014986812245e-07
Naive Bayes (MW - inCV),Integrated-RFECV (L1-LR) + LR,46.5,1.1626052188226559e-08,5.705120923976104,0.8068259385665528,7.580186026723717e-06
Naive Bayes (MW - inCV),Integrated-RFECV (L1-LR) + KNN,0.0,1.7763568394002505e-15,7.956038125481531,1.1251537019813398,1.8385293287792592e-12
Naive Bayes (MW - inCV),Integrated-RFECV (L1-LR) + Naive Bayes,0.0,1.7763568394002505e-15,7.956038125481531,1.1251537019813398,1.8385293287792592e-12
Naive Bayes (Wilcoxon - inCV),Naive Bayes (Kruskal - inCV),579.0,0.5786292137562761,-0.5553881242825802,-0.07854374177413789,1.0
Naive Bayes (Wilcoxon - inCV),Naive Bayes (Chi-square - inCV),145.0,5.5265049948624494e-06,-4.543739112879644,-0.6425817477319488,0.0029566801722514103
Naive Bayes (Wilcoxon - inCV),Naive Bayes (KS - inCV),394.5,0.03011682960986576,-2.168550461697073,-0.3066793473622438,1.0
Naive Bayes (Wilcoxon - inCV),Integrated-SelectFromModel (L1-LR selector) + LR,46.0,3.40367733997482e-11,6.627955631297833,0.9373344744588524,2.6718867118802336e-08
Naive Bayes (Wilcoxon - inCV),Integrated-SelectFromModel (L1-LR selector) + SVM,14.0,1.9539925233402755e-13,7.35190665536308,1.0397166101315487,1.6003198766156856e-10
Naive Bayes (Wilcoxon - inCV),Integrated-SelectFromModel (L1-LR selector) + KNN,0.0,1.7763568394002505e-15,7.956038125481531,1.1251537019813398,1.8385293287792592e-12
Naive Bayes (Wilcoxon - inCV),Integrated-SelectFromModel (L1-LR selector) + Naive Bayes,2.0,5.329070518200751e-15,7.818891055763057,1.1057581773777803,4.785505325344275e-12
Naive Bayes (Wilcoxon - inCV),Integrated-SelectFromModel (RF selector) + RF,201.5,2.566134668059524e-05,-4.208903042081237,-0.5952287764824662,0.012753689300255834
Naive Bayes (Wilcoxon - inCV),Integrated-SelectFromModel (RF selector) + LR,144.0,2.649707155910619e-07,5.1467977677549985,0.727867120595069,0.00015765757577668182
Naive Bayes (Wilcoxon - inCV),Integrated-SelectFromModel (RF selector) + KNN,3.0,8.881784197001252e-15,7.754320376295517,1.0966265043143162,7.815970093361102e-12
Naive Bayes (Wilcoxon - inCV),Integrated-RFECV (L1-LR) + LR,37.0,1.0192735544478637e-11,6.8037542497727515,0.9621961535082207,8.08283928677156e-09
Naive Bayes (Wilcoxon - inCV),Integrated-RFECV (L1-LR) + KNN,0.0,7.555220876380673e-10,6.154000996674732,0.870307167235495,5.733116096700186e-07
Naive Bayes (Wilcoxon - inCV),Integrated-RFECV (L1-LR) + Naive Bayes,0.0,7.555220876380673e-10,6.154000996674732,0.870307167235495,5.733116096700186e-07
Naive Bayes (Kruskal - inCV),Naive Bayes (Chi-square - inCV),225.0,6.833092472424476e-05,-3.982023836996971,-0.5631432115974068,0.031873919773083514
Naive Bayes (Kruskal - inCV),Naive Bayes (KS - inCV),358.0,0.006973170880282316,-2.6981228180379477,-0.381572188221758,1.0
Naive Bayes (Kruskal - inCV),Integrated-SelectFromModel (L1-LR selector) + LR,28.0,4.0117628535125806e-09,5.8837076195658815,0.8320819112627988,2.7440457918026053e-06
Naive Bayes (Kruskal - inCV),Integrated-SelectFromModel (L1-LR selector) + SVM,13.0,1.5631940186722204e-13,7.381667318455632,1.043925403468619,1.2865086773672374e-10
Naive Bayes (Kruskal - inCV),Integrated-SelectFromModel (L1-LR selector) + KNN,0.0,1.7763568394002505e-15,7.956038125481531,1.1251537019813398,1.8385293287792592e-12
Naive Bayes (Kruskal - inCV),Integrated-SelectFromModel (L1-LR selector) + Naive Bayes,1.0,3.552713678800501e-15,7.869777910570139,1.1129546653992488,3.318234575999668e-12
Naive Bayes (Kruskal - inCV),Integrated-SelectFromModel (RF selector) + RF,219.0,5.346392356031115e-05,-4.039944183716926,-0.571334385584278,0.025341899767587484
Naive Bayes (Kruskal - inCV),Integrated-SelectFromModel (RF selector) + LR,120.5,6.013778320565289e-07,4.990774141616997,0.7058020477815699,0.00035060327608895633
Naive Bayes (Kruskal - inCV),Integrated-SelectFromModel (RF selector) + KNN,0.0,1.7763568394002505e-15,7.956038125481531,1.1251537019813398,1.8385293287792592e-12
Naive Bayes (Kruskal - inCV),Integrated-RFECV (L1-LR) + LR,22.0,9.521272659185342e-13,7.137255563764949,1.009360361639922,7.702709581280942e-10
Naive Bayes (Kruskal - inCV),Integrated-RFECV (L1-LR) + KNN,0.0,1.7763568394002505e-15,7.956038125481531,1.1251537019813398,1.8385293287792592e-12
Naive Bayes (Kruskal - inCV),Integrated-RFECV (L1-LR) + Naive Bayes,0.0,7.555220876380673e-10,6.154000996674732,0.870307167235495,5.733116096700186e-07
Naive Bayes (Chi-square - inCV),Naive Bayes (KS - inCV),363.5,0.00816838758512425,2.645029166877988,0.3740636120671259,1.0
Naive Bayes (Chi-square - inCV),Integrated-SelectFromModel (L1-LR selector) + LR,25.0,1.6058265828178264e-12,7.065028823481318,0.999145958072411,1.294296225751168e-09
Naive Bayes (Chi-square - inCV),Integrated-SelectFromModel (L1-LR selector) + SVM,1.0,3.552713678800501e-15,7.869777910570139,1.1129546653992488,3.318234575999668e-12
Naive Bayes (Chi-square - inCV),Integrated-SelectFromModel (L1-LR selector) + KNN,0.0,7.555220876380673e-10,6.154000996674732,0.870307167235495,5.733116096700186e-07
Naive Bayes (Chi-square - inCV),Integrated-SelectFromModel (L1-LR selector) + Naive Bayes,1.0,3.552713678800501e-15,7.869777910570139,1.1129546653992488,3.318234575999668e-12
Naive Bayes (Chi-square - inCV),Integrated-SelectFromModel (RF selector) + RF,487.5,0.1476146264241548,-1.4480086679988982,-0.20477934967178418,1.0
Naive Bayes (Chi-square - inCV),Integrated-SelectFromModel (RF selector) + LR,67.0,3.645289294905194e-08,5.507227558592839,0.7788395904436861,2.3001775450851774e-05
Naive Bayes (Chi-square - inCV),Integrated-SelectFromModel (RF selector) + KNN,0.0,1.7763568394002505e-15,7.956038125481531,1.1251537019813398,1.8385293287792592e-12
Naive Bayes (Chi-square - inCV),Integrated-RFECV (L1-LR) + LR,17.0,3.6770586575585185e-13,7.266945941938681,1.0277013508121808,2.993125747252634e-10
Naive Bayes (Chi-square - inCV),Integrated-RFECV (L1-LR) + KNN,0.0,1.7763568394002505e-15,7.956038125481531,1.1251537019813398,1.8385293287792592e-12
Naive Bayes (Chi-square - inCV),Integrated-RFECV (L1-LR) + Naive Bayes,0.0,1.7763568394002505e-15,7.956038125481531,1.1251537019813398,1.8385293287792592e-12
Naive Bayes (KS - inCV),Integrated-SelectFromModel (L1-LR selector) + LR,47.0,3.863753761379485e-11,6.609210356103502,0.9346834922178285,3.029182948921516e-08
Naive Bayes (KS - inCV),Integrated-SelectFromModel (L1-LR selector) + SVM,13.0,1.5631940186722204e-13,7.381667318455632,1.043925403468619,1.2865086773672374e-10
Naive Bayes (KS - inCV),Integrated-SelectFromModel (L1-LR selector) + KNN,0.0,1.7763568394002505e-15,7.956038125481531,1.1251537019813398,1.8385293287792592e-12
Naive Bayes (KS - inCV),Integrated-SelectFromModel (L1-LR selector) + Naive Bayes,2.0,5.329070518200751e-15,7.818891055763057,1.1057581773777803,4.785505325344275e-12
Naive Bayes (KS - inCV),Integrated-SelectFromModel (RF selector) + RF,305.0,0.0010251160635235124,-3.2835413462192315,-0.46436287044360475,0.41004642540940495
Naive Bayes (KS - inCV),Integrated-SelectFromModel (RF selector) + LR,104.5,2.6719680180177947e-07,5.145227499964912,0.7276450511945393,0.000158714900270257
Naive Bayes (KS - inCV),Integrated-SelectFromModel (RF selector) + KNN,1.0,3.552713678800501e-15,7.869777910570139,1.1129546653992488,3.318234575999668e-12
Naive Bayes (KS - inCV),Integrated-RFECV (L1-LR) + LR,40.0,1.5448975432263978e-11,6.743618602811567,0.953691688756762,1.2220139566920807e-08
Naive Bayes (KS - inCV),Integrated-RFECV (L1-LR) + KNN,0.0,7.555220876380673e-10,6.154000996674732,0.870307167235495,5.733116096700186e-07
Naive Bayes (KS - inCV),Integrated-RFECV (L1-LR) + Naive Bayes,0.0,7.555220876380673e-10,6.154000996674732,0.870307167235495,5.733116096700186e-07
Integrated-SelectFromModel (L1-LR selector) + LR,Integrated-SelectFromModel (L1-LR selector) + SVM,229.0,3.818192634774675e-05,4.118214474467443,0.5824034762553046,0.018632780057700415
Integrated-SelectFromModel (L1-LR selector) + LR,Integrated-SelectFromModel (L1-LR selector) + KNN,56.0,1.1467804483800137e-10,6.446214878112257,0.9116324506597582,8.887548474945106e-08
Integrated-SelectFromModel (L1-LR selector) + LR,Integrated-SelectFromModel (L1-LR selector) + Naive Bayes,16.0,3.0020430585864233e-13,7.2943051655331095,1.0315705293185047,2.446665092747935e-10
Integrated-SelectFromModel (L1-LR selector) + LR,Integrated-SelectFromModel (RF selector) + RF,15.0,1.8643989447286525e-09,-6.009200973223561,-0.8498293515358362,1.303214862365328e-06
Integrated-SelectFromModel (L1-LR selector) + LR,Integrated-SelectFromModel (RF selector) + LR,231.0,4.213757459226031e-05,-4.095435383114293,-0.5791820262622885,0.02035244852806173
Integrated-SelectFromModel (L1-LR selector) + LR,Integrated-SelectFromModel (RF selector) + KNN,73.0,7.237197507947712e-10,6.16081396108734,0.8712706659027225,5.507507303548209e-07
Integrated-SelectFromModel (L1-LR selector) + LR,Integrated-RFECV (L1-LR) + LR,551.0,0.4036991720388965,-0.8350329223220823,-0.11809148837759278,1.0
Integrated-SelectFromModel (L1-LR selector) + LR,Integrated-RFECV (L1-LR) + KNN,55.0,1.8759597226675398e-08,5.6230675773537735,0.7952218430034129,1.202490182229893e-05
Integrated-SelectFromModel (L1-LR selector) + LR,Integrated-RFECV (L1-LR) + Naive Bayes,8.0,1.226241494446336e-09,6.076774317500774,0.8593856655290102,8.706314610568986e-07
Integrated-SelectFromModel (L1-LR selector) + SVM,Integrated-SelectFromModel (L1-LR selector) + KNN,82.0,1.7568968502246207e-09,6.018823152015437,0.8511901331105411,1.2416181725411653e-06
Integrated-SelectFromModel (L1-LR selector) + SVM,Integrated-SelectFromModel (L1-LR selector) + Naive Bayes,40.5,8.261174893059746e-09,5.7630409333565735,0.8150170648464167,5.489338771980101e-06
Integrated-SelectFromModel (L1-LR selector) + SVM,Integrated-SelectFromModel (RF selector) + RF,1.0,3.552713678800501e-15,-7.869777910570139,-1.1129546653992488,3.318234575999668e-12
Integrated-SelectFromModel (L1-LR selector) + SVM,Integrated-SelectFromModel (RF selector) + LR,102.0,1.0642100534141719e-08,-5.720164442241856,-0.8089534133222763,6.991860050931109e-06
Integrated-SelectFromModel (L1-LR selector) + SVM,Integrated-SelectFromModel (RF selector) + KNN,230.0,4.011462634423424e-05,4.106818458710035,0.5807918362511901,0.019455593776953606
Integrated-SelectFromModel (L1-LR selector) + SVM,Integrated-RFECV (L1-LR) + LR,188.0,4.268415494834699e-06,-4.597865422075181,-0.6502363637865015,0.0023177496136952414
Integrated-SelectFromModel (L1-LR selector) + SVM,Integrated-RFECV (L1-LR) + KNN,210.5,3.7563960401371894e-05,4.121974000909977,0.5829351535836177,0.018368776636270855
Integrated-SelectFromModel (L1-LR selector) + SVM,Integrated-RFECV (L1-LR) + Naive Bayes,35.0,6.0224096131304135e-09,5.816134275288668,0.8225255972696247,4.065126488863029e-06
Integrated-SelectFromModel (L1-LR selector) + KNN,Integrated-SelectFromModel (L1-LR selector) + Naive Bayes,556.0,0.4314301053066353,0.7867467940846913,0.11126279863481231,1.0
Integrated-SelectFromModel (L1-LR selector) + KNN,Integrated-SelectFromModel (RF selector) + RF,0.0,1.7763568394002505e-15,-7.956038125481531,-1.1251537019813398,1.8385293287792592e-12
Integrated-SelectFromModel (L1-LR selector) + KNN,Integrated-SelectFromModel (RF selector) + LR,27.0,2.239985974483716e-12,-7.018664705029341,-0.9925890815601852,1.7987087375104238e-09
Integrated-SelectFromModel (L1-LR selector) + KNN,Integrated-SelectFromModel (RF selector) + KNN,542.0,0.3622430237473182,-0.9110993597978071,-0.1288489071295503,1.0
Integrated-SelectFromModel (L1-LR selector) + KNN,Integrated-RFECV (L1-LR) + LR,34.0,6.616929226765933e-12,-6.865692882470987,-0.9709555989478897,5.267075664505683e-09
Integrated-SelectFromModel (L1-LR selector) + KNN,Integrated-RFECV (L1-LR) + KNN,562.0,0.4723763440876976,0.7186179603519856,0.1016279265694669,1.0
Integrated-SelectFromModel (L1-LR selector) + KNN,Integrated-RFECV (L1-LR) + Naive Bayes,620.0,0.8658490582633351,0.16893336069303186,0.023890784982935155,1.0
Integrated-SelectFromModel (L1-LR selector) + Naive Bayes,Integrated-SelectFromModel (RF selector) + RF,0.0,1.7763568394002505e-15,-7.956038125481531,-1.1251537019813398,1.8385293287792592e-12
Integrated-SelectFromModel (L1-LR selector) + Naive Bayes,Integrated-SelectFromModel (RF selector) + LR,5.0,1.7763568394002505e-14,-7.665860858431098,-1.0841164393258316,1.5294432387236157e-11
Integrated-SelectFromModel (L1-LR selector) + Naive Bayes,Integrated-SelectFromModel (RF selector) + KNN,416.0,0.03205348601661129,-2.143742984186386,-0.30317104024785585,1.0
Integrated-SelectFromModel (L1-LR selector) + Naive Bayes,Integrated-RFECV (L1-LR) + LR,14.0,1.7565587728239223e-09,-6.0188543081203045,-0.8511945392491466,1.2416181725411653e-06
Integrated-SelectFromModel (L1-LR selector) + Naive Bayes,Integrated-RFECV (L1-LR) + KNN,413.0,0.029727315082014982,-2.173704758387054,-0.3074082749905903,1.0
Integrated-SelectFromModel (L1-LR selector) + Naive Bayes,Integrated-RFECV (L1-LR) + Naive Bayes,507.5,0.29626688445839855,-1.0444723950763317,-0.14771070266412578,1.0
Integrated-SelectFromModel (RF selector) + RF,Integrated-SelectFromModel (RF selector) + LR,37.0,6.7581098094080945e-09,5.796827605495177,0.8197952218430032,4.534691682112832e-06
Integrated-SelectFromModel (RF selector) + RF,Integrated-SelectFromModel (RF selector) + KNN,0.0,7.555220876380673e-10,6.154000996674732,0.870307167235495,5.733116096700186e-07
Integrated-SelectFromModel (RF selector) + RF,Integrated-RFECV (L1-LR) + LR,14.0,1.7561784618686922e-09,6.018889363315421,0.8511994968023832,1.2416181725411653e-06
Integrated-SelectFromModel (RF selector) + RF,Integrated-RFECV (L1-LR) + KNN,0.0,7.555220876380673e-10,6.154000996674732,0.870307167235495,5.733116096700186e-07
Integrated-SelectFromModel (RF selector) + RF,Integrated-RFECV (L1-LR) + Naive Bayes,0.0,1.7763568394002505e-15,7.956038125481531,1.1251537019813398,1.8385293287792592e-12
Integrated-SelectFromModel (RF selector) + LR,Integrated-SelectFromModel (RF selector) + KNN,15.0,2.433608869978343e-13,7.322517875068927,1.0355604089641892,1.985824837902328e-10
Integrated-SelectFromModel (RF selector) + LR,Integrated-RFECV (L1-LR) + LR,229.0,3.818192634774675e-05,4.118214474467443,0.5824034762553046,0.018632780057700415
Integrated-SelectFromModel (RF selector) + LR,Integrated-RFECV (L1-LR) + KNN,30.0,3.6148861681795097e-12,6.951474165646821,0.9830869043543928,2.8919089345436078e-09
Integrated-SelectFromModel (RF selector) + LR,Integrated-RFECV (L1-LR) + Naive Bayes,1.0,1.1812325186599061e-09,6.082770663823384,0.8602336769584223,8.445812508418329e-07
Integrated-SelectFromModel (RF selector) + KNN,Integrated-RFECV (L1-LR) + LR,56.0,1.1467804483800137e-10,-6.446214878112257,-0.9116324506597582,8.887548474945106e-08
Integrated-SelectFromModel (RF selector) + KNN,Integrated-RFECV (L1-LR) + KNN,635.0,0.9847343420165711,-0.019133832395913153,-0.0027059325274474072,1.0
Integrated-SelectFromModel (RF selector) + KNN,Integrated-RFECV (L1-LR) + Naive Bayes,445.0,0.06346609527860991,1.8559120490097687,0.2624655990281255,1.0
Integrated-RFECV (L1-LR) + LR,Integrated-RFECV (L1-LR) + KNN,19.0,2.3640056174058536e-09,5.970587633636584,0.8443686006825941,1.6406198984796625e-06
Integrated-RFECV (L1-LR) + LR,Integrated-RFECV (L1-LR) + Naive Bayes,7.0,3.375077994860476e-14,7.583056491845678,1.07240613350095,2.8418156716725207e-11
Integrated-RFECV (L1-LR) + KNN,Integrated-RFECV (L1-LR) + Naive Bayes,450.0,0.07029574170923218,1.8100002931396268,0.25597269624573377,1.0
