Model_A,Model_B,W,p_value,z,r_effect,p_adj
Random Forest (All),Logistic Regression (All),677.5,3.5233957064472736e-10,6.273800652842299,0.6273800652842298,2.0048121569684987e-07
Random Forest (All),SVM (All),2329.0,0.5003662063505103,0.6739136611147221,0.0673913661114722,1.0
Random Forest (All),K-Neighbors (All),223.5,2.5062149489578493e-15,7.913316321548885,0.7913316321548886,1.9347979405954595e-12
Random Forest (All),Decision Tree (All),363.5,1.0701259000357734e-13,7.431944640771496,0.7431944640771496,7.405271228247552e-11
Random Forest (All),Naive Bayes (All),63.0,2.5576939468880457e-17,8.465174529220656,0.8465174529220656,2.4400400253311955e-14
Random Forest (All),Random Forest (MW - inCV),1308.0,2.858449157217855e-05,4.184459885588887,0.4184459885588887,0.010233247982839921
Random Forest (All),Random Forest (Wilcoxon - inCV),434.0,6.497335443025256e-13,7.189616932369681,0.7189616932369681,4.294738727839694e-10
Random Forest (All),Random Forest (Kruskal - inCV),0.0,,inf,inf,
Random Forest (All),Random Forest (Chi-square - inCV),1353.5,5.625036913179746e-05,4.028012435398688,0.4028012435398688,0.019181375873942932
Random Forest (All),Random Forest (KS - inCV),1499.5,0.0004218752800389194,3.5260073377138315,0.3526007337713831,0.12445320761148122
Random Forest (All),Logistic Regression (MW - inCV),2048.0,0.10098682509144873,-1.640088221385291,-0.1640088221385291,1.0
Random Forest (All),Logistic Regression (Wilcoxon - inCV),2154.5,0.20269775269172974,1.2739031196071648,0.12739031196071648,1.0
Random Forest (All),Logistic Regression (Kruskal - inCV),677.5,3.5233957064472736e-10,6.273800652842299,0.6273800652842298,2.0048121569684987e-07
Random Forest (All),Logistic Regression (Chi-square - inCV),1814.0,0.014499173769433136,-2.444652576415928,-0.2444652576415928,1.0
Random Forest (All),Logistic Regression (KS - inCV),1944.0,0.04575104158256545,-1.9976829707261203,-0.19976829707261204,1.0
Random Forest (All),SVM (MW - inCV),47.0,1.593120599115462e-17,8.52017525784491,0.852017525784491,1.56922379012873e-14
Random Forest (All),SVM (Wilcoxon - inCV),76.0,3.750168121901122e-17,8.420457541992109,0.8420457541992109,3.4685370711255536e-14
Random Forest (All),SVM (Kruskal - inCV),2329.0,0.5003662063505103,0.6739136611147221,0.0673913661114722,1.0
Random Forest (All),SVM (Chi-square - inCV),42.0,1.3730751465304756e-17,8.537373202870253,0.8537373202870253,1.3689559210908842e-14
Random Forest (All),SVM (KS - inCV),60.0,2.3411826498645862e-17,8.475477001851372,0.8475477001851373,2.2449526078099724e-14
Random Forest (All),K-Neighbors (MW - inCV),115.0,1.167521602462096e-16,8.28637511837185,0.828637511837185,1.021581402154334e-13
Random Forest (All),K-Neighbors (Wilcoxon - inCV),117.0,1.2370784421819017e-16,8.279486223404247,0.8279486223404247,1.0774953231404364e-13
Random Forest (All),K-Neighbors (Kruskal - inCV),223.5,2.5062149489578493e-15,7.913316321548885,0.7913316321548886,1.9347979405954595e-12
Random Forest (All),K-Neighbors (Chi-square - inCV),152.0,3.3738797373974887e-16,8.159150882512495,0.8159150882512496,2.8070679415147107e-13
Random Forest (All),K-Neighbors (KS - inCV),93.0,6.164454944752347e-17,8.362036912411103,0.8362036912411103,5.560338360166617e-14
Random Forest (All),Decision Tree (MW - inCV),949.0,6.000040731702688e-08,5.418799953523709,0.5418799953523709,2.7420186143881286e-05
Random Forest (All),Decision Tree (Wilcoxon - inCV),124.0,1.513561252382034e-16,8.255430149050131,0.8255430149050131,1.3046897995533132e-13
Random Forest (All),Decision Tree (Kruskal - inCV),363.5,1.0701259000357734e-13,7.431944640771496,0.7431944640771496,7.405271228247552e-11
Random Forest (All),Decision Tree (Chi-square - inCV),1165.5,2.9480054831515923e-06,4.674409532542129,0.4674409532542129,0.001134982111013363
Random Forest (All),Decision Tree (KS - inCV),1086.0,7.507504934383819e-07,4.947753105746094,0.49477531057460944,0.0003130394440805525
Random Forest (All),Naive Bayes (MW - inCV),1957.5,0.051026534073113666,1.9512565574807983,0.19512565574807983,1.0
Random Forest (All),Naive Bayes (Wilcoxon - inCV),751.0,1.0632103609428091e-09,6.099619820842961,0.6099619820842961,5.879553296013735e-07
Random Forest (All),Naive Bayes (Kruskal - inCV),63.0,2.5576939468880457e-17,8.465174529220656,0.8465174529220656,2.4400400253311955e-14
Random Forest (All),Naive Bayes (Chi-square - inCV),2260.0,0.36221207567078584,0.9111581032670488,0.09111581032670488,1.0
Random Forest (All),Naive Bayes (KS - inCV),2294.5,0.5286954060202651,0.6299987439533117,0.06299987439533117,1.0
Random Forest (All),Integrated-SelectFromModel (L1-LR selector) + LR,70.5,3.189891208075128e-17,8.439393271459618,0.8439393271459619,2.972978605926019e-14
Random Forest (All),Integrated-SelectFromModel (L1-LR selector) + SVM,1978.5,0.060237655361057116,1.8790500806081403,0.18790500806081403,1.0
Random Forest (All),Integrated-SelectFromModel (L1-LR selector) + KNN,146.0,2.843605682127755e-16,8.179780846817208,0.8179780846817207,2.3857851673051864e-13
Random Forest (All),Integrated-SelectFromModel (L1-LR selector) + Naive Bayes,49.0,1.6902646941643073e-17,8.513317474081898,0.8513317474081898,1.656459400281021e-14
Random Forest (All),Integrated-SelectFromModel (RF selector) + RF,1998.5,0.09628323934741896,-1.6631458726336732,-0.16631458726336731,1.0
Random Forest (All),Integrated-SelectFromModel (RF selector) + LR,250.0,5.190304424448059e-15,7.822212137938738,0.7822212137938738,3.903108927184941e-12
Random Forest (All),Integrated-SelectFromModel (RF selector) + KNN,3.0,4.265602464311227e-18,8.671474477130175,0.8671474477130175,4.38077373084763e-15
Random Forest (All),Integrated-RFECV (L1-LR) + LR,561.5,1.466618865917172e-11,6.751165795339056,0.6751165795339056,9.005039836731435e-09
Random Forest (All),Integrated-RFECV (L1-LR) + KNN,126.0,1.6033960728283034e-16,8.248541299811787,0.8248541299811787,1.372367074515766e-13
Random Forest (All),Integrated-RFECV (L1-LR) + Naive Bayes,699.5,3.4588799846169616e-10,6.27667591514716,0.627667591514716,1.975020471216285e-07
Logistic Regression (All),SVM (All),524.5,6.0533113057054715e-12,-6.8783891788775575,-0.6878389178877558,3.837799367817269e-09
Logistic Regression (All),K-Neighbors (All),1005.5,1.74586395742865e-07,5.224542320483829,0.5224542320483829,7.6294254939632e-05
Logistic Regression (All),Decision Tree (All),1943.5,0.045566137553594996,1.9993903284897692,0.1999390328489769,1.0
Logistic Regression (All),Naive Bayes (All),99.0,7.343095847008848e-17,8.341376070589163,0.8341376070589164,6.563701120638984e-14
Logistic Regression (All),Random Forest (MW - inCV),1333.0,4.158391929104762e-05,-4.098498355096233,-0.4098498355096233,0.01451278783257562
Logistic Regression (All),Random Forest (Wilcoxon - inCV),2014.5,0.07921246671067578,-1.7552739112403228,-0.1755273911240323,1.0
Logistic Regression (All),Random Forest (Kruskal - inCV),677.5,3.5233957064472736e-10,-6.273800652842299,-0.6273800652842298,2.0048121569684987e-07
Logistic Regression (All),Random Forest (Chi-square - inCV),1311.5,3.0137797627958307e-05,-4.172422612339998,-0.4172422612339998,0.010668780360297241
Logistic Regression (All),Random Forest (KS - inCV),1259.0,1.3433269643104169e-05,-4.3529256845886986,-0.4352925684588699,0.004931545717248641
Logistic Regression (All),Logistic Regression (MW - inCV),684.0,2.4520132848583004e-10,-6.329974745470425,-0.6329974745470425,1.4172636786480978e-07
Logistic Regression (All),Logistic Regression (Wilcoxon - inCV),990.5,1.3195247368523553e-07,-5.276113370929383,-0.5276113370929383,5.8586898316244577e-05
Logistic Regression (All),Logistic Regression (Kruskal - inCV),0.0,,inf,inf,
Logistic Regression (All),Logistic Regression (Chi-square - inCV),584.5,2.5220435692049816e-11,-6.672079218755426,-0.6672079218755427,1.5334024900766287e-08
Logistic Regression (All),Logistic Regression (KS - inCV),588.5,2.7695484072522187e-11,-6.658330818779772,-0.6658330818779772,1.6755767863875923e-08
Logistic Regression (All),SVM (MW - inCV),594.0,3.148674895875746e-11,6.639444519134575,0.6639444519134574,1.8955022873171994e-08
Logistic Regression (All),SVM (Wilcoxon - inCV),518.0,5.1736653358855396e-12,6.900728158743694,0.6900728158743694,3.290451153623203e-09
Logistic Regression (All),SVM (Kruskal - inCV),524.5,6.0533113057054715e-12,-6.8783891788775575,-0.6878389178877558,3.837799367817269e-09
Logistic Regression (All),SVM (Chi-square - inCV),500.5,3.3804655783306855e-12,6.960924648983414,0.6960924648983414,2.1702589012883e-09
Logistic Regression (All),SVM (KS - inCV),633.5,7.841719379360186e-11,6.5036058578476315,0.6503605857847632,4.64229787258123e-08
Logistic Regression (All),K-Neighbors (MW - inCV),1723.0,0.005823761781340258,2.757542637057256,0.27575426370572564,1.0
Logistic Regression (All),K-Neighbors (Wilcoxon - inCV),1544.5,0.0007481977087694914,3.371280000127898,0.3371280000127898,0.21398454470807454
Logistic Regression (All),K-Neighbors (Kruskal - inCV),1005.5,1.74586395742865e-07,5.224542320483829,0.5224542320483829,7.6294254939632e-05
Logistic Regression (All),K-Neighbors (Chi-square - inCV),1675.5,0.0034906522453202775,2.9208612709779613,0.29208612709779613,0.8621911045941085
Logistic Regression (All),K-Neighbors (KS - inCV),1481.5,0.0003333589568767283,3.587894625327345,0.35878946253273447,0.10134112289052541
Logistic Regression (All),Decision Tree (MW - inCV),2250.0,0.34438288748322254,-0.9455407292747964,-0.09455407292747964,1.0
Logistic Regression (All),Decision Tree (Wilcoxon - inCV),1134.0,1.7294463328499938e-06,4.782713391308421,0.47827133913084213,0.0006848607478085975
Logistic Regression (All),Decision Tree (Kruskal - inCV),1943.5,0.045566137553594996,1.9993903284897692,0.1999390328489769,1.0
Logistic Regression (All),Decision Tree (Chi-square - inCV),2038.5,0.09437676895921553,-1.6727487442996951,-0.16727487442996952,1.0
Logistic Regression (All),Decision Tree (KS - inCV),2147.5,0.19429779985952167,-1.2979695465499477,-0.12979695465499477,1.0
Logistic Regression (All),Naive Bayes (MW - inCV),1105.5,1.056914150663158e-06,-4.880734572095436,-0.48807345720954365,0.0004312209734705685
Logistic Regression (All),Naive Bayes (Wilcoxon - inCV),1965.5,0.07535349592605456,-1.7783067038460514,-0.17783067038460515,1.0
Logistic Regression (All),Naive Bayes (Kruskal - inCV),99.0,7.343095847008848e-17,8.341376070589163,0.8341376070589164,6.563701120638984e-14
Logistic Regression (All),Naive Bayes (Chi-square - inCV),885.5,1.7288308923016873e-08,-5.6371544070304305,-0.563715440703043,8.281099974125083e-06
Logistic Regression (All),Naive Bayes (KS - inCV),865.0,1.1455600575474856e-08,-5.707636109441013,-0.5707636109441012,5.716344687161953e-06
Logistic Regression (All),Integrated-SelectFromModel (L1-LR selector) + LR,10.0,5.26831977190652e-18,8.647406149874067,0.8647406149874067,5.384222806888464e-15
Logistic Regression (All),Integrated-SelectFromModel (L1-LR selector) + SVM,824.0,4.9572996143605665e-09,-5.848599201805195,-0.5848599201805195,2.5579666010100524e-06
Logistic Regression (All),Integrated-SelectFromModel (L1-LR selector) + KNN,816.5,4.244116868369072e-09,5.874386676239961,0.5874386676239961,2.2154290052886558e-06
Logistic Regression (All),Integrated-SelectFromModel (L1-LR selector) + Naive Bayes,49.0,1.6904481702255348e-17,8.513304893397803,0.8513304893397804,1.656459400281021e-14
Logistic Regression (All),Integrated-SelectFromModel (RF selector) + RF,654.5,1.2643322229898814e-10,-6.431400876079301,-0.6431400876079301,7.396343504490806e-08
Logistic Regression (All),Integrated-SelectFromModel (RF selector) + LR,780.0,1.974564488440507e-09,5.999885718489162,0.5999885718489162,1.0682102242365033e-06
Logistic Regression (All),Integrated-SelectFromModel (RF selector) + KNN,15.0,6.12472726248735e-18,8.630195357452102,0.8630195357452102,6.24074913460832e-15
Logistic Regression (All),Integrated-RFECV (L1-LR) + LR,1668.0,0.0032124013880950315,2.9466465681893004,0.29466465681893006,0.8031003470237579
Logistic Regression (All),Integrated-RFECV (L1-LR) + KNN,834.0,6.092031261911127e-09,5.814211606543882,0.5814211606543882,3.1313040686223193e-06
Logistic Regression (All),Integrated-RFECV (L1-LR) + Naive Bayes,1507.5,0.000467881864358604,3.498500698316746,0.3498500698316746,0.13708938625707098
SVM (All),K-Neighbors (All),126.0,1.6032325636866424e-16,8.248553489200859,0.8248553489200858,1.372367074515766e-13
SVM (All),Decision Tree (All),545.5,1.0022842015229733e-11,6.806174085816216,0.6806174085816216,6.2141620494424346e-09
SVM (All),Naive Bayes (All),53.0,1.9033478145708283e-17,8.4995452935402,0.8499545293540199,1.8443440323191328e-14
SVM (All),Random Forest (MW - inCV),2098.0,0.14205889893461485,1.4681668778194106,0.14681668778194107,1.0
SVM (All),Random Forest (Wilcoxon - inCV),1310.5,2.9686514815753148e-05,4.175857864407295,0.41758578644072947,0.01056839927440812
SVM (All),Random Forest (Kruskal - inCV),2329.0,0.5003662063505103,-0.6739136611147221,-0.0673913661114722,1.0
SVM (All),Random Forest (Chi-square - inCV),2105.5,0.1491950705299452,1.4423804691340636,0.14423804691340636,1.0
SVM (All),Random Forest (KS - inCV),2145.0,0.19135937959768057,1.3065682675642347,0.13065682675642348,1.0
SVM (All),Logistic Regression (MW - inCV),2034.0,0.09136852799403297,-1.6882224877924923,-0.16882224877924923,1.0
SVM (All),Logistic Regression (Wilcoxon - inCV),2514.5,0.9712006361859252,-0.03610249088416605,-0.0036102490884166046,1.0
SVM (All),Logistic Regression (Kruskal - inCV),524.5,6.0533113057054715e-12,6.8783891788775575,0.6878389178877558,3.837799367817269e-09
SVM (All),Logistic Regression (Chi-square - inCV),1856.0,0.021433991649729978,-2.300251217668512,-0.2300251217668512,1.0
SVM (All),Logistic Regression (KS - inCV),1919.5,0.037350663093683595,-2.0819103076535774,-0.20819103076535775,1.0
SVM (All),SVM (MW - inCV),57.5,2.174221178447846e-17,8.484085357779028,0.8484085357779028,2.08942655248838e-14
SVM (All),SVM (Wilcoxon - inCV),100.0,7.559341600282153e-17,8.337943906486645,0.8337943906486645,6.712695341050552e-14
SVM (All),SVM (Kruskal - inCV),0.0,,inf,inf,
SVM (All),SVM (Chi-square - inCV),64.0,2.634541346387695e-17,8.4617236923149,0.84617236923149,2.492142471268365e-14
SVM (All),SVM (KS - inCV),125.0,1.557840387948608e-16,8.25198572188369,0.825198572188369,1.3366270528599057e-13
SVM (All),K-Neighbors (MW - inCV),419.0,4.4493251919254117e-13,7.241138872342839,0.7241138872342839,2.9765985533981004e-10
SVM (All),K-Neighbors (Wilcoxon - inCV),318.0,3.2390842730070814e-14,7.588388536748875,0.7588388536748875,2.2965107495620207e-11
SVM (All),K-Neighbors (Kruskal - inCV),126.0,1.6032325636866424e-16,8.248553489200859,0.8248553489200858,1.372367074515766e-13
SVM (All),K-Neighbors (Chi-square - inCV),410.0,3.5402583945402904e-13,7.272067790604342,0.7272067790604342,2.386134157920156e-10
SVM (All),K-Neighbors (KS - inCV),285.0,2.1098147677994667e-14,7.643752073450154,0.7643752073450154,1.5169568180478166e-11
SVM (All),Decision Tree (MW - inCV),1362.5,6.41352455075422e-05,3.9970555840374113,0.3997055584037411,0.021741848227056805
SVM (All),Decision Tree (Wilcoxon - inCV),226.0,2.6856063057638546e-15,7.904708815451147,0.7904708815451147,2.0598600365208763e-12
SVM (All),Decision Tree (Kruskal - inCV),545.5,1.0022842015229733e-11,6.806174085816216,0.6806174085816216,6.2141620494424346e-09
SVM (All),Decision Tree (Chi-square - inCV),1543.0,0.000734290577150672,3.3764449755849846,0.33764449755849846,0.21147568621939355
SVM (All),Decision Tree (KS - inCV),1469.0,0.0002824633750431414,3.630873717628823,0.3630873717628823,0.0886934997635464
SVM (All),Naive Bayes (MW - inCV),2358.5,0.5669943767464136,0.5724836244458089,0.05724836244458089,1.0
SVM (All),Naive Bayes (Wilcoxon - inCV),1350.5,5.383504056324568e-05,4.038321480328864,0.40383214803288636,0.018519253953756514
SVM (All),Naive Bayes (Kruskal - inCV),53.0,1.9033478145708283e-17,8.4995452935402,0.8499545293540199,1.8443440323191328e-14
SVM (All),Naive Bayes (Chi-square - inCV),2450.5,0.797830268608584,-0.25615614719351454,-0.025615614719351455,1.0
SVM (All),Naive Bayes (KS - inCV),2392.0,0.6474545249788694,-0.45730125890590057,-0.045730125890590057,1.0
SVM (All),Integrated-SelectFromModel (L1-LR selector) + LR,19.0,6.9062884340117215e-18,8.616448424600216,0.8616448424600216,7.016789048955909e-15
SVM (All),Integrated-SelectFromModel (L1-LR selector) + SVM,181.5,0.0036183083773194884,0.0,0.0,0.8864855524432746
SVM (All),Integrated-SelectFromModel (L1-LR selector) + KNN,106.0,8.997452359022574e-17,8.31732008769357,0.831732008769357,7.93575298065791e-14
SVM (All),Integrated-SelectFromModel (L1-LR selector) + Naive Bayes,35.0,1.1147719595548441e-17,8.561428860579973,0.8561428860579973,1.1190467968067498e-14
SVM (All),Integrated-SelectFromModel (RF selector) + RF,2234.5,0.31787291619292823,-0.9988385332327395,-0.09988385332327396,1.0
SVM (All),Integrated-SelectFromModel (RF selector) + LR,168.0,5.312093957226147e-16,8.104137644366606,0.8104137644366606,4.3612291388826663e-13
SVM (All),Integrated-SelectFromModel (RF selector) + KNN,1.0,4.0161556854627e-18,8.67833190526259,0.8678331905262591,4.140189735314971e-15
SVM (All),Integrated-RFECV (L1-LR) + LR,582.0,3.918589229034005e-11,6.607123580434197,0.6607123580434198,2.347234948191369e-08
SVM (All),Integrated-RFECV (L1-LR) + KNN,173.0,6.118237096853962e-16,8.086940032162289,0.8086940032162289,4.967521287328072e-13
SVM (All),Integrated-RFECV (L1-LR) + Naive Bayes,718.0,5.196339581646228e-10,6.213057583101593,0.6213057583101593,2.9099501657218873e-07
K-Neighbors (All),Decision Tree (All),1683.5,0.0038115067936580946,-2.8933546315808765,-0.28933546315808767,0.9071324417822297
K-Neighbors (All),Naive Bayes (All),1484.0,0.00034452085377202716,3.5792961621942774,0.35792961621942776,0.1040452978391522
K-Neighbors (All),Random Forest (MW - inCV),455.0,1.1002748121353853e-12,-7.11734294399574,-0.711734294399574,7.217802767608127e-10
K-Neighbors (All),Random Forest (Wilcoxon - inCV),803.5,3.2374630520090396e-09,-5.919080591759487,-0.5919080591759487,1.709380491460773e-06
K-Neighbors (All),Random Forest (Kruskal - inCV),223.5,2.5062149489578493e-15,-7.913316321548885,-0.7913316321548886,1.9347979405954595e-12
K-Neighbors (All),Random Forest (Chi-square - inCV),431.0,6.027785259387459e-13,-7.199852222511833,-0.7199852222511833,4.0084771974926604e-10
K-Neighbors (All),Random Forest (KS - inCV),358.0,9.272919291801863e-14,-7.450866451998847,-0.7450866451998847,6.444678907802295e-11
K-Neighbors (All),Logistic Regression (MW - inCV),206.0,1.5427344182356265e-15,-7.973475312323277,-0.7973475312323277,1.2109310077349844e-12
K-Neighbors (All),Logistic Regression (Wilcoxon - inCV),285.0,1.3410675488191009e-14,-7.701853340424776,-0.7701853340424776,9.830025132844009e-12
K-Neighbors (All),Logistic Regression (Kruskal - inCV),1005.5,1.74586395742865e-07,-5.224542320483829,-0.5224542320483829,7.6294254939632e-05
K-Neighbors (All),Logistic Regression (Chi-square - inCV),168.0,5.312355559705196e-16,-8.10413165638032,-0.810413165638032,4.3612291388826663e-13
K-Neighbors (All),Logistic Regression (KS - inCV),173.0,6.118237096853962e-16,-8.086940032162289,-0.8086940032162289,4.967521287328072e-13
K-Neighbors (All),SVM (MW - inCV),1717.0,0.0054666602746094375,2.778166473633983,0.2778166473633983,1.0
K-Neighbors (All),SVM (Wilcoxon - inCV),1577.5,0.001122696871147999,3.2578248250450335,0.32578248250450337,0.30649624582340373
K-Neighbors (All),SVM (Kruskal - inCV),126.0,1.6032325636866424e-16,-8.248553489200859,-0.8248553489200858,1.372367074515766e-13
K-Neighbors (All),SVM (Chi-square - inCV),1615.5,0.0017650458888077997,3.1271587558555063,0.31271587558555064,0.4624420228676435
K-Neighbors (All),SVM (KS - inCV),1740.5,0.006989002228182167,2.6973678328407305,0.269736783284073,1.0
K-Neighbors (All),K-Neighbors (MW - inCV),1691.0,0.0041364100623959045,-2.8675671571461097,-0.286756715714611,0.955510724413454
K-Neighbors (All),K-Neighbors (Wilcoxon - inCV),1780.5,0.010472194960584411,-2.559834737476003,-0.2559834737476003,1.0
K-Neighbors (All),K-Neighbors (Kruskal - inCV),0.0,,inf,inf,
K-Neighbors (All),K-Neighbors (Chi-square - inCV),1742.5,0.007134649632097323,-2.690493166027375,-0.2690493166027375,1.0
K-Neighbors (All),K-Neighbors (KS - inCV),1958.0,0.051231797823484054,-1.9495330672683984,-0.19495330672683983,1.0
K-Neighbors (All),Decision Tree (MW - inCV),912.5,2.9512064228850403e-08,-5.544307003474942,-0.5544307003474942,1.3811646059101989e-05
K-Neighbors (All),Decision Tree (Wilcoxon - inCV),2390.0,0.6425227007038453,-0.46417453982580903,-0.0464174539825809,1.0
K-Neighbors (All),Decision Tree (Kruskal - inCV),1683.5,0.0038115067936580946,-2.8933546315808765,-0.28933546315808767,0.9071324417822297
K-Neighbors (All),Decision Tree (Chi-square - inCV),792.0,2.5437471371412896e-09,-5.958621356676846,-0.5958621356676846,1.3583609712334486e-06
K-Neighbors (All),Decision Tree (KS - inCV),866.0,1.1690386181290213e-08,-5.704180915543041,-0.5704180915543041,5.810121932101236e-06
K-Neighbors (All),Naive Bayes (MW - inCV),409.0,3.4511030102304506e-13,-7.275511496275754,-0.7275511496275754,2.3329456349157845e-10
K-Neighbors (All),Naive Bayes (Wilcoxon - inCV),795.0,2.7093112642049258e-09,-5.948306374524493,-0.5948306374524492,1.4413535925570206e-06
K-Neighbors (All),Naive Bayes (Kruskal - inCV),1484.0,0.00034452085377202716,3.5792961621942774,0.35792961621942776,0.1040452978391522
K-Neighbors (All),Naive Bayes (Chi-square - inCV),285.0,1.3410675488191009e-14,-7.701853340424776,-0.7701853340424776,9.830025132844009e-12
K-Neighbors (All),Naive Bayes (KS - inCV),290.0,1.5339500347761715e-14,-7.684667381560618,-0.7684667381560618,1.1167156253170528e-11
K-Neighbors (All),Integrated-SelectFromModel (L1-LR selector) + LR,1576.5,0.001109198752937334,3.261255933516888,0.3261255933516888,0.30610256384141316
K-Neighbors (All),Integrated-SelectFromModel (L1-LR selector) + SVM,247.0,4.782259792813318e-15,-7.832509781021268,-0.7832509781021268,3.6102736530463432e-12
K-Neighbors (All),Integrated-SelectFromModel (L1-LR selector) + KNN,285.0,0.14284596404358202,0.0,0.0,1.0
K-Neighbors (All),Integrated-SelectFromModel (L1-LR selector) + Naive Bayes,1168.0,3.074032673882924e-06,4.665810260248403,0.4665810260248403,0.0011742804814232769
K-Neighbors (All),Integrated-SelectFromModel (RF selector) + RF,191.0,1.0147464384053003e-15,-8.025062044099544,-0.8025062044099543,8.046939256554031e-13
K-Neighbors (All),Integrated-SelectFromModel (RF selector) + LR,2255.0,0.3532251001615734,-0.9283518234256363,-0.09283518234256363,1.0
K-Neighbors (All),Integrated-SelectFromModel (RF selector) + KNN,180.0,1.145080434821716e-15,8.010215040666253,0.8010215040666253,9.046135435091557e-13
K-Neighbors (All),Integrated-RFECV (L1-LR) + LR,1712.5,0.005211796985199246,-2.7936430637664436,-0.27936430637664433,1.0
K-Neighbors (All),Integrated-RFECV (L1-LR) + KNN,2178.0,0.38046634099609367,0.8770373692859701,0.08770373692859701,1.0
K-Neighbors (All),Integrated-RFECV (L1-LR) + Naive Bayes,2107.0,0.15065555303262182,-1.437219784627481,-0.1437219784627481,1.0
Decision Tree (All),Naive Bayes (All),875.0,1.401249829740757e-08,5.673235991950584,0.5673235991950584,6.851776193675436e-06
Decision Tree (All),Random Forest (MW - inCV),791.5,2.5170606995738885e-09,-5.9603449243558515,-0.5960344924355852,1.3491445349716043e-06
Decision Tree (All),Random Forest (Wilcoxon - inCV),1479.0,0.0003225328400872348,-3.5964957585559736,-0.35964957585559737,0.09934011474686832
Decision Tree (All),Random Forest (Kruskal - inCV),363.5,1.0701259000357734e-13,-7.431944640771496,-0.7431944640771496,7.405271228247552e-11
Decision Tree (All),Random Forest (Chi-square - inCV),758.0,1.2358311828241377e-09,-6.075524487736866,-0.6075524487736865,6.797071505532757e-07
Decision Tree (All),Random Forest (KS - inCV),725.0,6.054768350718949e-10,-6.188998437285613,-0.6188998437285613,3.372505971350455e-07
Decision Tree (All),Logistic Regression (MW - inCV),322.5,3.649381155302425e-14,-7.572916063520344,-0.7572916063520344,2.5728137144882095e-11
Decision Tree (All),Logistic Regression (Wilcoxon - inCV),545.0,9.904176684925045e-12,-6.807888220554043,-0.6807888220554043,6.160397898023378e-09
Decision Tree (All),Logistic Regression (Kruskal - inCV),1943.5,0.045566137553594996,-1.9993903284897692,-0.1999390328489769,1.0
Decision Tree (All),Logistic Regression (Chi-square - inCV),261.0,7.0062856931374904e-15,-7.784367445924922,-0.7784367445924922,5.233695412773705e-12
Decision Tree (All),Logistic Regression (KS - inCV),272.0,9.44216564806221e-15,-7.746551596418314,-0.7746551596418314,7.015529076510222e-12
Decision Tree (All),SVM (MW - inCV),1121.0,1.3831902112075882e-06,4.827411647301958,0.48274116473019585,0.0005588088453278656
Decision Tree (All),SVM (Wilcoxon - inCV),1000.5,1.5907460439591668e-07,5.241733970107007,0.5241733970107008,7.015190053859926e-05
Decision Tree (All),SVM (Kruskal - inCV),545.5,1.0022842015229733e-11,-6.806174085816216,-0.6806174085816216,6.2141620494424346e-09
Decision Tree (All),SVM (Chi-square - inCV),1038.5,3.203266464395375e-07,5.111077432970853,0.5111077432970853,0.00013645915138324298
Decision Tree (All),SVM (KS - inCV),1131.5,1.6569653705498545e-06,4.791309209768717,0.4791309209768717,0.000661129182849392
Decision Tree (All),K-Neighbors (MW - inCV),2480.0,0.8770383312474567,-0.15472473228531908,-0.015472473228531907,1.0
Decision Tree (All),K-Neighbors (Wilcoxon - inCV),2248.0,0.34088498720784577,0.9524180928489526,0.09524180928489526,1.0
Decision Tree (All),K-Neighbors (Kruskal - inCV),1683.5,0.0038115067936580946,2.8933546315808765,0.28933546315808767,0.9071324417822297
Decision Tree (All),K-Neighbors (Chi-square - inCV),2403.0,0.6748685607674054,-0.4194756309199826,-0.041947563091998256,1.0
Decision Tree (All),K-Neighbors (KS - inCV),2129.0,0.17333121448950595,1.3615776441108085,0.13615776441108085,1.0
Decision Tree (All),Decision Tree (MW - inCV),1452.5,0.00022637127376293206,-3.6876088441717054,-0.36876088441717053,0.07289155015166413
Decision Tree (All),Decision Tree (Wilcoxon - inCV),1420.0,0.00014507341488223058,3.799354566722363,0.37993545667223627,0.0474390066664894
Decision Tree (All),Decision Tree (Kruskal - inCV),0.0,,inf,inf,
Decision Tree (All),Decision Tree (Chi-square - inCV),1150.5,2.290070741555878e-06,-4.725980989470472,-0.4725980989470472,0.0008977077306899042
Decision Tree (All),Decision Tree (KS - inCV),1276.0,1.7510543599430172e-05,-4.294477248983183,-0.4294477248983183,0.0063388167829937225
Decision Tree (All),Naive Bayes (MW - inCV),717.5,5.139767314249976e-10,-6.214776746793653,-0.6214776746793653,2.8885492306084864e-07
Decision Tree (All),Naive Bayes (Wilcoxon - inCV),1457.0,0.00024053638284954242,-3.6721309329716516,-0.36721309329716517,0.07673110612900404
Decision Tree (All),Naive Bayes (Kruskal - inCV),875.0,1.401249829740757e-08,5.673235991950584,0.5673235991950584,6.851776193675436e-06
Decision Tree (All),Naive Bayes (Chi-square - inCV),542.0,9.217972669668928e-12,-6.818213278409651,-0.681821327840965,5.752014945873411e-09
Decision Tree (All),Naive Bayes (KS - inCV),529.0,6.747577489046266e-12,-6.862901458699935,-0.6862901458699935,4.237478663121055e-09
Decision Tree (All),Integrated-SelectFromModel (L1-LR selector) + LR,1011.0,1.9334197539194187e-07,5.205627659554961,0.5205627659554961,8.352373336931889e-05
Decision Tree (All),Integrated-SelectFromModel (L1-LR selector) + SVM,813.0,3.9466942854531636e-09,-5.886412132254182,-0.5886412132254182,2.0680678055774577e-06
Decision Tree (All),Integrated-SelectFromModel (L1-LR selector) + KNN,1467.5,0.00027686791706136714,3.636033895302171,0.3636033895302171,0.08749026179139202
Decision Tree (All),Integrated-SelectFromModel (L1-LR selector) + Naive Bayes,694.0,3.062392464844995e-10,6.295586743705533,0.6295586743705532,1.754750882356182e-07
Decision Tree (All),Integrated-SelectFromModel (RF selector) + RF,298.0,1.9010539917799166e-14,-7.657149426711485,-0.7657149426711485,1.3763630900486597e-11
Decision Tree (All),Integrated-SelectFromModel (RF selector) + LR,1888.0,0.0285087982770462,2.1902129253772857,0.21902129253772856,1.0
Decision Tree (All),Integrated-SelectFromModel (RF selector) + KNN,138.0,2.262528715891485e-16,8.207281401688514,0.8207281401688513,1.9140992936441966e-13
Decision Tree (All),Integrated-RFECV (L1-LR) + LR,2436.5,0.7609054596367464,-0.3042919734944611,-0.03042919734944611,1.0
Decision Tree (All),Integrated-RFECV (L1-LR) + KNN,1379.5,8.19570620872126e-05,3.9386040185074025,0.3938604018507402,0.02745561579921622
Decision Tree (All),Integrated-RFECV (L1-LR) + Naive Bayes,2359.0,0.5681610364103444,-0.5707619240386648,-0.05707619240386648,1.0
Naive Bayes (All),Random Forest (MW - inCV),188.0,9.329158018986396e-16,-8.03537703387345,-0.803537703387345,7.435338941132158e-13
Naive Bayes (All),Random Forest (Wilcoxon - inCV),312.0,2.7613717272752885e-14,-7.609040989788558,-0.7609040989788558,1.971619413274556e-11
Naive Bayes (All),Random Forest (Kruskal - inCV),63.0,2.5576939468880457e-17,-8.465174529220656,-0.8465174529220656,2.4400400253311955e-14
Naive Bayes (All),Random Forest (Chi-square - inCV),176.0,6.658061666306976e-16,-8.07663102529366,-0.8076631025293659,5.353081579710808e-13
Naive Bayes (All),Random Forest (KS - inCV),175.0,6.472361242414471e-16,-8.080081293122886,-0.8080081293122886,5.216723161386063e-13
Naive Bayes (All),Logistic Regression (MW - inCV),46.0,1.5464256185349574e-17,-8.52361988317171,-0.852361988317171,1.526322085494003e-14
Naive Bayes (All),Logistic Regression (Wilcoxon - inCV),78.0,3.976797993175688e-17,-8.413580892304894,-0.8413580892304895,3.658654153721633e-14
Naive Bayes (All),Logistic Regression (Kruskal - inCV),99.0,7.343095847008848e-17,-8.341376070589163,-0.8341376070589164,6.563701120638984e-14
Naive Bayes (All),Logistic Regression (Chi-square - inCV),44.0,1.4572088793000763e-17,-8.530496543020982,-0.8530496543020982,1.4440939993863758e-14
Naive Bayes (All),Logistic Regression (KS - inCV),42.0,1.3731500834606288e-17,-8.537366894765498,-0.8537366894765498,1.3689559210908842e-14
Naive Bayes (All),SVM (MW - inCV),2105.0,0.14871125075272015,-1.4440985683469616,-0.14440985683469615,1.0
Naive Bayes (All),SVM (Wilcoxon - inCV),2304.0,0.4473324208168965,-0.7598697904370176,-0.07598697904370176,1.0
Naive Bayes (All),SVM (Kruskal - inCV),53.0,1.9033478145708283e-17,-8.4995452935402,-0.8499545293540199,1.8443440323191328e-14
Naive Bayes (All),SVM (Chi-square - inCV),2234.5,0.317873988923964,-0.9988363191521774,-0.09988363191521774,1.0
Naive Bayes (All),SVM (KS - inCV),2186.0,0.24377869777154315,-1.1655938444514762,-0.11655938444514762,1.0
Naive Bayes (All),K-Neighbors (MW - inCV),861.5,1.0673892748168855e-08,-5.719657603480632,-0.5719657603480632,5.358294159580765e-06
Naive Bayes (All),K-Neighbors (Wilcoxon - inCV),842.0,7.177500057686207e-09,-5.786717814571823,-0.5786717814571822,3.6605250294199657e-06
Naive Bayes (All),K-Neighbors (Kruskal - inCV),1484.0,0.00034452085377202716,-3.5792961621942774,-0.35792961621942776,0.1040452978391522
Naive Bayes (All),K-Neighbors (Chi-square - inCV),881.5,1.5961823586633986e-08,-5.650891055798267,-0.5650891055798267,7.693598968757582e-06
Naive Bayes (All),K-Neighbors (KS - inCV),979.0,1.0627255151103879e-07,-5.315658063486674,-0.5315658063486673,4.7822648179967454e-05
Naive Bayes (All),Decision Tree (MW - inCV),406.0,3.1971698402869067e-13,-7.2858211103028845,-0.7285821110302885,2.1708783215548096e-10
Naive Bayes (All),Decision Tree (Wilcoxon - inCV),1548.5,0.0007864315036625076,-3.357526690591425,-0.3357526690591425,0.22256011553648966
Naive Bayes (All),Decision Tree (Kruskal - inCV),875.0,1.401249829740757e-08,-5.673235991950584,-0.5673235991950584,6.851776193675436e-06
Naive Bayes (All),Decision Tree (Chi-square - inCV),315.5,3.031111645650427e-14,-7.5969843552091705,-0.7596984355209171,2.1551203800574535e-11
Naive Bayes (All),Decision Tree (KS - inCV),373.0,1.369299546879079e-13,-7.399275063441004,-0.7399275063441004,9.3660089006529e-11
Naive Bayes (All),Naive Bayes (MW - inCV),74.0,3.536288390303153e-17,-8.427334191679323,-0.8427334191679323,3.281675626201326e-14
Naive Bayes (All),Naive Bayes (Wilcoxon - inCV),232.0,3.1684934549908844e-15,-7.884084691783042,-0.7884084691783042,2.4173349829177484e-12
Naive Bayes (All),Naive Bayes (Kruskal - inCV),0.0,,inf,inf,
Naive Bayes (All),Naive Bayes (Chi-square - inCV),50.0,1.7415252083634357e-17,-8.509853987925876,-0.8509853987925876,1.699636433401032e-14
Naive Bayes (All),Naive Bayes (KS - inCV),50.0,1.7414307719272868e-17,-8.509860275692551,-0.8509860275692551,1.699636433401032e-14
Naive Bayes (All),Integrated-SelectFromModel (L1-LR selector) + LR,2144.5,0.19077681811835534,-1.3082845363238544,-0.13082845363238543,1.0
Naive Bayes (All),Integrated-SelectFromModel (L1-LR selector) + SVM,84.0,4.7408945782600864e-17,-8.392950943243257,-0.8392950943243257,4.3189549607949385e-14
Naive Bayes (All),Integrated-SelectFromModel (L1-LR selector) + KNN,1686.0,0.003917162928199868,-2.8847566752751725,-0.28847566752751724,0.9126989622705692
Naive Bayes (All),Integrated-SelectFromModel (L1-LR selector) + Naive Bayes,61.0,4.407167742928806e-06,0.0,0.0,0.0016703165745700177
Naive Bayes (All),Integrated-SelectFromModel (RF selector) + RF,48.0,1.6412062569258175e-17,-8.51673063761309,-0.851673063761309,1.6116645443011527e-14
Naive Bayes (All),Integrated-SelectFromModel (RF selector) + LR,982.0,1.1246128094267259e-07,-5.305343073712765,-0.5305343073712765,5.0270192581374646e-05
Naive Bayes (All),Integrated-SelectFromModel (RF selector) + KNN,1086.0,7.507504934383819e-07,4.947753105746094,0.49477531057460944,0.0003130394440805525
Naive Bayes (All),Integrated-RFECV (L1-LR) + LR,844.0,7.477498810552113e-09,-5.779832603312482,-0.5779832603312481,3.7910918969499214e-06
Naive Bayes (All),Integrated-RFECV (L1-LR) + KNN,1748.5,0.007588215897734914,-2.6698631864795614,-0.26698631864795613,1.0
Naive Bayes (All),Integrated-RFECV (L1-LR) + Naive Bayes,1098.0,2.5498557558610734e-06,-4.7041021425014415,-0.4704102142501442,0.0009944437447858185
Random Forest (MW - inCV),Random Forest (Wilcoxon - inCV),841.0,7.030668968469228e-09,5.790190375921328,0.5790190375921328,3.5926718428877757e-06
Random Forest (MW - inCV),Random Forest (Kruskal - inCV),1308.0,2.858449157217855e-05,-4.184459885588887,-0.4184459885588887,0.010233247982839921
Random Forest (MW - inCV),Random Forest (Chi-square - inCV),2286.5,0.41218543475753444,-0.8200538055757454,-0.08200538055757453,1.0
Random Forest (MW - inCV),Random Forest (KS - inCV),2239.0,0.41010099513418274,-0.8237159136147175,-0.08237159136147175,1.0
Random Forest (MW - inCV),Logistic Regression (MW - inCV),1086.0,7.50694110504922e-07,-4.947767729012985,-0.4947767729012985,0.0003130394440805525
Random Forest (MW - inCV),Logistic Regression (Wilcoxon - inCV),1704.0,0.010567127351670775,-2.556696815918495,-0.2556696815918495,1.0
Random Forest (MW - inCV),Logistic Regression (Kruskal - inCV),1333.0,4.158391929104762e-05,4.098498355096233,0.4098498355096233,0.01451278783257562
Random Forest (MW - inCV),Logistic Regression (Chi-square - inCV),835.0,6.217057894934149e-09,-5.8108119207723385,-0.5810811920772339,3.183133642206284e-06
Random Forest (MW - inCV),Logistic Regression (KS - inCV),898.0,2.216572002818759e-08,-5.594187588105622,-0.5594187588105621,1.0528717013389105e-05
Random Forest (MW - inCV),SVM (MW - inCV),119.0,1.3105159989297636e-16,8.272615686188397,0.8272615686188397,1.1349068550731753e-13
Random Forest (MW - inCV),SVM (Wilcoxon - inCV),152.0,3.3738797373974887e-16,8.159150882512495,0.8159150882512496,2.8070679415147107e-13
Random Forest (MW - inCV),SVM (Kruskal - inCV),2098.0,0.14205889893461485,-1.4681668778194106,-0.14681668778194107,1.0
Random Forest (MW - inCV),SVM (Chi-square - inCV),72.0,3.334095720080036e-17,8.434223305131184,0.8434223305131183,3.0973749239543533e-14
Random Forest (MW - inCV),SVM (KS - inCV),123.0,1.4705985781821357e-16,8.258868478974765,0.8258868478974766,1.269126572971183e-13
Random Forest (MW - inCV),K-Neighbors (MW - inCV),282.0,1.2369783442859362e-14,7.7121683225771305,0.7712168322577131,9.11653039738735e-12
Random Forest (MW - inCV),K-Neighbors (Wilcoxon - inCV),272.5,9.570366916253549e-15,7.744838155241741,0.7744838155241741,7.09164188494388e-12
Random Forest (MW - inCV),K-Neighbors (Kruskal - inCV),455.0,1.1002748121353853e-12,7.11734294399574,0.711734294399574,7.217802767608127e-10
Random Forest (MW - inCV),K-Neighbors (Chi-square - inCV),290.0,1.5340180665174975e-14,7.684661703504184,0.7684661703504184,1.1167156253170528e-11
Random Forest (MW - inCV),K-Neighbors (KS - inCV),172.0,5.947675673336121e-16,8.090384334830132,0.8090384334830132,4.835460322422267e-13
Random Forest (MW - inCV),Decision Tree (MW - inCV),1380.0,8.25431894205227e-05,3.9368935815120247,0.3936893581512025,0.027486882077034057
Random Forest (MW - inCV),Decision Tree (Wilcoxon - inCV),202.0,1.3799942349902587e-15,7.987234513306586,0.7987234513306586,1.0846754687023434e-12
Random Forest (MW - inCV),Decision Tree (Kruskal - inCV),791.5,2.5170606995738885e-09,5.9603449243558515,0.5960344924355852,1.3491445349716043e-06
Random Forest (MW - inCV),Decision Tree (Chi-square - inCV),1683.5,0.0038114808478244945,2.893356769431025,0.28933567694310247,0.9071324417822297
Random Forest (MW - inCV),Decision Tree (KS - inCV),1642.0,0.0023970689635707514,3.0360408369044642,0.30360408369044645,0.6160467236376831
Random Forest (MW - inCV),Naive Bayes (MW - inCV),2062.5,0.14993782743780282,-1.4397511106773853,-0.14397511106773853,1.0
Random Forest (MW - inCV),Naive Bayes (Wilcoxon - inCV),1599.0,0.0014530609646736213,3.183898215266493,0.3183898215266493,0.38651421660318325
Random Forest (MW - inCV),Naive Bayes (Kruskal - inCV),188.0,9.329158018986396e-16,8.03537703387345,0.803537703387345,7.435338941132158e-13
Random Forest (MW - inCV),Naive Bayes (Chi-square - inCV),1737.0,0.009999698192454663,-2.575839739820188,-0.2575839739820188,1.0
Random Forest (MW - inCV),Naive Bayes (KS - inCV),1704.5,0.004784906799377049,-2.8211684638223438,-0.2821168463822344,1.0
Random Forest (MW - inCV),Integrated-SelectFromModel (L1-LR selector) + LR,186.0,8.819249297031816e-16,8.042265578302729,0.8042265578302729,7.046580188328421e-13
Random Forest (MW - inCV),Integrated-SelectFromModel (L1-LR selector) + SVM,2381.5,0.6217297392201836,0.49340034418521195,0.049340034418521195,1.0
Random Forest (MW - inCV),Integrated-SelectFromModel (L1-LR selector) + KNN,327.0,4.110505581041374e-14,7.557449174349099,0.7557449174349099,2.889685423472086e-11
Random Forest (MW - inCV),Integrated-SelectFromModel (L1-LR selector) + Naive Bayes,157.0,3.8893217843757656e-16,8.141959245591904,0.8141959245591904,3.2164691156787583e-13
Random Forest (MW - inCV),Integrated-SelectFromModel (RF selector) + RF,1088.0,7.776198566757954e-07,-4.940902006212524,-0.4940902006212524,0.0003203793809504277
Random Forest (MW - inCV),Integrated-SelectFromModel (RF selector) + LR,549.5,1.1024819524279646e-11,6.79244586024536,0.679244586024536,6.7912888269562615e-09
Random Forest (MW - inCV),Integrated-SelectFromModel (RF selector) + KNN,23.0,7.786562267157256e-18,8.602695115063746,0.8602695115063745,7.895574138897458e-15
Random Forest (MW - inCV),Integrated-RFECV (L1-LR) + LR,885.0,2.8638822937588014e-08,5.549560747128254,0.5549560747128254,1.3431607957728779e-05
Random Forest (MW - inCV),Integrated-RFECV (L1-LR) + KNN,277.0,1.0809348947755852e-14,7.729354248427218,0.7729354248427218,7.988108872391574e-12
Random Forest (MW - inCV),Integrated-RFECV (L1-LR) + Naive Bayes,1001.0,1.6056371491865319e-07,5.24001480514469,0.524001480514469,7.048747084928875e-05
Random Forest (Wilcoxon - inCV),Random Forest (Kruskal - inCV),434.0,6.497335443025256e-13,-7.189616932369681,-0.7189616932369681,4.294738727839694e-10
Random Forest (Wilcoxon - inCV),Random Forest (Chi-square - inCV),869.5,1.25414847678582e-08,-5.692197249012921,-0.569219724901292,6.182951990554093e-06
Random Forest (Wilcoxon - inCV),Random Forest (KS - inCV),866.5,1.1806313708409044e-08,-5.702499674406679,-0.5702499674406679,5.844125285662477e-06
Random Forest (Wilcoxon - inCV),Logistic Regression (MW - inCV),501.5,3.46448153959856e-12,-6.957465743248577,-0.6957465743248578,2.2172681853430783e-09
Random Forest (Wilcoxon - inCV),Logistic Regression (Wilcoxon - inCV),783.0,2.103669969793295e-09,-5.98959285676913,-0.598959285676913,1.1296707737789994e-06
Random Forest (Wilcoxon - inCV),Logistic Regression (Kruskal - inCV),2014.5,0.07921246671067578,1.7552739112403228,0.1755273911240323,1.0
Random Forest (Wilcoxon - inCV),Logistic Regression (Chi-square - inCV),364.0,1.0840821565852752e-13,-7.430230967137581,-0.7430230967137581,7.458485237306693e-11
Random Forest (Wilcoxon - inCV),Logistic Regression (KS - inCV),386.0,1.915095279515426e-13,-7.354593142974403,-0.7354593142974404,1.3041798853500052e-10
Random Forest (Wilcoxon - inCV),SVM (MW - inCV),337.5,5.4214866676094556e-14,7.521346710140424,0.7521346710140424,3.7841976939914e-11
Random Forest (Wilcoxon - inCV),SVM (Wilcoxon - inCV),333.0,4.815116250988497e-14,7.536835901317902,0.7536835901317902,3.370581375691948e-11
Random Forest (Wilcoxon - inCV),SVM (Kruskal - inCV),1310.5,2.9686514815753148e-05,-4.175857864407295,-0.41758578644072947,0.01056839927440812
Random Forest (Wilcoxon - inCV),SVM (Chi-square - inCV),283.0,1.2706460131142384e-14,7.708741386885746,0.7708741386885747,9.32654173625851e-12
Random Forest (Wilcoxon - inCV),SVM (KS - inCV),313.0,2.836039593351179e-14,7.605591412930988,0.7605591412930988,2.0192601904660393e-11
Random Forest (Wilcoxon - inCV),K-Neighbors (MW - inCV),853.0,8.983700483299091e-09,5.748879138509925,0.5748879138509925,4.518801343099443e-06
Random Forest (Wilcoxon - inCV),K-Neighbors (Wilcoxon - inCV),714.5,4.812602270190663e-10,6.225096328552795,0.6225096328552795,2.709495078117343e-07
Random Forest (Wilcoxon - inCV),K-Neighbors (Kruskal - inCV),803.5,3.2374630520090396e-09,5.919080591759487,0.5919080591759487,1.709380491460773e-06
Random Forest (Wilcoxon - inCV),K-Neighbors (Chi-square - inCV),875.0,1.4011812257004981e-08,5.673244375648777,0.5673244375648777,6.851776193675436e-06
Random Forest (Wilcoxon - inCV),K-Neighbors (KS - inCV),597.0,3.3776192572875705e-11,6.629090298473167,0.6629090298473167,2.0265715543725424e-08
Random Forest (Wilcoxon - inCV),Decision Tree (MW - inCV),2333.0,0.7430771569640123,-0.32778112857354674,-0.03277811285735467,1.0
Random Forest (Wilcoxon - inCV),Decision Tree (Wilcoxon - inCV),459.5,1.2307489818864089e-12,7.1018757067852425,0.7101875706785242,8.024483361899386e-10
Random Forest (Wilcoxon - inCV),Decision Tree (Kruskal - inCV),1479.0,0.0003225328400872348,3.5964957585559736,0.35964957585559737,0.09934011474686832
Random Forest (Wilcoxon - inCV),Decision Tree (Chi-square - inCV),2355.0,0.6753357240439102,-0.4188363678449673,-0.04188363678449673,1.0
Random Forest (Wilcoxon - inCV),Decision Tree (KS - inCV),2447.5,0.7898765194190633,-0.2664709629407702,-0.026647096294077022,1.0
Random Forest (Wilcoxon - inCV),Naive Bayes (MW - inCV),1157.0,2.5555214001358506e-06,-4.703649238689892,-0.4703649238689892,0.0009944437447858185
Random Forest (Wilcoxon - inCV),Naive Bayes (Wilcoxon - inCV),2402.5,0.67361102815749,-0.4211972830626543,-0.04211972830626543,1.0
Random Forest (Wilcoxon - inCV),Naive Bayes (Kruskal - inCV),312.0,2.7613717272752885e-14,7.609040989788558,0.7609040989788558,1.971619413274556e-11
Random Forest (Wilcoxon - inCV),Naive Bayes (Chi-square - inCV),818.5,4.4229579036365465e-09,-5.8675446998804714,-0.5867544699880471,2.299938109891004e-06
Random Forest (Wilcoxon - inCV),Naive Bayes (KS - inCV),772.5,1.6838862418180423e-09,-6.025691002049733,-0.6025691002049733,9.17718001790833e-07
Random Forest (Wilcoxon - inCV),Integrated-SelectFromModel (L1-LR selector) + LR,331.0,4.5687496558876386e-14,7.543684706872474,0.7543684706872474,3.202693508777235e-11
Random Forest (Wilcoxon - inCV),Integrated-SelectFromModel (L1-LR selector) + SVM,1645.5,0.0024944722949849056,-3.02401116871703,-0.302401116871703,0.6360904352211509
Random Forest (Wilcoxon - inCV),Integrated-SelectFromModel (L1-LR selector) + KNN,650.0,1.1418828146523043e-10,6.446863845221632,0.6446863845221632,6.691433293862503e-08
Random Forest (Wilcoxon - inCV),Integrated-SelectFromModel (L1-LR selector) + Naive Bayes,262.5,7.297222583493055e-15,7.779221454488096,0.7779221454488096,5.436430824702326e-12
Random Forest (Wilcoxon - inCV),Integrated-SelectFromModel (RF selector) + RF,343.0,6.264000204975267e-14,-7.502441438976228,-0.7502441438976228,4.366008142867761e-11
Random Forest (Wilcoxon - inCV),Integrated-SelectFromModel (RF selector) + LR,898.0,2.2169416412571883e-08,5.594158653960316,0.5594158653960316,1.0528717013389105e-05
Random Forest (Wilcoxon - inCV),Integrated-SelectFromModel (RF selector) + KNN,35.0,1.1145884430346113e-17,8.561447838245096,0.8561447838245095,1.1190467968067498e-14
Random Forest (Wilcoxon - inCV),Integrated-RFECV (L1-LR) + LR,1547.5,0.0007766996382286702,3.3609675013313214,0.3360967501331321,0.22058269725694232
Random Forest (Wilcoxon - inCV),Integrated-RFECV (L1-LR) + KNN,723.5,5.860159731328306e-10,6.194146782488944,0.6194146782488944,3.269969130081195e-07
Random Forest (Wilcoxon - inCV),Integrated-RFECV (L1-LR) + Naive Bayes,1459.5,0.000248750199402636,3.663543241626568,0.3663543241626568,0.07885381321063561
Random Forest (Kruskal - inCV),Random Forest (Chi-square - inCV),1353.5,5.625036913179746e-05,4.028012435398688,0.4028012435398688,0.019181375873942932
Random Forest (Kruskal - inCV),Random Forest (KS - inCV),1499.5,0.0004218752800389194,3.5260073377138315,0.3526007337713831,0.12445320761148122
Random Forest (Kruskal - inCV),Logistic Regression (MW - inCV),2048.0,0.10098682509144873,-1.640088221385291,-0.1640088221385291,1.0
Random Forest (Kruskal - inCV),Logistic Regression (Wilcoxon - inCV),2154.5,0.20269775269172974,1.2739031196071648,0.12739031196071648,1.0
Random Forest (Kruskal - inCV),Logistic Regression (Kruskal - inCV),677.5,3.5233957064472736e-10,6.273800652842299,0.6273800652842298,2.0048121569684987e-07
Random Forest (Kruskal - inCV),Logistic Regression (Chi-square - inCV),1814.0,0.014499173769433136,-2.444652576415928,-0.2444652576415928,1.0
Random Forest (Kruskal - inCV),Logistic Regression (KS - inCV),1944.0,0.04575104158256545,-1.9976829707261203,-0.19976829707261204,1.0
Random Forest (Kruskal - inCV),SVM (MW - inCV),47.0,1.593120599115462e-17,8.52017525784491,0.852017525784491,1.56922379012873e-14
Random Forest (Kruskal - inCV),SVM (Wilcoxon - inCV),76.0,3.750168121901122e-17,8.420457541992109,0.8420457541992109,3.4685370711255536e-14
Random Forest (Kruskal - inCV),SVM (Kruskal - inCV),2329.0,0.5003662063505103,0.6739136611147221,0.0673913661114722,1.0
Random Forest (Kruskal - inCV),SVM (Chi-square - inCV),42.0,1.3730751465304756e-17,8.537373202870253,0.8537373202870253,1.3689559210908842e-14
Random Forest (Kruskal - inCV),SVM (KS - inCV),60.0,2.3411826498645862e-17,8.475477001851372,0.8475477001851373,2.2449526078099724e-14
Random Forest (Kruskal - inCV),K-Neighbors (MW - inCV),115.0,1.167521602462096e-16,8.28637511837185,0.828637511837185,1.021581402154334e-13
Random Forest (Kruskal - inCV),K-Neighbors (Wilcoxon - inCV),117.0,1.2370784421819017e-16,8.279486223404247,0.8279486223404247,1.0774953231404364e-13
Random Forest (Kruskal - inCV),K-Neighbors (Kruskal - inCV),223.5,2.5062149489578493e-15,7.913316321548885,0.7913316321548886,1.9347979405954595e-12
Random Forest (Kruskal - inCV),K-Neighbors (Chi-square - inCV),152.0,3.3738797373974887e-16,8.159150882512495,0.8159150882512496,2.8070679415147107e-13
Random Forest (Kruskal - inCV),K-Neighbors (KS - inCV),93.0,6.164454944752347e-17,8.362036912411103,0.8362036912411103,5.560338360166617e-14
Random Forest (Kruskal - inCV),Decision Tree (MW - inCV),949.0,6.000040731702688e-08,5.418799953523709,0.5418799953523709,2.7420186143881286e-05
Random Forest (Kruskal - inCV),Decision Tree (Wilcoxon - inCV),124.0,1.513561252382034e-16,8.255430149050131,0.8255430149050131,1.3046897995533132e-13
Random Forest (Kruskal - inCV),Decision Tree (Kruskal - inCV),363.5,1.0701259000357734e-13,7.431944640771496,0.7431944640771496,7.405271228247552e-11
Random Forest (Kruskal - inCV),Decision Tree (Chi-square - inCV),1165.5,2.9480054831515923e-06,4.674409532542129,0.4674409532542129,0.001134982111013363
Random Forest (Kruskal - inCV),Decision Tree (KS - inCV),1086.0,7.507504934383819e-07,4.947753105746094,0.49477531057460944,0.0003130394440805525
Random Forest (Kruskal - inCV),Naive Bayes (MW - inCV),1957.5,0.051026534073113666,1.9512565574807983,0.19512565574807983,1.0
Random Forest (Kruskal - inCV),Naive Bayes (Wilcoxon - inCV),751.0,1.0632103609428091e-09,6.099619820842961,0.6099619820842961,5.879553296013735e-07
Random Forest (Kruskal - inCV),Naive Bayes (Kruskal - inCV),63.0,2.5576939468880457e-17,8.465174529220656,0.8465174529220656,2.4400400253311955e-14
Random Forest (Kruskal - inCV),Naive Bayes (Chi-square - inCV),2260.0,0.36221207567078584,0.9111581032670488,0.09111581032670488,1.0
Random Forest (Kruskal - inCV),Naive Bayes (KS - inCV),2294.5,0.5286954060202651,0.6299987439533117,0.06299987439533117,1.0
Random Forest (Kruskal - inCV),Integrated-SelectFromModel (L1-LR selector) + LR,70.5,3.189891208075128e-17,8.439393271459618,0.8439393271459619,2.972978605926019e-14
Random Forest (Kruskal - inCV),Integrated-SelectFromModel (L1-LR selector) + SVM,1978.5,0.060237655361057116,1.8790500806081403,0.18790500806081403,1.0
Random Forest (Kruskal - inCV),Integrated-SelectFromModel (L1-LR selector) + KNN,146.0,2.843605682127755e-16,8.179780846817208,0.8179780846817207,2.3857851673051864e-13
Random Forest (Kruskal - inCV),Integrated-SelectFromModel (L1-LR selector) + Naive Bayes,49.0,1.6902646941643073e-17,8.513317474081898,0.8513317474081898,1.656459400281021e-14
Random Forest (Kruskal - inCV),Integrated-SelectFromModel (RF selector) + RF,1998.5,0.09628323934741896,-1.6631458726336732,-0.16631458726336731,1.0
Random Forest (Kruskal - inCV),Integrated-SelectFromModel (RF selector) + LR,250.0,5.190304424448059e-15,7.822212137938738,0.7822212137938738,3.903108927184941e-12
Random Forest (Kruskal - inCV),Integrated-SelectFromModel (RF selector) + KNN,3.0,4.265602464311227e-18,8.671474477130175,0.8671474477130175,4.38077373084763e-15
Random Forest (Kruskal - inCV),Integrated-RFECV (L1-LR) + LR,561.5,1.466618865917172e-11,6.751165795339056,0.6751165795339056,9.005039836731435e-09
Random Forest (Kruskal - inCV),Integrated-RFECV (L1-LR) + KNN,126.0,1.6033960728283034e-16,8.248541299811787,0.8248541299811787,1.372367074515766e-13
Random Forest (Kruskal - inCV),Integrated-RFECV (L1-LR) + Naive Bayes,699.5,3.4588799846169616e-10,6.27667591514716,0.627667591514716,1.975020471216285e-07
Random Forest (Chi-square - inCV),Random Forest (KS - inCV),2288.0,0.5139534890998303,-0.6526941275743697,-0.06526941275743697,1.0
Random Forest (Chi-square - inCV),Logistic Regression (MW - inCV),1239.5,9.870870456504999e-06,-4.4199829156679575,-0.44199829156679576,0.0036522220689068495
Random Forest (Chi-square - inCV),Logistic Regression (Wilcoxon - inCV),1920.5,0.03766576819063312,-2.0784735109380073,-0.20784735109380073,1.0
Random Forest (Chi-square - inCV),Logistic Regression (Kruskal - inCV),1311.5,3.0137797627958307e-05,4.172422612339998,0.4172422612339998,0.010668780360297241
Random Forest (Chi-square - inCV),Logistic Regression (Chi-square - inCV),989.5,1.294948241022303e-07,-5.279559500251144,-0.5279559500251144,5.762519672549248e-05
Random Forest (Chi-square - inCV),Logistic Regression (KS - inCV),1066.5,5.308340867407893e-07,-5.014819016541818,-0.5014819016541818,0.00022348115051787232
Random Forest (Chi-square - inCV),SVM (MW - inCV),74.0,5.2841371942710734e-17,8.380192137676971,0.8380192137676972,4.7927124352038637e-14
Random Forest (Chi-square - inCV),SVM (Wilcoxon - inCV),121.0,1.3881774708231582e-16,8.265751246241454,0.8265751246241454,1.2007735122620318e-13
Random Forest (Chi-square - inCV),SVM (Kruskal - inCV),2105.5,0.1491950705299452,-1.4423804691340636,-0.14423804691340636,1.0
Random Forest (Chi-square - inCV),SVM (Chi-square - inCV),55.0,3.0014622449935787e-17,8.446507693951801,0.8446507693951801,2.8123701235589832e-14
Random Forest (Chi-square - inCV),SVM (KS - inCV),97.0,6.927297752845722e-17,8.348265057015292,0.8348265057015292,6.206858786549766e-14
Random Forest (Chi-square - inCV),K-Neighbors (MW - inCV),214.0,1.9267905457755787e-15,7.945968713574423,0.7945968713574423,1.4971162540676246e-12
Random Forest (Chi-square - inCV),K-Neighbors (Wilcoxon - inCV),270.0,8.944433632236105e-15,7.753428251186549,0.7753428251186549,6.654658622383662e-12
Random Forest (Chi-square - inCV),K-Neighbors (Kruskal - inCV),431.0,6.027785259387459e-13,7.199852222511833,0.7199852222511833,4.0084771974926604e-10
Random Forest (Chi-square - inCV),K-Neighbors (Chi-square - inCV),240.0,3.946966963364527e-15,7.856601293116517,0.7856601293116517,2.9878539912669473e-12
Random Forest (Chi-square - inCV),K-Neighbors (KS - inCV),145.0,2.7634597675585546e-16,8.183225220632782,0.8183225220632782,2.3240696645167446e-13
Random Forest (Chi-square - inCV),Decision Tree (MW - inCV),1490.5,0.00037517473388499155,3.556957563383571,0.3556957563383571,0.11142689596384249
Random Forest (Chi-square - inCV),Decision Tree (Wilcoxon - inCV),235.0,3.4411209290334005e-15,7.873769709630686,0.7873769709630686,2.6083696642073177e-12
Random Forest (Chi-square - inCV),Decision Tree (Kruskal - inCV),758.0,1.2358311828241377e-09,6.075524487736866,0.6075524487736865,6.797071505532757e-07
Random Forest (Chi-square - inCV),Decision Tree (Chi-square - inCV),1720.5,0.005672479869634939,2.7661364243693582,0.2766136424369358,1.0
Random Forest (Chi-square - inCV),Decision Tree (KS - inCV),1643.5,0.00243835815509722,3.0308878285663017,0.30308878285663016,0.6242196877048883
Random Forest (Chi-square - inCV),Naive Bayes (MW - inCV),2124.5,0.16849392247475203,-1.3770592747155743,-0.13770592747155744,1.0
Random Forest (Chi-square - inCV),Naive Bayes (Wilcoxon - inCV),1550.0,0.001244323388148806,3.228520502853477,0.3228520502853477,0.3359673148001776
Random Forest (Chi-square - inCV),Naive Bayes (Kruskal - inCV),176.0,6.658061666306976e-16,8.07663102529366,0.8076631025293659,5.353081579710808e-13
Random Forest (Chi-square - inCV),Naive Bayes (Chi-square - inCV),1819.5,0.015276683925606892,-2.4257525159241027,-0.24257525159241028,1.0
Random Forest (Chi-square - inCV),Naive Bayes (KS - inCV),1705.0,0.007197926535292921,-2.6875456379641207,-0.26875456379641205,1.0
Random Forest (Chi-square - inCV),Integrated-SelectFromModel (L1-LR selector) + LR,217.5,2.1227989034491392e-15,7.933952163353641,0.7933952163353641,1.6430463512696337e-12
Random Forest (Chi-square - inCV),Integrated-SelectFromModel (L1-LR selector) + SVM,2388.5,0.6388325685182004,-0.4693316879321347,-0.04693316879321347,1.0
Random Forest (Chi-square - inCV),Integrated-SelectFromModel (L1-LR selector) + KNN,298.0,1.9010539917799166e-14,7.657149426711485,0.7657149426711485,1.3763630900486597e-11
Random Forest (Chi-square - inCV),Integrated-SelectFromModel (L1-LR selector) + Naive Bayes,156.0,3.7803773014780846e-16,8.145397572976023,0.8145397572976023,3.130152405623854e-13
Random Forest (Chi-square - inCV),Integrated-SelectFromModel (RF selector) + RF,1044.5,9.895427755337365e-07,-4.893706703938399,-0.4893706703938399,0.0004047229951932982
Random Forest (Chi-square - inCV),Integrated-SelectFromModel (RF selector) + LR,528.0,6.586773433319089e-12,6.866344859497339,0.6866344859497339,4.143080489557707e-09
Random Forest (Chi-square - inCV),Integrated-SelectFromModel (RF selector) + KNN,15.0,6.1243858043261234e-18,8.63020173413669,0.8630201734136691,6.24074913460832e-15
Random Forest (Chi-square - inCV),Integrated-RFECV (L1-LR) + LR,968.0,8.628060915120654e-08,5.353475737072042,0.5353475737072042,3.917139655464777e-05
Random Forest (Chi-square - inCV),Integrated-RFECV (L1-LR) + KNN,310.0,2.6188160136777405e-14,7.615889528588209,0.7615889528588209,1.8724534497795846e-11
Random Forest (Chi-square - inCV),Integrated-RFECV (L1-LR) + Naive Bayes,1005.5,1.7459003783093398e-07,5.22453846016761,0.5224538460167609,7.6294254939632e-05
Random Forest (KS - inCV),Logistic Regression (MW - inCV),1251.0,1.1843527880060859e-05,-4.380448507189365,-0.43804485071893645,0.004370261787742457
Random Forest (KS - inCV),Logistic Regression (Wilcoxon - inCV),1930.0,0.05714189471176094,-1.9022238606369424,-0.19022238606369424,1.0
Random Forest (KS - inCV),Logistic Regression (Kruskal - inCV),1259.0,1.3433269643104169e-05,4.3529256845886986,0.4352925684588699,0.004931545717248641
Random Forest (KS - inCV),Logistic Regression (Chi-square - inCV),977.0,1.0232460397238602e-07,-5.322546521551146,-0.5322546521551146,4.6250720995518476e-05
Random Forest (KS - inCV),Logistic Regression (KS - inCV),1018.5,2.2204871731185155e-07,-5.1798631680382865,-0.5179863168038287,9.548094844409617e-05
Random Forest (KS - inCV),SVM (MW - inCV),90.5,5.731266452046339e-17,8.37062657134587,0.8370626571345869,5.1810648726498906e-14
Random Forest (KS - inCV),SVM (Wilcoxon - inCV),115.0,1.1675816768575178e-16,8.28636899572487,0.8286368995724869,1.021581402154334e-13
Random Forest (KS - inCV),SVM (Kruskal - inCV),2145.0,0.19135937959768057,-1.3065682675642347,-0.13065682675642348,1.0
Random Forest (KS - inCV),SVM (Chi-square - inCV),64.0,2.634541346387695e-17,8.4617236923149,0.84617236923149,2.492142471268365e-14
Random Forest (KS - inCV),SVM (KS - inCV),90.5,5.731868159923011e-17,8.370614201525425,0.8370614201525426,5.1810648726498906e-14
Random Forest (KS - inCV),K-Neighbors (MW - inCV),220.0,2.2751447371769075e-15,7.925344620392458,0.7925344620392458,1.7586868818377495e-12
Random Forest (KS - inCV),K-Neighbors (Wilcoxon - inCV),215.0,1.9808842535982793e-15,7.942536257313051,0.7942536257313051,1.5371661807922648e-12
Random Forest (KS - inCV),K-Neighbors (Kruskal - inCV),358.0,9.272919291801863e-14,7.450866451998847,0.7450866451998847,6.444678907802295e-11
Random Forest (KS - inCV),K-Neighbors (Chi-square - inCV),211.0,1.7727523930271524e-15,7.956289566849523,0.7956289566849523,1.3809741141681517e-12
Random Forest (KS - inCV),K-Neighbors (KS - inCV),149.0,3.097733124502193e-16,8.169459828408842,0.8169459828408842,2.586607158959331e-13
Random Forest (KS - inCV),Decision Tree (MW - inCV),1415.0,0.0001353358276290586,3.81654057640312,0.381654057640312,0.04452548728996028
Random Forest (KS - inCV),Decision Tree (Wilcoxon - inCV),216.0,2.0363767547221916e-15,7.939109662051378,0.7939109662051378,1.5781919849096986e-12
Random Forest (KS - inCV),Decision Tree (Kruskal - inCV),725.0,6.054768350718949e-10,6.188998437285613,0.6188998437285613,3.372505971350455e-07
Random Forest (KS - inCV),Decision Tree (Chi-square - inCV),1672.0,0.003358216699623377,2.932891091596272,0.2932891091596272,0.8328377415065975
Random Forest (KS - inCV),Decision Tree (KS - inCV),1617.5,0.0018067650237920366,3.1202844066068276,0.31202844066068275,0.4697589061859295
Random Forest (KS - inCV),Naive Bayes (MW - inCV),2167.5,0.21899402167105453,-1.229207489262322,-0.1229207489262322,1.0
Random Forest (KS - inCV),Naive Bayes (Wilcoxon - inCV),1520.0,0.0008584260314645377,3.3332343516643363,0.33332343516643365,0.2412177148415351
Random Forest (KS - inCV),Naive Bayes (Kruskal - inCV),175.0,6.472361242414471e-16,8.080081293122886,0.8080081293122886,5.216723161386063e-13
Random Forest (KS - inCV),Naive Bayes (Chi-square - inCV),1873.5,0.025086037610841473,-2.2400752562053134,-0.22400752562053133,1.0
Random Forest (KS - inCV),Naive Bayes (KS - inCV),1803.5,0.013110039133799607,-2.4807660386098376,-0.24807660386098376,1.0
Random Forest (KS - inCV),Integrated-SelectFromModel (L1-LR selector) + LR,197.0,1.200077562359478e-15,8.004443893240166,0.8004443893240166,9.456611191392687e-13
Random Forest (KS - inCV),Integrated-SelectFromModel (L1-LR selector) + SVM,2426.0,0.7335591482691758,-0.3403949140507087,-0.03403949140507087,1.0
Random Forest (KS - inCV),Integrated-SelectFromModel (L1-LR selector) + KNN,247.0,4.781819408008402e-15,7.83252135563146,0.783252135563146,3.6102736530463432e-12
Random Forest (KS - inCV),Integrated-SelectFromModel (L1-LR selector) + Naive Bayes,147.5,2.9677667414607234e-16,8.174629395821192,0.8174629395821192,2.4840207626026254e-13
Random Forest (KS - inCV),Integrated-SelectFromModel (RF selector) + RF,1231.5,8.687301424293184e-06,-4.447506047052674,-0.44475060470526745,0.0032316761298370644
Random Forest (KS - inCV),Integrated-SelectFromModel (RF selector) + LR,489.0,2.5516038810159953e-12,7.0004397265581275,0.7000439726558128,1.643232899374301e-09
Random Forest (KS - inCV),Integrated-SelectFromModel (RF selector) + KNN,13.0,5.766559568715046e-18,8.637084770684686,0.8637084770684685,5.881890760089347e-15
Random Forest (KS - inCV),Integrated-RFECV (L1-LR) + LR,898.5,2.2390119633162646e-08,5.592439490268259,0.5592439490268258,1.0590526586485932e-05
Random Forest (KS - inCV),Integrated-RFECV (L1-LR) + KNN,241.0,4.0576791041155326e-15,7.853133942797051,0.785313394279705,3.067605402711343e-12
Random Forest (KS - inCV),Integrated-RFECV (L1-LR) + Naive Bayes,969.0,8.793413149713379e-08,5.350041362733029,0.5350041362733029,3.9834161568201606e-05
Logistic Regression (MW - inCV),Logistic Regression (Wilcoxon - inCV),832.5,1.6521305697701893e-08,5.644966873431538,0.5644966873431538,7.930226734896908e-06
Logistic Regression (MW - inCV),Logistic Regression (Kruskal - inCV),684.0,2.4520132848583004e-10,6.329974745470425,0.6329974745470425,1.4172636786480978e-07
Logistic Regression (MW - inCV),Logistic Regression (Chi-square - inCV),472.0,0.0011090672602949753,0.0,0.0,0.30610256384141316
Logistic Regression (MW - inCV),Logistic Regression (KS - inCV),1759.5,0.6326667610042291,0.0,0.0,1.0
Logistic Regression (MW - inCV),SVM (MW - inCV),94.0,6.347763876924946e-17,8.3585800467892,0.83585800467892,5.699993605692299e-14
Logistic Regression (MW - inCV),SVM (Wilcoxon - inCV),60.0,2.3409307693534644e-17,8.475489526616133,0.8475489526616133,2.2449526078099724e-14
Logistic Regression (MW - inCV),SVM (Kruskal - inCV),2034.0,0.09136852799403297,1.6882224877924923,0.16882224877924923,1.0
Logistic Regression (MW - inCV),SVM (Chi-square - inCV),45.5,1.5233799066788066e-17,8.525357945856634,0.8525357945856633,1.505099347798661e-14
Logistic Regression (MW - inCV),SVM (KS - inCV),105.5,8.868377898551115e-17,8.319033105873993,0.8319033105873993,7.830777684420634e-14
Logistic Regression (MW - inCV),K-Neighbors (MW - inCV),145.0,2.7635984900711525e-16,8.183219174201323,0.8183219174201323,2.3240696645167446e-13
Logistic Regression (MW - inCV),K-Neighbors (Wilcoxon - inCV),158.5,4.057960399444363e-16,8.13681979095913,0.813681979095913,3.351875289941044e-13
Logistic Regression (MW - inCV),K-Neighbors (Kruskal - inCV),206.0,1.5427344182356265e-15,7.973475312323277,0.7973475312323277,1.2109310077349844e-12
Logistic Regression (MW - inCV),K-Neighbors (Chi-square - inCV),139.0,2.3281022293705063e-16,8.203849138506035,0.8203849138506035,1.9649182815887073e-13
Logistic Regression (MW - inCV),K-Neighbors (KS - inCV),81.0,4.342298919012428e-17,8.403265917774076,0.8403265917774076,3.981677491193846e-14
Logistic Regression (MW - inCV),Decision Tree (MW - inCV),711.0,4.4567023686399437e-10,6.23713048328902,0.623713048328902,2.518036838281568e-07
Logistic Regression (MW - inCV),Decision Tree (Wilcoxon - inCV),83.0,4.6041751652443625e-17,8.396389268086866,0.8396389268086866,4.203611925868103e-14
Logistic Regression (MW - inCV),Decision Tree (Kruskal - inCV),322.5,3.649381155302425e-14,7.572916063520344,0.7572916063520344,2.5728137144882095e-11
Logistic Regression (MW - inCV),Decision Tree (Chi-square - inCV),1047.0,3.737733248612916e-07,5.08185162861145,0.508185162861145,0.00015847988974118765
Logistic Regression (MW - inCV),Decision Tree (KS - inCV),947.5,5.828984407659396e-08,5.423969463787809,0.5423969463787809,2.6696748587080033e-05
Logistic Regression (MW - inCV),Naive Bayes (MW - inCV),1363.0,6.460084029684221e-05,3.9953423245143793,0.39953423245143793,0.021770483180035827
Logistic Regression (MW - inCV),Naive Bayes (Wilcoxon - inCV),489.0,4.1567440102173545e-12,6.9317471655885745,0.6931747165588574,2.647845934508455e-09
Logistic Regression (MW - inCV),Naive Bayes (Kruskal - inCV),46.0,1.5464256185349574e-17,8.52361988317171,0.852361988317171,1.526322085494003e-14
Logistic Regression (MW - inCV),Naive Bayes (Chi-square - inCV),1569.5,0.0036867655131097386,2.9037889852231413,0.29037889852231413,0.8954871143858111
Logistic Regression (MW - inCV),Naive Bayes (KS - inCV),1756.5,0.008232943532597445,2.642364356676302,0.2642364356676302,1.0
Logistic Regression (MW - inCV),Integrated-SelectFromModel (L1-LR selector) + LR,64.0,2.634541346387695e-17,8.4617236923149,0.84617236923149,2.492142471268365e-14
Logistic Regression (MW - inCV),Integrated-SelectFromModel (L1-LR selector) + SVM,1787.0,0.011164837002302152,2.537496858952709,0.2537496858952709,1.0
Logistic Regression (MW - inCV),Integrated-SelectFromModel (L1-LR selector) + KNN,109.0,9.815788244911677e-17,8.306992822153099,0.8306992822153099,8.618262079032453e-14
Logistic Regression (MW - inCV),Integrated-SelectFromModel (L1-LR selector) + Naive Bayes,40.0,1.293738574390612e-17,8.544249862719521,0.8544249862719522,1.2911510972418308e-14
Logistic Regression (MW - inCV),Integrated-SelectFromModel (RF selector) + RF,2182.0,0.306468830272249,1.0226595767963,0.10226595767963001,1.0
Logistic Regression (MW - inCV),Integrated-SelectFromModel (RF selector) + LR,149.5,3.1418704325926104e-16,8.167752735971924,0.8167752735971924,2.6203199407822373e-13
Logistic Regression (MW - inCV),Integrated-SelectFromModel (RF selector) + KNN,0.0,3.8965598450959084e-18,8.681770230106196,0.8681770230106196,4.032484450422398e-15
Logistic Regression (MW - inCV),Integrated-RFECV (L1-LR) + LR,354.0,1.332374531789658e-13,7.402904619282406,0.7402904619282407,9.126765542759157e-11
Logistic Regression (MW - inCV),Integrated-RFECV (L1-LR) + KNN,93.0,6.165746764702665e-17,8.362012198175472,0.8362012198175472,5.560338360166617e-14
Logistic Regression (MW - inCV),Integrated-RFECV (L1-LR) + Naive Bayes,564.0,1.55625281041164e-11,6.742555018312179,0.6742555018312179,9.524267199719237e-09
Logistic Regression (Wilcoxon - inCV),Logistic Regression (Kruskal - inCV),990.5,1.3195247368523553e-07,5.276113370929383,0.5276113370929383,5.8586898316244577e-05
Logistic Regression (Wilcoxon - inCV),Logistic Regression (Chi-square - inCV),516.5,8.153373579079599e-12,-6.835826215221509,-0.6835826215221509,5.104011860503829e-09
Logistic Regression (Wilcoxon - inCV),Logistic Regression (KS - inCV),692.5,2.9608638659906196e-10,-6.3008140762690195,-0.6300814076269019,1.7024967229446064e-07
Logistic Regression (Wilcoxon - inCV),SVM (MW - inCV),110.0,1.5248634787339235e-16,8.254541609998352,0.8254541609998352,1.311382591711174e-13
Logistic Regression (Wilcoxon - inCV),SVM (Wilcoxon - inCV),103.0,8.247327673694126e-17,8.32763507746748,0.832763507746748,7.290637663545607e-14
Logistic Regression (Wilcoxon - inCV),SVM (Kruskal - inCV),2514.5,0.9712006361859252,0.03610249088416605,0.0036102490884166046,1.0
Logistic Regression (Wilcoxon - inCV),SVM (Chi-square - inCV),63.0,2.5581057720235416e-17,8.465155764958993,0.8465155764958994,2.4400400253311955e-14
Logistic Regression (Wilcoxon - inCV),SVM (KS - inCV),123.0,2.2272676936299325e-16,8.209167808336627,0.8209167808336627,1.8864957365045528e-13
Logistic Regression (Wilcoxon - inCV),K-Neighbors (MW - inCV),206.0,1.5425872709999802e-15,7.973487095230011,0.7973487095230011,1.2109310077349844e-12
Logistic Regression (Wilcoxon - inCV),K-Neighbors (Wilcoxon - inCV),183.5,8.222531010109313e-16,8.050843569912773,0.8050843569912773,6.586247339097559e-13
Logistic Regression (Wilcoxon - inCV),K-Neighbors (Kruskal - inCV),285.0,1.3410675488191009e-14,7.701853340424776,0.7701853340424776,9.830025132844009e-12
Logistic Regression (Wilcoxon - inCV),K-Neighbors (Chi-square - inCV),193.0,1.0732392891005303e-15,8.018179459763651,0.8018179459763651,8.489322776785195e-13
Logistic Regression (Wilcoxon - inCV),K-Neighbors (KS - inCV),118.0,1.273111903586884e-16,8.276066243636928,0.8276066243636928,1.1063342442170022e-13
Logistic Regression (Wilcoxon - inCV),Decision Tree (MW - inCV),1147.5,2.176596512071926e-06,4.736295971622827,0.4736295971622827,0.0008554024292442669
Logistic Regression (Wilcoxon - inCV),Decision Tree (Wilcoxon - inCV),85.0,4.881102137205527e-17,8.38952501611092,0.8389525016110919,4.436921842719824e-14
Logistic Regression (Wilcoxon - inCV),Decision Tree (Kruskal - inCV),545.0,9.904176684925045e-12,6.807888220554043,0.6807888220554043,6.160397898023378e-09
Logistic Regression (Wilcoxon - inCV),Decision Tree (Chi-square - inCV),1455.5,0.00023571892695469022,3.677296571487202,0.3677296571487202,0.07543005662550087
Logistic Regression (Wilcoxon - inCV),Decision Tree (KS - inCV),1306.5,4.5344785108796394e-05,4.078409816138404,0.40784098161384036,0.01573464043275235
Logistic Regression (Wilcoxon - inCV),Naive Bayes (MW - inCV),2312.0,0.463943947112915,-0.7323680618924466,-0.07323680618924466,1.0
Logistic Regression (Wilcoxon - inCV),Naive Bayes (Wilcoxon - inCV),638.0,8.690081056052926e-11,6.4881429497202925,0.6488142949720292,5.1184577420151733e-08
Logistic Regression (Wilcoxon - inCV),Naive Bayes (Kruskal - inCV),78.0,3.976797993175688e-17,8.413580892304894,0.8413580892304895,3.658654153721633e-14
Logistic Regression (Wilcoxon - inCV),Naive Bayes (Chi-square - inCV),2351.0,0.5496590066884159,-0.5982711750965214,-0.05982711750965214,1.0
Logistic Regression (Wilcoxon - inCV),Naive Bayes (KS - inCV),2266.0,0.373177438204924,-0.8905373205658305,-0.08905373205658304,1.0
Logistic Regression (Wilcoxon - inCV),Integrated-SelectFromModel (L1-LR selector) + LR,110.0,1.0103677602731473e-16,8.30356063264546,0.830356063264546,8.860925257595502e-14
Logistic Regression (Wilcoxon - inCV),Integrated-SelectFromModel (L1-LR selector) + SVM,2227.5,0.30635256660780197,1.0229054200009469,0.10229054200009469,1.0
Logistic Regression (Wilcoxon - inCV),Integrated-SelectFromModel (L1-LR selector) + KNN,160.0,4.2352711132048135e-16,8.131638255129172,0.8131638255129172,3.494098668393971e-13
Logistic Regression (Wilcoxon - inCV),Integrated-SelectFromModel (L1-LR selector) + Naive Bayes,67.0,2.8782421504419467e-17,8.451402465584566,0.8451402465584567,2.7026693792649878e-14
Logistic Regression (Wilcoxon - inCV),Integrated-SelectFromModel (RF selector) + RF,1941.0,0.04464381643687682,-2.007995061714502,-0.2007995061714502,1.0
Logistic Regression (Wilcoxon - inCV),Integrated-SelectFromModel (RF selector) + LR,282.0,1.2369783442859362e-14,7.7121683225771305,0.7712168322577131,9.11653039738735e-12
Logistic Regression (Wilcoxon - inCV),Integrated-SelectFromModel (RF selector) + KNN,4.0,4.396371788056219e-18,8.668036144665017,0.8668036144665017,4.501884710969568e-15
Logistic Regression (Wilcoxon - inCV),Integrated-RFECV (L1-LR) + LR,607.0,4.260683906209563e-11,6.594716795451125,0.6594716795451125,2.543628292007109e-08
Logistic Regression (Wilcoxon - inCV),Integrated-RFECV (L1-LR) + KNN,171.0,5.782369267221539e-16,8.093816681849502,0.8093816681849502,4.706848583518333e-13
Logistic Regression (Wilcoxon - inCV),Integrated-RFECV (L1-LR) + Naive Bayes,761.5,1.33198783924808e-09,6.063490341892451,0.6063490341892451,7.299293359079478e-07
Logistic Regression (Kruskal - inCV),Logistic Regression (Chi-square - inCV),584.5,2.5220435692049816e-11,-6.672079218755426,-0.6672079218755427,1.5334024900766287e-08
Logistic Regression (Kruskal - inCV),Logistic Regression (KS - inCV),588.5,2.7695484072522187e-11,-6.658330818779772,-0.6658330818779772,1.6755767863875923e-08
Logistic Regression (Kruskal - inCV),SVM (MW - inCV),594.0,3.148674895875746e-11,6.639444519134575,0.6639444519134574,1.8955022873171994e-08
Logistic Regression (Kruskal - inCV),SVM (Wilcoxon - inCV),518.0,5.1736653358855396e-12,6.900728158743694,0.6900728158743694,3.290451153623203e-09
Logistic Regression (Kruskal - inCV),SVM (Kruskal - inCV),524.5,6.0533113057054715e-12,-6.8783891788775575,-0.6878389178877558,3.837799367817269e-09
Logistic Regression (Kruskal - inCV),SVM (Chi-square - inCV),500.5,3.3804655783306855e-12,6.960924648983414,0.6960924648983414,2.1702589012883e-09
Logistic Regression (Kruskal - inCV),SVM (KS - inCV),633.5,7.841719379360186e-11,6.5036058578476315,0.6503605857847632,4.64229787258123e-08
Logistic Regression (Kruskal - inCV),K-Neighbors (MW - inCV),1723.0,0.005823761781340258,2.757542637057256,0.27575426370572564,1.0
Logistic Regression (Kruskal - inCV),K-Neighbors (Wilcoxon - inCV),1544.5,0.0007481977087694914,3.371280000127898,0.3371280000127898,0.21398454470807454
Logistic Regression (Kruskal - inCV),K-Neighbors (Kruskal - inCV),1005.5,1.74586395742865e-07,5.224542320483829,0.5224542320483829,7.6294254939632e-05
Logistic Regression (Kruskal - inCV),K-Neighbors (Chi-square - inCV),1675.5,0.0034906522453202775,2.9208612709779613,0.29208612709779613,0.8621911045941085
Logistic Regression (Kruskal - inCV),K-Neighbors (KS - inCV),1481.5,0.0003333589568767283,3.587894625327345,0.35878946253273447,0.10134112289052541
Logistic Regression (Kruskal - inCV),Decision Tree (MW - inCV),2250.0,0.34438288748322254,-0.9455407292747964,-0.09455407292747964,1.0
Logistic Regression (Kruskal - inCV),Decision Tree (Wilcoxon - inCV),1134.0,1.7294463328499938e-06,4.782713391308421,0.47827133913084213,0.0006848607478085975
Logistic Regression (Kruskal - inCV),Decision Tree (Kruskal - inCV),1943.5,0.045566137553594996,1.9993903284897692,0.1999390328489769,1.0
Logistic Regression (Kruskal - inCV),Decision Tree (Chi-square - inCV),2038.5,0.09437676895921553,-1.6727487442996951,-0.16727487442996952,1.0
Logistic Regression (Kruskal - inCV),Decision Tree (KS - inCV),2147.5,0.19429779985952167,-1.2979695465499477,-0.12979695465499477,1.0
Logistic Regression (Kruskal - inCV),Naive Bayes (MW - inCV),1105.5,1.056914150663158e-06,-4.880734572095436,-0.48807345720954365,0.0004312209734705685
Logistic Regression (Kruskal - inCV),Naive Bayes (Wilcoxon - inCV),1965.5,0.07535349592605456,-1.7783067038460514,-0.17783067038460515,1.0
Logistic Regression (Kruskal - inCV),Naive Bayes (Kruskal - inCV),99.0,7.343095847008848e-17,8.341376070589163,0.8341376070589164,6.563701120638984e-14
Logistic Regression (Kruskal - inCV),Naive Bayes (Chi-square - inCV),885.5,1.7288308923016873e-08,-5.6371544070304305,-0.563715440703043,8.281099974125083e-06
Logistic Regression (Kruskal - inCV),Naive Bayes (KS - inCV),865.0,1.1455600575474856e-08,-5.707636109441013,-0.5707636109441012,5.716344687161953e-06
Logistic Regression (Kruskal - inCV),Integrated-SelectFromModel (L1-LR selector) + LR,10.0,5.26831977190652e-18,8.647406149874067,0.8647406149874067,5.384222806888464e-15
Logistic Regression (Kruskal - inCV),Integrated-SelectFromModel (L1-LR selector) + SVM,824.0,4.9572996143605665e-09,-5.848599201805195,-0.5848599201805195,2.5579666010100524e-06
Logistic Regression (Kruskal - inCV),Integrated-SelectFromModel (L1-LR selector) + KNN,816.5,4.244116868369072e-09,5.874386676239961,0.5874386676239961,2.2154290052886558e-06
Logistic Regression (Kruskal - inCV),Integrated-SelectFromModel (L1-LR selector) + Naive Bayes,49.0,1.6904481702255348e-17,8.513304893397803,0.8513304893397804,1.656459400281021e-14
Logistic Regression (Kruskal - inCV),Integrated-SelectFromModel (RF selector) + RF,654.5,1.2643322229898814e-10,-6.431400876079301,-0.6431400876079301,7.396343504490806e-08
Logistic Regression (Kruskal - inCV),Integrated-SelectFromModel (RF selector) + LR,780.0,1.974564488440507e-09,5.999885718489162,0.5999885718489162,1.0682102242365033e-06
Logistic Regression (Kruskal - inCV),Integrated-SelectFromModel (RF selector) + KNN,15.0,6.12472726248735e-18,8.630195357452102,0.8630195357452102,6.24074913460832e-15
Logistic Regression (Kruskal - inCV),Integrated-RFECV (L1-LR) + LR,1668.0,0.0032124013880950315,2.9466465681893004,0.29466465681893006,0.8031003470237579
Logistic Regression (Kruskal - inCV),Integrated-RFECV (L1-LR) + KNN,834.0,6.092031261911127e-09,5.814211606543882,0.5814211606543882,3.1313040686223193e-06
Logistic Regression (Kruskal - inCV),Integrated-RFECV (L1-LR) + Naive Bayes,1507.5,0.000467881864358604,3.498500698316746,0.3498500698316746,0.13708938625707098
Logistic Regression (Chi-square - inCV),Logistic Regression (KS - inCV),925.0,0.012713801783775626,0.0,0.0,1.0
Logistic Regression (Chi-square - inCV),SVM (MW - inCV),56.0,2.080101296156224e-17,8.489230311387844,0.8489230311387844,2.0010574469022876e-14
Logistic Regression (Chi-square - inCV),SVM (Wilcoxon - inCV),31.0,9.891919965849452e-18,8.575194832041241,0.8575194832041241,1.0000731085473796e-14
Logistic Regression (Chi-square - inCV),SVM (Kruskal - inCV),1856.0,0.021433991649729978,2.300251217668512,0.2300251217668512,1.0
Logistic Regression (Chi-square - inCV),SVM (Chi-square - inCV),28.0,9.043447712466442e-18,8.585509821815151,0.8585509821815152,9.15196908501604e-15
Logistic Regression (Chi-square - inCV),SVM (KS - inCV),78.0,3.976797993175688e-17,8.413580892304894,0.8413580892304895,3.658654153721633e-14
Logistic Regression (Chi-square - inCV),K-Neighbors (MW - inCV),64.0,2.6344000753365383e-17,8.461729944528267,0.8461729944528267,2.492142471268365e-14
Logistic Regression (Chi-square - inCV),K-Neighbors (Wilcoxon - inCV),76.5,3.804591709857687e-17,8.41876948192376,0.841876948192376,3.5040289647789294e-14
Logistic Regression (Chi-square - inCV),K-Neighbors (Kruskal - inCV),168.0,5.312355559705196e-16,8.10413165638032,0.810413165638032,4.3612291388826663e-13
Logistic Regression (Chi-square - inCV),K-Neighbors (Chi-square - inCV),69.0,3.052494899512079e-17,8.444538294905088,0.8444538294905088,2.857135225943306e-14
Logistic Regression (Chi-square - inCV),K-Neighbors (KS - inCV),38.0,1.219062650217942e-17,8.551113886049155,0.8551113886049155,1.217843587567724e-14
Logistic Regression (Chi-square - inCV),Decision Tree (MW - inCV),589.5,2.8352617666983173e-11,6.654882651960783,0.6654882651960783,1.7096628453190855e-08
Logistic Regression (Chi-square - inCV),Decision Tree (Wilcoxon - inCV),36.0,1.1484549237468879e-17,8.55799685907021,0.8557996859070209,1.1496033786706347e-14
Logistic Regression (Chi-square - inCV),Decision Tree (Kruskal - inCV),261.0,7.0062856931374904e-15,7.784367445924922,0.7784367445924922,5.233695412773705e-12
Logistic Regression (Chi-square - inCV),Decision Tree (Chi-square - inCV),893.5,2.0274860793449464e-08,5.609639416906377,0.5609639416906377,9.650833737681945e-06
Logistic Regression (Chi-square - inCV),Decision Tree (KS - inCV),799.0,2.9465489920423203e-09,5.934548680064672,0.5934548680064672,1.5616709657824298e-06
Logistic Regression (Chi-square - inCV),Naive Bayes (MW - inCV),1200.5,8.65199223199566e-06,4.448381095993492,0.44483810959934916,0.0032271931025343813
Logistic Regression (Chi-square - inCV),Naive Bayes (Wilcoxon - inCV),426.5,5.3792792736317e-13,7.215356672069253,0.7215356672069253,3.587979275512344e-10
Logistic Regression (Chi-square - inCV),Naive Bayes (Kruskal - inCV),44.0,1.4572088793000763e-17,8.530496543020982,0.8530496543020982,1.4440939993863758e-14
Logistic Regression (Chi-square - inCV),Naive Bayes (Chi-square - inCV),1421.0,0.00014708752050425456,3.7959358700904287,0.3795935870090429,0.047803444163882734
Logistic Regression (Chi-square - inCV),Naive Bayes (KS - inCV),1480.5,0.0003289876673924664,3.591335606281908,0.3591335606281908,0.10034123855470226
Logistic Regression (Chi-square - inCV),Integrated-SelectFromModel (L1-LR selector) + LR,53.0,1.903450784800175e-17,8.499539013395058,0.8499539013395058,1.8443440323191328e-14
Logistic Regression (Chi-square - inCV),Integrated-SelectFromModel (L1-LR selector) + SVM,1619.0,0.0018386004323863387,3.1151361186060242,0.31151361186060245,0.4761975119880617
Logistic Regression (Chi-square - inCV),Integrated-SelectFromModel (L1-LR selector) + KNN,75.0,3.641679657916183e-17,8.423895866835716,0.8423895866835716,3.3721953632303856e-14
Logistic Regression (Chi-square - inCV),Integrated-SelectFromModel (L1-LR selector) + Naive Bayes,33.0,1.0501887534614503e-17,8.568305510267185,0.8568305510267186,1.056489885982219e-14
Logistic Regression (Chi-square - inCV),Integrated-SelectFromModel (RF selector) + RF,1890.0,0.041167740316580624,2.041836621050663,0.20418366210506628,1.0
Logistic Regression (Chi-square - inCV),Integrated-SelectFromModel (RF selector) + LR,132.0,1.9047698552539597e-16,8.227929589124708,0.8227929589124707,1.6190543769658657e-13
Logistic Regression (Chi-square - inCV),Integrated-SelectFromModel (RF selector) + KNN,0.0,3.896340037647931e-18,8.681776644898465,0.8681776644898465,4.032484450422398e-15
Logistic Regression (Chi-square - inCV),Integrated-RFECV (L1-LR) + LR,266.0,1.2575676672543512e-14,7.710061860376322,0.7710061860376322,9.243122354319482e-12
Logistic Regression (Chi-square - inCV),Integrated-RFECV (L1-LR) + KNN,47.0,1.5932071996658114e-17,8.520168962456697,0.8520168962456698,1.56922379012873e-14
Logistic Regression (Chi-square - inCV),Integrated-RFECV (L1-LR) + Naive Bayes,492.0,2.746621741480805e-12,6.990114407051841,0.6990114407051842,1.7660777797721577e-09
Logistic Regression (KS - inCV),SVM (MW - inCV),54.0,1.9605533672026747e-17,8.49610696615608,0.8496106966156081,1.8899734459833785e-14
Logistic Regression (KS - inCV),SVM (Wilcoxon - inCV),34.0,1.0818860714475819e-17,8.564879842267336,0.8564879842267337,1.0872955018048199e-14
Logistic Regression (KS - inCV),SVM (Kruskal - inCV),1919.5,0.037350663093683595,2.0819103076535774,0.20819103076535775,1.0
Logistic Regression (KS - inCV),SVM (Chi-square - inCV),32.0,1.0191280420149898e-17,8.571762835640573,0.8571762835640573,1.0283001943931248e-14
Logistic Regression (KS - inCV),SVM (KS - inCV),82.0,4.471110025498778e-17,8.399833799400772,0.8399833799400772,4.0910656733313815e-14
Logistic Regression (KS - inCV),K-Neighbors (MW - inCV),64.0,2.6346826245998054e-17,8.461717440115388,0.8461717440115388,2.492142471268365e-14
Logistic Regression (KS - inCV),K-Neighbors (Wilcoxon - inCV),83.5,4.671548368196831e-17,8.394682510997873,0.8394682510997873,4.26045211179551e-14
Logistic Regression (KS - inCV),K-Neighbors (Kruskal - inCV),173.0,6.118237096853962e-16,8.086940032162289,0.8086940032162289,4.967521287328072e-13
Logistic Regression (KS - inCV),K-Neighbors (Chi-square - inCV),76.0,3.74976980662222e-17,8.42046998543264,0.8420469985432639,3.4685370711255536e-14
Logistic Regression (KS - inCV),K-Neighbors (KS - inCV),32.0,1.0192401713884697e-17,8.571750168606682,0.8571750168606682,1.0283001943931248e-14
Logistic Regression (KS - inCV),Decision Tree (MW - inCV),625.5,6.528292954577047e-11,6.531112517568902,0.6531112517568902,3.877806015018766e-08
Logistic Regression (KS - inCV),Decision Tree (Wilcoxon - inCV),45.0,1.5013268321137124e-17,8.527045612143908,0.8527045612143909,1.4848122369604617e-14
Logistic Regression (KS - inCV),Decision Tree (Kruskal - inCV),272.0,9.44216564806221e-15,7.746551596418314,0.7746551596418314,7.015529076510222e-12
Logistic Regression (KS - inCV),Decision Tree (Chi-square - inCV),902.0,2.399359572556492e-08,5.580421837517773,0.5580421837517773,1.1300983586741079e-05
Logistic Regression (KS - inCV),Decision Tree (KS - inCV),822.0,4.756584889115518e-09,5.8554715351533,0.58554715351533,2.459154387672723e-06
Logistic Regression (KS - inCV),Naive Bayes (MW - inCV),1325.0,9.630207165788296e-05,3.8997248378254348,0.38997248378254346,0.031972287790417143
Logistic Regression (KS - inCV),Naive Bayes (Wilcoxon - inCV),473.5,1.7417287709137972e-12,7.053739052273019,0.7053739052273019,1.1303819723230543e-09
Logistic Regression (KS - inCV),Naive Bayes (Kruskal - inCV),42.0,1.3731500834606288e-17,8.537366894765498,0.8537366894765498,1.3689559210908842e-14
Logistic Regression (KS - inCV),Naive Bayes (Chi-square - inCV),1573.5,0.001069453587052561,3.2715878445571036,0.32715878445571034,0.2962386436135594
Logistic Regression (KS - inCV),Naive Bayes (KS - inCV),1637.0,0.002263836821430807,3.0532414850503726,0.30532414850503725,0.5840698999291483
Logistic Regression (KS - inCV),Integrated-SelectFromModel (L1-LR selector) + LR,50.0,2.5846465641141113e-17,8.463952711815104,0.8463952711815104,2.4476602962160633e-14
Logistic Regression (KS - inCV),Integrated-SelectFromModel (L1-LR selector) + SVM,1667.0,0.0031767989880437516,2.9500914348797522,0.29500914348797525,0.7973765459989817
Logistic Regression (KS - inCV),Integrated-SelectFromModel (L1-LR selector) + KNN,76.0,3.749968959265466e-17,8.420463763705479,0.8420463763705479,3.4685370711255536e-14
Logistic Regression (KS - inCV),Integrated-SelectFromModel (L1-LR selector) + Naive Bayes,31.0,9.893009181510366e-18,8.575182159954398,0.8575182159954398,1.0000731085473796e-14
Logistic Regression (KS - inCV),Integrated-SelectFromModel (RF selector) + RF,2070.0,0.11771316091920647,1.564444739476536,0.1564444739476536,1.0
Logistic Regression (KS - inCV),Integrated-SelectFromModel (RF selector) + LR,132.0,1.905059820296527e-16,8.22791135075015,0.822791135075015,1.6190543769658657e-13
Logistic Regression (KS - inCV),Integrated-SelectFromModel (RF selector) + KNN,0.0,3.896120241954008e-18,8.681783059704948,0.8681783059704948,4.032484450422398e-15
Logistic Regression (KS - inCV),Integrated-RFECV (L1-LR) + LR,304.0,3.524809882428862e-14,7.577424877507998,0.7577424877507999,2.4885157769947766e-11
Logistic Regression (KS - inCV),Integrated-RFECV (L1-LR) + KNN,52.0,1.8478899002670448e-17,8.502977338238663,0.8502977338238663,1.7960517398868393e-14
Logistic Regression (KS - inCV),Integrated-RFECV (L1-LR) + Naive Bayes,538.0,8.37671941690257e-12,6.831951464245945,0.6831951464245944,5.2354496355641064e-09
SVM (MW - inCV),SVM (Wilcoxon - inCV),2090.5,0.17958967792350433,1.3420194850418192,0.13420194850418193,1.0
SVM (MW - inCV),SVM (Kruskal - inCV),57.5,2.174221178447846e-17,-8.484085357779028,-0.8484085357779028,2.08942655248838e-14
SVM (MW - inCV),SVM (Chi-square - inCV),743.5,0.10234600912604136,0.0,0.0,1.0
SVM (MW - inCV),SVM (KS - inCV),1760.5,0.5158976660727737,0.0,0.0,1.0
SVM (MW - inCV),K-Neighbors (MW - inCV),872.5,1.3325640940595208e-08,-5.681836002255331,-0.568183600225533,6.529564060891652e-06
SVM (MW - inCV),K-Neighbors (Wilcoxon - inCV),1062.5,4.941832918994716e-07,-5.028557514779599,-0.5028557514779599,0.00020854534918157702
SVM (MW - inCV),K-Neighbors (Kruskal - inCV),1717.0,0.0054666602746094375,-2.778166473633983,-0.2778166473633983,1.0
SVM (MW - inCV),K-Neighbors (Chi-square - inCV),871.5,1.3059963095953273e-08,-5.685278530385002,-0.5685278530385002,6.412441880113057e-06
SVM (MW - inCV),K-Neighbors (KS - inCV),1113.5,2.0137773970914933e-06,-4.752036769082101,-0.4752036769082101,0.0007934282944540484
SVM (MW - inCV),Decision Tree (MW - inCV),385.0,1.8665724385272545e-13,-7.358020602012956,-0.7358020602012956,1.2730024030755875e-10
SVM (MW - inCV),Decision Tree (Wilcoxon - inCV),1915.0,0.03595983918092655,-2.09738125402773,-0.20973812540277298,1.0
SVM (MW - inCV),Decision Tree (Kruskal - inCV),1121.0,1.3831902112075882e-06,-4.827411647301958,-0.48274116473019585,0.0005588088453278656
SVM (MW - inCV),Decision Tree (Chi-square - inCV),329.0,4.333861669542593e-14,-7.550561356559686,-0.7550561356559686,3.0423708920189e-11
SVM (MW - inCV),Decision Tree (KS - inCV),460.0,1.2462984954007447e-12,-7.100140802047247,-0.7100140802047247,8.113403205058848e-10
SVM (MW - inCV),Naive Bayes (MW - inCV),169.0,5.464146754116382e-16,-8.100705302441527,-0.8100705302441528,4.4642078981130836e-13
SVM (MW - inCV),Naive Bayes (Wilcoxon - inCV),444.0,8.357259893498916e-13,-7.15516457316673,-0.715516457316673,5.507434269815785e-10
SVM (MW - inCV),Naive Bayes (Kruskal - inCV),2105.0,0.14871125075272015,1.4440985683469616,0.14440985683469615,1.0
SVM (MW - inCV),Naive Bayes (Chi-square - inCV),101.0,7.782270439305223e-17,-8.334505579102526,-0.8334505579102526,6.895091609224427e-14
SVM (MW - inCV),Naive Bayes (KS - inCV),101.0,7.782270439305223e-17,-8.334505579102526,-0.8334505579102526,6.895091609224427e-14
SVM (MW - inCV),Integrated-SelectFromModel (L1-LR selector) + LR,2358.0,0.5658317267963462,0.5742010974141489,0.05742010974141489,1.0
SVM (MW - inCV),Integrated-SelectFromModel (L1-LR selector) + SVM,174.0,9.65434287514514e-16,-8.03117512374831,-0.8031175123748311,7.665548242865242e-13
SVM (MW - inCV),Integrated-SelectFromModel (L1-LR selector) + KNN,2075.0,0.12180361871181229,-1.5472473228531913,-0.15472473228531913,1.0
SVM (MW - inCV),Integrated-SelectFromModel (L1-LR selector) + Naive Bayes,1720.0,0.00564264523421602,2.7678555893316767,0.2767855589331677,1.0
SVM (MW - inCV),Integrated-SelectFromModel (RF selector) + RF,82.0,4.471110025498778e-17,-8.399833799400772,-0.8399833799400772,4.0910656733313815e-14
SVM (MW - inCV),Integrated-SelectFromModel (RF selector) + LR,1425.0,0.00015546980358498242,-3.7821657116745415,-0.37821657116745416,0.05037221636153431
SVM (MW - inCV),Integrated-SelectFromModel (RF selector) + KNN,820.0,4.563786971596856e-09,5.862343858348937,0.5862343858348937,2.364041651287171e-06
SVM (MW - inCV),Integrated-RFECV (L1-LR) + LR,1207.0,5.850568528159279e-06,-4.53171884066975,-0.45317188406697506,0.0021998137665878888
SVM (MW - inCV),Integrated-RFECV (L1-LR) + KNN,2083.5,0.12900896862733474,-1.5180215400881867,-0.15180215400881866,1.0
SVM (MW - inCV),Integrated-RFECV (L1-LR) + Naive Bayes,1539.0,0.0006984399393732819,-3.3901908007405486,-0.33901908007405485,0.20184914247887847
SVM (Wilcoxon - inCV),SVM (Kruskal - inCV),100.0,7.559341600282153e-17,-8.337943906486645,-0.8337943906486645,6.712695341050552e-14
SVM (Wilcoxon - inCV),SVM (Chi-square - inCV),2354.5,0.6740602231970867,-0.4205821598309549,-0.04205821598309549,1.0
SVM (Wilcoxon - inCV),SVM (KS - inCV),2104.5,0.14822623289274026,-1.4458252113886094,-0.14458252113886094,1.0
SVM (Wilcoxon - inCV),K-Neighbors (MW - inCV),868.0,1.217165937195365e-08,-5.697304265855829,-0.5697304265855829,6.012799729745103e-06
SVM (Wilcoxon - inCV),K-Neighbors (Wilcoxon - inCV),933.5,4.447386849387371e-08,-5.47209803182412,-0.547209803182412,2.0546927244169656e-05
SVM (Wilcoxon - inCV),K-Neighbors (Kruskal - inCV),1577.5,0.001122696871147999,-3.2578248250450335,-0.32578248250450337,0.30649624582340373
SVM (Wilcoxon - inCV),K-Neighbors (Chi-square - inCV),842.0,7.177682673659333e-09,-5.786713538862049,-0.5786713538862049,3.6605250294199657e-06
SVM (Wilcoxon - inCV),K-Neighbors (KS - inCV),1071.0,5.75304606041702e-07,-4.999328016507868,-0.4999328016507868,0.00024162793453751482
SVM (Wilcoxon - inCV),Decision Tree (MW - inCV),430.0,5.877424606020045e-13,-7.203295869727636,-0.7203295869727636,3.9143647876093496e-10
SVM (Wilcoxon - inCV),Decision Tree (Wilcoxon - inCV),1787.5,0.011220153696016954,-2.5357664457871754,-0.25357664457871754,1.0
SVM (Wilcoxon - inCV),Decision Tree (Kruskal - inCV),1000.5,1.5907460439591668e-07,-5.241733970107007,-0.5241733970107008,7.015190053859926e-05
SVM (Wilcoxon - inCV),Decision Tree (Chi-square - inCV),415.0,4.0204547308354697e-13,-7.254870780489408,-0.7254870780489407,2.6977251243906e-10
SVM (Wilcoxon - inCV),Decision Tree (KS - inCV),451.0,9.957645890740353e-13,-7.131090994661154,-0.7131090994661153,6.542173350216412e-10
SVM (Wilcoxon - inCV),Naive Bayes (MW - inCV),127.0,2.501240999418116e-16,-8.195225357752154,-0.8195225357752154,2.108546162509472e-13
SVM (Wilcoxon - inCV),Naive Bayes (Wilcoxon - inCV),394.0,2.3520055161493516e-13,-7.327091897119758,-0.7327091897119759,1.5993637509815591e-10
SVM (Wilcoxon - inCV),Naive Bayes (Kruskal - inCV),2304.0,0.4473324208168965,0.7598697904370176,0.07598697904370176,1.0
SVM (Wilcoxon - inCV),Naive Bayes (Chi-square - inCV),94.0,6.347431632174053e-17,-8.358586222800737,-0.8358586222800737,5.699993605692299e-14
SVM (Wilcoxon - inCV),Naive Bayes (KS - inCV),89.5,5.566992414771795e-17,-8.374052531450058,-0.8374052531450058,5.038128135368474e-14
SVM (Wilcoxon - inCV),Integrated-SelectFromModel (L1-LR selector) + LR,2493.5,0.9137516682113791,0.10830763270598258,0.010830763270598258,1.0
SVM (Wilcoxon - inCV),Integrated-SelectFromModel (L1-LR selector) + SVM,174.0,6.293307461307002e-16,-8.083501707318682,-0.8083501707318682,5.078699121274751e-13
SVM (Wilcoxon - inCV),Integrated-SelectFromModel (L1-LR selector) + KNN,1849.5,0.020201088204223876,-2.3225918640913634,-0.23225918640913634,1.0
SVM (Wilcoxon - inCV),Integrated-SelectFromModel (L1-LR selector) + Naive Bayes,1935.5,0.0426732549986513,2.026893992937681,0.20268939929376809,1.0
SVM (Wilcoxon - inCV),Integrated-SelectFromModel (RF selector) + RF,89.0,5.4866059752084997e-17,-8.375765507711945,-0.8375765507711945,4.9708650135389004e-14
SVM (Wilcoxon - inCV),Integrated-SelectFromModel (RF selector) + LR,1328.5,3.889258998143227e-05,-4.113961754826523,-0.4113961754826523,0.013612406493501296
SVM (Wilcoxon - inCV),Integrated-SelectFromModel (RF selector) + KNN,1019.5,2.2619666330683162e-07,5.176409526296385,0.5176409526296385,9.703836855863076e-05
SVM (Wilcoxon - inCV),Integrated-RFECV (L1-LR) + LR,1125.5,1.4947284989237298e-06,-4.8119391740734265,-0.48119391740734263,0.0006008808565673393
SVM (Wilcoxon - inCV),Integrated-RFECV (L1-LR) + KNN,1934.0,0.042148444196644645,-2.0320514840138584,-0.20320514840138584,1.0
SVM (Wilcoxon - inCV),Integrated-RFECV (L1-LR) + Naive Bayes,1374.5,7.627941144184661e-05,-3.955798578293284,-0.3955798578293284,0.025629882244460462
SVM (Kruskal - inCV),SVM (Chi-square - inCV),64.0,2.634541346387695e-17,8.4617236923149,0.84617236923149,2.492142471268365e-14
SVM (Kruskal - inCV),SVM (KS - inCV),125.0,1.557840387948608e-16,8.25198572188369,0.825198572188369,1.3366270528599057e-13
SVM (Kruskal - inCV),K-Neighbors (MW - inCV),419.0,4.4493251919254117e-13,7.241138872342839,0.7241138872342839,2.9765985533981004e-10
SVM (Kruskal - inCV),K-Neighbors (Wilcoxon - inCV),318.0,3.2390842730070814e-14,7.588388536748875,0.7588388536748875,2.2965107495620207e-11
SVM (Kruskal - inCV),K-Neighbors (Kruskal - inCV),126.0,1.6032325636866424e-16,8.248553489200859,0.8248553489200858,1.372367074515766e-13
SVM (Kruskal - inCV),K-Neighbors (Chi-square - inCV),410.0,3.5402583945402904e-13,7.272067790604342,0.7272067790604342,2.386134157920156e-10
SVM (Kruskal - inCV),K-Neighbors (KS - inCV),285.0,2.1098147677994667e-14,7.643752073450154,0.7643752073450154,1.5169568180478166e-11
SVM (Kruskal - inCV),Decision Tree (MW - inCV),1362.5,6.41352455075422e-05,3.9970555840374113,0.3997055584037411,0.021741848227056805
SVM (Kruskal - inCV),Decision Tree (Wilcoxon - inCV),226.0,2.6856063057638546e-15,7.904708815451147,0.7904708815451147,2.0598600365208763e-12
SVM (Kruskal - inCV),Decision Tree (Kruskal - inCV),545.5,1.0022842015229733e-11,6.806174085816216,0.6806174085816216,6.2141620494424346e-09
SVM (Kruskal - inCV),Decision Tree (Chi-square - inCV),1543.0,0.000734290577150672,3.3764449755849846,0.33764449755849846,0.21147568621939355
SVM (Kruskal - inCV),Decision Tree (KS - inCV),1469.0,0.0002824633750431414,3.630873717628823,0.3630873717628823,0.0886934997635464
SVM (Kruskal - inCV),Naive Bayes (MW - inCV),2358.5,0.5669943767464136,0.5724836244458089,0.05724836244458089,1.0
SVM (Kruskal - inCV),Naive Bayes (Wilcoxon - inCV),1350.5,5.383504056324568e-05,4.038321480328864,0.40383214803288636,0.018519253953756514
SVM (Kruskal - inCV),Naive Bayes (Kruskal - inCV),53.0,1.9033478145708283e-17,8.4995452935402,0.8499545293540199,1.8443440323191328e-14
SVM (Kruskal - inCV),Naive Bayes (Chi-square - inCV),2450.5,0.797830268608584,-0.25615614719351454,-0.025615614719351455,1.0
SVM (Kruskal - inCV),Naive Bayes (KS - inCV),2392.0,0.6474545249788694,-0.45730125890590057,-0.045730125890590057,1.0
SVM (Kruskal - inCV),Integrated-SelectFromModel (L1-LR selector) + LR,19.0,6.9062884340117215e-18,8.616448424600216,0.8616448424600216,7.016789048955909e-15
SVM (Kruskal - inCV),Integrated-SelectFromModel (L1-LR selector) + SVM,181.5,0.0036183083773194884,0.0,0.0,0.8864855524432746
SVM (Kruskal - inCV),Integrated-SelectFromModel (L1-LR selector) + KNN,106.0,8.997452359022574e-17,8.31732008769357,0.831732008769357,7.93575298065791e-14
SVM (Kruskal - inCV),Integrated-SelectFromModel (L1-LR selector) + Naive Bayes,35.0,1.1147719595548441e-17,8.561428860579973,0.8561428860579973,1.1190467968067498e-14
SVM (Kruskal - inCV),Integrated-SelectFromModel (RF selector) + RF,2234.5,0.31787291619292823,-0.9988385332327395,-0.09988385332327396,1.0
SVM (Kruskal - inCV),Integrated-SelectFromModel (RF selector) + LR,168.0,5.312093957226147e-16,8.104137644366606,0.8104137644366606,4.3612291388826663e-13
SVM (Kruskal - inCV),Integrated-SelectFromModel (RF selector) + KNN,1.0,4.0161556854627e-18,8.67833190526259,0.8678331905262591,4.140189735314971e-15
SVM (Kruskal - inCV),Integrated-RFECV (L1-LR) + LR,582.0,3.918589229034005e-11,6.607123580434197,0.6607123580434198,2.347234948191369e-08
SVM (Kruskal - inCV),Integrated-RFECV (L1-LR) + KNN,173.0,6.118237096853962e-16,8.086940032162289,0.8086940032162289,4.967521287328072e-13
SVM (Kruskal - inCV),Integrated-RFECV (L1-LR) + Naive Bayes,718.0,5.196339581646228e-10,6.213057583101593,0.6213057583101593,2.9099501657218873e-07
SVM (Chi-square - inCV),SVM (KS - inCV),1286.0,0.2738659780324505,0.0,0.0,1.0
SVM (Chi-square - inCV),K-Neighbors (MW - inCV),734.0,7.364873579820131e-10,-6.1580443449557025,-0.6158044344955702,4.087504836800173e-07
SVM (Chi-square - inCV),K-Neighbors (Wilcoxon - inCV),851.0,8.625283424079514e-09,-5.755760041013874,-0.5755760041013873,4.347142845736076e-06
SVM (Chi-square - inCV),K-Neighbors (Kruskal - inCV),1615.5,0.0017650458888077997,-3.1271587558555063,-0.31271587558555064,0.4624420228676435
SVM (Chi-square - inCV),K-Neighbors (Chi-square - inCV),614.0,5.009986541221738e-11,-6.570638776131859,-0.6570638776131859,2.9859519785681556e-08
SVM (Chi-square - inCV),K-Neighbors (KS - inCV),980.5,1.0932454337836521e-07,-5.3105005685997195,-0.531050056859972,4.8977395433507616e-05
SVM (Chi-square - inCV),Decision Tree (MW - inCV),362.0,1.0291798129875554e-13,-7.437102131847674,-0.7437102131847675,7.132216104003759e-11
SVM (Chi-square - inCV),Decision Tree (Wilcoxon - inCV),1843.0,0.01903000182013723,-2.344942741238216,-0.23449427412382162,1.0
SVM (Chi-square - inCV),Decision Tree (Kruskal - inCV),1038.5,3.203266464395375e-07,-5.111077432970853,-0.5111077432970853,0.00013645915138324298
SVM (Chi-square - inCV),Decision Tree (Chi-square - inCV),300.0,2.005534251506086e-14,-7.650272777024273,-0.7650272777024273,1.443984661084382e-11
SVM (Chi-square - inCV),Decision Tree (KS - inCV),415.0,4.0206139549571546e-13,-7.254865420009535,-0.7254865420009535,2.6977251243906e-10
SVM (Chi-square - inCV),Naive Bayes (MW - inCV),118.0,1.273111903586884e-16,-8.276066243636928,-0.8276066243636928,1.1063342442170022e-13
SVM (Chi-square - inCV),Naive Bayes (Wilcoxon - inCV),366.0,1.1418130573477691e-13,-7.423365277279004,-0.7423365277279004,7.832837573405697e-11
SVM (Chi-square - inCV),Naive Bayes (Kruskal - inCV),2234.5,0.317873988923964,0.9988363191521774,0.09988363191521774,1.0
SVM (Chi-square - inCV),Naive Bayes (Chi-square - inCV),70.0,3.143651442726708e-17,-8.441099964980454,-0.8441099964980454,2.939314098949472e-14
SVM (Chi-square - inCV),Naive Bayes (KS - inCV),63.0,2.5579684900141998e-17,-8.465162019699015,-0.8465162019699015,2.4400400253311955e-14
SVM (Chi-square - inCV),Integrated-SelectFromModel (L1-LR selector) + LR,2502.0,0.9369676351244136,-0.07908170513080914,-0.007908170513080914,1.0
SVM (Chi-square - inCV),Integrated-SelectFromModel (L1-LR selector) + SVM,166.0,5.020142338158485e-16,-8.111008306067534,-0.8111008306067534,4.1265570019662743e-13
SVM (Chi-square - inCV),Integrated-SelectFromModel (L1-LR selector) + KNN,1884.0,0.027526604953887535,-2.203967853219768,-0.22039678532197682,1.0
SVM (Chi-square - inCV),Integrated-SelectFromModel (L1-LR selector) + Naive Bayes,1856.0,0.02143428035595933,2.3002461188048415,0.23002461188048415,1.0
SVM (Chi-square - inCV),Integrated-SelectFromModel (RF selector) + RF,65.0,2.7132293679999324e-17,-8.458291614603631,-0.8458291614603631,2.5504356059199363e-14
SVM (Chi-square - inCV),Integrated-SelectFromModel (RF selector) + LR,1351.0,5.4232259285032855e-05,-4.03659634895477,-0.403659634895477,0.018547432675481236
SVM (Chi-square - inCV),Integrated-SelectFromModel (RF selector) + KNN,946.0,5.663038831727763e-08,5.429126962485546,0.5429126962485545,2.6049978625947708e-05
SVM (Chi-square - inCV),Integrated-RFECV (L1-LR) + LR,1110.5,1.153177207413099e-06,-4.863517678397089,-0.48635176783970885,0.0004681899462097182
SVM (Chi-square - inCV),Integrated-RFECV (L1-LR) + KNN,1973.0,0.05770122985270427,-1.8979609231394212,-0.18979609231394212,1.0
SVM (Chi-square - inCV),Integrated-RFECV (L1-LR) + Naive Bayes,1418.0,0.000141102077697176,-3.8062284142188516,-0.3806228414218852,0.046281481484673724
SVM (KS - inCV),K-Neighbors (MW - inCV),845.0,7.631842034704124e-09,-5.776394273387846,-0.5776394273387846,3.854080227525583e-06
SVM (KS - inCV),K-Neighbors (Wilcoxon - inCV),946.0,5.663038831727763e-08,-5.429126962485546,-0.5429126962485545,2.6049978625947708e-05
SVM (KS - inCV),K-Neighbors (Kruskal - inCV),1740.5,0.006989002228182167,-2.6973678328407305,-0.269736783284073,1.0
SVM (KS - inCV),K-Neighbors (Chi-square - inCV),745.0,1.558371259124821e-09,-6.038205913444883,-0.6038205913444883,8.524290787412772e-07
SVM (KS - inCV),K-Neighbors (KS - inCV),977.0,1.0233124288463868e-07,-5.322534723335944,-0.5322534723335944,4.6250720995518476e-05
SVM (KS - inCV),Decision Tree (MW - inCV),455.0,1.1003167789661516e-12,-7.1173376851246815,-0.7117337685124682,7.217802767608127e-10
SVM (KS - inCV),Decision Tree (Wilcoxon - inCV),1941.5,0.04482776957003922,-2.0062669934200863,-0.20062669934200864,1.0
SVM (KS - inCV),Decision Tree (Kruskal - inCV),1131.5,1.6569653705498545e-06,-4.791309209768717,-0.4791309209768717,0.000661129182849392
SVM (KS - inCV),Decision Tree (Chi-square - inCV),433.0,6.339428788808821e-13,-7.1929755728246185,-0.7192975572824618,4.2030412869802483e-10
SVM (KS - inCV),Decision Tree (KS - inCV),504.0,3.682506902547097e-12,-6.948859643302889,-0.6948859643302889,2.353121910727595e-09
SVM (KS - inCV),Naive Bayes (MW - inCV),186.0,8.820532776195385e-16,-8.042247751452479,-0.8042247751452478,7.046580188328421e-13
SVM (KS - inCV),Naive Bayes (Wilcoxon - inCV),479.0,1.995289467917909e-12,-7.034812630018724,-0.7034812630018724,1.2889569962749693e-09
SVM (KS - inCV),Naive Bayes (Kruskal - inCV),2186.0,0.24377869777154315,1.1655938444514762,0.11655938444514762,1.0
SVM (KS - inCV),Naive Bayes (Chi-square - inCV),136.0,2.1364721341462352e-16,-8.214164120658388,-0.8214164120658388,1.8117283697560073e-13
SVM (KS - inCV),Naive Bayes (KS - inCV),122.0,1.4289849453522757e-16,-8.262294599186214,-0.8262294599186214,1.2346429927843662e-13
SVM (KS - inCV),Integrated-SelectFromModel (L1-LR selector) + LR,2383.5,0.6265956623367096,-0.4865240438199524,-0.04865240438199524,1.0
SVM (KS - inCV),Integrated-SelectFromModel (L1-LR selector) + SVM,234.5,3.393972838779224e-15,-7.875494692377894,-0.7875494692377895,2.576025384633431e-12
SVM (KS - inCV),Integrated-SelectFromModel (L1-LR selector) + KNN,2050.5,0.1027874849147066,-1.631487549239603,-0.1631487549239603,1.0
SVM (KS - inCV),Integrated-SelectFromModel (L1-LR selector) + Naive Bayes,1825.5,0.01616751960794877,2.405111782282618,0.2405111782282618,1.0
SVM (KS - inCV),Integrated-SelectFromModel (RF selector) + RF,93.0,6.165746764702665e-17,-8.362012198175472,-0.8362012198175472,5.560338360166617e-14
SVM (KS - inCV),Integrated-SelectFromModel (RF selector) + LR,1478.0,0.0003182848257162607,-3.5999447307906314,-0.3599944730790631,0.09835001114632456
SVM (KS - inCV),Integrated-SelectFromModel (RF selector) + KNN,886.5,1.763843403906454e-08,5.633699418877677,0.5633699418877677,8.413533036633786e-06
SVM (KS - inCV),Integrated-RFECV (L1-LR) + LR,1272.0,1.645610412823111e-05,-4.308236945415754,-0.4308236945415754,0.005990021902676124
SVM (KS - inCV),Integrated-RFECV (L1-LR) + KNN,2078.0,0.12431015694745699,-1.5369312050920676,-0.15369312050920675,1.0
SVM (KS - inCV),Integrated-RFECV (L1-LR) + Naive Bayes,1573.0,0.0010630331646767934,-3.2732900882531135,-0.32732900882531135,0.29552321978014856
K-Neighbors (MW - inCV),K-Neighbors (Wilcoxon - inCV),2253.0,0.4384316505320254,0.7748443307311148,0.07748443307311148,1.0
K-Neighbors (MW - inCV),K-Neighbors (Kruskal - inCV),1691.0,0.0041364100623959045,2.8675671571461097,0.286756715714611,0.955510724413454
K-Neighbors (MW - inCV),K-Neighbors (Chi-square - inCV),872.0,0.46376757211330233,0.0,0.0,1.0
K-Neighbors (MW - inCV),K-Neighbors (KS - inCV),1412.5,0.03379193600021792,2.1225457391278257,0.21225457391278257,1.0
K-Neighbors (MW - inCV),Decision Tree (MW - inCV),1323.5,3.6094759817434736e-05,-4.131153404449702,-0.41311534044497017,0.012669260695919593
K-Neighbors (MW - inCV),Decision Tree (Wilcoxon - inCV),1511.0,0.0004894560285750338,3.4864613914169045,0.34864613914169046,0.14243170431533483
K-Neighbors (MW - inCV),Decision Tree (Kruskal - inCV),2480.0,0.8770383312474567,0.15472473228531908,0.015472473228531907,1.0
K-Neighbors (MW - inCV),Decision Tree (Chi-square - inCV),1180.0,3.754181106348498e-06,-4.624546914650629,-0.46245469146506285,0.0014265888204124293
K-Neighbors (MW - inCV),Decision Tree (KS - inCV),1204.5,9.232052902677938e-06,-4.434419915621601,-0.4434419915621601,0.003425091626893515
K-Neighbors (MW - inCV),Naive Bayes (MW - inCV),346.0,6.777230750229835e-14,-7.492115369993566,-0.7492115369993566,4.716952602159965e-11
K-Neighbors (MW - inCV),Naive Bayes (Wilcoxon - inCV),1050.0,3.9463181370104824e-07,-5.071529144319463,-0.5071529144319463,0.00016692925719554341
K-Neighbors (MW - inCV),Naive Bayes (Kruskal - inCV),861.5,1.0673892748168855e-08,5.719657603480632,0.5719657603480632,5.358294159580765e-06
K-Neighbors (MW - inCV),Naive Bayes (Chi-square - inCV),212.0,1.822758080253685e-15,-7.9528453632616385,-0.7952845363261638,1.418105786437367e-12
K-Neighbors (MW - inCV),Naive Bayes (KS - inCV),189.0,9.595359087770175e-16,-8.031926834664585,-0.8031926834664584,7.628310474777289e-13
K-Neighbors (MW - inCV),Integrated-SelectFromModel (L1-LR selector) + LR,932.0,4.319830929241881e-08,5.477251475865018,0.5477251475865018,2.000081720238991e-05
K-Neighbors (MW - inCV),Integrated-SelectFromModel (L1-LR selector) + SVM,585.0,2.5518517304774215e-11,-6.670355125189315,-0.6670355125189315,1.5464221486693173e-08
K-Neighbors (MW - inCV),Integrated-SelectFromModel (L1-LR selector) + KNN,1473.0,0.00029789567109320017,3.6171230807166754,0.36171230807166754,0.09264555370998526
K-Neighbors (MW - inCV),Integrated-SelectFromModel (L1-LR selector) + Naive Bayes,676.0,2.0510100055459917e-10,6.357472030651266,0.6357472030651266,1.1916368132222212e-07
K-Neighbors (MW - inCV),Integrated-SelectFromModel (RF selector) + RF,81.0,4.3420692379431254e-17,-8.403272126784886,-0.8403272126784886,3.981677491193846e-14
K-Neighbors (MW - inCV),Integrated-SelectFromModel (RF selector) + LR,1887.5,0.02838429374789709,2.1919337073753544,0.21919337073753545,1.0
K-Neighbors (MW - inCV),Integrated-SelectFromModel (RF selector) + KNN,164.0,4.74378149802136e-16,8.117884955754745,0.8117884955754745,3.9041321728715794e-13
K-Neighbors (MW - inCV),Integrated-RFECV (L1-LR) + LR,2368.0,0.589322966651775,-0.539817399306558,-0.0539817399306558,1.0
K-Neighbors (MW - inCV),Integrated-RFECV (L1-LR) + KNN,1581.0,0.0011712888512804141,3.245781050607584,0.3245781050607584,0.3174192786969922
K-Neighbors (MW - inCV),Integrated-RFECV (L1-LR) + Naive Bayes,2368.5,0.5905089560230008,-0.5380986332054749,-0.05380986332054749,1.0
K-Neighbors (Wilcoxon - inCV),K-Neighbors (Kruskal - inCV),1780.5,0.010472194960584411,2.559834737476003,0.2559834737476003,1.0
K-Neighbors (Wilcoxon - inCV),K-Neighbors (Chi-square - inCV),2448.5,0.92630649560771,0.09249281996377201,0.009249281996377201,1.0
K-Neighbors (Wilcoxon - inCV),K-Neighbors (KS - inCV),2067.5,0.11570995816325712,1.573038265101966,0.15730382651019661,1.0
K-Neighbors (Wilcoxon - inCV),Decision Tree (MW - inCV),1266.0,1.4988495742080432e-05,-4.3288573751162485,-0.43288573751162485,0.0054708009458593575
K-Neighbors (Wilcoxon - inCV),Decision Tree (Wilcoxon - inCV),1611.5,0.0016842259286277332,3.140912065391978,0.3140912065391978,0.4446356451577216
K-Neighbors (Wilcoxon - inCV),Decision Tree (Kruskal - inCV),2248.0,0.34088498720784577,-0.9524180928489526,-0.09524180928489526,1.0
K-Neighbors (Wilcoxon - inCV),Decision Tree (Chi-square - inCV),1073.0,5.96154520880477e-07,-4.992458739410395,-0.49924587394103953,0.0002491925897280394
K-Neighbors (Wilcoxon - inCV),Decision Tree (KS - inCV),1158.0,2.5991504722241795e-06,-4.700193534089585,-0.47001935340895845,0.0010058541262739048
K-Neighbors (Wilcoxon - inCV),Naive Bayes (MW - inCV),287.5,1.4342902904072583e-14,-7.693263206372206,-0.7693263206372206,1.0455976217068913e-11
K-Neighbors (Wilcoxon - inCV),Naive Bayes (Wilcoxon - inCV),801.0,3.0725119878566056e-09,-5.927676410219783,-0.5927676410219783,1.6253588415761444e-06
K-Neighbors (Wilcoxon - inCV),Naive Bayes (Kruskal - inCV),842.0,7.177500057686207e-09,5.786717814571823,0.5786717814571822,3.6605250294199657e-06
K-Neighbors (Wilcoxon - inCV),Naive Bayes (Chi-square - inCV),170.0,5.620763167977926e-16,-8.097266972516893,-0.8097266972516893,4.58092198190201e-13
K-Neighbors (Wilcoxon - inCV),Naive Bayes (KS - inCV),148.0,3.010681278678945e-16,-8.172898153252449,-0.8172898153252449,2.516929548975598e-13
K-Neighbors (Wilcoxon - inCV),Integrated-SelectFromModel (L1-LR selector) + LR,944.0,5.4491301187257605e-08,5.43599559429088,0.543599559429088,2.5120489847325757e-05
K-Neighbors (Wilcoxon - inCV),Integrated-SelectFromModel (L1-LR selector) + SVM,480.5,2.0702150414285186e-12,-7.029670725016909,-0.7029670725016909,1.3352887017213945e-09
K-Neighbors (Wilcoxon - inCV),Integrated-SelectFromModel (L1-LR selector) + KNN,1597.0,0.0014189642160793382,3.1907654548667526,0.31907654548667524,0.3788634456931833
K-Neighbors (Wilcoxon - inCV),Integrated-SelectFromModel (L1-LR selector) + Naive Bayes,632.0,7.577682824193111e-11,6.508753738135758,0.6508753738135759,4.493565914746515e-08
K-Neighbors (Wilcoxon - inCV),Integrated-SelectFromModel (RF selector) + RF,63.0,2.5581057720235416e-17,-8.465155764958993,-0.8465155764958994,2.4400400253311955e-14
K-Neighbors (Wilcoxon - inCV),Integrated-SelectFromModel (RF selector) + LR,1993.0,0.06737132717421686,1.8291888167986126,0.18291888167986126,1.0
K-Neighbors (Wilcoxon - inCV),Integrated-SelectFromModel (RF selector) + KNN,152.0,3.3738797373974887e-16,8.159150882512495,0.8159150882512496,2.8070679415147107e-13
K-Neighbors (Wilcoxon - inCV),Integrated-RFECV (L1-LR) + LR,2273.0,0.38623912559841633,-0.8664578605888167,-0.08664578605888167,1.0
K-Neighbors (Wilcoxon - inCV),Integrated-RFECV (L1-LR) + KNN,1683.0,0.003790745713286818,2.895069518316601,0.2895069518316601,0.9059882254755495
K-Neighbors (Wilcoxon - inCV),Integrated-RFECV (L1-LR) + Naive Bayes,2431.0,0.7465409567447496,-0.32320372934483704,-0.032320372934483706,1.0
K-Neighbors (Kruskal - inCV),K-Neighbors (Chi-square - inCV),1742.5,0.007134649632097323,-2.690493166027375,-0.2690493166027375,1.0
K-Neighbors (Kruskal - inCV),K-Neighbors (KS - inCV),1958.0,0.051231797823484054,-1.9495330672683984,-0.19495330672683983,1.0
K-Neighbors (Kruskal - inCV),Decision Tree (MW - inCV),912.5,2.9512064228850403e-08,-5.544307003474942,-0.5544307003474942,1.3811646059101989e-05
K-Neighbors (Kruskal - inCV),Decision Tree (Wilcoxon - inCV),2390.0,0.6425227007038453,-0.46417453982580903,-0.0464174539825809,1.0
K-Neighbors (Kruskal - inCV),Decision Tree (Kruskal - inCV),1683.5,0.0038115067936580946,-2.8933546315808765,-0.28933546315808767,0.9071324417822297
K-Neighbors (Kruskal - inCV),Decision Tree (Chi-square - inCV),792.0,2.5437471371412896e-09,-5.958621356676846,-0.5958621356676846,1.3583609712334486e-06
K-Neighbors (Kruskal - inCV),Decision Tree (KS - inCV),866.0,1.1690386181290213e-08,-5.704180915543041,-0.5704180915543041,5.810121932101236e-06
K-Neighbors (Kruskal - inCV),Naive Bayes (MW - inCV),409.0,3.4511030102304506e-13,-7.275511496275754,-0.7275511496275754,2.3329456349157845e-10
K-Neighbors (Kruskal - inCV),Naive Bayes (Wilcoxon - inCV),795.0,2.7093112642049258e-09,-5.948306374524493,-0.5948306374524492,1.4413535925570206e-06
K-Neighbors (Kruskal - inCV),Naive Bayes (Kruskal - inCV),1484.0,0.00034452085377202716,3.5792961621942774,0.35792961621942776,0.1040452978391522
K-Neighbors (Kruskal - inCV),Naive Bayes (Chi-square - inCV),285.0,1.3410675488191009e-14,-7.701853340424776,-0.7701853340424776,9.830025132844009e-12
K-Neighbors (Kruskal - inCV),Naive Bayes (KS - inCV),290.0,1.5339500347761715e-14,-7.684667381560618,-0.7684667381560618,1.1167156253170528e-11
K-Neighbors (Kruskal - inCV),Integrated-SelectFromModel (L1-LR selector) + LR,1576.5,0.001109198752937334,3.261255933516888,0.3261255933516888,0.30610256384141316
K-Neighbors (Kruskal - inCV),Integrated-SelectFromModel (L1-LR selector) + SVM,247.0,4.782259792813318e-15,-7.832509781021268,-0.7832509781021268,3.6102736530463432e-12
K-Neighbors (Kruskal - inCV),Integrated-SelectFromModel (L1-LR selector) + KNN,285.0,0.14284596404358202,0.0,0.0,1.0
K-Neighbors (Kruskal - inCV),Integrated-SelectFromModel (L1-LR selector) + Naive Bayes,1168.0,3.074032673882924e-06,4.665810260248403,0.4665810260248403,0.0011742804814232769
K-Neighbors (Kruskal - inCV),Integrated-SelectFromModel (RF selector) + RF,191.0,1.0147464384053003e-15,-8.025062044099544,-0.8025062044099543,8.046939256554031e-13
K-Neighbors (Kruskal - inCV),Integrated-SelectFromModel (RF selector) + LR,2255.0,0.3532251001615734,-0.9283518234256363,-0.09283518234256363,1.0
K-Neighbors (Kruskal - inCV),Integrated-SelectFromModel (RF selector) + KNN,180.0,1.145080434821716e-15,8.010215040666253,0.8010215040666253,9.046135435091557e-13
K-Neighbors (Kruskal - inCV),Integrated-RFECV (L1-LR) + LR,1712.5,0.005211796985199246,-2.7936430637664436,-0.27936430637664433,1.0
K-Neighbors (Kruskal - inCV),Integrated-RFECV (L1-LR) + KNN,2178.0,0.38046634099609367,0.8770373692859701,0.08770373692859701,1.0
K-Neighbors (Kruskal - inCV),Integrated-RFECV (L1-LR) + Naive Bayes,2107.0,0.15065555303262182,-1.437219784627481,-0.1437219784627481,1.0
K-Neighbors (Chi-square - inCV),K-Neighbors (KS - inCV),1153.0,0.0768104550998885,0.0,0.0,1.0
K-Neighbors (Chi-square - inCV),Decision Tree (MW - inCV),1340.0,4.6130169531979994e-05,-4.074414939673602,-0.4074414939673602,0.01596103865806508
K-Neighbors (Chi-square - inCV),Decision Tree (Wilcoxon - inCV),1680.5,0.0036881712522788723,2.9036696213547835,0.29036696213547836,0.8954871143858111
K-Neighbors (Chi-square - inCV),Decision Tree (Kruskal - inCV),2403.0,0.6748685607674054,0.4194756309199826,0.041947563091998256,1.0
K-Neighbors (Chi-square - inCV),Decision Tree (Chi-square - inCV),1133.5,1.7146804337869397e-06,-4.784436090130469,-0.4784436090130469,0.000680728132213415
K-Neighbors (Chi-square - inCV),Decision Tree (KS - inCV),1200.0,8.58225348802423e-06,-4.450119467036808,-0.4450119467036808,0.0032183450580090863
K-Neighbors (Chi-square - inCV),Naive Bayes (MW - inCV),364.0,1.0841271541326848e-13,-7.430225477079438,-0.7430225477079438,7.458485237306693e-11
K-Neighbors (Chi-square - inCV),Naive Bayes (Wilcoxon - inCV),993.0,1.3828094314789343e-07,-5.267517552469087,-0.5267517552469088,6.11201768713689e-05
K-Neighbors (Chi-square - inCV),Naive Bayes (Kruskal - inCV),881.5,1.5961823586633986e-08,5.650891055798267,0.5650891055798267,7.693598968757582e-06
K-Neighbors (Chi-square - inCV),Naive Bayes (Chi-square - inCV),233.0,3.2569186661536936e-15,-7.880646364398922,-0.7880646364398922,2.4752581862768073e-12
K-Neighbors (Chi-square - inCV),Naive Bayes (KS - inCV),209.0,1.6767599457345124e-15,-7.963177989307488,-0.7963177989307488,1.3078727576729196e-12
K-Neighbors (Chi-square - inCV),Integrated-SelectFromModel (L1-LR selector) + LR,1002.0,1.6358590673584748e-07,5.2365726060120235,0.5236572606012023,7.16506271503012e-05
K-Neighbors (Chi-square - inCV),Integrated-SelectFromModel (L1-LR selector) + SVM,614.0,5.009986541221738e-11,-6.570638776131859,-0.6570638776131859,2.9859519785681556e-08
K-Neighbors (Chi-square - inCV),Integrated-SelectFromModel (L1-LR selector) + KNN,1476.0,0.0003099867486518915,3.6068080909427693,0.3606808090942769,0.09609589208208637
K-Neighbors (Chi-square - inCV),Integrated-SelectFromModel (L1-LR selector) + Naive Bayes,693.5,3.028723044557974e-10,6.297301256970144,0.6297301256970144,1.738487027576277e-07
K-Neighbors (Chi-square - inCV),Integrated-SelectFromModel (RF selector) + RF,97.0,6.927659466137696e-17,-8.348258888638997,-0.8348258888638996,6.206858786549766e-14
K-Neighbors (Chi-square - inCV),Integrated-SelectFromModel (RF selector) + LR,1985.0,0.06335371896508572,1.8567009030711732,0.1856700903071173,1.0
K-Neighbors (Chi-square - inCV),Integrated-SelectFromModel (RF selector) + KNN,179.0,7.245111326644271e-16,8.066316043141306,0.8066316043141306,5.810579283968706e-13
K-Neighbors (Chi-square - inCV),Integrated-RFECV (L1-LR) + LR,2353.0,0.5542572989570944,-0.5913927470373272,-0.059139274703732723,1.0
K-Neighbors (Chi-square - inCV),Integrated-RFECV (L1-LR) + KNN,1651.5,0.002669958300960845,3.0033834083161017,0.30033834083161015,0.6781694084440546
K-Neighbors (Chi-square - inCV),Integrated-RFECV (L1-LR) + Naive Bayes,2367.0,0.586952913586285,0.5432569308986025,0.05432569308986025,1.0
K-Neighbors (KS - inCV),Decision Tree (MW - inCV),1116.0,1.2686490998242189e-06,-4.844603284222548,-0.4844603284222548,0.0005138028854288087
K-Neighbors (KS - inCV),Decision Tree (Wilcoxon - inCV),1824.5,0.016016105432113268,2.4085483325748016,0.24085483325748017,1.0
K-Neighbors (KS - inCV),Decision Tree (Kruskal - inCV),2129.0,0.17333121448950595,-1.3615776441108085,-0.13615776441108085,1.0
K-Neighbors (KS - inCV),Decision Tree (Chi-square - inCV),931.0,4.2364164109600684e-08,-5.480701949462926,-0.5480701949462926,1.965697214685472e-05
K-Neighbors (KS - inCV),Decision Tree (KS - inCV),1021.5,2.3467986774354863e-07,-5.169532861366067,-0.5169532861366066,0.00010044298339423881
K-Neighbors (KS - inCV),Naive Bayes (MW - inCV),254.5,5.869438749537936e-15,-7.80672232564038,-0.7806722325640381,4.396209623403914e-12
K-Neighbors (KS - inCV),Naive Bayes (Wilcoxon - inCV),778.0,1.8925940456138504e-09,-6.0067668166322035,-0.6006766816632203,1.0257859727227069e-06
K-Neighbors (KS - inCV),Naive Bayes (Kruskal - inCV),979.0,1.0627255151103879e-07,5.315658063486674,0.5315658063486673,4.7822648179967454e-05
K-Neighbors (KS - inCV),Naive Bayes (Chi-square - inCV),144.0,2.68581105054408e-16,-8.186657501585442,-0.8186657501585441,2.2614529045581153e-13
K-Neighbors (KS - inCV),Naive Bayes (KS - inCV),116.0,1.2018657535267367e-16,-8.282924548247854,-0.8282924548247854,1.0480269370753143e-13
K-Neighbors (KS - inCV),Integrated-SelectFromModel (L1-LR selector) + LR,1158.0,2.599106269441614e-06,4.700197006976896,0.47001970069768956,0.0010058541262739048
K-Neighbors (KS - inCV),Integrated-SelectFromModel (L1-LR selector) + SVM,436.0,1.1053669816071924e-12,-7.116706276019719,-0.7116706276019719,7.218046389894966e-10
K-Neighbors (KS - inCV),Integrated-SelectFromModel (L1-LR selector) + KNN,1716.0,0.00540908636227326,2.781604798477589,0.27816047984775893,1.0
K-Neighbors (KS - inCV),Integrated-SelectFromModel (L1-LR selector) + Naive Bayes,804.0,3.271472782016045e-09,5.917361428067427,0.5917361428067427,1.7207946833404397e-06
K-Neighbors (KS - inCV),Integrated-SelectFromModel (RF selector) + RF,52.0,1.847789855850658e-17,-8.502983620924319,-0.8502983620924318,1.7960517398868393e-14
K-Neighbors (KS - inCV),Integrated-SelectFromModel (RF selector) + LR,2200.5,0.26453462670609573,1.1157372361463573,0.11157372361463573,1.0
K-Neighbors (KS - inCV),Integrated-SelectFromModel (RF selector) + KNN,229.0,2.917295855137348e-15,7.894393840920326,0.7894393840920326,2.228814033324934e-12
K-Neighbors (KS - inCV),Integrated-RFECV (L1-LR) + LR,2074.0,0.12097730974828982,-1.5506845044664928,-0.15506845044664927,1.0
K-Neighbors (KS - inCV),Integrated-RFECV (L1-LR) + KNN,1888.0,0.02850856365585286,2.1902161619928906,0.21902161619928906,1.0
K-Neighbors (KS - inCV),Integrated-RFECV (L1-LR) + Naive Bayes,2433.0,0.751754987860909,-0.3163261193388747,-0.03163261193388747,1.0
Decision Tree (MW - inCV),Decision Tree (Wilcoxon - inCV),596.5,9.09853560367391e-11,6.481217569390059,0.6481217569390059,5.340840399356585e-08
Decision Tree (MW - inCV),Decision Tree (Kruskal - inCV),1452.5,0.00022637127376293206,3.6876088441717054,0.36876088441717053,0.07289155015166413
Decision Tree (MW - inCV),Decision Tree (Chi-square - inCV),1056.5,0.36661881729627765,0.0,0.0,1.0
Decision Tree (MW - inCV),Decision Tree (KS - inCV),1427.0,0.3546084469284093,0.0,0.0,1.0
Decision Tree (MW - inCV),Naive Bayes (MW - inCV),1446.0,0.00020728690966998354,-3.7099662123731836,-0.37099662123731836,0.06695367182340468
Decision Tree (MW - inCV),Naive Bayes (Wilcoxon - inCV),2342.0,0.6424983429164441,0.46420854048305504,0.0464208540483055,1.0
Decision Tree (MW - inCV),Naive Bayes (Kruskal - inCV),406.0,3.1971698402869067e-13,7.2858211103028845,0.7285821110302885,2.1708783215548096e-10
Decision Tree (MW - inCV),Naive Bayes (Chi-square - inCV),1205.0,5.66319485758843e-06,-4.538588793560467,-0.4538588793560467,0.002135024461310838
Decision Tree (MW - inCV),Naive Bayes (KS - inCV),1166.5,2.9978400596068467e-06,-4.6709677513245795,-0.46709677513245795,0.0011481727428294224
Decision Tree (MW - inCV),Integrated-SelectFromModel (L1-LR selector) + LR,526.5,6.353150462808263e-12,6.87149727716023,0.687149727716023,4.0024847915692055e-09
Decision Tree (MW - inCV),Integrated-SelectFromModel (L1-LR selector) + SVM,1657.0,0.002840738034365121,-2.9844659642503677,-0.2984465964250368,0.7187067226943756
Decision Tree (MW - inCV),Integrated-SelectFromModel (L1-LR selector) + KNN,776.5,1.8333894204915855e-09,6.011919873225387,0.6011919873225386,9.955304553269309e-07
Decision Tree (MW - inCV),Integrated-SelectFromModel (L1-LR selector) + Naive Bayes,321.0,3.507386885783358e-14,7.578067955308537,0.7578067955308537,2.4797225282488343e-11
Decision Tree (MW - inCV),Integrated-SelectFromModel (RF selector) + RF,879.0,1.51826260372399e-08,-5.659486874258564,-0.5659486874258564,7.348391002024112e-06
Decision Tree (MW - inCV),Integrated-SelectFromModel (RF selector) + LR,1130.0,1.6149164377890813e-06,4.796463156830949,0.4796463156830949,0.0006459665751156325
Decision Tree (MW - inCV),Integrated-SelectFromModel (RF selector) + KNN,60.0,2.3413085997284582e-17,8.475470739489811,0.8475470739489811,2.2449526078099724e-14
Decision Tree (MW - inCV),Integrated-RFECV (L1-LR) + LR,1839.0,0.018339527184953693,2.3586908427140005,0.23586908427140005,1.0
Decision Tree (MW - inCV),Integrated-RFECV (L1-LR) + KNN,871.0,1.2929856101692328e-08,5.68698929132501,0.568698929132501,6.361489202032626e-06
Decision Tree (MW - inCV),Integrated-RFECV (L1-LR) + Naive Bayes,1681.0,0.003708522618562532,2.9019461680038137,0.2901946168003814,0.8954871143858111
Decision Tree (Wilcoxon - inCV),Decision Tree (Kruskal - inCV),1420.0,0.00014507341488223058,-3.799354566722363,-0.37993545667223627,0.0474390066664894
Decision Tree (Wilcoxon - inCV),Decision Tree (Chi-square - inCV),550.0,1.832173547590331e-11,-6.718807822781062,-0.6718807822781062,1.1194580375776921e-08
Decision Tree (Wilcoxon - inCV),Decision Tree (KS - inCV),517.0,1.3523606570659049e-11,-6.7629219879201505,-0.6762921987920151,8.317018040955315e-09
Decision Tree (Wilcoxon - inCV),Naive Bayes (MW - inCV),227.0,2.7607481043139143e-15,-7.901270490607541,-0.790127049060754,2.1119722998001447e-12
Decision Tree (Wilcoxon - inCV),Naive Bayes (Wilcoxon - inCV),433.5,6.419279049031264e-13,-7.191267037375405,-0.7191267037375405,4.2495627304586966e-10
Decision Tree (Wilcoxon - inCV),Naive Bayes (Kruskal - inCV),1548.5,0.0007864315036625076,3.357526690591425,0.3357526690591425,0.22256011553648966
Decision Tree (Wilcoxon - inCV),Naive Bayes (Chi-square - inCV),110.0,1.0104199612316775e-16,-8.303554497309491,-0.8303554497309491,8.860925257595502e-14
Decision Tree (Wilcoxon - inCV),Naive Bayes (KS - inCV),106.0,8.998385137455785e-17,-8.317307796683917,-0.8317307796683917,7.93575298065791e-14
Decision Tree (Wilcoxon - inCV),Integrated-SelectFromModel (L1-LR selector) + LR,1845.0,0.019384089495076966,2.3380608936523624,0.23380608936523622,1.0
Decision Tree (Wilcoxon - inCV),Integrated-SelectFromModel (L1-LR selector) + SVM,407.0,3.2800105956902744e-13,-7.282372018758385,-0.7282372018758385,2.2205671732823157e-10
Decision Tree (Wilcoxon - inCV),Integrated-SelectFromModel (L1-LR selector) + KNN,2337.0,0.5180170574396306,0.6464050705980061,0.06464050705980061,1.0
Decision Tree (Wilcoxon - inCV),Integrated-SelectFromModel (L1-LR selector) + Naive Bayes,1312.0,3.0367724968345853e-05,4.17069111693538,0.417069111693538,0.01068943918885774
Decision Tree (Wilcoxon - inCV),Integrated-SelectFromModel (RF selector) + RF,86.5,5.1001906495390406e-17,-8.38436132617224,-0.8384361326172239,4.630973109781449e-14
Decision Tree (Wilcoxon - inCV),Integrated-SelectFromModel (RF selector) + LR,2251.5,0.34702101884629566,-0.9403832343878425,-0.09403832343878425,1.0
Decision Tree (Wilcoxon - inCV),Integrated-SelectFromModel (RF selector) + KNN,574.0,1.9706448488009824e-11,6.708181682964099,0.67081816829641,1.2001227129197982e-08
Decision Tree (Wilcoxon - inCV),Integrated-RFECV (L1-LR) + LR,1716.0,0.0054090178609501076,-2.7816089090302185,-0.2781608909030219,1.0
Decision Tree (Wilcoxon - inCV),Integrated-RFECV (L1-LR) + KNN,2451.0,0.799158566956939,-0.2544362264247471,-0.02544362264247471,1.0
Decision Tree (Wilcoxon - inCV),Integrated-RFECV (L1-LR) + Naive Bayes,2051.0,0.10315096733541448,-1.6297659758694405,-0.16297659758694405,1.0
Decision Tree (Kruskal - inCV),Decision Tree (Chi-square - inCV),1150.5,2.290070741555878e-06,-4.725980989470472,-0.4725980989470472,0.0008977077306899042
Decision Tree (Kruskal - inCV),Decision Tree (KS - inCV),1276.0,1.7510543599430172e-05,-4.294477248983183,-0.4294477248983183,0.0063388167829937225
Decision Tree (Kruskal - inCV),Naive Bayes (MW - inCV),717.5,5.139767314249976e-10,-6.214776746793653,-0.6214776746793653,2.8885492306084864e-07
Decision Tree (Kruskal - inCV),Naive Bayes (Wilcoxon - inCV),1457.0,0.00024053638284954242,-3.6721309329716516,-0.36721309329716517,0.07673110612900404
Decision Tree (Kruskal - inCV),Naive Bayes (Kruskal - inCV),875.0,1.401249829740757e-08,5.673235991950584,0.5673235991950584,6.851776193675436e-06
Decision Tree (Kruskal - inCV),Naive Bayes (Chi-square - inCV),542.0,9.217972669668928e-12,-6.818213278409651,-0.681821327840965,5.752014945873411e-09
Decision Tree (Kruskal - inCV),Naive Bayes (KS - inCV),529.0,6.747577489046266e-12,-6.862901458699935,-0.6862901458699935,4.237478663121055e-09
Decision Tree (Kruskal - inCV),Integrated-SelectFromModel (L1-LR selector) + LR,1011.0,1.9334197539194187e-07,5.205627659554961,0.5205627659554961,8.352373336931889e-05
Decision Tree (Kruskal - inCV),Integrated-SelectFromModel (L1-LR selector) + SVM,813.0,3.9466942854531636e-09,-5.886412132254182,-0.5886412132254182,2.0680678055774577e-06
Decision Tree (Kruskal - inCV),Integrated-SelectFromModel (L1-LR selector) + KNN,1467.5,0.00027686791706136714,3.636033895302171,0.3636033895302171,0.08749026179139202
Decision Tree (Kruskal - inCV),Integrated-SelectFromModel (L1-LR selector) + Naive Bayes,694.0,3.062392464844995e-10,6.295586743705533,0.6295586743705532,1.754750882356182e-07
Decision Tree (Kruskal - inCV),Integrated-SelectFromModel (RF selector) + RF,298.0,1.9010539917799166e-14,-7.657149426711485,-0.7657149426711485,1.3763630900486597e-11
Decision Tree (Kruskal - inCV),Integrated-SelectFromModel (RF selector) + LR,1888.0,0.0285087982770462,2.1902129253772857,0.21902129253772856,1.0
Decision Tree (Kruskal - inCV),Integrated-SelectFromModel (RF selector) + KNN,138.0,2.262528715891485e-16,8.207281401688514,0.8207281401688513,1.9140992936441966e-13
Decision Tree (Kruskal - inCV),Integrated-RFECV (L1-LR) + LR,2436.5,0.7609054596367464,-0.3042919734944611,-0.03042919734944611,1.0
Decision Tree (Kruskal - inCV),Integrated-RFECV (L1-LR) + KNN,1379.5,8.19570620872126e-05,3.9386040185074025,0.3938604018507402,0.02745561579921622
Decision Tree (Kruskal - inCV),Integrated-RFECV (L1-LR) + Naive Bayes,2359.0,0.5681610364103444,-0.5707619240386648,-0.05707619240386648,1.0
Decision Tree (Chi-square - inCV),Decision Tree (KS - inCV),1042.0,0.42343673183389563,0.0,0.0,1.0
Decision Tree (Chi-square - inCV),Naive Bayes (MW - inCV),1610.5,0.001664559994531778,-3.144350392776097,-0.31443503927760974,0.44110839855092115
Decision Tree (Chi-square - inCV),Naive Bayes (Wilcoxon - inCV),2490.5,0.9055746014059253,0.11862229475207801,0.011862229475207802,1.0
Decision Tree (Chi-square - inCV),Naive Bayes (Kruskal - inCV),315.5,3.031111645650427e-14,7.5969843552091705,0.7596984355209171,2.1551203800574535e-11
Decision Tree (Chi-square - inCV),Naive Bayes (Chi-square - inCV),1392.5,9.864064242863227e-05,-3.893911516792198,-0.3893911516792198,0.032650052643877284
Decision Tree (Chi-square - inCV),Naive Bayes (KS - inCV),1343.0,4.82181586788552e-05,-4.064099965142782,-0.4064099965142782,0.016635264744205045
Decision Tree (Chi-square - inCV),Integrated-SelectFromModel (L1-LR selector) + LR,468.0,1.5201411577359335e-12,7.072639429131145,0.7072639429131146,9.880917525283567e-10
Decision Tree (Chi-square - inCV),Integrated-SelectFromModel (L1-LR selector) + SVM,1862.0,0.0226303667276144,-2.2796177931449675,-0.22796177931449674,1.0
Decision Tree (Chi-square - inCV),Integrated-SelectFromModel (L1-LR selector) + KNN,661.0,2.429691944737185e-10,6.331385657415506,0.6331385657415506,1.40679163600283e-07
Decision Tree (Chi-square - inCV),Integrated-SelectFromModel (L1-LR selector) + Naive Bayes,257.5,6.369455153152281e-15,7.796407343488028,0.7796407343488028,4.764352454557906e-12
Decision Tree (Chi-square - inCV),Integrated-SelectFromModel (RF selector) + RF,1097.5,9.190691492181066e-07,-4.908219594014008,-0.4908219594014008,0.0003768183511794237
Decision Tree (Chi-square - inCV),Integrated-SelectFromModel (RF selector) + LR,1023.5,2.434700659924897e-07,5.16265619643575,0.516265619643575,0.0001039617181787931
Decision Tree (Chi-square - inCV),Integrated-SelectFromModel (RF selector) + KNN,55.0,2.019345605913072e-17,8.492674913849989,0.8492674913849989,1.9446298184942885e-14
Decision Tree (Chi-square - inCV),Integrated-RFECV (L1-LR) + LR,1662.5,0.003021306840868229,2.9655617511993566,0.29655617511993565,0.7613693238987936
Decision Tree (Chi-square - inCV),Integrated-RFECV (L1-LR) + KNN,757.0,2.018417880860651e-09,5.996317838720969,0.5996317838720968,1.0859088199030303e-06
Decision Tree (Chi-square - inCV),Integrated-RFECV (L1-LR) + Naive Bayes,1556.0,0.0008630584733532384,3.331736773454616,0.3331736773454616,0.24165637253890676
Decision Tree (KS - inCV),Naive Bayes (MW - inCV),1497.0,0.0004083879836281179,-3.53460316252542,-0.353460316252542,0.12088284315392289
Decision Tree (KS - inCV),Naive Bayes (Wilcoxon - inCV),2449.0,0.7938513827119553,0.2613126881140875,0.02613126881140875,1.0
Decision Tree (KS - inCV),Naive Bayes (Kruskal - inCV),373.0,1.369299546879079e-13,7.399275063441004,0.7399275063441004,9.3660089006529e-11
Decision Tree (KS - inCV),Naive Bayes (Chi-square - inCV),1243.0,1.7076454490598e-05,-4.300043554542159,-0.43000435545421595,0.006198752980087074
Decision Tree (KS - inCV),Naive Bayes (KS - inCV),1231.0,8.618984140500819e-06,-4.449202209915325,-0.4449202209915325,0.003223500068547306
Decision Tree (KS - inCV),Integrated-SelectFromModel (L1-LR selector) + LR,508.0,4.059304369484221e-12,6.935101209554139,0.6935101209554139,2.5898361877309327e-09
Decision Tree (KS - inCV),Integrated-SelectFromModel (L1-LR selector) + SVM,1778.0,0.010216017903763027,-2.568430555936298,-0.2568430555936298,1.0
Decision Tree (KS - inCV),Integrated-SelectFromModel (L1-LR selector) + KNN,724.0,9.870060998082003e-10,6.111497401397216,0.6111497401397216,5.468013792937429e-07
Decision Tree (KS - inCV),Integrated-SelectFromModel (L1-LR selector) + Naive Bayes,305.0,2.2919846510761976e-14,7.633086792742411,0.7633086792742411,1.6433529948216336e-11
Decision Tree (KS - inCV),Integrated-SelectFromModel (RF selector) + RF,1071.0,5.75304606041702e-07,-4.999328016507868,-0.4999328016507868,0.00024162793453751482
Decision Tree (KS - inCV),Integrated-SelectFromModel (RF selector) + LR,1089.0,7.915698945664686e-07,4.937434475418811,0.49374344754188104,0.00032533522666681856
Decision Tree (KS - inCV),Integrated-SelectFromModel (RF selector) + KNN,70.0,3.143651442726708e-17,8.441099964980454,0.8441099964980454,2.939314098949472e-14
Decision Tree (KS - inCV),Integrated-RFECV (L1-LR) + LR,1726.0,0.006010251964988403,2.747221550041525,0.2747221550041525,1.0
Decision Tree (KS - inCV),Integrated-RFECV (L1-LR) + KNN,809.0,3.631180891345141e-09,5.9001741506747285,0.5900174150674729,1.906369967956199e-06
Decision Tree (KS - inCV),Integrated-RFECV (L1-LR) + Naive Bayes,1590.0,0.0013051685942219752,3.2148408549233602,0.32148408549233604,0.35109035184571136
Naive Bayes (MW - inCV),Naive Bayes (Wilcoxon - inCV),427.0,8.794371393033727e-13,7.148167890602236,0.7148167890602236,5.786696376616192e-10
Naive Bayes (MW - inCV),Naive Bayes (Kruskal - inCV),74.0,3.536288390303153e-17,8.427334191679323,0.8427334191679323,3.281675626201326e-14
Naive Bayes (MW - inCV),Naive Bayes (Chi-square - inCV),404.0,0.00010044136981242231,0.0,0.0,0.03314565203809936
Naive Bayes (MW - inCV),Naive Bayes (KS - inCV),859.5,1.3400939449045222e-05,-4.353453722327647,-0.43534537223276465,0.004931545717248641
Naive Bayes (MW - inCV),Integrated-SelectFromModel (L1-LR selector) + LR,99.0,7.341947562236e-17,8.341394560474942,0.8341394560474942,6.563701120638984e-14
Naive Bayes (MW - inCV),Integrated-SelectFromModel (L1-LR selector) + SVM,2391.5,0.6462209517644169,0.45901840158267576,0.04590184015826758,1.0
Naive Bayes (MW - inCV),Integrated-SelectFromModel (L1-LR selector) + KNN,250.0,5.191257998789323e-15,7.822189019204592,0.7822189019204593,3.903108927184941e-12
Naive Bayes (MW - inCV),Integrated-SelectFromModel (L1-LR selector) + Naive Bayes,70.0,3.143819212354019e-17,8.44109372801019,0.8441093728010189,2.939314098949472e-14
Naive Bayes (MW - inCV),Integrated-SelectFromModel (RF selector) + RF,1712.5,0.0052116971940376075,-2.793649256305108,-0.2793649256305108,1.0
Naive Bayes (MW - inCV),Integrated-SelectFromModel (RF selector) + LR,299.0,1.9525208775303745e-14,7.653716757047121,0.7653716757047121,1.4077675526994e-11
Naive Bayes (MW - inCV),Integrated-SelectFromModel (RF selector) + KNN,5.0,4.531606414731291e-18,8.664585007977873,0.8664585007977873,4.635833362270111e-15
Naive Bayes (MW - inCV),Integrated-RFECV (L1-LR) + LR,819.0,4.470203127454594e-09,5.865782183192542,0.5865782183192543,2.3200354231489343e-06
Naive Bayes (MW - inCV),Integrated-RFECV (L1-LR) + KNN,334.0,4.944523234547704e-14,7.5333752986029845,0.7533375298602984,3.456221740948845e-11
Naive Bayes (MW - inCV),Integrated-RFECV (L1-LR) + Naive Bayes,901.5,2.3759817953975244e-08,5.5821245081159026,0.5582124508115902,1.1214634074276315e-05
Naive Bayes (Wilcoxon - inCV),Naive Bayes (Kruskal - inCV),232.0,3.1684934549908844e-15,7.884084691783042,0.7884084691783042,2.4173349829177484e-12
Naive Bayes (Wilcoxon - inCV),Naive Bayes (Chi-square - inCV),137.0,3.340972770067051e-16,-8.160334780033276,-0.8160334780033276,2.7830303174658536e-13
Naive Bayes (Wilcoxon - inCV),Naive Bayes (KS - inCV),124.5,1.5350339863365261e-16,-8.253747575444095,-0.8253747575444095,1.318594194263076e-13
Naive Bayes (Wilcoxon - inCV),Integrated-SelectFromModel (L1-LR selector) + LR,309.0,2.5498891487229275e-14,7.6193334832059385,0.7619333483205939,1.825720630485616e-11
Naive Bayes (Wilcoxon - inCV),Integrated-SelectFromModel (L1-LR selector) + SVM,1643.0,0.003685132157966301,-2.9039277283609715,-0.29039277283609716,0.8954871143858111
Naive Bayes (Wilcoxon - inCV),Integrated-SelectFromModel (L1-LR selector) + KNN,571.0,1.8360893521121156e-11,6.718496672738006,0.6718496672738006,1.1200145047883905e-08
Naive Bayes (Wilcoxon - inCV),Integrated-SelectFromModel (L1-LR selector) + Naive Bayes,173.0,6.117637053359695e-16,8.086951982742985,0.8086951982742985,4.967521287328072e-13
Naive Bayes (Wilcoxon - inCV),Integrated-SelectFromModel (RF selector) + RF,663.5,1.549137075327392e-10,-6.400455883892872,-0.6400455883892872,9.031469149158696e-08
Naive Bayes (Wilcoxon - inCV),Integrated-SelectFromModel (RF selector) + LR,881.0,1.5802171472045105e-08,5.6526185727208595,0.565261857272086,7.632448820997787e-06
Naive Bayes (Wilcoxon - inCV),Integrated-SelectFromModel (RF selector) + KNN,24.0,8.023842397878198e-18,8.599250433859643,0.8599250433859643,8.128152349050614e-15
Naive Bayes (Wilcoxon - inCV),Integrated-RFECV (L1-LR) + LR,1558.0,0.0008845978695257914,3.3248699504996746,0.3324869950499675,0.2468028055976958
Naive Bayes (Wilcoxon - inCV),Integrated-RFECV (L1-LR) + KNN,757.0,1.2096579164999306e-09,6.07895832349614,0.607895832349614,6.665215119914618e-07
Naive Bayes (Wilcoxon - inCV),Integrated-RFECV (L1-LR) + Naive Bayes,1445.0,0.00032439348151973345,3.5949984714101264,0.35949984714101263,0.09934011474686832
Naive Bayes (Kruskal - inCV),Naive Bayes (Chi-square - inCV),50.0,1.7415252083634357e-17,-8.509853987925876,-0.8509853987925876,1.699636433401032e-14
Naive Bayes (Kruskal - inCV),Naive Bayes (KS - inCV),50.0,1.7414307719272868e-17,-8.509860275692551,-0.8509860275692551,1.699636433401032e-14
Naive Bayes (Kruskal - inCV),Integrated-SelectFromModel (L1-LR selector) + LR,2144.5,0.19077681811835534,-1.3082845363238544,-0.13082845363238543,1.0
Naive Bayes (Kruskal - inCV),Integrated-SelectFromModel (L1-LR selector) + SVM,84.0,4.7408945782600864e-17,-8.392950943243257,-0.8392950943243257,4.3189549607949385e-14
Naive Bayes (Kruskal - inCV),Integrated-SelectFromModel (L1-LR selector) + KNN,1686.0,0.003917162928199868,-2.8847566752751725,-0.28847566752751724,0.9126989622705692
Naive Bayes (Kruskal - inCV),Integrated-SelectFromModel (L1-LR selector) + Naive Bayes,61.0,4.407167742928806e-06,0.0,0.0,0.0016703165745700177
Naive Bayes (Kruskal - inCV),Integrated-SelectFromModel (RF selector) + RF,48.0,1.6412062569258175e-17,-8.51673063761309,-0.851673063761309,1.6116645443011527e-14
Naive Bayes (Kruskal - inCV),Integrated-SelectFromModel (RF selector) + LR,982.0,1.1246128094267259e-07,-5.305343073712765,-0.5305343073712765,5.0270192581374646e-05
Naive Bayes (Kruskal - inCV),Integrated-SelectFromModel (RF selector) + KNN,1086.0,7.507504934383819e-07,4.947753105746094,0.49477531057460944,0.0003130394440805525
Naive Bayes (Kruskal - inCV),Integrated-RFECV (L1-LR) + LR,844.0,7.477498810552113e-09,-5.779832603312482,-0.5779832603312481,3.7910918969499214e-06
Naive Bayes (Kruskal - inCV),Integrated-RFECV (L1-LR) + KNN,1748.5,0.007588215897734914,-2.6698631864795614,-0.26698631864795613,1.0
Naive Bayes (Kruskal - inCV),Integrated-RFECV (L1-LR) + Naive Bayes,1098.0,2.5498557558610734e-06,-4.7041021425014415,-0.4704102142501442,0.0009944437447858185
Naive Bayes (Chi-square - inCV),Naive Bayes (KS - inCV),1205.5,0.13284142377637762,0.0,0.0,1.0
Naive Bayes (Chi-square - inCV),Integrated-SelectFromModel (L1-LR selector) + LR,68.0,2.9641054725688535e-17,8.447970382778427,0.8447970382778427,2.7803309332695845e-14
Naive Bayes (Chi-square - inCV),Integrated-SelectFromModel (L1-LR selector) + SVM,2118.0,0.16169267328920844,1.3994013133195802,0.139940131331958,1.0
Naive Bayes (Chi-square - inCV),Integrated-SelectFromModel (L1-LR selector) + KNN,161.0,4.3571215496604904e-16,8.128199930285563,0.8128199930285562,3.590268156920244e-13
Naive Bayes (Chi-square - inCV),Integrated-SelectFromModel (L1-LR selector) + Naive Bayes,42.0,1.3731500834606288e-17,8.537366894765498,0.8537366894765498,1.3689559210908842e-14
Naive Bayes (Chi-square - inCV),Integrated-SelectFromModel (RF selector) + RF,1970.0,0.056355744683811514,-1.9082745181630643,-0.19082745181630642,1.0
Naive Bayes (Chi-square - inCV),Integrated-SelectFromModel (RF selector) + LR,208.5,1.6536911886526958e-15,7.964891270418421,0.796489127041842,1.2915328183377553e-12
Naive Bayes (Chi-square - inCV),Integrated-SelectFromModel (RF selector) + KNN,1.0,4.015702944049438e-18,8.678344729780314,0.8678344729780314,4.140189735314971e-15
Naive Bayes (Chi-square - inCV),Integrated-RFECV (L1-LR) + LR,683.0,2.3982552911437016e-10,6.333394361923015,0.6333394361923015,1.390988068863347e-07
Naive Bayes (Chi-square - inCV),Integrated-RFECV (L1-LR) + KNN,232.0,3.1681978806261446e-15,7.8840963426088395,0.788409634260884,2.4173349829177484e-12
Naive Bayes (Chi-square - inCV),Integrated-RFECV (L1-LR) + Naive Bayes,780.0,1.9745105808438137e-09,5.999890151701886,0.5999890151701887,1.0682102242365033e-06
Naive Bayes (KS - inCV),Integrated-SelectFromModel (L1-LR selector) + LR,71.0,3.237665051616236e-17,8.43765540062607,0.8437655400626071,3.011028498003099e-14
Naive Bayes (KS - inCV),Integrated-SelectFromModel (L1-LR selector) + SVM,2052.0,0.10387792862004108,1.6263372643970246,0.16263372643970248,1.0
Naive Bayes (KS - inCV),Integrated-SelectFromModel (L1-LR selector) + KNN,169.0,5.464146754116382e-16,8.100705302441527,0.8100705302441528,4.4642078981130836e-13
Naive Bayes (KS - inCV),Integrated-SelectFromModel (L1-LR selector) + Naive Bayes,42.0,1.3732250242604873e-17,8.537360586674728,0.8537360586674728,1.3689559210908842e-14
Naive Bayes (KS - inCV),Integrated-SelectFromModel (RF selector) + RF,2042.0,0.09677078362341628,-1.6607145806716397,-0.16607145806716397,1.0
Naive Bayes (KS - inCV),Integrated-SelectFromModel (RF selector) + LR,207.0,1.5861932638772303e-15,7.970042876385995,0.7970042876385995,1.240403132351994e-12
Naive Bayes (KS - inCV),Integrated-SelectFromModel (RF selector) + KNN,3.0,4.265842540306607e-18,8.671468069931041,0.8671468069931041,4.38077373084763e-15
Naive Bayes (KS - inCV),Integrated-RFECV (L1-LR) + LR,670.0,1.7930159420273457e-10,6.378097297539268,0.6378097297539268,1.0435352782599152e-07
Naive Bayes (KS - inCV),Integrated-RFECV (L1-LR) + KNN,225.0,2.6124792772213226e-15,7.908147140294755,0.7908147140294755,2.006384084905976e-12
Naive Bayes (KS - inCV),Integrated-RFECV (L1-LR) + Naive Bayes,769.5,1.5799717995395983e-09,6.035983722819506,0.6035983722819507,8.626646025486207e-07
Integrated-SelectFromModel (L1-LR selector) + LR,Integrated-SelectFromModel (L1-LR selector) + SVM,32.5,1.0345718222196264e-17,-8.570031004914624,-0.8570031004914623,1.0418138249751639e-14
Integrated-SelectFromModel (L1-LR selector) + LR,Integrated-SelectFromModel (L1-LR selector) + KNN,1829.0,0.016707786253850717,-2.3930758593462698,-0.23930758593462698,1.0
Integrated-SelectFromModel (L1-LR selector) + LR,Integrated-SelectFromModel (L1-LR selector) + Naive Bayes,1613.5,0.001724173262129157,3.1340400419921313,0.3134040041992131,0.4534575679399683
Integrated-SelectFromModel (L1-LR selector) + LR,Integrated-SelectFromModel (RF selector) + RF,62.0,2.4830587173979676e-17,-8.468625376343976,-0.8468625376343976,2.371321075115059e-14
Integrated-SelectFromModel (L1-LR selector) + LR,Integrated-SelectFromModel (RF selector) + LR,922.5,3.589892665739322e-08,-5.509923704228586,-0.5509923704228586,1.6728899822345243e-05
Integrated-SelectFromModel (L1-LR selector) + LR,Integrated-SelectFromModel (RF selector) + KNN,775.5,1.7949428214064537e-09,6.015353758514798,0.6015353758514798,9.764488948451108e-07
Integrated-SelectFromModel (L1-LR selector) + LR,Integrated-RFECV (L1-LR) + LR,875.0,3.922273621338964e-08,-5.494316118854607,-0.5494316118854606,1.823857233922618e-05
Integrated-SelectFromModel (L1-LR selector) + LR,Integrated-RFECV (L1-LR) + KNN,1992.0,0.06685783747628735,-1.8326284957350025,-0.18326284957350025,1.0
Integrated-SelectFromModel (L1-LR selector) + LR,Integrated-RFECV (L1-LR) + Naive Bayes,1253.0,1.9978216457452217e-05,-4.2651341087992,-0.42651341087991995,0.0071721797082253454
Integrated-SelectFromModel (L1-LR selector) + SVM,Integrated-SelectFromModel (L1-LR selector) + KNN,118.0,1.2732426005945698e-16,8.276054013572518,0.8276054013572518,1.1063342442170022e-13
Integrated-SelectFromModel (L1-LR selector) + SVM,Integrated-SelectFromModel (L1-LR selector) + Naive Bayes,52.0,1.8478899002670448e-17,8.502977338238663,0.8502977338238663,1.7960517398868393e-14
Integrated-SelectFromModel (L1-LR selector) + SVM,Integrated-SelectFromModel (RF selector) + RF,1955.5,0.05021455085390157,-1.9581317857389502,-0.19581317857389502,1.0
Integrated-SelectFromModel (L1-LR selector) + SVM,Integrated-SelectFromModel (RF selector) + LR,280.5,1.1878508441683798e-14,7.717337218048644,0.7717337218048643,8.766339229962643e-12
Integrated-SelectFromModel (L1-LR selector) + SVM,Integrated-SelectFromModel (RF selector) + KNN,1.0,4.0161556854627e-18,8.67833190526259,0.8678331905262591,4.140189735314971e-15
Integrated-SelectFromModel (L1-LR selector) + SVM,Integrated-RFECV (L1-LR) + LR,837.0,1.0836076205752404e-08,5.717094656475521,0.5717094656475521,5.418038102876202e-06
Integrated-SelectFromModel (L1-LR selector) + SVM,Integrated-RFECV (L1-LR) + KNN,292.0,1.6186278801455527e-14,7.677785048735949,0.7677785048735949,1.1735052131055257e-11
Integrated-SelectFromModel (L1-LR selector) + SVM,Integrated-RFECV (L1-LR) + Naive Bayes,881.0,2.643772360763052e-08,5.563526142214533,0.5563526142214533,1.2425730095586344e-05
Integrated-SelectFromModel (L1-LR selector) + KNN,Integrated-SelectFromModel (L1-LR selector) + Naive Bayes,1284.0,1.9815366734152885e-05,4.2669611309155595,0.426696113091556,0.007133532024295039
Integrated-SelectFromModel (L1-LR selector) + KNN,Integrated-SelectFromModel (RF selector) + RF,99.0,7.343095847008848e-17,-8.341376070589163,-0.8341376070589164,6.563701120638984e-14
Integrated-SelectFromModel (L1-LR selector) + KNN,Integrated-SelectFromModel (RF selector) + LR,1964.5,0.05395671284782596,-1.927183922758266,-0.1927183922758266,1.0
Integrated-SelectFromModel (L1-LR selector) + KNN,Integrated-SelectFromModel (RF selector) + KNN,393.0,3.6813354582507495e-13,7.266788850746961,0.7266788850746961,2.4738574279445036e-10
Integrated-SelectFromModel (L1-LR selector) + KNN,Integrated-RFECV (L1-LR) + LR,1484.5,0.00034679057014550885,-3.5775796431749898,-0.35775796431749896,0.1040452978391522
Integrated-SelectFromModel (L1-LR selector) + KNN,Integrated-RFECV (L1-LR) + KNN,2347.5,0.7822414542614728,-0.276399221932288,-0.0276399221932288,1.0
Integrated-SelectFromModel (L1-LR selector) + KNN,Integrated-RFECV (L1-LR) + Naive Bayes,1966.5,0.05481909951672874,-1.9203072629089957,-0.19203072629089957,1.0
Integrated-SelectFromModel (L1-LR selector) + Naive Bayes,Integrated-SelectFromModel (RF selector) + RF,37.0,1.1831419149523995e-17,-8.55456485249343,-0.8554564852493429,1.1831419149523995e-14
Integrated-SelectFromModel (L1-LR selector) + Naive Bayes,Integrated-SelectFromModel (RF selector) + LR,687.0,2.621556924197195e-10,-6.319650401480274,-0.6319650401480275,1.5100167883375842e-07
Integrated-SelectFromModel (L1-LR selector) + Naive Bayes,Integrated-SelectFromModel (RF selector) + KNN,1528.0,0.0006080120100537019,3.428014934861716,0.3428014934861716,0.17632348291557357
Integrated-SelectFromModel (L1-LR selector) + Naive Bayes,Integrated-RFECV (L1-LR) + LR,714.0,4.760251120810895e-10,-6.226810892638066,-0.6226810892638066,2.684781632137345e-07
Integrated-SelectFromModel (L1-LR selector) + Naive Bayes,Integrated-RFECV (L1-LR) + KNN,1471.0,0.000290078889931316,-3.624002418277242,-0.36240024182772423,0.0905046136585706
Integrated-SelectFromModel (L1-LR selector) + Naive Bayes,Integrated-RFECV (L1-LR) + Naive Bayes,897.0,6.082255991136592e-08,-5.416365926761328,-0.5416365926761328,2.7674264759671496e-05
Integrated-SelectFromModel (RF selector) + RF,Integrated-SelectFromModel (RF selector) + LR,201.5,1.3607578460156673e-15,7.98896548279618,0.798896548279618,1.0709164248143303e-12
Integrated-SelectFromModel (RF selector) + RF,Integrated-SelectFromModel (RF selector) + KNN,0.0,3.8965598450959084e-18,8.681770230106196,0.8681770230106196,4.032484450422398e-15
Integrated-SelectFromModel (RF selector) + RF,Integrated-RFECV (L1-LR) + LR,473.5,1.741794043494741e-12,7.053733840389981,0.7053733840389981,1.1303819723230543e-09
Integrated-SelectFromModel (RF selector) + RF,Integrated-RFECV (L1-LR) + KNN,108.0,9.535497985106279e-17,8.310431146996704,0.8310431146996704,8.381702728908419e-14
Integrated-SelectFromModel (RF selector) + RF,Integrated-RFECV (L1-LR) + Naive Bayes,639.0,8.891992200502534e-11,6.484680655041697,0.6484680655041697,5.2284914138954895e-08
Integrated-SelectFromModel (RF selector) + LR,Integrated-SelectFromModel (RF selector) + KNN,185.0,8.576774246556675e-16,8.04568013403901,0.804568013403901,6.86141939724534e-13
Integrated-SelectFromModel (RF selector) + LR,Integrated-RFECV (L1-LR) + LR,1947.0,0.04688277910724904,-1.9873576332872929,-0.19873576332872928,1.0
Integrated-SelectFromModel (RF selector) + LR,Integrated-RFECV (L1-LR) + KNN,2132.0,0.17661130813095471,-1.3512626619584536,-0.13512626619584536,1.0
Integrated-SelectFromModel (RF selector) + LR,Integrated-RFECV (L1-LR) + Naive Bayes,2284.0,0.4073099014849273,-0.8286368995724869,-0.08286368995724869,1.0
Integrated-SelectFromModel (RF selector) + KNN,Integrated-RFECV (L1-LR) + LR,276.0,1.0520793081375469e-14,-7.732798286881839,-0.7732798286881839,7.785386880217847e-12
Integrated-SelectFromModel (RF selector) + KNN,Integrated-RFECV (L1-LR) + KNN,637.0,8.49508794745374e-11,-6.491562101215168,-0.6491562101215168,5.012101888997706e-08
Integrated-SelectFromModel (RF selector) + KNN,Integrated-RFECV (L1-LR) + Naive Bayes,476.0,1.852846953353677e-12,-7.045132810058198,-0.7045132810058198,1.198791978819829e-09
Integrated-RFECV (L1-LR) + LR,Integrated-RFECV (L1-LR) + KNN,1128.0,1.5602690209493852e-06,4.803357552071675,0.4803357552071675,0.0006256678774007034
Integrated-RFECV (L1-LR) + LR,Integrated-RFECV (L1-LR) + Naive Bayes,2061.5,0.14895371406473665,1.4432370209441419,0.1443237020944142,1.0
Integrated-RFECV (L1-LR) + KNN,Integrated-RFECV (L1-LR) + Naive Bayes,1592.0,0.0013368144742360328,-3.207957079084785,-0.3207957079084785,0.35826627909525677
