Selection_Method,Feature_Name,Rank,Selection_Type
Mann-Whitney,hydrophobic_janin,1,Statistical
Mann-Whitney,X5_K,2,Statistical
Mann-Whitney,hydrophobic_kyte-doolittle,3,Statistical
Mann-Whitney,acidic_group,4,Statistical
Mann-Whitney,hydrophobic_eisenberg,5,Statistical
Mann-Whitney,non-polar_group,6,Statistical
Mann-Whitney,hydrophobic_engleman,7,Statistical
Mann-Whitney,boman,8,Statistical
Mann-Whitney,cruciani_prp1,9,Statistical
Mann-Whitney,polar_group,10,Statistical
Mann-Whitney,X5_P,11,Statistical
Mann-Whitney,X5_R,12,Statistical
Mann-Whitney,X5_N,13,Statistical
Mann-Whitney,X5_Y,14,Statistical
Mann-Whitney,tiny_group,15,Statistical
Wilcoxon,hydrophobic_janin,1,Statistical
Wilcoxon,hydrophobic_kyte-doolittle,2,Statistical
Wilcoxon,X5_K,3,Statistical
Wilcoxon,acidic_group,4,Statistical
Wilcoxon,hydrophobic_eisenberg,5,Statistical
Wilcoxon,non-polar_group,6,Statistical
Wilcoxon,boman,7,Statistical
Wilcoxon,cruciani_prp1,8,Statistical
Wilcoxon,hydrophobic_engleman,9,Statistical
Wilcoxon,polar_group,10,Statistical
Wilcoxon,X5_N,11,Statistical
Wilcoxon,X5_Y,12,Statistical
Wilcoxon,X5_R,13,Statistical
Wilcoxon,isoelectric_point,14,Statistical
Wilcoxon,X5_P,15,Statistical
Kruskal,hydrophobic_janin,1,Statistical
Kruskal,X5_K,2,Statistical
Kruskal,hydrophobic_kyte-doolittle,3,Statistical
Kruskal,acidic_group,4,Statistical
Kruskal,hydrophobic_eisenberg,5,Statistical
Kruskal,non-polar_group,6,Statistical
Kruskal,hydrophobic_engleman,7,Statistical
Kruskal,boman,8,Statistical
Kruskal,cruciani_prp1,9,Statistical
Kruskal,polar_group,10,Statistical
Kruskal,X5_P,11,Statistical
Kruskal,X5_R,12,Statistical
Kruskal,X5_N,13,Statistical
Kruskal,X5_Y,14,Statistical
Kruskal,tiny_group,15,Statistical
Chi-square,hydrophobic_janin,1,Statistical
Chi-square,X5_K,2,Statistical
Chi-square,hydrophobic_kyte-doolittle,3,Statistical
Chi-square,hydrophobic_eisenberg,4,Statistical
Chi-square,charge,5,Statistical
Chi-square,isoelectric_point,6,Statistical
Chi-square,hydrophobic_engleman,7,Statistical
Chi-square,acidic_group,8,Statistical
Chi-square,boman,9,Statistical
Chi-square,cruciani_prp1,10,Statistical
Chi-square,non-polar_group,11,Statistical
Chi-square,X5_P,12,Statistical
Chi-square,polar_group,13,Statistical
Chi-square,X5_R,14,Statistical
Chi-square,X5_N,15,Statistical
KS,non-polar_group,1,Statistical
KS,hydrophobic_janin,2,Statistical
KS,acidic_group,3,Statistical
KS,X5_K,4,Statistical
KS,hydrophobic_kyte-doolittle,5,Statistical
KS,hydrophobic_eisenberg,6,Statistical
KS,polar_group,7,Statistical
KS,tiny_group,8,Statistical
KS,aliphatic_group,9,Statistical
KS,charge,10,Statistical
KS,cruciani_prp1,11,Statistical
KS,hydrophobic_engleman,12,Statistical
KS,X5_P,13,Statistical
KS,isoelectric_point,14,Statistical
KS,boman,15,Statistical
Integrated-SelectFromModel (L1-LR selector) + LR,X4_A,1,Integrated
Integrated-SelectFromModel (L1-LR selector) + LR,X4_C,2,Integrated
Integrated-SelectFromModel (L1-LR selector) + LR,X4_D,3,Integrated
Integrated-SelectFromModel (L1-LR selector) + LR,X4_E,4,Integrated
Integrated-SelectFromModel (L1-LR selector) + LR,X4_F,5,Integrated
Integrated-SelectFromModel (L1-LR selector) + LR,X4_G,6,Integrated
Integrated-SelectFromModel (L1-LR selector) + LR,X4_H,7,Integrated
Integrated-SelectFromModel (L1-LR selector) + LR,X4_I,8,Integrated
Integrated-SelectFromModel (L1-LR selector) + LR,X4_K,9,Integrated
Integrated-SelectFromModel (L1-LR selector) + LR,X4_L,10,Integrated
Integrated-SelectFromModel (L1-LR selector) + LR,X4_M,11,Integrated
Integrated-SelectFromModel (L1-LR selector) + LR,X4_N,12,Integrated
Integrated-SelectFromModel (L1-LR selector) + LR,X4_P,13,Integrated
Integrated-SelectFromModel (L1-LR selector) + LR,X4_Q,14,Integrated
Integrated-SelectFromModel (L1-LR selector) + LR,X4_R,15,Integrated
Integrated-SelectFromModel (L1-LR selector) + LR,X4_S,16,Integrated
Integrated-SelectFromModel (L1-LR selector) + LR,X4_T,17,Integrated
Integrated-SelectFromModel (L1-LR selector) + LR,X4_V,18,Integrated
Integrated-SelectFromModel (L1-LR selector) + LR,X4_W,19,Integrated
Integrated-SelectFromModel (L1-LR selector) + LR,X4_Y,20,Integrated
Integrated-SelectFromModel (L1-LR selector) + LR,X5_A,21,Integrated
Integrated-SelectFromModel (L1-LR selector) + LR,X5_C,22,Integrated
Integrated-SelectFromModel (L1-LR selector) + LR,X5_D,23,Integrated
Integrated-SelectFromModel (L1-LR selector) + LR,X5_G,24,Integrated
Integrated-SelectFromModel (L1-LR selector) + LR,X5_H,25,Integrated
Integrated-SelectFromModel (L1-LR selector) + LR,X5_I,26,Integrated
Integrated-SelectFromModel (L1-LR selector) + LR,X5_K,27,Integrated
Integrated-SelectFromModel (L1-LR selector) + LR,X5_M,28,Integrated
Integrated-SelectFromModel (L1-LR selector) + LR,X5_N,29,Integrated
Integrated-SelectFromModel (L1-LR selector) + LR,X5_P,30,Integrated
Integrated-SelectFromModel (L1-LR selector) + LR,X5_S,31,Integrated
Integrated-SelectFromModel (L1-LR selector) + LR,X5_V,32,Integrated
Integrated-SelectFromModel (L1-LR selector) + LR,X5_W,33,Integrated
Integrated-SelectFromModel (L1-LR selector) + LR,X5_Y,34,Integrated
Integrated-SelectFromModel (L1-LR selector) + LR,X8_AA,35,Integrated
Integrated-SelectFromModel (L1-LR selector) + LR,X8_AC,36,Integrated
Integrated-SelectFromModel (L1-LR selector) + LR,X8_AD,37,Integrated
Integrated-SelectFromModel (L1-LR selector) + LR,X8_AE,38,Integrated
Integrated-SelectFromModel (L1-LR selector) + LR,X8_AF,39,Integrated
Integrated-SelectFromModel (L1-LR selector) + LR,X8_AG,40,Integrated
Integrated-SelectFromModel (L1-LR selector) + LR,X8_AH,41,Integrated
Integrated-SelectFromModel (L1-LR selector) + LR,X8_AI,42,Integrated
Integrated-SelectFromModel (L1-LR selector) + LR,X8_AK,43,Integrated
Integrated-SelectFromModel (L1-LR selector) + LR,X8_AL,44,Integrated
Integrated-SelectFromModel (L1-LR selector) + LR,X8_AM,45,Integrated
Integrated-SelectFromModel (L1-LR selector) + LR,X8_AN,46,Integrated
Integrated-SelectFromModel (L1-LR selector) + LR,X8_AP,47,Integrated
Integrated-SelectFromModel (L1-LR selector) + LR,X8_AQ,48,Integrated
Integrated-SelectFromModel (L1-LR selector) + LR,X8_AR,49,Integrated
Integrated-SelectFromModel (L1-LR selector) + LR,X8_AS,50,Integrated
Integrated-SelectFromModel (L1-LR selector) + LR,X8_AT,51,Integrated
Integrated-SelectFromModel (L1-LR selector) + LR,X8_AV,52,Integrated
Integrated-SelectFromModel (L1-LR selector) + LR,X8_AW,53,Integrated
Integrated-SelectFromModel (L1-LR selector) + LR,X8_AY,54,Integrated
Integrated-SelectFromModel (L1-LR selector) + LR,X8_CC,55,Integrated
Integrated-SelectFromModel (L1-LR selector) + LR,X8_CD,56,Integrated
Integrated-SelectFromModel (L1-LR selector) + LR,X8_CE,57,Integrated
Integrated-SelectFromModel (L1-LR selector) + LR,X8_CF,58,Integrated
Integrated-SelectFromModel (L1-LR selector) + LR,X8_CG,59,Integrated
Integrated-SelectFromModel (L1-LR selector) + LR,X8_CH,60,Integrated
Integrated-SelectFromModel (L1-LR selector) + LR,X8_CI,61,Integrated
Integrated-SelectFromModel (L1-LR selector) + LR,X8_CK,62,Integrated
Integrated-SelectFromModel (L1-LR selector) + LR,X8_CL,63,Integrated
Integrated-SelectFromModel (L1-LR selector) + LR,X8_CM,64,Integrated
Integrated-SelectFromModel (L1-LR selector) + LR,X8_CN,65,Integrated
Integrated-SelectFromModel (L1-LR selector) + LR,X8_CP,66,Integrated
Integrated-SelectFromModel (L1-LR selector) + LR,X8_CQ,67,Integrated
Integrated-SelectFromModel (L1-LR selector) + LR,X8_CR,68,Integrated
Integrated-SelectFromModel (L1-LR selector) + LR,X8_CS,69,Integrated
Integrated-SelectFromModel (L1-LR selector) + LR,X8_CT,70,Integrated
Integrated-SelectFromModel (L1-LR selector) + LR,X8_CV,71,Integrated
Integrated-SelectFromModel (L1-LR selector) + LR,X8_CW,72,Integrated
Integrated-SelectFromModel (L1-LR selector) + LR,X8_CY,73,Integrated
Integrated-SelectFromModel (L1-LR selector) + LR,X8_DA,74,Integrated
Integrated-SelectFromModel (L1-LR selector) + LR,X8_DC,75,Integrated
Integrated-SelectFromModel (L1-LR selector) + LR,X8_DD,76,Integrated
Integrated-SelectFromModel (L1-LR selector) + LR,X8_DE,77,Integrated
Integrated-SelectFromModel (L1-LR selector) + LR,X8_DF,78,Integrated
Integrated-SelectFromModel (L1-LR selector) + LR,X8_DG,79,Integrated
Integrated-SelectFromModel (L1-LR selector) + LR,X8_DH,80,Integrated
Integrated-SelectFromModel (L1-LR selector) + LR,X8_DI,81,Integrated
Integrated-SelectFromModel (L1-LR selector) + LR,X8_DK,82,Integrated
Integrated-SelectFromModel (L1-LR selector) + LR,X8_DM,83,Integrated
Integrated-SelectFromModel (L1-LR selector) + LR,X8_DN,84,Integrated
Integrated-SelectFromModel (L1-LR selector) + LR,X8_DP,85,Integrated
Integrated-SelectFromModel (L1-LR selector) + LR,X8_DQ,86,Integrated
Integrated-SelectFromModel (L1-LR selector) + LR,X8_DR,87,Integrated
Integrated-SelectFromModel (L1-LR selector) + LR,X8_DS,88,Integrated
Integrated-SelectFromModel (L1-LR selector) + LR,X8_DT,89,Integrated
Integrated-SelectFromModel (L1-LR selector) + LR,X8_DV,90,Integrated
Integrated-SelectFromModel (L1-LR selector) + LR,X8_DW,91,Integrated
Integrated-SelectFromModel (L1-LR selector) + LR,X8_DY,92,Integrated
Integrated-SelectFromModel (L1-LR selector) + LR,X8_EA,93,Integrated
Integrated-SelectFromModel (L1-LR selector) + LR,X8_ED,94,Integrated
Integrated-SelectFromModel (L1-LR selector) + LR,X8_EE,95,Integrated
Integrated-SelectFromModel (L1-LR selector) + LR,X8_EF,96,Integrated
Integrated-SelectFromModel (L1-LR selector) + LR,X8_EG,97,Integrated
Integrated-SelectFromModel (L1-LR selector) + LR,X8_EI,98,Integrated
Integrated-SelectFromModel (L1-LR selector) + LR,X8_EL,99,Integrated
Integrated-SelectFromModel (L1-LR selector) + LR,X8_EM,100,Integrated
Integrated-SelectFromModel (L1-LR selector) + LR,X8_EN,101,Integrated
Integrated-SelectFromModel (L1-LR selector) + LR,X8_EP,102,Integrated
Integrated-SelectFromModel (L1-LR selector) + LR,X8_EQ,103,Integrated
Integrated-SelectFromModel (L1-LR selector) + LR,X8_ER,104,Integrated
Integrated-SelectFromModel (L1-LR selector) + LR,X8_ES,105,Integrated
Integrated-SelectFromModel (L1-LR selector) + LR,X8_ET,106,Integrated
Integrated-SelectFromModel (L1-LR selector) + LR,X8_EV,107,Integrated
Integrated-SelectFromModel (L1-LR selector) + LR,X8_EW,108,Integrated
Integrated-SelectFromModel (L1-LR selector) + LR,X8_EY,109,Integrated
Integrated-SelectFromModel (L1-LR selector) + LR,X8_FA,110,Integrated
Integrated-SelectFromModel (L1-LR selector) + LR,X8_FC,111,Integrated
Integrated-SelectFromModel (L1-LR selector) + LR,X8_FD,112,Integrated
Integrated-SelectFromModel (L1-LR selector) + LR,X8_FE,113,Integrated
Integrated-SelectFromModel (L1-LR selector) + LR,X8_FF,114,Integrated
Integrated-SelectFromModel (L1-LR selector) + LR,X8_FG,115,Integrated
Integrated-SelectFromModel (L1-LR selector) + LR,X8_FH,116,Integrated
Integrated-SelectFromModel (L1-LR selector) + LR,X8_FI,117,Integrated
Integrated-SelectFromModel (L1-LR selector) + LR,X8_FK,118,Integrated
Integrated-SelectFromModel (L1-LR selector) + LR,X8_FL,119,Integrated
Integrated-SelectFromModel (L1-LR selector) + LR,X8_FM,120,Integrated
Integrated-SelectFromModel (L1-LR selector) + LR,X8_FN,121,Integrated
Integrated-SelectFromModel (L1-LR selector) + LR,X8_FP,122,Integrated
Integrated-SelectFromModel (L1-LR selector) + LR,X8_FQ,123,Integrated
Integrated-SelectFromModel (L1-LR selector) + LR,X8_FR,124,Integrated
Integrated-SelectFromModel (L1-LR selector) + LR,X8_FS,125,Integrated
Integrated-SelectFromModel (L1-LR selector) + LR,X8_FT,126,Integrated
Integrated-SelectFromModel (L1-LR selector) + LR,X8_FV,127,Integrated
Integrated-SelectFromModel (L1-LR selector) + LR,X8_FW,128,Integrated
Integrated-SelectFromModel (L1-LR selector) + LR,X8_FY,129,Integrated
Integrated-SelectFromModel (L1-LR selector) + LR,X8_GA,130,Integrated
Integrated-SelectFromModel (L1-LR selector) + LR,X8_GC,131,Integrated
Integrated-SelectFromModel (L1-LR selector) + LR,X8_GD,132,Integrated
Integrated-SelectFromModel (L1-LR selector) + LR,X8_GE,133,Integrated
Integrated-SelectFromModel (L1-LR selector) + LR,X8_GF,134,Integrated
Integrated-SelectFromModel (L1-LR selector) + LR,X8_GG,135,Integrated
Integrated-SelectFromModel (L1-LR selector) + LR,X8_GI,136,Integrated
Integrated-SelectFromModel (L1-LR selector) + LR,X8_GK,137,Integrated
Integrated-SelectFromModel (L1-LR selector) + LR,X8_GL,138,Integrated
Integrated-SelectFromModel (L1-LR selector) + LR,X8_GM,139,Integrated
Integrated-SelectFromModel (L1-LR selector) + LR,X8_GN,140,Integrated
Integrated-SelectFromModel (L1-LR selector) + LR,X8_GP,141,Integrated
Integrated-SelectFromModel (L1-LR selector) + LR,X8_GQ,142,Integrated
Integrated-SelectFromModel (L1-LR selector) + LR,X8_GR,143,Integrated
Integrated-SelectFromModel (L1-LR selector) + LR,X8_GS,144,Integrated
Integrated-SelectFromModel (L1-LR selector) + LR,X8_GT,145,Integrated
Integrated-SelectFromModel (L1-LR selector) + LR,X8_GV,146,Integrated
Integrated-SelectFromModel (L1-LR selector) + LR,X8_GW,147,Integrated
Integrated-SelectFromModel (L1-LR selector) + LR,X8_GY,148,Integrated
Integrated-SelectFromModel (L1-LR selector) + LR,X8_HA,149,Integrated
Integrated-SelectFromModel (L1-LR selector) + LR,X8_HC,150,Integrated
Integrated-SelectFromModel (L1-LR selector) + LR,X8_HD,151,Integrated
Integrated-SelectFromModel (L1-LR selector) + LR,X8_HE,152,Integrated
Integrated-SelectFromModel (L1-LR selector) + LR,X8_HG,153,Integrated
Integrated-SelectFromModel (L1-LR selector) + LR,X8_HH,154,Integrated
Integrated-SelectFromModel (L1-LR selector) + LR,X8_HK,155,Integrated
Integrated-SelectFromModel (L1-LR selector) + LR,X8_HL,156,Integrated
Integrated-SelectFromModel (L1-LR selector) + LR,X8_HN,157,Integrated
Integrated-SelectFromModel (L1-LR selector) + LR,X8_HP,158,Integrated
Integrated-SelectFromModel (L1-LR selector) + LR,X8_HQ,159,Integrated
Integrated-SelectFromModel (L1-LR selector) + LR,X8_HR,160,Integrated
Integrated-SelectFromModel (L1-LR selector) + LR,X8_HS,161,Integrated
Integrated-SelectFromModel (L1-LR selector) + LR,X8_HT,162,Integrated
Integrated-SelectFromModel (L1-LR selector) + LR,X8_HV,163,Integrated
Integrated-SelectFromModel (L1-LR selector) + LR,X8_HW,164,Integrated
Integrated-SelectFromModel (L1-LR selector) + LR,X8_IA,165,Integrated
Integrated-SelectFromModel (L1-LR selector) + LR,X8_IC,166,Integrated
Integrated-SelectFromModel (L1-LR selector) + LR,X8_ID,167,Integrated
Integrated-SelectFromModel (L1-LR selector) + LR,X8_IE,168,Integrated
Integrated-SelectFromModel (L1-LR selector) + LR,X8_IF,169,Integrated
Integrated-SelectFromModel (L1-LR selector) + LR,X8_IG,170,Integrated
Integrated-SelectFromModel (L1-LR selector) + LR,X8_IH,171,Integrated
Integrated-SelectFromModel (L1-LR selector) + LR,X8_II,172,Integrated
Integrated-SelectFromModel (L1-LR selector) + LR,X8_IK,173,Integrated
Integrated-SelectFromModel (L1-LR selector) + LR,X8_IL,174,Integrated
Integrated-SelectFromModel (L1-LR selector) + LR,X8_IM,175,Integrated
Integrated-SelectFromModel (L1-LR selector) + LR,X8_IN,176,Integrated
Integrated-SelectFromModel (L1-LR selector) + LR,X8_IP,177,Integrated
Integrated-SelectFromModel (L1-LR selector) + LR,X8_IQ,178,Integrated
Integrated-SelectFromModel (L1-LR selector) + LR,X8_IR,179,Integrated
Integrated-SelectFromModel (L1-LR selector) + LR,X8_IS,180,Integrated
Integrated-SelectFromModel (L1-LR selector) + LR,X8_IT,181,Integrated
Integrated-SelectFromModel (L1-LR selector) + LR,X8_IV,182,Integrated
Integrated-SelectFromModel (L1-LR selector) + LR,X8_IW,183,Integrated
Integrated-SelectFromModel (L1-LR selector) + LR,X8_IY,184,Integrated
Integrated-SelectFromModel (L1-LR selector) + LR,X8_KA,185,Integrated
Integrated-SelectFromModel (L1-LR selector) + LR,X8_KC,186,Integrated
Integrated-SelectFromModel (L1-LR selector) + LR,X8_KD,187,Integrated
Integrated-SelectFromModel (L1-LR selector) + LR,X8_KF,188,Integrated
Integrated-SelectFromModel (L1-LR selector) + LR,X8_KG,189,Integrated
Integrated-SelectFromModel (L1-LR selector) + LR,X8_KI,190,Integrated
Integrated-SelectFromModel (L1-LR selector) + LR,X8_KK,191,Integrated
Integrated-SelectFromModel (L1-LR selector) + LR,X8_KL,192,Integrated
Integrated-SelectFromModel (L1-LR selector) + LR,X8_KM,193,Integrated
Integrated-SelectFromModel (L1-LR selector) + LR,X8_KN,194,Integrated
Integrated-SelectFromModel (L1-LR selector) + LR,X8_KQ,195,Integrated
Integrated-SelectFromModel (L1-LR selector) + LR,X8_KR,196,Integrated
Integrated-SelectFromModel (L1-LR selector) + LR,X8_KS,197,Integrated
Integrated-SelectFromModel (L1-LR selector) + LR,X8_KT,198,Integrated
Integrated-SelectFromModel (L1-LR selector) + LR,X8_KV,199,Integrated
Integrated-SelectFromModel (L1-LR selector) + LR,X8_KW,200,Integrated
Integrated-SelectFromModel (L1-LR selector) + LR,X8_KY,201,Integrated
Integrated-SelectFromModel (L1-LR selector) + LR,X8_LA,202,Integrated
Integrated-SelectFromModel (L1-LR selector) + LR,X8_LC,203,Integrated
Integrated-SelectFromModel (L1-LR selector) + LR,X8_LD,204,Integrated
Integrated-SelectFromModel (L1-LR selector) + LR,X8_LE,205,Integrated
Integrated-SelectFromModel (L1-LR selector) + LR,X8_LF,206,Integrated
Integrated-SelectFromModel (L1-LR selector) + LR,X8_LG,207,Integrated
Integrated-SelectFromModel (L1-LR selector) + LR,X8_LH,208,Integrated
Integrated-SelectFromModel (L1-LR selector) + LR,X8_LI,209,Integrated
Integrated-SelectFromModel (L1-LR selector) + LR,X8_LK,210,Integrated
Integrated-SelectFromModel (L1-LR selector) + LR,X8_LL,211,Integrated
Integrated-SelectFromModel (L1-LR selector) + LR,X8_LM,212,Integrated
Integrated-SelectFromModel (L1-LR selector) + LR,X8_LN,213,Integrated
Integrated-SelectFromModel (L1-LR selector) + LR,X8_LP,214,Integrated
Integrated-SelectFromModel (L1-LR selector) + LR,X8_LQ,215,Integrated
Integrated-SelectFromModel (L1-LR selector) + LR,X8_LR,216,Integrated
Integrated-SelectFromModel (L1-LR selector) + LR,X8_LS,217,Integrated
Integrated-SelectFromModel (L1-LR selector) + LR,X8_LT,218,Integrated
Integrated-SelectFromModel (L1-LR selector) + LR,X8_LV,219,Integrated
Integrated-SelectFromModel (L1-LR selector) + LR,X8_LW,220,Integrated
Integrated-SelectFromModel (L1-LR selector) + LR,X8_LY,221,Integrated
Integrated-SelectFromModel (L1-LR selector) + LR,X8_MA,222,Integrated
Integrated-SelectFromModel (L1-LR selector) + LR,X8_MC,223,Integrated
Integrated-SelectFromModel (L1-LR selector) + LR,X8_MD,224,Integrated
Integrated-SelectFromModel (L1-LR selector) + LR,X8_MF,225,Integrated
Integrated-SelectFromModel (L1-LR selector) + LR,X8_MG,226,Integrated
Integrated-SelectFromModel (L1-LR selector) + LR,X8_MH,227,Integrated
Integrated-SelectFromModel (L1-LR selector) + LR,X8_MI,228,Integrated
Integrated-SelectFromModel (L1-LR selector) + LR,X8_MK,229,Integrated
Integrated-SelectFromModel (L1-LR selector) + LR,X8_ML,230,Integrated
Integrated-SelectFromModel (L1-LR selector) + LR,X8_MM,231,Integrated
Integrated-SelectFromModel (L1-LR selector) + LR,X8_MN,232,Integrated
Integrated-SelectFromModel (L1-LR selector) + LR,X8_MP,233,Integrated
Integrated-SelectFromModel (L1-LR selector) + LR,X8_MQ,234,Integrated
Integrated-SelectFromModel (L1-LR selector) + LR,X8_MR,235,Integrated
Integrated-SelectFromModel (L1-LR selector) + LR,X8_MS,236,Integrated
Integrated-SelectFromModel (L1-LR selector) + LR,X8_MT,237,Integrated
Integrated-SelectFromModel (L1-LR selector) + LR,X8_MW,238,Integrated
Integrated-SelectFromModel (L1-LR selector) + LR,X8_MY,239,Integrated
Integrated-SelectFromModel (L1-LR selector) + LR,X8_NA,240,Integrated
Integrated-SelectFromModel (L1-LR selector) + LR,X8_NC,241,Integrated
Integrated-SelectFromModel (L1-LR selector) + LR,X8_ND,242,Integrated
Integrated-SelectFromModel (L1-LR selector) + LR,X8_NE,243,Integrated
Integrated-SelectFromModel (L1-LR selector) + LR,X8_NF,244,Integrated
Integrated-SelectFromModel (L1-LR selector) + LR,X8_NG,245,Integrated
Integrated-SelectFromModel (L1-LR selector) + LR,X8_NH,246,Integrated
Integrated-SelectFromModel (L1-LR selector) + LR,X8_NK,247,Integrated
Integrated-SelectFromModel (L1-LR selector) + LR,X8_NL,248,Integrated
Integrated-SelectFromModel (L1-LR selector) + LR,X8_NM,249,Integrated
Integrated-SelectFromModel (L1-LR selector) + LR,X8_NN,250,Integrated
Integrated-SelectFromModel (L1-LR selector) + LR,X8_NP,251,Integrated
Integrated-SelectFromModel (L1-LR selector) + LR,X8_NQ,252,Integrated
Integrated-SelectFromModel (L1-LR selector) + LR,X8_NR,253,Integrated
Integrated-SelectFromModel (L1-LR selector) + LR,X8_NS,254,Integrated
Integrated-SelectFromModel (L1-LR selector) + LR,X8_NT,255,Integrated
Integrated-SelectFromModel (L1-LR selector) + LR,X8_NV,256,Integrated
Integrated-SelectFromModel (L1-LR selector) + LR,X8_NW,257,Integrated
Integrated-SelectFromModel (L1-LR selector) + LR,X8_NY,258,Integrated
Integrated-SelectFromModel (L1-LR selector) + LR,X8_PA,259,Integrated
Integrated-SelectFromModel (L1-LR selector) + LR,X8_PC,260,Integrated
Integrated-SelectFromModel (L1-LR selector) + LR,X8_PD,261,Integrated
Integrated-SelectFromModel (L1-LR selector) + LR,X8_PE,262,Integrated
Integrated-SelectFromModel (L1-LR selector) + LR,X8_PF,263,Integrated
Integrated-SelectFromModel (L1-LR selector) + LR,X8_PG,264,Integrated
Integrated-SelectFromModel (L1-LR selector) + LR,X8_PH,265,Integrated
Integrated-SelectFromModel (L1-LR selector) + LR,X8_PI,266,Integrated
Integrated-SelectFromModel (L1-LR selector) + LR,X8_PK,267,Integrated
Integrated-SelectFromModel (L1-LR selector) + LR,X8_PL,268,Integrated
Integrated-SelectFromModel (L1-LR selector) + LR,X8_PM,269,Integrated
Integrated-SelectFromModel (L1-LR selector) + LR,X8_PN,270,Integrated
Integrated-SelectFromModel (L1-LR selector) + LR,X8_PP,271,Integrated
Integrated-SelectFromModel (L1-LR selector) + LR,X8_PQ,272,Integrated
Integrated-SelectFromModel (L1-LR selector) + LR,X8_PR,273,Integrated
Integrated-SelectFromModel (L1-LR selector) + LR,X8_PS,274,Integrated
Integrated-SelectFromModel (L1-LR selector) + LR,X8_PT,275,Integrated
Integrated-SelectFromModel (L1-LR selector) + LR,X8_PV,276,Integrated
Integrated-SelectFromModel (L1-LR selector) + LR,X8_PW,277,Integrated
Integrated-SelectFromModel (L1-LR selector) + LR,X8_PY,278,Integrated
Integrated-SelectFromModel (L1-LR selector) + LR,X8_QA,279,Integrated
Integrated-SelectFromModel (L1-LR selector) + LR,X8_QC,280,Integrated
Integrated-SelectFromModel (L1-LR selector) + LR,X8_QD,281,Integrated
Integrated-SelectFromModel (L1-LR selector) + LR,X8_QE,282,Integrated
Integrated-SelectFromModel (L1-LR selector) + LR,X8_QF,283,Integrated
Integrated-SelectFromModel (L1-LR selector) + LR,X8_QG,284,Integrated
Integrated-SelectFromModel (L1-LR selector) + LR,X8_QI,285,Integrated
Integrated-SelectFromModel (L1-LR selector) + LR,X8_QK,286,Integrated
Integrated-SelectFromModel (L1-LR selector) + LR,X8_QM,287,Integrated
Integrated-SelectFromModel (L1-LR selector) + LR,X8_QN,288,Integrated
Integrated-SelectFromModel (L1-LR selector) + LR,X8_QP,289,Integrated
Integrated-SelectFromModel (L1-LR selector) + LR,X8_QQ,290,Integrated
Integrated-SelectFromModel (L1-LR selector) + LR,X8_QR,291,Integrated
Integrated-SelectFromModel (L1-LR selector) + LR,X8_QS,292,Integrated
Integrated-SelectFromModel (L1-LR selector) + LR,X8_QV,293,Integrated
Integrated-SelectFromModel (L1-LR selector) + LR,X8_QW,294,Integrated
Integrated-SelectFromModel (L1-LR selector) + LR,X8_QY,295,Integrated
Integrated-SelectFromModel (L1-LR selector) + LR,X8_RA,296,Integrated
Integrated-SelectFromModel (L1-LR selector) + LR,X8_RC,297,Integrated
Integrated-SelectFromModel (L1-LR selector) + LR,X8_RD,298,Integrated
Integrated-SelectFromModel (L1-LR selector) + LR,X8_RE,299,Integrated
Integrated-SelectFromModel (L1-LR selector) + LR,X8_RF,300,Integrated
Integrated-SelectFromModel (L1-LR selector) + LR,X8_RH,301,Integrated
Integrated-SelectFromModel (L1-LR selector) + LR,X8_RI,302,Integrated
Integrated-SelectFromModel (L1-LR selector) + LR,X8_RK,303,Integrated
Integrated-SelectFromModel (L1-LR selector) + LR,X8_RL,304,Integrated
Integrated-SelectFromModel (L1-LR selector) + LR,X8_RM,305,Integrated
Integrated-SelectFromModel (L1-LR selector) + LR,X8_RN,306,Integrated
Integrated-SelectFromModel (L1-LR selector) + LR,X8_RP,307,Integrated
Integrated-SelectFromModel (L1-LR selector) + LR,X8_RQ,308,Integrated
Integrated-SelectFromModel (L1-LR selector) + LR,X8_RR,309,Integrated
Integrated-SelectFromModel (L1-LR selector) + LR,X8_RS,310,Integrated
Integrated-SelectFromModel (L1-LR selector) + LR,X8_RT,311,Integrated
Integrated-SelectFromModel (L1-LR selector) + LR,X8_RV,312,Integrated
Integrated-SelectFromModel (L1-LR selector) + LR,X8_RW,313,Integrated
Integrated-SelectFromModel (L1-LR selector) + LR,X8_RY,314,Integrated
Integrated-SelectFromModel (L1-LR selector) + LR,X8_SA,315,Integrated
Integrated-SelectFromModel (L1-LR selector) + LR,X8_SC,316,Integrated
Integrated-SelectFromModel (L1-LR selector) + LR,X8_SD,317,Integrated
Integrated-SelectFromModel (L1-LR selector) + LR,X8_SE,318,Integrated
Integrated-SelectFromModel (L1-LR selector) + LR,X8_SF,319,Integrated
Integrated-SelectFromModel (L1-LR selector) + LR,X8_SG,320,Integrated
Integrated-SelectFromModel (L1-LR selector) + LR,X8_SH,321,Integrated
Integrated-SelectFromModel (L1-LR selector) + LR,X8_SI,322,Integrated
Integrated-SelectFromModel (L1-LR selector) + LR,X8_SK,323,Integrated
Integrated-SelectFromModel (L1-LR selector) + LR,X8_SL,324,Integrated
Integrated-SelectFromModel (L1-LR selector) + LR,X8_SM,325,Integrated
Integrated-SelectFromModel (L1-LR selector) + LR,X8_SN,326,Integrated
Integrated-SelectFromModel (L1-LR selector) + LR,X8_SP,327,Integrated
Integrated-SelectFromModel (L1-LR selector) + LR,X8_SR,328,Integrated
Integrated-SelectFromModel (L1-LR selector) + LR,X8_ST,329,Integrated
Integrated-SelectFromModel (L1-LR selector) + LR,X8_SV,330,Integrated
Integrated-SelectFromModel (L1-LR selector) + LR,X8_SW,331,Integrated
Integrated-SelectFromModel (L1-LR selector) + LR,X8_SY,332,Integrated
Integrated-SelectFromModel (L1-LR selector) + LR,X8_TA,333,Integrated
Integrated-SelectFromModel (L1-LR selector) + LR,X8_TC,334,Integrated
Integrated-SelectFromModel (L1-LR selector) + LR,X8_TD,335,Integrated
Integrated-SelectFromModel (L1-LR selector) + LR,X8_TE,336,Integrated
Integrated-SelectFromModel (L1-LR selector) + LR,X8_TF,337,Integrated
Integrated-SelectFromModel (L1-LR selector) + LR,X8_TG,338,Integrated
Integrated-SelectFromModel (L1-LR selector) + LR,X8_TH,339,Integrated
Integrated-SelectFromModel (L1-LR selector) + LR,X8_TI,340,Integrated
Integrated-SelectFromModel (L1-LR selector) + LR,X8_TK,341,Integrated
Integrated-SelectFromModel (L1-LR selector) + LR,X8_TL,342,Integrated
Integrated-SelectFromModel (L1-LR selector) + LR,X8_TM,343,Integrated
Integrated-SelectFromModel (L1-LR selector) + LR,X8_TP,344,Integrated
Integrated-SelectFromModel (L1-LR selector) + LR,X8_TQ,345,Integrated
Integrated-SelectFromModel (L1-LR selector) + LR,X8_TR,346,Integrated
Integrated-SelectFromModel (L1-LR selector) + LR,X8_TS,347,Integrated
Integrated-SelectFromModel (L1-LR selector) + LR,X8_TT,348,Integrated
Integrated-SelectFromModel (L1-LR selector) + LR,X8_TV,349,Integrated
Integrated-SelectFromModel (L1-LR selector) + LR,X8_TW,350,Integrated
Integrated-SelectFromModel (L1-LR selector) + LR,X8_TY,351,Integrated
Integrated-SelectFromModel (L1-LR selector) + LR,X8_VA,352,Integrated
Integrated-SelectFromModel (L1-LR selector) + LR,X8_VC,353,Integrated
Integrated-SelectFromModel (L1-LR selector) + LR,X8_VD,354,Integrated
Integrated-SelectFromModel (L1-LR selector) + LR,X8_VF,355,Integrated
Integrated-SelectFromModel (L1-LR selector) + LR,X8_VG,356,Integrated
Integrated-SelectFromModel (L1-LR selector) + LR,X8_VH,357,Integrated
Integrated-SelectFromModel (L1-LR selector) + LR,X8_VI,358,Integrated
Integrated-SelectFromModel (L1-LR selector) + LR,X8_VK,359,Integrated
Integrated-SelectFromModel (L1-LR selector) + LR,X8_VL,360,Integrated
Integrated-SelectFromModel (L1-LR selector) + LR,X8_VM,361,Integrated
Integrated-SelectFromModel (L1-LR selector) + LR,X8_VN,362,Integrated
Integrated-SelectFromModel (L1-LR selector) + LR,X8_VP,363,Integrated
Integrated-SelectFromModel (L1-LR selector) + LR,X8_VQ,364,Integrated
Integrated-SelectFromModel (L1-LR selector) + LR,X8_VR,365,Integrated
Integrated-SelectFromModel (L1-LR selector) + LR,X8_VS,366,Integrated
Integrated-SelectFromModel (L1-LR selector) + LR,X8_VT,367,Integrated
Integrated-SelectFromModel (L1-LR selector) + LR,X8_VV,368,Integrated
Integrated-SelectFromModel (L1-LR selector) + LR,X8_VW,369,Integrated
Integrated-SelectFromModel (L1-LR selector) + LR,X8_VY,370,Integrated
Integrated-SelectFromModel (L1-LR selector) + LR,X8_WA,371,Integrated
Integrated-SelectFromModel (L1-LR selector) + LR,X8_WC,372,Integrated
Integrated-SelectFromModel (L1-LR selector) + LR,X8_WD,373,Integrated
Integrated-SelectFromModel (L1-LR selector) + LR,X8_WE,374,Integrated
Integrated-SelectFromModel (L1-LR selector) + LR,X8_WF,375,Integrated
Integrated-SelectFromModel (L1-LR selector) + LR,X8_WG,376,Integrated
Integrated-SelectFromModel (L1-LR selector) + LR,X8_WH,377,Integrated
Integrated-SelectFromModel (L1-LR selector) + LR,X8_WI,378,Integrated
Integrated-SelectFromModel (L1-LR selector) + LR,X8_WK,379,Integrated
Integrated-SelectFromModel (L1-LR selector) + LR,X8_WL,380,Integrated
Integrated-SelectFromModel (L1-LR selector) + LR,X8_WM,381,Integrated
Integrated-SelectFromModel (L1-LR selector) + LR,X8_WN,382,Integrated
Integrated-SelectFromModel (L1-LR selector) + LR,X8_WP,383,Integrated
Integrated-SelectFromModel (L1-LR selector) + LR,X8_WQ,384,Integrated
Integrated-SelectFromModel (L1-LR selector) + LR,X8_WR,385,Integrated
Integrated-SelectFromModel (L1-LR selector) + LR,X8_WS,386,Integrated
Integrated-SelectFromModel (L1-LR selector) + LR,X8_WT,387,Integrated
Integrated-SelectFromModel (L1-LR selector) + LR,X8_WV,388,Integrated
Integrated-SelectFromModel (L1-LR selector) + LR,X8_WY,389,Integrated
Integrated-SelectFromModel (L1-LR selector) + LR,X8_YA,390,Integrated
Integrated-SelectFromModel (L1-LR selector) + LR,X8_YC,391,Integrated
Integrated-SelectFromModel (L1-LR selector) + LR,X8_YD,392,Integrated
Integrated-SelectFromModel (L1-LR selector) + LR,X8_YE,393,Integrated
Integrated-SelectFromModel (L1-LR selector) + LR,X8_YH,394,Integrated
Integrated-SelectFromModel (L1-LR selector) + LR,X8_YI,395,Integrated
Integrated-SelectFromModel (L1-LR selector) + LR,X8_YK,396,Integrated
Integrated-SelectFromModel (L1-LR selector) + LR,X8_YL,397,Integrated
Integrated-SelectFromModel (L1-LR selector) + LR,X8_YM,398,Integrated
Integrated-SelectFromModel (L1-LR selector) + LR,X8_YN,399,Integrated
Integrated-SelectFromModel (L1-LR selector) + LR,X8_YP,400,Integrated
Integrated-SelectFromModel (L1-LR selector) + LR,X8_YQ,401,Integrated
Integrated-SelectFromModel (L1-LR selector) + LR,X8_YR,402,Integrated
Integrated-SelectFromModel (L1-LR selector) + LR,X8_YT,403,Integrated
Integrated-SelectFromModel (L1-LR selector) + LR,X8_YV,404,Integrated
Integrated-SelectFromModel (L1-LR selector) + LR,X8_YW,405,Integrated
Integrated-SelectFromModel (L1-LR selector) + LR,X8_YY,406,Integrated
Integrated-SelectFromModel (L1-LR selector) + LR,acidic_group,407,Integrated
Integrated-SelectFromModel (L1-LR selector) + LR,aliphatic_group,408,Integrated
Integrated-SelectFromModel (L1-LR selector) + LR,aromatic_group,409,Integrated
Integrated-SelectFromModel (L1-LR selector) + LR,charged_group,410,Integrated
Integrated-SelectFromModel (L1-LR selector) + LR,cruciani_prp1,411,Integrated
Integrated-SelectFromModel (L1-LR selector) + LR,instability_index,412,Integrated
Integrated-SelectFromModel (L1-LR selector) + LR,isoelectric_point,413,Integrated
Integrated-SelectFromModel (L1-LR selector) + LR,peptide_len,414,Integrated
Integrated-SelectFromModel (L1-LR selector) + LR,polar_group,415,Integrated
Integrated-SelectFromModel (L1-LR selector) + LR,tiny_group,416,Integrated
Integrated-SelectFromModel (L1-LR selector) + SVM,X4_A,1,Integrated
Integrated-SelectFromModel (L1-LR selector) + SVM,X4_C,2,Integrated
Integrated-SelectFromModel (L1-LR selector) + SVM,X4_D,3,Integrated
Integrated-SelectFromModel (L1-LR selector) + SVM,X4_E,4,Integrated
Integrated-SelectFromModel (L1-LR selector) + SVM,X4_F,5,Integrated
Integrated-SelectFromModel (L1-LR selector) + SVM,X4_G,6,Integrated
Integrated-SelectFromModel (L1-LR selector) + SVM,X4_H,7,Integrated
Integrated-SelectFromModel (L1-LR selector) + SVM,X4_I,8,Integrated
Integrated-SelectFromModel (L1-LR selector) + SVM,X4_K,9,Integrated
Integrated-SelectFromModel (L1-LR selector) + SVM,X4_L,10,Integrated
Integrated-SelectFromModel (L1-LR selector) + SVM,X4_M,11,Integrated
Integrated-SelectFromModel (L1-LR selector) + SVM,X4_N,12,Integrated
Integrated-SelectFromModel (L1-LR selector) + SVM,X4_P,13,Integrated
Integrated-SelectFromModel (L1-LR selector) + SVM,X4_Q,14,Integrated
Integrated-SelectFromModel (L1-LR selector) + SVM,X4_R,15,Integrated
Integrated-SelectFromModel (L1-LR selector) + SVM,X4_S,16,Integrated
Integrated-SelectFromModel (L1-LR selector) + SVM,X4_T,17,Integrated
Integrated-SelectFromModel (L1-LR selector) + SVM,X4_V,18,Integrated
Integrated-SelectFromModel (L1-LR selector) + SVM,X4_W,19,Integrated
Integrated-SelectFromModel (L1-LR selector) + SVM,X4_Y,20,Integrated
Integrated-SelectFromModel (L1-LR selector) + SVM,X5_A,21,Integrated
Integrated-SelectFromModel (L1-LR selector) + SVM,X5_C,22,Integrated
Integrated-SelectFromModel (L1-LR selector) + SVM,X5_D,23,Integrated
Integrated-SelectFromModel (L1-LR selector) + SVM,X5_G,24,Integrated
Integrated-SelectFromModel (L1-LR selector) + SVM,X5_H,25,Integrated
Integrated-SelectFromModel (L1-LR selector) + SVM,X5_I,26,Integrated
Integrated-SelectFromModel (L1-LR selector) + SVM,X5_K,27,Integrated
Integrated-SelectFromModel (L1-LR selector) + SVM,X5_M,28,Integrated
Integrated-SelectFromModel (L1-LR selector) + SVM,X5_N,29,Integrated
Integrated-SelectFromModel (L1-LR selector) + SVM,X5_P,30,Integrated
Integrated-SelectFromModel (L1-LR selector) + SVM,X5_S,31,Integrated
Integrated-SelectFromModel (L1-LR selector) + SVM,X5_V,32,Integrated
Integrated-SelectFromModel (L1-LR selector) + SVM,X5_W,33,Integrated
Integrated-SelectFromModel (L1-LR selector) + SVM,X5_Y,34,Integrated
Integrated-SelectFromModel (L1-LR selector) + SVM,X8_AA,35,Integrated
Integrated-SelectFromModel (L1-LR selector) + SVM,X8_AC,36,Integrated
Integrated-SelectFromModel (L1-LR selector) + SVM,X8_AD,37,Integrated
Integrated-SelectFromModel (L1-LR selector) + SVM,X8_AE,38,Integrated
Integrated-SelectFromModel (L1-LR selector) + SVM,X8_AF,39,Integrated
Integrated-SelectFromModel (L1-LR selector) + SVM,X8_AG,40,Integrated
Integrated-SelectFromModel (L1-LR selector) + SVM,X8_AH,41,Integrated
Integrated-SelectFromModel (L1-LR selector) + SVM,X8_AI,42,Integrated
Integrated-SelectFromModel (L1-LR selector) + SVM,X8_AK,43,Integrated
Integrated-SelectFromModel (L1-LR selector) + SVM,X8_AL,44,Integrated
Integrated-SelectFromModel (L1-LR selector) + SVM,X8_AM,45,Integrated
Integrated-SelectFromModel (L1-LR selector) + SVM,X8_AN,46,Integrated
Integrated-SelectFromModel (L1-LR selector) + SVM,X8_AP,47,Integrated
Integrated-SelectFromModel (L1-LR selector) + SVM,X8_AQ,48,Integrated
Integrated-SelectFromModel (L1-LR selector) + SVM,X8_AR,49,Integrated
Integrated-SelectFromModel (L1-LR selector) + SVM,X8_AS,50,Integrated
Integrated-SelectFromModel (L1-LR selector) + SVM,X8_AT,51,Integrated
Integrated-SelectFromModel (L1-LR selector) + SVM,X8_AV,52,Integrated
Integrated-SelectFromModel (L1-LR selector) + SVM,X8_AW,53,Integrated
Integrated-SelectFromModel (L1-LR selector) + SVM,X8_AY,54,Integrated
Integrated-SelectFromModel (L1-LR selector) + SVM,X8_CC,55,Integrated
Integrated-SelectFromModel (L1-LR selector) + SVM,X8_CD,56,Integrated
Integrated-SelectFromModel (L1-LR selector) + SVM,X8_CE,57,Integrated
Integrated-SelectFromModel (L1-LR selector) + SVM,X8_CF,58,Integrated
Integrated-SelectFromModel (L1-LR selector) + SVM,X8_CG,59,Integrated
Integrated-SelectFromModel (L1-LR selector) + SVM,X8_CH,60,Integrated
Integrated-SelectFromModel (L1-LR selector) + SVM,X8_CI,61,Integrated
Integrated-SelectFromModel (L1-LR selector) + SVM,X8_CK,62,Integrated
Integrated-SelectFromModel (L1-LR selector) + SVM,X8_CL,63,Integrated
Integrated-SelectFromModel (L1-LR selector) + SVM,X8_CM,64,Integrated
Integrated-SelectFromModel (L1-LR selector) + SVM,X8_CN,65,Integrated
Integrated-SelectFromModel (L1-LR selector) + SVM,X8_CP,66,Integrated
Integrated-SelectFromModel (L1-LR selector) + SVM,X8_CQ,67,Integrated
Integrated-SelectFromModel (L1-LR selector) + SVM,X8_CR,68,Integrated
Integrated-SelectFromModel (L1-LR selector) + SVM,X8_CS,69,Integrated
Integrated-SelectFromModel (L1-LR selector) + SVM,X8_CT,70,Integrated
Integrated-SelectFromModel (L1-LR selector) + SVM,X8_CV,71,Integrated
Integrated-SelectFromModel (L1-LR selector) + SVM,X8_CW,72,Integrated
Integrated-SelectFromModel (L1-LR selector) + SVM,X8_CY,73,Integrated
Integrated-SelectFromModel (L1-LR selector) + SVM,X8_DA,74,Integrated
Integrated-SelectFromModel (L1-LR selector) + SVM,X8_DC,75,Integrated
Integrated-SelectFromModel (L1-LR selector) + SVM,X8_DD,76,Integrated
Integrated-SelectFromModel (L1-LR selector) + SVM,X8_DE,77,Integrated
Integrated-SelectFromModel (L1-LR selector) + SVM,X8_DF,78,Integrated
Integrated-SelectFromModel (L1-LR selector) + SVM,X8_DG,79,Integrated
Integrated-SelectFromModel (L1-LR selector) + SVM,X8_DH,80,Integrated
Integrated-SelectFromModel (L1-LR selector) + SVM,X8_DI,81,Integrated
Integrated-SelectFromModel (L1-LR selector) + SVM,X8_DK,82,Integrated
Integrated-SelectFromModel (L1-LR selector) + SVM,X8_DM,83,Integrated
Integrated-SelectFromModel (L1-LR selector) + SVM,X8_DN,84,Integrated
Integrated-SelectFromModel (L1-LR selector) + SVM,X8_DP,85,Integrated
Integrated-SelectFromModel (L1-LR selector) + SVM,X8_DQ,86,Integrated
Integrated-SelectFromModel (L1-LR selector) + SVM,X8_DR,87,Integrated
Integrated-SelectFromModel (L1-LR selector) + SVM,X8_DS,88,Integrated
Integrated-SelectFromModel (L1-LR selector) + SVM,X8_DT,89,Integrated
Integrated-SelectFromModel (L1-LR selector) + SVM,X8_DV,90,Integrated
Integrated-SelectFromModel (L1-LR selector) + SVM,X8_DW,91,Integrated
Integrated-SelectFromModel (L1-LR selector) + SVM,X8_DY,92,Integrated
Integrated-SelectFromModel (L1-LR selector) + SVM,X8_EA,93,Integrated
Integrated-SelectFromModel (L1-LR selector) + SVM,X8_ED,94,Integrated
Integrated-SelectFromModel (L1-LR selector) + SVM,X8_EE,95,Integrated
Integrated-SelectFromModel (L1-LR selector) + SVM,X8_EF,96,Integrated
Integrated-SelectFromModel (L1-LR selector) + SVM,X8_EG,97,Integrated
Integrated-SelectFromModel (L1-LR selector) + SVM,X8_EI,98,Integrated
Integrated-SelectFromModel (L1-LR selector) + SVM,X8_EL,99,Integrated
Integrated-SelectFromModel (L1-LR selector) + SVM,X8_EM,100,Integrated
Integrated-SelectFromModel (L1-LR selector) + SVM,X8_EN,101,Integrated
Integrated-SelectFromModel (L1-LR selector) + SVM,X8_EP,102,Integrated
Integrated-SelectFromModel (L1-LR selector) + SVM,X8_EQ,103,Integrated
Integrated-SelectFromModel (L1-LR selector) + SVM,X8_ER,104,Integrated
Integrated-SelectFromModel (L1-LR selector) + SVM,X8_ES,105,Integrated
Integrated-SelectFromModel (L1-LR selector) + SVM,X8_ET,106,Integrated
Integrated-SelectFromModel (L1-LR selector) + SVM,X8_EV,107,Integrated
Integrated-SelectFromModel (L1-LR selector) + SVM,X8_EW,108,Integrated
Integrated-SelectFromModel (L1-LR selector) + SVM,X8_EY,109,Integrated
Integrated-SelectFromModel (L1-LR selector) + SVM,X8_FA,110,Integrated
Integrated-SelectFromModel (L1-LR selector) + SVM,X8_FC,111,Integrated
Integrated-SelectFromModel (L1-LR selector) + SVM,X8_FD,112,Integrated
Integrated-SelectFromModel (L1-LR selector) + SVM,X8_FE,113,Integrated
Integrated-SelectFromModel (L1-LR selector) + SVM,X8_FF,114,Integrated
Integrated-SelectFromModel (L1-LR selector) + SVM,X8_FG,115,Integrated
Integrated-SelectFromModel (L1-LR selector) + SVM,X8_FH,116,Integrated
Integrated-SelectFromModel (L1-LR selector) + SVM,X8_FI,117,Integrated
Integrated-SelectFromModel (L1-LR selector) + SVM,X8_FK,118,Integrated
Integrated-SelectFromModel (L1-LR selector) + SVM,X8_FL,119,Integrated
Integrated-SelectFromModel (L1-LR selector) + SVM,X8_FM,120,Integrated
Integrated-SelectFromModel (L1-LR selector) + SVM,X8_FN,121,Integrated
Integrated-SelectFromModel (L1-LR selector) + SVM,X8_FP,122,Integrated
Integrated-SelectFromModel (L1-LR selector) + SVM,X8_FQ,123,Integrated
Integrated-SelectFromModel (L1-LR selector) + SVM,X8_FR,124,Integrated
Integrated-SelectFromModel (L1-LR selector) + SVM,X8_FS,125,Integrated
Integrated-SelectFromModel (L1-LR selector) + SVM,X8_FT,126,Integrated
Integrated-SelectFromModel (L1-LR selector) + SVM,X8_FV,127,Integrated
Integrated-SelectFromModel (L1-LR selector) + SVM,X8_FW,128,Integrated
Integrated-SelectFromModel (L1-LR selector) + SVM,X8_FY,129,Integrated
Integrated-SelectFromModel (L1-LR selector) + SVM,X8_GA,130,Integrated
Integrated-SelectFromModel (L1-LR selector) + SVM,X8_GC,131,Integrated
Integrated-SelectFromModel (L1-LR selector) + SVM,X8_GD,132,Integrated
Integrated-SelectFromModel (L1-LR selector) + SVM,X8_GE,133,Integrated
Integrated-SelectFromModel (L1-LR selector) + SVM,X8_GF,134,Integrated
Integrated-SelectFromModel (L1-LR selector) + SVM,X8_GG,135,Integrated
Integrated-SelectFromModel (L1-LR selector) + SVM,X8_GI,136,Integrated
Integrated-SelectFromModel (L1-LR selector) + SVM,X8_GK,137,Integrated
Integrated-SelectFromModel (L1-LR selector) + SVM,X8_GL,138,Integrated
Integrated-SelectFromModel (L1-LR selector) + SVM,X8_GM,139,Integrated
Integrated-SelectFromModel (L1-LR selector) + SVM,X8_GN,140,Integrated
Integrated-SelectFromModel (L1-LR selector) + SVM,X8_GP,141,Integrated
Integrated-SelectFromModel (L1-LR selector) + SVM,X8_GQ,142,Integrated
Integrated-SelectFromModel (L1-LR selector) + SVM,X8_GR,143,Integrated
Integrated-SelectFromModel (L1-LR selector) + SVM,X8_GS,144,Integrated
Integrated-SelectFromModel (L1-LR selector) + SVM,X8_GT,145,Integrated
Integrated-SelectFromModel (L1-LR selector) + SVM,X8_GV,146,Integrated
Integrated-SelectFromModel (L1-LR selector) + SVM,X8_GW,147,Integrated
Integrated-SelectFromModel (L1-LR selector) + SVM,X8_GY,148,Integrated
Integrated-SelectFromModel (L1-LR selector) + SVM,X8_HA,149,Integrated
Integrated-SelectFromModel (L1-LR selector) + SVM,X8_HC,150,Integrated
Integrated-SelectFromModel (L1-LR selector) + SVM,X8_HD,151,Integrated
Integrated-SelectFromModel (L1-LR selector) + SVM,X8_HE,152,Integrated
Integrated-SelectFromModel (L1-LR selector) + SVM,X8_HG,153,Integrated
Integrated-SelectFromModel (L1-LR selector) + SVM,X8_HH,154,Integrated
Integrated-SelectFromModel (L1-LR selector) + SVM,X8_HK,155,Integrated
Integrated-SelectFromModel (L1-LR selector) + SVM,X8_HL,156,Integrated
Integrated-SelectFromModel (L1-LR selector) + SVM,X8_HN,157,Integrated
Integrated-SelectFromModel (L1-LR selector) + SVM,X8_HP,158,Integrated
Integrated-SelectFromModel (L1-LR selector) + SVM,X8_HQ,159,Integrated
Integrated-SelectFromModel (L1-LR selector) + SVM,X8_HR,160,Integrated
Integrated-SelectFromModel (L1-LR selector) + SVM,X8_HS,161,Integrated
Integrated-SelectFromModel (L1-LR selector) + SVM,X8_HT,162,Integrated
Integrated-SelectFromModel (L1-LR selector) + SVM,X8_HV,163,Integrated
Integrated-SelectFromModel (L1-LR selector) + SVM,X8_HW,164,Integrated
Integrated-SelectFromModel (L1-LR selector) + SVM,X8_IA,165,Integrated
Integrated-SelectFromModel (L1-LR selector) + SVM,X8_IC,166,Integrated
Integrated-SelectFromModel (L1-LR selector) + SVM,X8_ID,167,Integrated
Integrated-SelectFromModel (L1-LR selector) + SVM,X8_IE,168,Integrated
Integrated-SelectFromModel (L1-LR selector) + SVM,X8_IF,169,Integrated
Integrated-SelectFromModel (L1-LR selector) + SVM,X8_IG,170,Integrated
Integrated-SelectFromModel (L1-LR selector) + SVM,X8_IH,171,Integrated
Integrated-SelectFromModel (L1-LR selector) + SVM,X8_II,172,Integrated
Integrated-SelectFromModel (L1-LR selector) + SVM,X8_IK,173,Integrated
Integrated-SelectFromModel (L1-LR selector) + SVM,X8_IL,174,Integrated
Integrated-SelectFromModel (L1-LR selector) + SVM,X8_IM,175,Integrated
Integrated-SelectFromModel (L1-LR selector) + SVM,X8_IN,176,Integrated
Integrated-SelectFromModel (L1-LR selector) + SVM,X8_IP,177,Integrated
Integrated-SelectFromModel (L1-LR selector) + SVM,X8_IQ,178,Integrated
Integrated-SelectFromModel (L1-LR selector) + SVM,X8_IR,179,Integrated
Integrated-SelectFromModel (L1-LR selector) + SVM,X8_IS,180,Integrated
Integrated-SelectFromModel (L1-LR selector) + SVM,X8_IT,181,Integrated
Integrated-SelectFromModel (L1-LR selector) + SVM,X8_IV,182,Integrated
Integrated-SelectFromModel (L1-LR selector) + SVM,X8_IW,183,Integrated
Integrated-SelectFromModel (L1-LR selector) + SVM,X8_IY,184,Integrated
Integrated-SelectFromModel (L1-LR selector) + SVM,X8_KA,185,Integrated
Integrated-SelectFromModel (L1-LR selector) + SVM,X8_KC,186,Integrated
Integrated-SelectFromModel (L1-LR selector) + SVM,X8_KD,187,Integrated
Integrated-SelectFromModel (L1-LR selector) + SVM,X8_KF,188,Integrated
Integrated-SelectFromModel (L1-LR selector) + SVM,X8_KG,189,Integrated
Integrated-SelectFromModel (L1-LR selector) + SVM,X8_KI,190,Integrated
Integrated-SelectFromModel (L1-LR selector) + SVM,X8_KK,191,Integrated
Integrated-SelectFromModel (L1-LR selector) + SVM,X8_KL,192,Integrated
Integrated-SelectFromModel (L1-LR selector) + SVM,X8_KM,193,Integrated
Integrated-SelectFromModel (L1-LR selector) + SVM,X8_KN,194,Integrated
Integrated-SelectFromModel (L1-LR selector) + SVM,X8_KQ,195,Integrated
Integrated-SelectFromModel (L1-LR selector) + SVM,X8_KR,196,Integrated
Integrated-SelectFromModel (L1-LR selector) + SVM,X8_KS,197,Integrated
Integrated-SelectFromModel (L1-LR selector) + SVM,X8_KT,198,Integrated
Integrated-SelectFromModel (L1-LR selector) + SVM,X8_KV,199,Integrated
Integrated-SelectFromModel (L1-LR selector) + SVM,X8_KW,200,Integrated
Integrated-SelectFromModel (L1-LR selector) + SVM,X8_KY,201,Integrated
Integrated-SelectFromModel (L1-LR selector) + SVM,X8_LA,202,Integrated
Integrated-SelectFromModel (L1-LR selector) + SVM,X8_LC,203,Integrated
Integrated-SelectFromModel (L1-LR selector) + SVM,X8_LD,204,Integrated
Integrated-SelectFromModel (L1-LR selector) + SVM,X8_LE,205,Integrated
Integrated-SelectFromModel (L1-LR selector) + SVM,X8_LF,206,Integrated
Integrated-SelectFromModel (L1-LR selector) + SVM,X8_LG,207,Integrated
Integrated-SelectFromModel (L1-LR selector) + SVM,X8_LH,208,Integrated
Integrated-SelectFromModel (L1-LR selector) + SVM,X8_LI,209,Integrated
Integrated-SelectFromModel (L1-LR selector) + SVM,X8_LK,210,Integrated
Integrated-SelectFromModel (L1-LR selector) + SVM,X8_LL,211,Integrated
Integrated-SelectFromModel (L1-LR selector) + SVM,X8_LM,212,Integrated
Integrated-SelectFromModel (L1-LR selector) + SVM,X8_LN,213,Integrated
Integrated-SelectFromModel (L1-LR selector) + SVM,X8_LP,214,Integrated
Integrated-SelectFromModel (L1-LR selector) + SVM,X8_LQ,215,Integrated
Integrated-SelectFromModel (L1-LR selector) + SVM,X8_LR,216,Integrated
Integrated-SelectFromModel (L1-LR selector) + SVM,X8_LS,217,Integrated
Integrated-SelectFromModel (L1-LR selector) + SVM,X8_LT,218,Integrated
Integrated-SelectFromModel (L1-LR selector) + SVM,X8_LV,219,Integrated
Integrated-SelectFromModel (L1-LR selector) + SVM,X8_LW,220,Integrated
Integrated-SelectFromModel (L1-LR selector) + SVM,X8_LY,221,Integrated
Integrated-SelectFromModel (L1-LR selector) + SVM,X8_MA,222,Integrated
Integrated-SelectFromModel (L1-LR selector) + SVM,X8_MC,223,Integrated
Integrated-SelectFromModel (L1-LR selector) + SVM,X8_MD,224,Integrated
Integrated-SelectFromModel (L1-LR selector) + SVM,X8_MF,225,Integrated
Integrated-SelectFromModel (L1-LR selector) + SVM,X8_MG,226,Integrated
Integrated-SelectFromModel (L1-LR selector) + SVM,X8_MH,227,Integrated
Integrated-SelectFromModel (L1-LR selector) + SVM,X8_MI,228,Integrated
Integrated-SelectFromModel (L1-LR selector) + SVM,X8_MK,229,Integrated
Integrated-SelectFromModel (L1-LR selector) + SVM,X8_ML,230,Integrated
Integrated-SelectFromModel (L1-LR selector) + SVM,X8_MM,231,Integrated
Integrated-SelectFromModel (L1-LR selector) + SVM,X8_MN,232,Integrated
Integrated-SelectFromModel (L1-LR selector) + SVM,X8_MP,233,Integrated
Integrated-SelectFromModel (L1-LR selector) + SVM,X8_MQ,234,Integrated
Integrated-SelectFromModel (L1-LR selector) + SVM,X8_MR,235,Integrated
Integrated-SelectFromModel (L1-LR selector) + SVM,X8_MS,236,Integrated
Integrated-SelectFromModel (L1-LR selector) + SVM,X8_MT,237,Integrated
Integrated-SelectFromModel (L1-LR selector) + SVM,X8_MW,238,Integrated
Integrated-SelectFromModel (L1-LR selector) + SVM,X8_MY,239,Integrated
Integrated-SelectFromModel (L1-LR selector) + SVM,X8_NA,240,Integrated
Integrated-SelectFromModel (L1-LR selector) + SVM,X8_NC,241,Integrated
Integrated-SelectFromModel (L1-LR selector) + SVM,X8_ND,242,Integrated
Integrated-SelectFromModel (L1-LR selector) + SVM,X8_NE,243,Integrated
Integrated-SelectFromModel (L1-LR selector) + SVM,X8_NF,244,Integrated
Integrated-SelectFromModel (L1-LR selector) + SVM,X8_NG,245,Integrated
Integrated-SelectFromModel (L1-LR selector) + SVM,X8_NH,246,Integrated
Integrated-SelectFromModel (L1-LR selector) + SVM,X8_NK,247,Integrated
Integrated-SelectFromModel (L1-LR selector) + SVM,X8_NL,248,Integrated
Integrated-SelectFromModel (L1-LR selector) + SVM,X8_NM,249,Integrated
Integrated-SelectFromModel (L1-LR selector) + SVM,X8_NN,250,Integrated
Integrated-SelectFromModel (L1-LR selector) + SVM,X8_NP,251,Integrated
Integrated-SelectFromModel (L1-LR selector) + SVM,X8_NQ,252,Integrated
Integrated-SelectFromModel (L1-LR selector) + SVM,X8_NR,253,Integrated
Integrated-SelectFromModel (L1-LR selector) + SVM,X8_NS,254,Integrated
Integrated-SelectFromModel (L1-LR selector) + SVM,X8_NT,255,Integrated
Integrated-SelectFromModel (L1-LR selector) + SVM,X8_NV,256,Integrated
Integrated-SelectFromModel (L1-LR selector) + SVM,X8_NW,257,Integrated
Integrated-SelectFromModel (L1-LR selector) + SVM,X8_NY,258,Integrated
Integrated-SelectFromModel (L1-LR selector) + SVM,X8_PA,259,Integrated
Integrated-SelectFromModel (L1-LR selector) + SVM,X8_PC,260,Integrated
Integrated-SelectFromModel (L1-LR selector) + SVM,X8_PD,261,Integrated
Integrated-SelectFromModel (L1-LR selector) + SVM,X8_PE,262,Integrated
Integrated-SelectFromModel (L1-LR selector) + SVM,X8_PF,263,Integrated
Integrated-SelectFromModel (L1-LR selector) + SVM,X8_PG,264,Integrated
Integrated-SelectFromModel (L1-LR selector) + SVM,X8_PH,265,Integrated
Integrated-SelectFromModel (L1-LR selector) + SVM,X8_PI,266,Integrated
Integrated-SelectFromModel (L1-LR selector) + SVM,X8_PK,267,Integrated
Integrated-SelectFromModel (L1-LR selector) + SVM,X8_PL,268,Integrated
Integrated-SelectFromModel (L1-LR selector) + SVM,X8_PM,269,Integrated
Integrated-SelectFromModel (L1-LR selector) + SVM,X8_PN,270,Integrated
Integrated-SelectFromModel (L1-LR selector) + SVM,X8_PP,271,Integrated
Integrated-SelectFromModel (L1-LR selector) + SVM,X8_PQ,272,Integrated
Integrated-SelectFromModel (L1-LR selector) + SVM,X8_PR,273,Integrated
Integrated-SelectFromModel (L1-LR selector) + SVM,X8_PS,274,Integrated
Integrated-SelectFromModel (L1-LR selector) + SVM,X8_PT,275,Integrated
Integrated-SelectFromModel (L1-LR selector) + SVM,X8_PV,276,Integrated
Integrated-SelectFromModel (L1-LR selector) + SVM,X8_PW,277,Integrated
Integrated-SelectFromModel (L1-LR selector) + SVM,X8_PY,278,Integrated
Integrated-SelectFromModel (L1-LR selector) + SVM,X8_QA,279,Integrated
Integrated-SelectFromModel (L1-LR selector) + SVM,X8_QC,280,Integrated
Integrated-SelectFromModel (L1-LR selector) + SVM,X8_QD,281,Integrated
Integrated-SelectFromModel (L1-LR selector) + SVM,X8_QE,282,Integrated
Integrated-SelectFromModel (L1-LR selector) + SVM,X8_QF,283,Integrated
Integrated-SelectFromModel (L1-LR selector) + SVM,X8_QG,284,Integrated
Integrated-SelectFromModel (L1-LR selector) + SVM,X8_QI,285,Integrated
Integrated-SelectFromModel (L1-LR selector) + SVM,X8_QK,286,Integrated
Integrated-SelectFromModel (L1-LR selector) + SVM,X8_QM,287,Integrated
Integrated-SelectFromModel (L1-LR selector) + SVM,X8_QN,288,Integrated
Integrated-SelectFromModel (L1-LR selector) + SVM,X8_QP,289,Integrated
Integrated-SelectFromModel (L1-LR selector) + SVM,X8_QQ,290,Integrated
Integrated-SelectFromModel (L1-LR selector) + SVM,X8_QR,291,Integrated
Integrated-SelectFromModel (L1-LR selector) + SVM,X8_QS,292,Integrated
Integrated-SelectFromModel (L1-LR selector) + SVM,X8_QV,293,Integrated
Integrated-SelectFromModel (L1-LR selector) + SVM,X8_QW,294,Integrated
Integrated-SelectFromModel (L1-LR selector) + SVM,X8_QY,295,Integrated
Integrated-SelectFromModel (L1-LR selector) + SVM,X8_RA,296,Integrated
Integrated-SelectFromModel (L1-LR selector) + SVM,X8_RC,297,Integrated
Integrated-SelectFromModel (L1-LR selector) + SVM,X8_RD,298,Integrated
Integrated-SelectFromModel (L1-LR selector) + SVM,X8_RE,299,Integrated
Integrated-SelectFromModel (L1-LR selector) + SVM,X8_RF,300,Integrated
Integrated-SelectFromModel (L1-LR selector) + SVM,X8_RH,301,Integrated
Integrated-SelectFromModel (L1-LR selector) + SVM,X8_RI,302,Integrated
Integrated-SelectFromModel (L1-LR selector) + SVM,X8_RK,303,Integrated
Integrated-SelectFromModel (L1-LR selector) + SVM,X8_RL,304,Integrated
Integrated-SelectFromModel (L1-LR selector) + SVM,X8_RM,305,Integrated
Integrated-SelectFromModel (L1-LR selector) + SVM,X8_RN,306,Integrated
Integrated-SelectFromModel (L1-LR selector) + SVM,X8_RP,307,Integrated
Integrated-SelectFromModel (L1-LR selector) + SVM,X8_RQ,308,Integrated
Integrated-SelectFromModel (L1-LR selector) + SVM,X8_RR,309,Integrated
Integrated-SelectFromModel (L1-LR selector) + SVM,X8_RS,310,Integrated
Integrated-SelectFromModel (L1-LR selector) + SVM,X8_RT,311,Integrated
Integrated-SelectFromModel (L1-LR selector) + SVM,X8_RV,312,Integrated
Integrated-SelectFromModel (L1-LR selector) + SVM,X8_RW,313,Integrated
Integrated-SelectFromModel (L1-LR selector) + SVM,X8_RY,314,Integrated
Integrated-SelectFromModel (L1-LR selector) + SVM,X8_SA,315,Integrated
Integrated-SelectFromModel (L1-LR selector) + SVM,X8_SC,316,Integrated
Integrated-SelectFromModel (L1-LR selector) + SVM,X8_SD,317,Integrated
Integrated-SelectFromModel (L1-LR selector) + SVM,X8_SE,318,Integrated
Integrated-SelectFromModel (L1-LR selector) + SVM,X8_SF,319,Integrated
Integrated-SelectFromModel (L1-LR selector) + SVM,X8_SG,320,Integrated
Integrated-SelectFromModel (L1-LR selector) + SVM,X8_SH,321,Integrated
Integrated-SelectFromModel (L1-LR selector) + SVM,X8_SI,322,Integrated
Integrated-SelectFromModel (L1-LR selector) + SVM,X8_SK,323,Integrated
Integrated-SelectFromModel (L1-LR selector) + SVM,X8_SL,324,Integrated
Integrated-SelectFromModel (L1-LR selector) + SVM,X8_SM,325,Integrated
Integrated-SelectFromModel (L1-LR selector) + SVM,X8_SN,326,Integrated
Integrated-SelectFromModel (L1-LR selector) + SVM,X8_SP,327,Integrated
Integrated-SelectFromModel (L1-LR selector) + SVM,X8_SR,328,Integrated
Integrated-SelectFromModel (L1-LR selector) + SVM,X8_ST,329,Integrated
Integrated-SelectFromModel (L1-LR selector) + SVM,X8_SV,330,Integrated
Integrated-SelectFromModel (L1-LR selector) + SVM,X8_SW,331,Integrated
Integrated-SelectFromModel (L1-LR selector) + SVM,X8_SY,332,Integrated
Integrated-SelectFromModel (L1-LR selector) + SVM,X8_TA,333,Integrated
Integrated-SelectFromModel (L1-LR selector) + SVM,X8_TC,334,Integrated
Integrated-SelectFromModel (L1-LR selector) + SVM,X8_TD,335,Integrated
Integrated-SelectFromModel (L1-LR selector) + SVM,X8_TE,336,Integrated
Integrated-SelectFromModel (L1-LR selector) + SVM,X8_TF,337,Integrated
Integrated-SelectFromModel (L1-LR selector) + SVM,X8_TG,338,Integrated
Integrated-SelectFromModel (L1-LR selector) + SVM,X8_TH,339,Integrated
Integrated-SelectFromModel (L1-LR selector) + SVM,X8_TI,340,Integrated
Integrated-SelectFromModel (L1-LR selector) + SVM,X8_TK,341,Integrated
Integrated-SelectFromModel (L1-LR selector) + SVM,X8_TL,342,Integrated
Integrated-SelectFromModel (L1-LR selector) + SVM,X8_TM,343,Integrated
Integrated-SelectFromModel (L1-LR selector) + SVM,X8_TP,344,Integrated
Integrated-SelectFromModel (L1-LR selector) + SVM,X8_TQ,345,Integrated
Integrated-SelectFromModel (L1-LR selector) + SVM,X8_TR,346,Integrated
Integrated-SelectFromModel (L1-LR selector) + SVM,X8_TS,347,Integrated
Integrated-SelectFromModel (L1-LR selector) + SVM,X8_TT,348,Integrated
Integrated-SelectFromModel (L1-LR selector) + SVM,X8_TV,349,Integrated
Integrated-SelectFromModel (L1-LR selector) + SVM,X8_TW,350,Integrated
Integrated-SelectFromModel (L1-LR selector) + SVM,X8_TY,351,Integrated
Integrated-SelectFromModel (L1-LR selector) + SVM,X8_VA,352,Integrated
Integrated-SelectFromModel (L1-LR selector) + SVM,X8_VC,353,Integrated
Integrated-SelectFromModel (L1-LR selector) + SVM,X8_VD,354,Integrated
Integrated-SelectFromModel (L1-LR selector) + SVM,X8_VF,355,Integrated
Integrated-SelectFromModel (L1-LR selector) + SVM,X8_VG,356,Integrated
Integrated-SelectFromModel (L1-LR selector) + SVM,X8_VH,357,Integrated
Integrated-SelectFromModel (L1-LR selector) + SVM,X8_VI,358,Integrated
Integrated-SelectFromModel (L1-LR selector) + SVM,X8_VK,359,Integrated
Integrated-SelectFromModel (L1-LR selector) + SVM,X8_VL,360,Integrated
Integrated-SelectFromModel (L1-LR selector) + SVM,X8_VM,361,Integrated
Integrated-SelectFromModel (L1-LR selector) + SVM,X8_VN,362,Integrated
Integrated-SelectFromModel (L1-LR selector) + SVM,X8_VP,363,Integrated
Integrated-SelectFromModel (L1-LR selector) + SVM,X8_VQ,364,Integrated
Integrated-SelectFromModel (L1-LR selector) + SVM,X8_VR,365,Integrated
Integrated-SelectFromModel (L1-LR selector) + SVM,X8_VS,366,Integrated
Integrated-SelectFromModel (L1-LR selector) + SVM,X8_VT,367,Integrated
Integrated-SelectFromModel (L1-LR selector) + SVM,X8_VV,368,Integrated
Integrated-SelectFromModel (L1-LR selector) + SVM,X8_VW,369,Integrated
Integrated-SelectFromModel (L1-LR selector) + SVM,X8_VY,370,Integrated
Integrated-SelectFromModel (L1-LR selector) + SVM,X8_WA,371,Integrated
Integrated-SelectFromModel (L1-LR selector) + SVM,X8_WC,372,Integrated
Integrated-SelectFromModel (L1-LR selector) + SVM,X8_WD,373,Integrated
Integrated-SelectFromModel (L1-LR selector) + SVM,X8_WE,374,Integrated
Integrated-SelectFromModel (L1-LR selector) + SVM,X8_WF,375,Integrated
Integrated-SelectFromModel (L1-LR selector) + SVM,X8_WG,376,Integrated
Integrated-SelectFromModel (L1-LR selector) + SVM,X8_WH,377,Integrated
Integrated-SelectFromModel (L1-LR selector) + SVM,X8_WI,378,Integrated
Integrated-SelectFromModel (L1-LR selector) + SVM,X8_WK,379,Integrated
Integrated-SelectFromModel (L1-LR selector) + SVM,X8_WL,380,Integrated
Integrated-SelectFromModel (L1-LR selector) + SVM,X8_WM,381,Integrated
Integrated-SelectFromModel (L1-LR selector) + SVM,X8_WN,382,Integrated
Integrated-SelectFromModel (L1-LR selector) + SVM,X8_WP,383,Integrated
Integrated-SelectFromModel (L1-LR selector) + SVM,X8_WQ,384,Integrated
Integrated-SelectFromModel (L1-LR selector) + SVM,X8_WR,385,Integrated
Integrated-SelectFromModel (L1-LR selector) + SVM,X8_WS,386,Integrated
Integrated-SelectFromModel (L1-LR selector) + SVM,X8_WT,387,Integrated
Integrated-SelectFromModel (L1-LR selector) + SVM,X8_WV,388,Integrated
Integrated-SelectFromModel (L1-LR selector) + SVM,X8_WY,389,Integrated
Integrated-SelectFromModel (L1-LR selector) + SVM,X8_YA,390,Integrated
Integrated-SelectFromModel (L1-LR selector) + SVM,X8_YC,391,Integrated
Integrated-SelectFromModel (L1-LR selector) + SVM,X8_YD,392,Integrated
Integrated-SelectFromModel (L1-LR selector) + SVM,X8_YE,393,Integrated
Integrated-SelectFromModel (L1-LR selector) + SVM,X8_YH,394,Integrated
Integrated-SelectFromModel (L1-LR selector) + SVM,X8_YI,395,Integrated
Integrated-SelectFromModel (L1-LR selector) + SVM,X8_YK,396,Integrated
Integrated-SelectFromModel (L1-LR selector) + SVM,X8_YL,397,Integrated
Integrated-SelectFromModel (L1-LR selector) + SVM,X8_YM,398,Integrated
Integrated-SelectFromModel (L1-LR selector) + SVM,X8_YN,399,Integrated
Integrated-SelectFromModel (L1-LR selector) + SVM,X8_YP,400,Integrated
Integrated-SelectFromModel (L1-LR selector) + SVM,X8_YQ,401,Integrated
Integrated-SelectFromModel (L1-LR selector) + SVM,X8_YR,402,Integrated
Integrated-SelectFromModel (L1-LR selector) + SVM,X8_YT,403,Integrated
Integrated-SelectFromModel (L1-LR selector) + SVM,X8_YV,404,Integrated
Integrated-SelectFromModel (L1-LR selector) + SVM,X8_YW,405,Integrated
Integrated-SelectFromModel (L1-LR selector) + SVM,X8_YY,406,Integrated
Integrated-SelectFromModel (L1-LR selector) + SVM,acidic_group,407,Integrated
Integrated-SelectFromModel (L1-LR selector) + SVM,aliphatic_group,408,Integrated
Integrated-SelectFromModel (L1-LR selector) + SVM,aromatic_group,409,Integrated
Integrated-SelectFromModel (L1-LR selector) + SVM,charged_group,410,Integrated
Integrated-SelectFromModel (L1-LR selector) + SVM,cruciani_prp1,411,Integrated
Integrated-SelectFromModel (L1-LR selector) + SVM,instability_index,412,Integrated
Integrated-SelectFromModel (L1-LR selector) + SVM,isoelectric_point,413,Integrated
Integrated-SelectFromModel (L1-LR selector) + SVM,peptide_len,414,Integrated
Integrated-SelectFromModel (L1-LR selector) + SVM,polar_group,415,Integrated
Integrated-SelectFromModel (L1-LR selector) + SVM,tiny_group,416,Integrated
Integrated-SelectFromModel (L1-LR selector) + KNN,X4_A,1,Integrated
Integrated-SelectFromModel (L1-LR selector) + KNN,X4_C,2,Integrated
Integrated-SelectFromModel (L1-LR selector) + KNN,X4_D,3,Integrated
Integrated-SelectFromModel (L1-LR selector) + KNN,X4_E,4,Integrated
Integrated-SelectFromModel (L1-LR selector) + KNN,X4_F,5,Integrated
Integrated-SelectFromModel (L1-LR selector) + KNN,X4_G,6,Integrated
Integrated-SelectFromModel (L1-LR selector) + KNN,X4_H,7,Integrated
Integrated-SelectFromModel (L1-LR selector) + KNN,X4_I,8,Integrated
Integrated-SelectFromModel (L1-LR selector) + KNN,X4_K,9,Integrated
Integrated-SelectFromModel (L1-LR selector) + KNN,X4_L,10,Integrated
Integrated-SelectFromModel (L1-LR selector) + KNN,X4_M,11,Integrated
Integrated-SelectFromModel (L1-LR selector) + KNN,X4_N,12,Integrated
Integrated-SelectFromModel (L1-LR selector) + KNN,X4_P,13,Integrated
Integrated-SelectFromModel (L1-LR selector) + KNN,X4_Q,14,Integrated
Integrated-SelectFromModel (L1-LR selector) + KNN,X4_R,15,Integrated
Integrated-SelectFromModel (L1-LR selector) + KNN,X4_S,16,Integrated
Integrated-SelectFromModel (L1-LR selector) + KNN,X4_T,17,Integrated
Integrated-SelectFromModel (L1-LR selector) + KNN,X4_V,18,Integrated
Integrated-SelectFromModel (L1-LR selector) + KNN,X4_W,19,Integrated
Integrated-SelectFromModel (L1-LR selector) + KNN,X4_Y,20,Integrated
Integrated-SelectFromModel (L1-LR selector) + KNN,X5_A,21,Integrated
Integrated-SelectFromModel (L1-LR selector) + KNN,X5_C,22,Integrated
Integrated-SelectFromModel (L1-LR selector) + KNN,X5_D,23,Integrated
Integrated-SelectFromModel (L1-LR selector) + KNN,X5_G,24,Integrated
Integrated-SelectFromModel (L1-LR selector) + KNN,X5_H,25,Integrated
Integrated-SelectFromModel (L1-LR selector) + KNN,X5_I,26,Integrated
Integrated-SelectFromModel (L1-LR selector) + KNN,X5_K,27,Integrated
Integrated-SelectFromModel (L1-LR selector) + KNN,X5_M,28,Integrated
Integrated-SelectFromModel (L1-LR selector) + KNN,X5_N,29,Integrated
Integrated-SelectFromModel (L1-LR selector) + KNN,X5_P,30,Integrated
Integrated-SelectFromModel (L1-LR selector) + KNN,X5_S,31,Integrated
Integrated-SelectFromModel (L1-LR selector) + KNN,X5_V,32,Integrated
Integrated-SelectFromModel (L1-LR selector) + KNN,X5_W,33,Integrated
Integrated-SelectFromModel (L1-LR selector) + KNN,X5_Y,34,Integrated
Integrated-SelectFromModel (L1-LR selector) + KNN,X8_AA,35,Integrated
Integrated-SelectFromModel (L1-LR selector) + KNN,X8_AC,36,Integrated
Integrated-SelectFromModel (L1-LR selector) + KNN,X8_AD,37,Integrated
Integrated-SelectFromModel (L1-LR selector) + KNN,X8_AE,38,Integrated
Integrated-SelectFromModel (L1-LR selector) + KNN,X8_AF,39,Integrated
Integrated-SelectFromModel (L1-LR selector) + KNN,X8_AG,40,Integrated
Integrated-SelectFromModel (L1-LR selector) + KNN,X8_AH,41,Integrated
Integrated-SelectFromModel (L1-LR selector) + KNN,X8_AI,42,Integrated
Integrated-SelectFromModel (L1-LR selector) + KNN,X8_AK,43,Integrated
Integrated-SelectFromModel (L1-LR selector) + KNN,X8_AL,44,Integrated
Integrated-SelectFromModel (L1-LR selector) + KNN,X8_AM,45,Integrated
Integrated-SelectFromModel (L1-LR selector) + KNN,X8_AN,46,Integrated
Integrated-SelectFromModel (L1-LR selector) + KNN,X8_AP,47,Integrated
Integrated-SelectFromModel (L1-LR selector) + KNN,X8_AQ,48,Integrated
Integrated-SelectFromModel (L1-LR selector) + KNN,X8_AR,49,Integrated
Integrated-SelectFromModel (L1-LR selector) + KNN,X8_AS,50,Integrated
Integrated-SelectFromModel (L1-LR selector) + KNN,X8_AT,51,Integrated
Integrated-SelectFromModel (L1-LR selector) + KNN,X8_AV,52,Integrated
Integrated-SelectFromModel (L1-LR selector) + KNN,X8_AW,53,Integrated
Integrated-SelectFromModel (L1-LR selector) + KNN,X8_AY,54,Integrated
Integrated-SelectFromModel (L1-LR selector) + KNN,X8_CC,55,Integrated
Integrated-SelectFromModel (L1-LR selector) + KNN,X8_CD,56,Integrated
Integrated-SelectFromModel (L1-LR selector) + KNN,X8_CE,57,Integrated
Integrated-SelectFromModel (L1-LR selector) + KNN,X8_CF,58,Integrated
Integrated-SelectFromModel (L1-LR selector) + KNN,X8_CG,59,Integrated
Integrated-SelectFromModel (L1-LR selector) + KNN,X8_CH,60,Integrated
Integrated-SelectFromModel (L1-LR selector) + KNN,X8_CI,61,Integrated
Integrated-SelectFromModel (L1-LR selector) + KNN,X8_CK,62,Integrated
Integrated-SelectFromModel (L1-LR selector) + KNN,X8_CL,63,Integrated
Integrated-SelectFromModel (L1-LR selector) + KNN,X8_CM,64,Integrated
Integrated-SelectFromModel (L1-LR selector) + KNN,X8_CN,65,Integrated
Integrated-SelectFromModel (L1-LR selector) + KNN,X8_CP,66,Integrated
Integrated-SelectFromModel (L1-LR selector) + KNN,X8_CQ,67,Integrated
Integrated-SelectFromModel (L1-LR selector) + KNN,X8_CR,68,Integrated
Integrated-SelectFromModel (L1-LR selector) + KNN,X8_CS,69,Integrated
Integrated-SelectFromModel (L1-LR selector) + KNN,X8_CT,70,Integrated
Integrated-SelectFromModel (L1-LR selector) + KNN,X8_CV,71,Integrated
Integrated-SelectFromModel (L1-LR selector) + KNN,X8_CW,72,Integrated
Integrated-SelectFromModel (L1-LR selector) + KNN,X8_CY,73,Integrated
Integrated-SelectFromModel (L1-LR selector) + KNN,X8_DA,74,Integrated
Integrated-SelectFromModel (L1-LR selector) + KNN,X8_DC,75,Integrated
Integrated-SelectFromModel (L1-LR selector) + KNN,X8_DD,76,Integrated
Integrated-SelectFromModel (L1-LR selector) + KNN,X8_DE,77,Integrated
Integrated-SelectFromModel (L1-LR selector) + KNN,X8_DF,78,Integrated
Integrated-SelectFromModel (L1-LR selector) + KNN,X8_DG,79,Integrated
Integrated-SelectFromModel (L1-LR selector) + KNN,X8_DH,80,Integrated
Integrated-SelectFromModel (L1-LR selector) + KNN,X8_DI,81,Integrated
Integrated-SelectFromModel (L1-LR selector) + KNN,X8_DK,82,Integrated
Integrated-SelectFromModel (L1-LR selector) + KNN,X8_DM,83,Integrated
Integrated-SelectFromModel (L1-LR selector) + KNN,X8_DN,84,Integrated
Integrated-SelectFromModel (L1-LR selector) + KNN,X8_DP,85,Integrated
Integrated-SelectFromModel (L1-LR selector) + KNN,X8_DQ,86,Integrated
Integrated-SelectFromModel (L1-LR selector) + KNN,X8_DR,87,Integrated
Integrated-SelectFromModel (L1-LR selector) + KNN,X8_DS,88,Integrated
Integrated-SelectFromModel (L1-LR selector) + KNN,X8_DT,89,Integrated
Integrated-SelectFromModel (L1-LR selector) + KNN,X8_DV,90,Integrated
Integrated-SelectFromModel (L1-LR selector) + KNN,X8_DW,91,Integrated
Integrated-SelectFromModel (L1-LR selector) + KNN,X8_DY,92,Integrated
Integrated-SelectFromModel (L1-LR selector) + KNN,X8_EA,93,Integrated
Integrated-SelectFromModel (L1-LR selector) + KNN,X8_ED,94,Integrated
Integrated-SelectFromModel (L1-LR selector) + KNN,X8_EE,95,Integrated
Integrated-SelectFromModel (L1-LR selector) + KNN,X8_EF,96,Integrated
Integrated-SelectFromModel (L1-LR selector) + KNN,X8_EG,97,Integrated
Integrated-SelectFromModel (L1-LR selector) + KNN,X8_EI,98,Integrated
Integrated-SelectFromModel (L1-LR selector) + KNN,X8_EL,99,Integrated
Integrated-SelectFromModel (L1-LR selector) + KNN,X8_EM,100,Integrated
Integrated-SelectFromModel (L1-LR selector) + KNN,X8_EN,101,Integrated
Integrated-SelectFromModel (L1-LR selector) + KNN,X8_EP,102,Integrated
Integrated-SelectFromModel (L1-LR selector) + KNN,X8_EQ,103,Integrated
Integrated-SelectFromModel (L1-LR selector) + KNN,X8_ER,104,Integrated
Integrated-SelectFromModel (L1-LR selector) + KNN,X8_ES,105,Integrated
Integrated-SelectFromModel (L1-LR selector) + KNN,X8_ET,106,Integrated
Integrated-SelectFromModel (L1-LR selector) + KNN,X8_EV,107,Integrated
Integrated-SelectFromModel (L1-LR selector) + KNN,X8_EW,108,Integrated
Integrated-SelectFromModel (L1-LR selector) + KNN,X8_EY,109,Integrated
Integrated-SelectFromModel (L1-LR selector) + KNN,X8_FA,110,Integrated
Integrated-SelectFromModel (L1-LR selector) + KNN,X8_FC,111,Integrated
Integrated-SelectFromModel (L1-LR selector) + KNN,X8_FD,112,Integrated
Integrated-SelectFromModel (L1-LR selector) + KNN,X8_FE,113,Integrated
Integrated-SelectFromModel (L1-LR selector) + KNN,X8_FF,114,Integrated
Integrated-SelectFromModel (L1-LR selector) + KNN,X8_FG,115,Integrated
Integrated-SelectFromModel (L1-LR selector) + KNN,X8_FH,116,Integrated
Integrated-SelectFromModel (L1-LR selector) + KNN,X8_FI,117,Integrated
Integrated-SelectFromModel (L1-LR selector) + KNN,X8_FK,118,Integrated
Integrated-SelectFromModel (L1-LR selector) + KNN,X8_FL,119,Integrated
Integrated-SelectFromModel (L1-LR selector) + KNN,X8_FM,120,Integrated
Integrated-SelectFromModel (L1-LR selector) + KNN,X8_FN,121,Integrated
Integrated-SelectFromModel (L1-LR selector) + KNN,X8_FP,122,Integrated
Integrated-SelectFromModel (L1-LR selector) + KNN,X8_FQ,123,Integrated
Integrated-SelectFromModel (L1-LR selector) + KNN,X8_FR,124,Integrated
Integrated-SelectFromModel (L1-LR selector) + KNN,X8_FS,125,Integrated
Integrated-SelectFromModel (L1-LR selector) + KNN,X8_FT,126,Integrated
Integrated-SelectFromModel (L1-LR selector) + KNN,X8_FV,127,Integrated
Integrated-SelectFromModel (L1-LR selector) + KNN,X8_FW,128,Integrated
Integrated-SelectFromModel (L1-LR selector) + KNN,X8_FY,129,Integrated
Integrated-SelectFromModel (L1-LR selector) + KNN,X8_GA,130,Integrated
Integrated-SelectFromModel (L1-LR selector) + KNN,X8_GC,131,Integrated
Integrated-SelectFromModel (L1-LR selector) + KNN,X8_GD,132,Integrated
Integrated-SelectFromModel (L1-LR selector) + KNN,X8_GE,133,Integrated
Integrated-SelectFromModel (L1-LR selector) + KNN,X8_GF,134,Integrated
Integrated-SelectFromModel (L1-LR selector) + KNN,X8_GG,135,Integrated
Integrated-SelectFromModel (L1-LR selector) + KNN,X8_GI,136,Integrated
Integrated-SelectFromModel (L1-LR selector) + KNN,X8_GK,137,Integrated
Integrated-SelectFromModel (L1-LR selector) + KNN,X8_GL,138,Integrated
Integrated-SelectFromModel (L1-LR selector) + KNN,X8_GM,139,Integrated
Integrated-SelectFromModel (L1-LR selector) + KNN,X8_GN,140,Integrated
Integrated-SelectFromModel (L1-LR selector) + KNN,X8_GP,141,Integrated
Integrated-SelectFromModel (L1-LR selector) + KNN,X8_GQ,142,Integrated
Integrated-SelectFromModel (L1-LR selector) + KNN,X8_GR,143,Integrated
Integrated-SelectFromModel (L1-LR selector) + KNN,X8_GS,144,Integrated
Integrated-SelectFromModel (L1-LR selector) + KNN,X8_GT,145,Integrated
Integrated-SelectFromModel (L1-LR selector) + KNN,X8_GV,146,Integrated
Integrated-SelectFromModel (L1-LR selector) + KNN,X8_GW,147,Integrated
Integrated-SelectFromModel (L1-LR selector) + KNN,X8_GY,148,Integrated
Integrated-SelectFromModel (L1-LR selector) + KNN,X8_HA,149,Integrated
Integrated-SelectFromModel (L1-LR selector) + KNN,X8_HC,150,Integrated
Integrated-SelectFromModel (L1-LR selector) + KNN,X8_HD,151,Integrated
Integrated-SelectFromModel (L1-LR selector) + KNN,X8_HE,152,Integrated
Integrated-SelectFromModel (L1-LR selector) + KNN,X8_HG,153,Integrated
Integrated-SelectFromModel (L1-LR selector) + KNN,X8_HH,154,Integrated
Integrated-SelectFromModel (L1-LR selector) + KNN,X8_HK,155,Integrated
Integrated-SelectFromModel (L1-LR selector) + KNN,X8_HL,156,Integrated
Integrated-SelectFromModel (L1-LR selector) + KNN,X8_HN,157,Integrated
Integrated-SelectFromModel (L1-LR selector) + KNN,X8_HP,158,Integrated
Integrated-SelectFromModel (L1-LR selector) + KNN,X8_HQ,159,Integrated
Integrated-SelectFromModel (L1-LR selector) + KNN,X8_HR,160,Integrated
Integrated-SelectFromModel (L1-LR selector) + KNN,X8_HS,161,Integrated
Integrated-SelectFromModel (L1-LR selector) + KNN,X8_HT,162,Integrated
Integrated-SelectFromModel (L1-LR selector) + KNN,X8_HV,163,Integrated
Integrated-SelectFromModel (L1-LR selector) + KNN,X8_HW,164,Integrated
Integrated-SelectFromModel (L1-LR selector) + KNN,X8_IA,165,Integrated
Integrated-SelectFromModel (L1-LR selector) + KNN,X8_IC,166,Integrated
Integrated-SelectFromModel (L1-LR selector) + KNN,X8_ID,167,Integrated
Integrated-SelectFromModel (L1-LR selector) + KNN,X8_IE,168,Integrated
Integrated-SelectFromModel (L1-LR selector) + KNN,X8_IF,169,Integrated
Integrated-SelectFromModel (L1-LR selector) + KNN,X8_IG,170,Integrated
Integrated-SelectFromModel (L1-LR selector) + KNN,X8_IH,171,Integrated
Integrated-SelectFromModel (L1-LR selector) + KNN,X8_II,172,Integrated
Integrated-SelectFromModel (L1-LR selector) + KNN,X8_IK,173,Integrated
Integrated-SelectFromModel (L1-LR selector) + KNN,X8_IL,174,Integrated
Integrated-SelectFromModel (L1-LR selector) + KNN,X8_IM,175,Integrated
Integrated-SelectFromModel (L1-LR selector) + KNN,X8_IN,176,Integrated
Integrated-SelectFromModel (L1-LR selector) + KNN,X8_IP,177,Integrated
Integrated-SelectFromModel (L1-LR selector) + KNN,X8_IQ,178,Integrated
Integrated-SelectFromModel (L1-LR selector) + KNN,X8_IR,179,Integrated
Integrated-SelectFromModel (L1-LR selector) + KNN,X8_IS,180,Integrated
Integrated-SelectFromModel (L1-LR selector) + KNN,X8_IT,181,Integrated
Integrated-SelectFromModel (L1-LR selector) + KNN,X8_IV,182,Integrated
Integrated-SelectFromModel (L1-LR selector) + KNN,X8_IW,183,Integrated
Integrated-SelectFromModel (L1-LR selector) + KNN,X8_IY,184,Integrated
Integrated-SelectFromModel (L1-LR selector) + KNN,X8_KA,185,Integrated
Integrated-SelectFromModel (L1-LR selector) + KNN,X8_KC,186,Integrated
Integrated-SelectFromModel (L1-LR selector) + KNN,X8_KD,187,Integrated
Integrated-SelectFromModel (L1-LR selector) + KNN,X8_KF,188,Integrated
Integrated-SelectFromModel (L1-LR selector) + KNN,X8_KG,189,Integrated
Integrated-SelectFromModel (L1-LR selector) + KNN,X8_KI,190,Integrated
Integrated-SelectFromModel (L1-LR selector) + KNN,X8_KK,191,Integrated
Integrated-SelectFromModel (L1-LR selector) + KNN,X8_KL,192,Integrated
Integrated-SelectFromModel (L1-LR selector) + KNN,X8_KM,193,Integrated
Integrated-SelectFromModel (L1-LR selector) + KNN,X8_KN,194,Integrated
Integrated-SelectFromModel (L1-LR selector) + KNN,X8_KQ,195,Integrated
Integrated-SelectFromModel (L1-LR selector) + KNN,X8_KR,196,Integrated
Integrated-SelectFromModel (L1-LR selector) + KNN,X8_KS,197,Integrated
Integrated-SelectFromModel (L1-LR selector) + KNN,X8_KT,198,Integrated
Integrated-SelectFromModel (L1-LR selector) + KNN,X8_KV,199,Integrated
Integrated-SelectFromModel (L1-LR selector) + KNN,X8_KW,200,Integrated
Integrated-SelectFromModel (L1-LR selector) + KNN,X8_KY,201,Integrated
Integrated-SelectFromModel (L1-LR selector) + KNN,X8_LA,202,Integrated
Integrated-SelectFromModel (L1-LR selector) + KNN,X8_LC,203,Integrated
Integrated-SelectFromModel (L1-LR selector) + KNN,X8_LD,204,Integrated
Integrated-SelectFromModel (L1-LR selector) + KNN,X8_LE,205,Integrated
Integrated-SelectFromModel (L1-LR selector) + KNN,X8_LF,206,Integrated
Integrated-SelectFromModel (L1-LR selector) + KNN,X8_LG,207,Integrated
Integrated-SelectFromModel (L1-LR selector) + KNN,X8_LH,208,Integrated
Integrated-SelectFromModel (L1-LR selector) + KNN,X8_LI,209,Integrated
Integrated-SelectFromModel (L1-LR selector) + KNN,X8_LK,210,Integrated
Integrated-SelectFromModel (L1-LR selector) + KNN,X8_LL,211,Integrated
Integrated-SelectFromModel (L1-LR selector) + KNN,X8_LM,212,Integrated
Integrated-SelectFromModel (L1-LR selector) + KNN,X8_LN,213,Integrated
Integrated-SelectFromModel (L1-LR selector) + KNN,X8_LP,214,Integrated
Integrated-SelectFromModel (L1-LR selector) + KNN,X8_LQ,215,Integrated
Integrated-SelectFromModel (L1-LR selector) + KNN,X8_LR,216,Integrated
Integrated-SelectFromModel (L1-LR selector) + KNN,X8_LS,217,Integrated
Integrated-SelectFromModel (L1-LR selector) + KNN,X8_LT,218,Integrated
Integrated-SelectFromModel (L1-LR selector) + KNN,X8_LV,219,Integrated
Integrated-SelectFromModel (L1-LR selector) + KNN,X8_LW,220,Integrated
Integrated-SelectFromModel (L1-LR selector) + KNN,X8_LY,221,Integrated
Integrated-SelectFromModel (L1-LR selector) + KNN,X8_MA,222,Integrated
Integrated-SelectFromModel (L1-LR selector) + KNN,X8_MC,223,Integrated
Integrated-SelectFromModel (L1-LR selector) + KNN,X8_MD,224,Integrated
Integrated-SelectFromModel (L1-LR selector) + KNN,X8_MF,225,Integrated
Integrated-SelectFromModel (L1-LR selector) + KNN,X8_MG,226,Integrated
Integrated-SelectFromModel (L1-LR selector) + KNN,X8_MH,227,Integrated
Integrated-SelectFromModel (L1-LR selector) + KNN,X8_MI,228,Integrated
Integrated-SelectFromModel (L1-LR selector) + KNN,X8_MK,229,Integrated
Integrated-SelectFromModel (L1-LR selector) + KNN,X8_ML,230,Integrated
Integrated-SelectFromModel (L1-LR selector) + KNN,X8_MM,231,Integrated
Integrated-SelectFromModel (L1-LR selector) + KNN,X8_MN,232,Integrated
Integrated-SelectFromModel (L1-LR selector) + KNN,X8_MP,233,Integrated
Integrated-SelectFromModel (L1-LR selector) + KNN,X8_MQ,234,Integrated
Integrated-SelectFromModel (L1-LR selector) + KNN,X8_MR,235,Integrated
Integrated-SelectFromModel (L1-LR selector) + KNN,X8_MS,236,Integrated
Integrated-SelectFromModel (L1-LR selector) + KNN,X8_MT,237,Integrated
Integrated-SelectFromModel (L1-LR selector) + KNN,X8_MW,238,Integrated
Integrated-SelectFromModel (L1-LR selector) + KNN,X8_MY,239,Integrated
Integrated-SelectFromModel (L1-LR selector) + KNN,X8_NA,240,Integrated
Integrated-SelectFromModel (L1-LR selector) + KNN,X8_NC,241,Integrated
Integrated-SelectFromModel (L1-LR selector) + KNN,X8_ND,242,Integrated
Integrated-SelectFromModel (L1-LR selector) + KNN,X8_NE,243,Integrated
Integrated-SelectFromModel (L1-LR selector) + KNN,X8_NF,244,Integrated
Integrated-SelectFromModel (L1-LR selector) + KNN,X8_NG,245,Integrated
Integrated-SelectFromModel (L1-LR selector) + KNN,X8_NH,246,Integrated
Integrated-SelectFromModel (L1-LR selector) + KNN,X8_NK,247,Integrated
Integrated-SelectFromModel (L1-LR selector) + KNN,X8_NL,248,Integrated
Integrated-SelectFromModel (L1-LR selector) + KNN,X8_NM,249,Integrated
Integrated-SelectFromModel (L1-LR selector) + KNN,X8_NN,250,Integrated
Integrated-SelectFromModel (L1-LR selector) + KNN,X8_NP,251,Integrated
Integrated-SelectFromModel (L1-LR selector) + KNN,X8_NQ,252,Integrated
Integrated-SelectFromModel (L1-LR selector) + KNN,X8_NR,253,Integrated
Integrated-SelectFromModel (L1-LR selector) + KNN,X8_NS,254,Integrated
Integrated-SelectFromModel (L1-LR selector) + KNN,X8_NT,255,Integrated
Integrated-SelectFromModel (L1-LR selector) + KNN,X8_NV,256,Integrated
Integrated-SelectFromModel (L1-LR selector) + KNN,X8_NW,257,Integrated
Integrated-SelectFromModel (L1-LR selector) + KNN,X8_NY,258,Integrated
Integrated-SelectFromModel (L1-LR selector) + KNN,X8_PA,259,Integrated
Integrated-SelectFromModel (L1-LR selector) + KNN,X8_PC,260,Integrated
Integrated-SelectFromModel (L1-LR selector) + KNN,X8_PD,261,Integrated
Integrated-SelectFromModel (L1-LR selector) + KNN,X8_PE,262,Integrated
Integrated-SelectFromModel (L1-LR selector) + KNN,X8_PF,263,Integrated
Integrated-SelectFromModel (L1-LR selector) + KNN,X8_PG,264,Integrated
Integrated-SelectFromModel (L1-LR selector) + KNN,X8_PH,265,Integrated
Integrated-SelectFromModel (L1-LR selector) + KNN,X8_PI,266,Integrated
Integrated-SelectFromModel (L1-LR selector) + KNN,X8_PK,267,Integrated
Integrated-SelectFromModel (L1-LR selector) + KNN,X8_PL,268,Integrated
Integrated-SelectFromModel (L1-LR selector) + KNN,X8_PM,269,Integrated
Integrated-SelectFromModel (L1-LR selector) + KNN,X8_PN,270,Integrated
Integrated-SelectFromModel (L1-LR selector) + KNN,X8_PP,271,Integrated
Integrated-SelectFromModel (L1-LR selector) + KNN,X8_PQ,272,Integrated
Integrated-SelectFromModel (L1-LR selector) + KNN,X8_PR,273,Integrated
Integrated-SelectFromModel (L1-LR selector) + KNN,X8_PS,274,Integrated
Integrated-SelectFromModel (L1-LR selector) + KNN,X8_PT,275,Integrated
Integrated-SelectFromModel (L1-LR selector) + KNN,X8_PV,276,Integrated
Integrated-SelectFromModel (L1-LR selector) + KNN,X8_PW,277,Integrated
Integrated-SelectFromModel (L1-LR selector) + KNN,X8_PY,278,Integrated
Integrated-SelectFromModel (L1-LR selector) + KNN,X8_QA,279,Integrated
Integrated-SelectFromModel (L1-LR selector) + KNN,X8_QC,280,Integrated
Integrated-SelectFromModel (L1-LR selector) + KNN,X8_QD,281,Integrated
Integrated-SelectFromModel (L1-LR selector) + KNN,X8_QE,282,Integrated
Integrated-SelectFromModel (L1-LR selector) + KNN,X8_QF,283,Integrated
Integrated-SelectFromModel (L1-LR selector) + KNN,X8_QG,284,Integrated
Integrated-SelectFromModel (L1-LR selector) + KNN,X8_QI,285,Integrated
Integrated-SelectFromModel (L1-LR selector) + KNN,X8_QK,286,Integrated
Integrated-SelectFromModel (L1-LR selector) + KNN,X8_QM,287,Integrated
Integrated-SelectFromModel (L1-LR selector) + KNN,X8_QN,288,Integrated
Integrated-SelectFromModel (L1-LR selector) + KNN,X8_QP,289,Integrated
Integrated-SelectFromModel (L1-LR selector) + KNN,X8_QQ,290,Integrated
Integrated-SelectFromModel (L1-LR selector) + KNN,X8_QR,291,Integrated
Integrated-SelectFromModel (L1-LR selector) + KNN,X8_QS,292,Integrated
Integrated-SelectFromModel (L1-LR selector) + KNN,X8_QV,293,Integrated
Integrated-SelectFromModel (L1-LR selector) + KNN,X8_QW,294,Integrated
Integrated-SelectFromModel (L1-LR selector) + KNN,X8_QY,295,Integrated
Integrated-SelectFromModel (L1-LR selector) + KNN,X8_RA,296,Integrated
Integrated-SelectFromModel (L1-LR selector) + KNN,X8_RC,297,Integrated
Integrated-SelectFromModel (L1-LR selector) + KNN,X8_RD,298,Integrated
Integrated-SelectFromModel (L1-LR selector) + KNN,X8_RE,299,Integrated
Integrated-SelectFromModel (L1-LR selector) + KNN,X8_RF,300,Integrated
Integrated-SelectFromModel (L1-LR selector) + KNN,X8_RH,301,Integrated
Integrated-SelectFromModel (L1-LR selector) + KNN,X8_RI,302,Integrated
Integrated-SelectFromModel (L1-LR selector) + KNN,X8_RK,303,Integrated
Integrated-SelectFromModel (L1-LR selector) + KNN,X8_RL,304,Integrated
Integrated-SelectFromModel (L1-LR selector) + KNN,X8_RM,305,Integrated
Integrated-SelectFromModel (L1-LR selector) + KNN,X8_RN,306,Integrated
Integrated-SelectFromModel (L1-LR selector) + KNN,X8_RP,307,Integrated
Integrated-SelectFromModel (L1-LR selector) + KNN,X8_RQ,308,Integrated
Integrated-SelectFromModel (L1-LR selector) + KNN,X8_RR,309,Integrated
Integrated-SelectFromModel (L1-LR selector) + KNN,X8_RS,310,Integrated
Integrated-SelectFromModel (L1-LR selector) + KNN,X8_RT,311,Integrated
Integrated-SelectFromModel (L1-LR selector) + KNN,X8_RV,312,Integrated
Integrated-SelectFromModel (L1-LR selector) + KNN,X8_RW,313,Integrated
Integrated-SelectFromModel (L1-LR selector) + KNN,X8_RY,314,Integrated
Integrated-SelectFromModel (L1-LR selector) + KNN,X8_SA,315,Integrated
Integrated-SelectFromModel (L1-LR selector) + KNN,X8_SC,316,Integrated
Integrated-SelectFromModel (L1-LR selector) + KNN,X8_SD,317,Integrated
Integrated-SelectFromModel (L1-LR selector) + KNN,X8_SE,318,Integrated
Integrated-SelectFromModel (L1-LR selector) + KNN,X8_SF,319,Integrated
Integrated-SelectFromModel (L1-LR selector) + KNN,X8_SG,320,Integrated
Integrated-SelectFromModel (L1-LR selector) + KNN,X8_SH,321,Integrated
Integrated-SelectFromModel (L1-LR selector) + KNN,X8_SI,322,Integrated
Integrated-SelectFromModel (L1-LR selector) + KNN,X8_SK,323,Integrated
Integrated-SelectFromModel (L1-LR selector) + KNN,X8_SL,324,Integrated
Integrated-SelectFromModel (L1-LR selector) + KNN,X8_SM,325,Integrated
Integrated-SelectFromModel (L1-LR selector) + KNN,X8_SN,326,Integrated
Integrated-SelectFromModel (L1-LR selector) + KNN,X8_SP,327,Integrated
Integrated-SelectFromModel (L1-LR selector) + KNN,X8_SR,328,Integrated
Integrated-SelectFromModel (L1-LR selector) + KNN,X8_ST,329,Integrated
Integrated-SelectFromModel (L1-LR selector) + KNN,X8_SV,330,Integrated
Integrated-SelectFromModel (L1-LR selector) + KNN,X8_SW,331,Integrated
Integrated-SelectFromModel (L1-LR selector) + KNN,X8_SY,332,Integrated
Integrated-SelectFromModel (L1-LR selector) + KNN,X8_TA,333,Integrated
Integrated-SelectFromModel (L1-LR selector) + KNN,X8_TC,334,Integrated
Integrated-SelectFromModel (L1-LR selector) + KNN,X8_TD,335,Integrated
Integrated-SelectFromModel (L1-LR selector) + KNN,X8_TE,336,Integrated
Integrated-SelectFromModel (L1-LR selector) + KNN,X8_TF,337,Integrated
Integrated-SelectFromModel (L1-LR selector) + KNN,X8_TG,338,Integrated
Integrated-SelectFromModel (L1-LR selector) + KNN,X8_TH,339,Integrated
Integrated-SelectFromModel (L1-LR selector) + KNN,X8_TI,340,Integrated
Integrated-SelectFromModel (L1-LR selector) + KNN,X8_TK,341,Integrated
Integrated-SelectFromModel (L1-LR selector) + KNN,X8_TL,342,Integrated
Integrated-SelectFromModel (L1-LR selector) + KNN,X8_TM,343,Integrated
Integrated-SelectFromModel (L1-LR selector) + KNN,X8_TP,344,Integrated
Integrated-SelectFromModel (L1-LR selector) + KNN,X8_TQ,345,Integrated
Integrated-SelectFromModel (L1-LR selector) + KNN,X8_TR,346,Integrated
Integrated-SelectFromModel (L1-LR selector) + KNN,X8_TS,347,Integrated
Integrated-SelectFromModel (L1-LR selector) + KNN,X8_TT,348,Integrated
Integrated-SelectFromModel (L1-LR selector) + KNN,X8_TV,349,Integrated
Integrated-SelectFromModel (L1-LR selector) + KNN,X8_TW,350,Integrated
Integrated-SelectFromModel (L1-LR selector) + KNN,X8_TY,351,Integrated
Integrated-SelectFromModel (L1-LR selector) + KNN,X8_VA,352,Integrated
Integrated-SelectFromModel (L1-LR selector) + KNN,X8_VC,353,Integrated
Integrated-SelectFromModel (L1-LR selector) + KNN,X8_VD,354,Integrated
Integrated-SelectFromModel (L1-LR selector) + KNN,X8_VF,355,Integrated
Integrated-SelectFromModel (L1-LR selector) + KNN,X8_VG,356,Integrated
Integrated-SelectFromModel (L1-LR selector) + KNN,X8_VH,357,Integrated
Integrated-SelectFromModel (L1-LR selector) + KNN,X8_VI,358,Integrated
Integrated-SelectFromModel (L1-LR selector) + KNN,X8_VK,359,Integrated
Integrated-SelectFromModel (L1-LR selector) + KNN,X8_VL,360,Integrated
Integrated-SelectFromModel (L1-LR selector) + KNN,X8_VM,361,Integrated
Integrated-SelectFromModel (L1-LR selector) + KNN,X8_VN,362,Integrated
Integrated-SelectFromModel (L1-LR selector) + KNN,X8_VP,363,Integrated
Integrated-SelectFromModel (L1-LR selector) + KNN,X8_VQ,364,Integrated
Integrated-SelectFromModel (L1-LR selector) + KNN,X8_VR,365,Integrated
Integrated-SelectFromModel (L1-LR selector) + KNN,X8_VS,366,Integrated
Integrated-SelectFromModel (L1-LR selector) + KNN,X8_VT,367,Integrated
Integrated-SelectFromModel (L1-LR selector) + KNN,X8_VV,368,Integrated
Integrated-SelectFromModel (L1-LR selector) + KNN,X8_VW,369,Integrated
Integrated-SelectFromModel (L1-LR selector) + KNN,X8_VY,370,Integrated
Integrated-SelectFromModel (L1-LR selector) + KNN,X8_WA,371,Integrated
Integrated-SelectFromModel (L1-LR selector) + KNN,X8_WC,372,Integrated
Integrated-SelectFromModel (L1-LR selector) + KNN,X8_WD,373,Integrated
Integrated-SelectFromModel (L1-LR selector) + KNN,X8_WE,374,Integrated
Integrated-SelectFromModel (L1-LR selector) + KNN,X8_WF,375,Integrated
Integrated-SelectFromModel (L1-LR selector) + KNN,X8_WG,376,Integrated
Integrated-SelectFromModel (L1-LR selector) + KNN,X8_WH,377,Integrated
Integrated-SelectFromModel (L1-LR selector) + KNN,X8_WI,378,Integrated
Integrated-SelectFromModel (L1-LR selector) + KNN,X8_WK,379,Integrated
Integrated-SelectFromModel (L1-LR selector) + KNN,X8_WL,380,Integrated
Integrated-SelectFromModel (L1-LR selector) + KNN,X8_WM,381,Integrated
Integrated-SelectFromModel (L1-LR selector) + KNN,X8_WN,382,Integrated
Integrated-SelectFromModel (L1-LR selector) + KNN,X8_WP,383,Integrated
Integrated-SelectFromModel (L1-LR selector) + KNN,X8_WQ,384,Integrated
Integrated-SelectFromModel (L1-LR selector) + KNN,X8_WR,385,Integrated
Integrated-SelectFromModel (L1-LR selector) + KNN,X8_WS,386,Integrated
Integrated-SelectFromModel (L1-LR selector) + KNN,X8_WT,387,Integrated
Integrated-SelectFromModel (L1-LR selector) + KNN,X8_WV,388,Integrated
Integrated-SelectFromModel (L1-LR selector) + KNN,X8_WY,389,Integrated
Integrated-SelectFromModel (L1-LR selector) + KNN,X8_YA,390,Integrated
Integrated-SelectFromModel (L1-LR selector) + KNN,X8_YC,391,Integrated
Integrated-SelectFromModel (L1-LR selector) + KNN,X8_YD,392,Integrated
Integrated-SelectFromModel (L1-LR selector) + KNN,X8_YE,393,Integrated
Integrated-SelectFromModel (L1-LR selector) + KNN,X8_YH,394,Integrated
Integrated-SelectFromModel (L1-LR selector) + KNN,X8_YI,395,Integrated
Integrated-SelectFromModel (L1-LR selector) + KNN,X8_YK,396,Integrated
Integrated-SelectFromModel (L1-LR selector) + KNN,X8_YL,397,Integrated
Integrated-SelectFromModel (L1-LR selector) + KNN,X8_YM,398,Integrated
Integrated-SelectFromModel (L1-LR selector) + KNN,X8_YN,399,Integrated
Integrated-SelectFromModel (L1-LR selector) + KNN,X8_YP,400,Integrated
Integrated-SelectFromModel (L1-LR selector) + KNN,X8_YQ,401,Integrated
Integrated-SelectFromModel (L1-LR selector) + KNN,X8_YR,402,Integrated
Integrated-SelectFromModel (L1-LR selector) + KNN,X8_YT,403,Integrated
Integrated-SelectFromModel (L1-LR selector) + KNN,X8_YV,404,Integrated
Integrated-SelectFromModel (L1-LR selector) + KNN,X8_YW,405,Integrated
Integrated-SelectFromModel (L1-LR selector) + KNN,X8_YY,406,Integrated
Integrated-SelectFromModel (L1-LR selector) + KNN,acidic_group,407,Integrated
Integrated-SelectFromModel (L1-LR selector) + KNN,aliphatic_group,408,Integrated
Integrated-SelectFromModel (L1-LR selector) + KNN,aromatic_group,409,Integrated
Integrated-SelectFromModel (L1-LR selector) + KNN,charged_group,410,Integrated
Integrated-SelectFromModel (L1-LR selector) + KNN,cruciani_prp1,411,Integrated
Integrated-SelectFromModel (L1-LR selector) + KNN,instability_index,412,Integrated
Integrated-SelectFromModel (L1-LR selector) + KNN,isoelectric_point,413,Integrated
Integrated-SelectFromModel (L1-LR selector) + KNN,peptide_len,414,Integrated
Integrated-SelectFromModel (L1-LR selector) + KNN,polar_group,415,Integrated
Integrated-SelectFromModel (L1-LR selector) + KNN,tiny_group,416,Integrated
Integrated-SelectFromModel (L1-LR selector) + Naive Bayes,X4_A,1,Integrated
Integrated-SelectFromModel (L1-LR selector) + Naive Bayes,X4_C,2,Integrated
Integrated-SelectFromModel (L1-LR selector) + Naive Bayes,X4_D,3,Integrated
Integrated-SelectFromModel (L1-LR selector) + Naive Bayes,X4_E,4,Integrated
Integrated-SelectFromModel (L1-LR selector) + Naive Bayes,X4_F,5,Integrated
Integrated-SelectFromModel (L1-LR selector) + Naive Bayes,X4_G,6,Integrated
Integrated-SelectFromModel (L1-LR selector) + Naive Bayes,X4_H,7,Integrated
Integrated-SelectFromModel (L1-LR selector) + Naive Bayes,X4_I,8,Integrated
Integrated-SelectFromModel (L1-LR selector) + Naive Bayes,X4_K,9,Integrated
Integrated-SelectFromModel (L1-LR selector) + Naive Bayes,X4_L,10,Integrated
Integrated-SelectFromModel (L1-LR selector) + Naive Bayes,X4_M,11,Integrated
Integrated-SelectFromModel (L1-LR selector) + Naive Bayes,X4_N,12,Integrated
Integrated-SelectFromModel (L1-LR selector) + Naive Bayes,X4_P,13,Integrated
Integrated-SelectFromModel (L1-LR selector) + Naive Bayes,X4_Q,14,Integrated
Integrated-SelectFromModel (L1-LR selector) + Naive Bayes,X4_R,15,Integrated
Integrated-SelectFromModel (L1-LR selector) + Naive Bayes,X4_S,16,Integrated
Integrated-SelectFromModel (L1-LR selector) + Naive Bayes,X4_T,17,Integrated
Integrated-SelectFromModel (L1-LR selector) + Naive Bayes,X4_V,18,Integrated
Integrated-SelectFromModel (L1-LR selector) + Naive Bayes,X4_W,19,Integrated
Integrated-SelectFromModel (L1-LR selector) + Naive Bayes,X4_Y,20,Integrated
Integrated-SelectFromModel (L1-LR selector) + Naive Bayes,X5_A,21,Integrated
Integrated-SelectFromModel (L1-LR selector) + Naive Bayes,X5_C,22,Integrated
Integrated-SelectFromModel (L1-LR selector) + Naive Bayes,X5_D,23,Integrated
Integrated-SelectFromModel (L1-LR selector) + Naive Bayes,X5_G,24,Integrated
Integrated-SelectFromModel (L1-LR selector) + Naive Bayes,X5_H,25,Integrated
Integrated-SelectFromModel (L1-LR selector) + Naive Bayes,X5_I,26,Integrated
Integrated-SelectFromModel (L1-LR selector) + Naive Bayes,X5_K,27,Integrated
Integrated-SelectFromModel (L1-LR selector) + Naive Bayes,X5_M,28,Integrated
Integrated-SelectFromModel (L1-LR selector) + Naive Bayes,X5_N,29,Integrated
Integrated-SelectFromModel (L1-LR selector) + Naive Bayes,X5_P,30,Integrated
Integrated-SelectFromModel (L1-LR selector) + Naive Bayes,X5_S,31,Integrated
Integrated-SelectFromModel (L1-LR selector) + Naive Bayes,X5_V,32,Integrated
Integrated-SelectFromModel (L1-LR selector) + Naive Bayes,X5_W,33,Integrated
Integrated-SelectFromModel (L1-LR selector) + Naive Bayes,X5_Y,34,Integrated
Integrated-SelectFromModel (L1-LR selector) + Naive Bayes,X8_AA,35,Integrated
Integrated-SelectFromModel (L1-LR selector) + Naive Bayes,X8_AC,36,Integrated
Integrated-SelectFromModel (L1-LR selector) + Naive Bayes,X8_AD,37,Integrated
Integrated-SelectFromModel (L1-LR selector) + Naive Bayes,X8_AE,38,Integrated
Integrated-SelectFromModel (L1-LR selector) + Naive Bayes,X8_AF,39,Integrated
Integrated-SelectFromModel (L1-LR selector) + Naive Bayes,X8_AG,40,Integrated
Integrated-SelectFromModel (L1-LR selector) + Naive Bayes,X8_AH,41,Integrated
Integrated-SelectFromModel (L1-LR selector) + Naive Bayes,X8_AI,42,Integrated
Integrated-SelectFromModel (L1-LR selector) + Naive Bayes,X8_AK,43,Integrated
Integrated-SelectFromModel (L1-LR selector) + Naive Bayes,X8_AL,44,Integrated
Integrated-SelectFromModel (L1-LR selector) + Naive Bayes,X8_AM,45,Integrated
Integrated-SelectFromModel (L1-LR selector) + Naive Bayes,X8_AN,46,Integrated
Integrated-SelectFromModel (L1-LR selector) + Naive Bayes,X8_AP,47,Integrated
Integrated-SelectFromModel (L1-LR selector) + Naive Bayes,X8_AQ,48,Integrated
Integrated-SelectFromModel (L1-LR selector) + Naive Bayes,X8_AR,49,Integrated
Integrated-SelectFromModel (L1-LR selector) + Naive Bayes,X8_AS,50,Integrated
Integrated-SelectFromModel (L1-LR selector) + Naive Bayes,X8_AT,51,Integrated
Integrated-SelectFromModel (L1-LR selector) + Naive Bayes,X8_AV,52,Integrated
Integrated-SelectFromModel (L1-LR selector) + Naive Bayes,X8_AW,53,Integrated
Integrated-SelectFromModel (L1-LR selector) + Naive Bayes,X8_AY,54,Integrated
Integrated-SelectFromModel (L1-LR selector) + Naive Bayes,X8_CC,55,Integrated
Integrated-SelectFromModel (L1-LR selector) + Naive Bayes,X8_CD,56,Integrated
Integrated-SelectFromModel (L1-LR selector) + Naive Bayes,X8_CE,57,Integrated
Integrated-SelectFromModel (L1-LR selector) + Naive Bayes,X8_CF,58,Integrated
Integrated-SelectFromModel (L1-LR selector) + Naive Bayes,X8_CG,59,Integrated
Integrated-SelectFromModel (L1-LR selector) + Naive Bayes,X8_CH,60,Integrated
Integrated-SelectFromModel (L1-LR selector) + Naive Bayes,X8_CI,61,Integrated
Integrated-SelectFromModel (L1-LR selector) + Naive Bayes,X8_CK,62,Integrated
Integrated-SelectFromModel (L1-LR selector) + Naive Bayes,X8_CL,63,Integrated
Integrated-SelectFromModel (L1-LR selector) + Naive Bayes,X8_CM,64,Integrated
Integrated-SelectFromModel (L1-LR selector) + Naive Bayes,X8_CN,65,Integrated
Integrated-SelectFromModel (L1-LR selector) + Naive Bayes,X8_CP,66,Integrated
Integrated-SelectFromModel (L1-LR selector) + Naive Bayes,X8_CQ,67,Integrated
Integrated-SelectFromModel (L1-LR selector) + Naive Bayes,X8_CR,68,Integrated
Integrated-SelectFromModel (L1-LR selector) + Naive Bayes,X8_CS,69,Integrated
Integrated-SelectFromModel (L1-LR selector) + Naive Bayes,X8_CT,70,Integrated
Integrated-SelectFromModel (L1-LR selector) + Naive Bayes,X8_CV,71,Integrated
Integrated-SelectFromModel (L1-LR selector) + Naive Bayes,X8_CW,72,Integrated
Integrated-SelectFromModel (L1-LR selector) + Naive Bayes,X8_CY,73,Integrated
Integrated-SelectFromModel (L1-LR selector) + Naive Bayes,X8_DA,74,Integrated
Integrated-SelectFromModel (L1-LR selector) + Naive Bayes,X8_DC,75,Integrated
Integrated-SelectFromModel (L1-LR selector) + Naive Bayes,X8_DD,76,Integrated
Integrated-SelectFromModel (L1-LR selector) + Naive Bayes,X8_DE,77,Integrated
Integrated-SelectFromModel (L1-LR selector) + Naive Bayes,X8_DF,78,Integrated
Integrated-SelectFromModel (L1-LR selector) + Naive Bayes,X8_DG,79,Integrated
Integrated-SelectFromModel (L1-LR selector) + Naive Bayes,X8_DH,80,Integrated
Integrated-SelectFromModel (L1-LR selector) + Naive Bayes,X8_DI,81,Integrated
Integrated-SelectFromModel (L1-LR selector) + Naive Bayes,X8_DK,82,Integrated
Integrated-SelectFromModel (L1-LR selector) + Naive Bayes,X8_DM,83,Integrated
Integrated-SelectFromModel (L1-LR selector) + Naive Bayes,X8_DN,84,Integrated
Integrated-SelectFromModel (L1-LR selector) + Naive Bayes,X8_DP,85,Integrated
Integrated-SelectFromModel (L1-LR selector) + Naive Bayes,X8_DQ,86,Integrated
Integrated-SelectFromModel (L1-LR selector) + Naive Bayes,X8_DR,87,Integrated
Integrated-SelectFromModel (L1-LR selector) + Naive Bayes,X8_DS,88,Integrated
Integrated-SelectFromModel (L1-LR selector) + Naive Bayes,X8_DT,89,Integrated
Integrated-SelectFromModel (L1-LR selector) + Naive Bayes,X8_DV,90,Integrated
Integrated-SelectFromModel (L1-LR selector) + Naive Bayes,X8_DW,91,Integrated
Integrated-SelectFromModel (L1-LR selector) + Naive Bayes,X8_DY,92,Integrated
Integrated-SelectFromModel (L1-LR selector) + Naive Bayes,X8_EA,93,Integrated
Integrated-SelectFromModel (L1-LR selector) + Naive Bayes,X8_ED,94,Integrated
Integrated-SelectFromModel (L1-LR selector) + Naive Bayes,X8_EE,95,Integrated
Integrated-SelectFromModel (L1-LR selector) + Naive Bayes,X8_EF,96,Integrated
Integrated-SelectFromModel (L1-LR selector) + Naive Bayes,X8_EG,97,Integrated
Integrated-SelectFromModel (L1-LR selector) + Naive Bayes,X8_EI,98,Integrated
Integrated-SelectFromModel (L1-LR selector) + Naive Bayes,X8_EL,99,Integrated
Integrated-SelectFromModel (L1-LR selector) + Naive Bayes,X8_EM,100,Integrated
Integrated-SelectFromModel (L1-LR selector) + Naive Bayes,X8_EN,101,Integrated
Integrated-SelectFromModel (L1-LR selector) + Naive Bayes,X8_EP,102,Integrated
Integrated-SelectFromModel (L1-LR selector) + Naive Bayes,X8_EQ,103,Integrated
Integrated-SelectFromModel (L1-LR selector) + Naive Bayes,X8_ER,104,Integrated
Integrated-SelectFromModel (L1-LR selector) + Naive Bayes,X8_ES,105,Integrated
Integrated-SelectFromModel (L1-LR selector) + Naive Bayes,X8_ET,106,Integrated
Integrated-SelectFromModel (L1-LR selector) + Naive Bayes,X8_EV,107,Integrated
Integrated-SelectFromModel (L1-LR selector) + Naive Bayes,X8_EW,108,Integrated
Integrated-SelectFromModel (L1-LR selector) + Naive Bayes,X8_EY,109,Integrated
Integrated-SelectFromModel (L1-LR selector) + Naive Bayes,X8_FA,110,Integrated
Integrated-SelectFromModel (L1-LR selector) + Naive Bayes,X8_FC,111,Integrated
Integrated-SelectFromModel (L1-LR selector) + Naive Bayes,X8_FD,112,Integrated
Integrated-SelectFromModel (L1-LR selector) + Naive Bayes,X8_FE,113,Integrated
Integrated-SelectFromModel (L1-LR selector) + Naive Bayes,X8_FF,114,Integrated
Integrated-SelectFromModel (L1-LR selector) + Naive Bayes,X8_FG,115,Integrated
Integrated-SelectFromModel (L1-LR selector) + Naive Bayes,X8_FH,116,Integrated
Integrated-SelectFromModel (L1-LR selector) + Naive Bayes,X8_FI,117,Integrated
Integrated-SelectFromModel (L1-LR selector) + Naive Bayes,X8_FK,118,Integrated
Integrated-SelectFromModel (L1-LR selector) + Naive Bayes,X8_FL,119,Integrated
Integrated-SelectFromModel (L1-LR selector) + Naive Bayes,X8_FM,120,Integrated
Integrated-SelectFromModel (L1-LR selector) + Naive Bayes,X8_FN,121,Integrated
Integrated-SelectFromModel (L1-LR selector) + Naive Bayes,X8_FP,122,Integrated
Integrated-SelectFromModel (L1-LR selector) + Naive Bayes,X8_FQ,123,Integrated
Integrated-SelectFromModel (L1-LR selector) + Naive Bayes,X8_FR,124,Integrated
Integrated-SelectFromModel (L1-LR selector) + Naive Bayes,X8_FS,125,Integrated
Integrated-SelectFromModel (L1-LR selector) + Naive Bayes,X8_FT,126,Integrated
Integrated-SelectFromModel (L1-LR selector) + Naive Bayes,X8_FV,127,Integrated
Integrated-SelectFromModel (L1-LR selector) + Naive Bayes,X8_FW,128,Integrated
Integrated-SelectFromModel (L1-LR selector) + Naive Bayes,X8_FY,129,Integrated
Integrated-SelectFromModel (L1-LR selector) + Naive Bayes,X8_GA,130,Integrated
Integrated-SelectFromModel (L1-LR selector) + Naive Bayes,X8_GC,131,Integrated
Integrated-SelectFromModel (L1-LR selector) + Naive Bayes,X8_GD,132,Integrated
Integrated-SelectFromModel (L1-LR selector) + Naive Bayes,X8_GE,133,Integrated
Integrated-SelectFromModel (L1-LR selector) + Naive Bayes,X8_GF,134,Integrated
Integrated-SelectFromModel (L1-LR selector) + Naive Bayes,X8_GG,135,Integrated
Integrated-SelectFromModel (L1-LR selector) + Naive Bayes,X8_GI,136,Integrated
Integrated-SelectFromModel (L1-LR selector) + Naive Bayes,X8_GK,137,Integrated
Integrated-SelectFromModel (L1-LR selector) + Naive Bayes,X8_GL,138,Integrated
Integrated-SelectFromModel (L1-LR selector) + Naive Bayes,X8_GM,139,Integrated
Integrated-SelectFromModel (L1-LR selector) + Naive Bayes,X8_GN,140,Integrated
Integrated-SelectFromModel (L1-LR selector) + Naive Bayes,X8_GP,141,Integrated
Integrated-SelectFromModel (L1-LR selector) + Naive Bayes,X8_GQ,142,Integrated
Integrated-SelectFromModel (L1-LR selector) + Naive Bayes,X8_GR,143,Integrated
Integrated-SelectFromModel (L1-LR selector) + Naive Bayes,X8_GS,144,Integrated
Integrated-SelectFromModel (L1-LR selector) + Naive Bayes,X8_GT,145,Integrated
Integrated-SelectFromModel (L1-LR selector) + Naive Bayes,X8_GV,146,Integrated
Integrated-SelectFromModel (L1-LR selector) + Naive Bayes,X8_GW,147,Integrated
Integrated-SelectFromModel (L1-LR selector) + Naive Bayes,X8_GY,148,Integrated
Integrated-SelectFromModel (L1-LR selector) + Naive Bayes,X8_HA,149,Integrated
Integrated-SelectFromModel (L1-LR selector) + Naive Bayes,X8_HC,150,Integrated
Integrated-SelectFromModel (L1-LR selector) + Naive Bayes,X8_HD,151,Integrated
Integrated-SelectFromModel (L1-LR selector) + Naive Bayes,X8_HE,152,Integrated
Integrated-SelectFromModel (L1-LR selector) + Naive Bayes,X8_HG,153,Integrated
Integrated-SelectFromModel (L1-LR selector) + Naive Bayes,X8_HH,154,Integrated
Integrated-SelectFromModel (L1-LR selector) + Naive Bayes,X8_HK,155,Integrated
Integrated-SelectFromModel (L1-LR selector) + Naive Bayes,X8_HL,156,Integrated
Integrated-SelectFromModel (L1-LR selector) + Naive Bayes,X8_HN,157,Integrated
Integrated-SelectFromModel (L1-LR selector) + Naive Bayes,X8_HP,158,Integrated
Integrated-SelectFromModel (L1-LR selector) + Naive Bayes,X8_HQ,159,Integrated
Integrated-SelectFromModel (L1-LR selector) + Naive Bayes,X8_HR,160,Integrated
Integrated-SelectFromModel (L1-LR selector) + Naive Bayes,X8_HS,161,Integrated
Integrated-SelectFromModel (L1-LR selector) + Naive Bayes,X8_HT,162,Integrated
Integrated-SelectFromModel (L1-LR selector) + Naive Bayes,X8_HV,163,Integrated
Integrated-SelectFromModel (L1-LR selector) + Naive Bayes,X8_HW,164,Integrated
Integrated-SelectFromModel (L1-LR selector) + Naive Bayes,X8_IA,165,Integrated
Integrated-SelectFromModel (L1-LR selector) + Naive Bayes,X8_IC,166,Integrated
Integrated-SelectFromModel (L1-LR selector) + Naive Bayes,X8_ID,167,Integrated
Integrated-SelectFromModel (L1-LR selector) + Naive Bayes,X8_IE,168,Integrated
Integrated-SelectFromModel (L1-LR selector) + Naive Bayes,X8_IF,169,Integrated
Integrated-SelectFromModel (L1-LR selector) + Naive Bayes,X8_IG,170,Integrated
Integrated-SelectFromModel (L1-LR selector) + Naive Bayes,X8_IH,171,Integrated
Integrated-SelectFromModel (L1-LR selector) + Naive Bayes,X8_II,172,Integrated
Integrated-SelectFromModel (L1-LR selector) + Naive Bayes,X8_IK,173,Integrated
Integrated-SelectFromModel (L1-LR selector) + Naive Bayes,X8_IL,174,Integrated
Integrated-SelectFromModel (L1-LR selector) + Naive Bayes,X8_IM,175,Integrated
Integrated-SelectFromModel (L1-LR selector) + Naive Bayes,X8_IN,176,Integrated
Integrated-SelectFromModel (L1-LR selector) + Naive Bayes,X8_IP,177,Integrated
Integrated-SelectFromModel (L1-LR selector) + Naive Bayes,X8_IQ,178,Integrated
Integrated-SelectFromModel (L1-LR selector) + Naive Bayes,X8_IR,179,Integrated
Integrated-SelectFromModel (L1-LR selector) + Naive Bayes,X8_IS,180,Integrated
Integrated-SelectFromModel (L1-LR selector) + Naive Bayes,X8_IT,181,Integrated
Integrated-SelectFromModel (L1-LR selector) + Naive Bayes,X8_IV,182,Integrated
Integrated-SelectFromModel (L1-LR selector) + Naive Bayes,X8_IW,183,Integrated
Integrated-SelectFromModel (L1-LR selector) + Naive Bayes,X8_IY,184,Integrated
Integrated-SelectFromModel (L1-LR selector) + Naive Bayes,X8_KA,185,Integrated
Integrated-SelectFromModel (L1-LR selector) + Naive Bayes,X8_KC,186,Integrated
Integrated-SelectFromModel (L1-LR selector) + Naive Bayes,X8_KD,187,Integrated
Integrated-SelectFromModel (L1-LR selector) + Naive Bayes,X8_KF,188,Integrated
Integrated-SelectFromModel (L1-LR selector) + Naive Bayes,X8_KG,189,Integrated
Integrated-SelectFromModel (L1-LR selector) + Naive Bayes,X8_KI,190,Integrated
Integrated-SelectFromModel (L1-LR selector) + Naive Bayes,X8_KK,191,Integrated
Integrated-SelectFromModel (L1-LR selector) + Naive Bayes,X8_KL,192,Integrated
Integrated-SelectFromModel (L1-LR selector) + Naive Bayes,X8_KM,193,Integrated
Integrated-SelectFromModel (L1-LR selector) + Naive Bayes,X8_KN,194,Integrated
Integrated-SelectFromModel (L1-LR selector) + Naive Bayes,X8_KQ,195,Integrated
Integrated-SelectFromModel (L1-LR selector) + Naive Bayes,X8_KR,196,Integrated
Integrated-SelectFromModel (L1-LR selector) + Naive Bayes,X8_KS,197,Integrated
Integrated-SelectFromModel (L1-LR selector) + Naive Bayes,X8_KT,198,Integrated
Integrated-SelectFromModel (L1-LR selector) + Naive Bayes,X8_KV,199,Integrated
Integrated-SelectFromModel (L1-LR selector) + Naive Bayes,X8_KW,200,Integrated
Integrated-SelectFromModel (L1-LR selector) + Naive Bayes,X8_KY,201,Integrated
Integrated-SelectFromModel (L1-LR selector) + Naive Bayes,X8_LA,202,Integrated
Integrated-SelectFromModel (L1-LR selector) + Naive Bayes,X8_LC,203,Integrated
Integrated-SelectFromModel (L1-LR selector) + Naive Bayes,X8_LD,204,Integrated
Integrated-SelectFromModel (L1-LR selector) + Naive Bayes,X8_LE,205,Integrated
Integrated-SelectFromModel (L1-LR selector) + Naive Bayes,X8_LF,206,Integrated
Integrated-SelectFromModel (L1-LR selector) + Naive Bayes,X8_LG,207,Integrated
Integrated-SelectFromModel (L1-LR selector) + Naive Bayes,X8_LH,208,Integrated
Integrated-SelectFromModel (L1-LR selector) + Naive Bayes,X8_LI,209,Integrated
Integrated-SelectFromModel (L1-LR selector) + Naive Bayes,X8_LK,210,Integrated
Integrated-SelectFromModel (L1-LR selector) + Naive Bayes,X8_LL,211,Integrated
Integrated-SelectFromModel (L1-LR selector) + Naive Bayes,X8_LM,212,Integrated
Integrated-SelectFromModel (L1-LR selector) + Naive Bayes,X8_LN,213,Integrated
Integrated-SelectFromModel (L1-LR selector) + Naive Bayes,X8_LP,214,Integrated
Integrated-SelectFromModel (L1-LR selector) + Naive Bayes,X8_LQ,215,Integrated
Integrated-SelectFromModel (L1-LR selector) + Naive Bayes,X8_LR,216,Integrated
Integrated-SelectFromModel (L1-LR selector) + Naive Bayes,X8_LS,217,Integrated
Integrated-SelectFromModel (L1-LR selector) + Naive Bayes,X8_LT,218,Integrated
Integrated-SelectFromModel (L1-LR selector) + Naive Bayes,X8_LV,219,Integrated
Integrated-SelectFromModel (L1-LR selector) + Naive Bayes,X8_LW,220,Integrated
Integrated-SelectFromModel (L1-LR selector) + Naive Bayes,X8_LY,221,Integrated
Integrated-SelectFromModel (L1-LR selector) + Naive Bayes,X8_MA,222,Integrated
Integrated-SelectFromModel (L1-LR selector) + Naive Bayes,X8_MC,223,Integrated
Integrated-SelectFromModel (L1-LR selector) + Naive Bayes,X8_MD,224,Integrated
Integrated-SelectFromModel (L1-LR selector) + Naive Bayes,X8_MF,225,Integrated
Integrated-SelectFromModel (L1-LR selector) + Naive Bayes,X8_MG,226,Integrated
Integrated-SelectFromModel (L1-LR selector) + Naive Bayes,X8_MH,227,Integrated
Integrated-SelectFromModel (L1-LR selector) + Naive Bayes,X8_MI,228,Integrated
Integrated-SelectFromModel (L1-LR selector) + Naive Bayes,X8_MK,229,Integrated
Integrated-SelectFromModel (L1-LR selector) + Naive Bayes,X8_ML,230,Integrated
Integrated-SelectFromModel (L1-LR selector) + Naive Bayes,X8_MM,231,Integrated
Integrated-SelectFromModel (L1-LR selector) + Naive Bayes,X8_MN,232,Integrated
Integrated-SelectFromModel (L1-LR selector) + Naive Bayes,X8_MP,233,Integrated
Integrated-SelectFromModel (L1-LR selector) + Naive Bayes,X8_MQ,234,Integrated
Integrated-SelectFromModel (L1-LR selector) + Naive Bayes,X8_MR,235,Integrated
Integrated-SelectFromModel (L1-LR selector) + Naive Bayes,X8_MS,236,Integrated
Integrated-SelectFromModel (L1-LR selector) + Naive Bayes,X8_MT,237,Integrated
Integrated-SelectFromModel (L1-LR selector) + Naive Bayes,X8_MW,238,Integrated
Integrated-SelectFromModel (L1-LR selector) + Naive Bayes,X8_MY,239,Integrated
Integrated-SelectFromModel (L1-LR selector) + Naive Bayes,X8_NA,240,Integrated
Integrated-SelectFromModel (L1-LR selector) + Naive Bayes,X8_NC,241,Integrated
Integrated-SelectFromModel (L1-LR selector) + Naive Bayes,X8_ND,242,Integrated
Integrated-SelectFromModel (L1-LR selector) + Naive Bayes,X8_NE,243,Integrated
Integrated-SelectFromModel (L1-LR selector) + Naive Bayes,X8_NF,244,Integrated
Integrated-SelectFromModel (L1-LR selector) + Naive Bayes,X8_NG,245,Integrated
Integrated-SelectFromModel (L1-LR selector) + Naive Bayes,X8_NH,246,Integrated
Integrated-SelectFromModel (L1-LR selector) + Naive Bayes,X8_NK,247,Integrated
Integrated-SelectFromModel (L1-LR selector) + Naive Bayes,X8_NL,248,Integrated
Integrated-SelectFromModel (L1-LR selector) + Naive Bayes,X8_NM,249,Integrated
Integrated-SelectFromModel (L1-LR selector) + Naive Bayes,X8_NN,250,Integrated
Integrated-SelectFromModel (L1-LR selector) + Naive Bayes,X8_NP,251,Integrated
Integrated-SelectFromModel (L1-LR selector) + Naive Bayes,X8_NQ,252,Integrated
Integrated-SelectFromModel (L1-LR selector) + Naive Bayes,X8_NR,253,Integrated
Integrated-SelectFromModel (L1-LR selector) + Naive Bayes,X8_NS,254,Integrated
Integrated-SelectFromModel (L1-LR selector) + Naive Bayes,X8_NT,255,Integrated
Integrated-SelectFromModel (L1-LR selector) + Naive Bayes,X8_NV,256,Integrated
Integrated-SelectFromModel (L1-LR selector) + Naive Bayes,X8_NW,257,Integrated
Integrated-SelectFromModel (L1-LR selector) + Naive Bayes,X8_NY,258,Integrated
Integrated-SelectFromModel (L1-LR selector) + Naive Bayes,X8_PA,259,Integrated
Integrated-SelectFromModel (L1-LR selector) + Naive Bayes,X8_PC,260,Integrated
Integrated-SelectFromModel (L1-LR selector) + Naive Bayes,X8_PD,261,Integrated
Integrated-SelectFromModel (L1-LR selector) + Naive Bayes,X8_PE,262,Integrated
Integrated-SelectFromModel (L1-LR selector) + Naive Bayes,X8_PF,263,Integrated
Integrated-SelectFromModel (L1-LR selector) + Naive Bayes,X8_PG,264,Integrated
Integrated-SelectFromModel (L1-LR selector) + Naive Bayes,X8_PH,265,Integrated
Integrated-SelectFromModel (L1-LR selector) + Naive Bayes,X8_PI,266,Integrated
Integrated-SelectFromModel (L1-LR selector) + Naive Bayes,X8_PK,267,Integrated
Integrated-SelectFromModel (L1-LR selector) + Naive Bayes,X8_PL,268,Integrated
Integrated-SelectFromModel (L1-LR selector) + Naive Bayes,X8_PM,269,Integrated
Integrated-SelectFromModel (L1-LR selector) + Naive Bayes,X8_PN,270,Integrated
Integrated-SelectFromModel (L1-LR selector) + Naive Bayes,X8_PP,271,Integrated
Integrated-SelectFromModel (L1-LR selector) + Naive Bayes,X8_PQ,272,Integrated
Integrated-SelectFromModel (L1-LR selector) + Naive Bayes,X8_PR,273,Integrated
Integrated-SelectFromModel (L1-LR selector) + Naive Bayes,X8_PS,274,Integrated
Integrated-SelectFromModel (L1-LR selector) + Naive Bayes,X8_PT,275,Integrated
Integrated-SelectFromModel (L1-LR selector) + Naive Bayes,X8_PV,276,Integrated
Integrated-SelectFromModel (L1-LR selector) + Naive Bayes,X8_PW,277,Integrated
Integrated-SelectFromModel (L1-LR selector) + Naive Bayes,X8_PY,278,Integrated
Integrated-SelectFromModel (L1-LR selector) + Naive Bayes,X8_QA,279,Integrated
Integrated-SelectFromModel (L1-LR selector) + Naive Bayes,X8_QC,280,Integrated
Integrated-SelectFromModel (L1-LR selector) + Naive Bayes,X8_QD,281,Integrated
Integrated-SelectFromModel (L1-LR selector) + Naive Bayes,X8_QE,282,Integrated
Integrated-SelectFromModel (L1-LR selector) + Naive Bayes,X8_QF,283,Integrated
Integrated-SelectFromModel (L1-LR selector) + Naive Bayes,X8_QG,284,Integrated
Integrated-SelectFromModel (L1-LR selector) + Naive Bayes,X8_QI,285,Integrated
Integrated-SelectFromModel (L1-LR selector) + Naive Bayes,X8_QK,286,Integrated
Integrated-SelectFromModel (L1-LR selector) + Naive Bayes,X8_QM,287,Integrated
Integrated-SelectFromModel (L1-LR selector) + Naive Bayes,X8_QN,288,Integrated
Integrated-SelectFromModel (L1-LR selector) + Naive Bayes,X8_QP,289,Integrated
Integrated-SelectFromModel (L1-LR selector) + Naive Bayes,X8_QQ,290,Integrated
Integrated-SelectFromModel (L1-LR selector) + Naive Bayes,X8_QR,291,Integrated
Integrated-SelectFromModel (L1-LR selector) + Naive Bayes,X8_QS,292,Integrated
Integrated-SelectFromModel (L1-LR selector) + Naive Bayes,X8_QV,293,Integrated
Integrated-SelectFromModel (L1-LR selector) + Naive Bayes,X8_QW,294,Integrated
Integrated-SelectFromModel (L1-LR selector) + Naive Bayes,X8_QY,295,Integrated
Integrated-SelectFromModel (L1-LR selector) + Naive Bayes,X8_RA,296,Integrated
Integrated-SelectFromModel (L1-LR selector) + Naive Bayes,X8_RC,297,Integrated
Integrated-SelectFromModel (L1-LR selector) + Naive Bayes,X8_RD,298,Integrated
Integrated-SelectFromModel (L1-LR selector) + Naive Bayes,X8_RE,299,Integrated
Integrated-SelectFromModel (L1-LR selector) + Naive Bayes,X8_RF,300,Integrated
Integrated-SelectFromModel (L1-LR selector) + Naive Bayes,X8_RH,301,Integrated
Integrated-SelectFromModel (L1-LR selector) + Naive Bayes,X8_RI,302,Integrated
Integrated-SelectFromModel (L1-LR selector) + Naive Bayes,X8_RK,303,Integrated
Integrated-SelectFromModel (L1-LR selector) + Naive Bayes,X8_RL,304,Integrated
Integrated-SelectFromModel (L1-LR selector) + Naive Bayes,X8_RM,305,Integrated
Integrated-SelectFromModel (L1-LR selector) + Naive Bayes,X8_RN,306,Integrated
Integrated-SelectFromModel (L1-LR selector) + Naive Bayes,X8_RP,307,Integrated
Integrated-SelectFromModel (L1-LR selector) + Naive Bayes,X8_RQ,308,Integrated
Integrated-SelectFromModel (L1-LR selector) + Naive Bayes,X8_RR,309,Integrated
Integrated-SelectFromModel (L1-LR selector) + Naive Bayes,X8_RS,310,Integrated
Integrated-SelectFromModel (L1-LR selector) + Naive Bayes,X8_RT,311,Integrated
Integrated-SelectFromModel (L1-LR selector) + Naive Bayes,X8_RV,312,Integrated
Integrated-SelectFromModel (L1-LR selector) + Naive Bayes,X8_RW,313,Integrated
Integrated-SelectFromModel (L1-LR selector) + Naive Bayes,X8_RY,314,Integrated
Integrated-SelectFromModel (L1-LR selector) + Naive Bayes,X8_SA,315,Integrated
Integrated-SelectFromModel (L1-LR selector) + Naive Bayes,X8_SC,316,Integrated
Integrated-SelectFromModel (L1-LR selector) + Naive Bayes,X8_SD,317,Integrated
Integrated-SelectFromModel (L1-LR selector) + Naive Bayes,X8_SE,318,Integrated
Integrated-SelectFromModel (L1-LR selector) + Naive Bayes,X8_SF,319,Integrated
Integrated-SelectFromModel (L1-LR selector) + Naive Bayes,X8_SG,320,Integrated
Integrated-SelectFromModel (L1-LR selector) + Naive Bayes,X8_SH,321,Integrated
Integrated-SelectFromModel (L1-LR selector) + Naive Bayes,X8_SI,322,Integrated
Integrated-SelectFromModel (L1-LR selector) + Naive Bayes,X8_SK,323,Integrated
Integrated-SelectFromModel (L1-LR selector) + Naive Bayes,X8_SL,324,Integrated
Integrated-SelectFromModel (L1-LR selector) + Naive Bayes,X8_SM,325,Integrated
Integrated-SelectFromModel (L1-LR selector) + Naive Bayes,X8_SN,326,Integrated
Integrated-SelectFromModel (L1-LR selector) + Naive Bayes,X8_SP,327,Integrated
Integrated-SelectFromModel (L1-LR selector) + Naive Bayes,X8_SR,328,Integrated
Integrated-SelectFromModel (L1-LR selector) + Naive Bayes,X8_ST,329,Integrated
Integrated-SelectFromModel (L1-LR selector) + Naive Bayes,X8_SV,330,Integrated
Integrated-SelectFromModel (L1-LR selector) + Naive Bayes,X8_SW,331,Integrated
Integrated-SelectFromModel (L1-LR selector) + Naive Bayes,X8_SY,332,Integrated
Integrated-SelectFromModel (L1-LR selector) + Naive Bayes,X8_TA,333,Integrated
Integrated-SelectFromModel (L1-LR selector) + Naive Bayes,X8_TC,334,Integrated
Integrated-SelectFromModel (L1-LR selector) + Naive Bayes,X8_TD,335,Integrated
Integrated-SelectFromModel (L1-LR selector) + Naive Bayes,X8_TE,336,Integrated
Integrated-SelectFromModel (L1-LR selector) + Naive Bayes,X8_TF,337,Integrated
Integrated-SelectFromModel (L1-LR selector) + Naive Bayes,X8_TG,338,Integrated
Integrated-SelectFromModel (L1-LR selector) + Naive Bayes,X8_TH,339,Integrated
Integrated-SelectFromModel (L1-LR selector) + Naive Bayes,X8_TI,340,Integrated
Integrated-SelectFromModel (L1-LR selector) + Naive Bayes,X8_TK,341,Integrated
Integrated-SelectFromModel (L1-LR selector) + Naive Bayes,X8_TL,342,Integrated
Integrated-SelectFromModel (L1-LR selector) + Naive Bayes,X8_TM,343,Integrated
Integrated-SelectFromModel (L1-LR selector) + Naive Bayes,X8_TP,344,Integrated
Integrated-SelectFromModel (L1-LR selector) + Naive Bayes,X8_TQ,345,Integrated
Integrated-SelectFromModel (L1-LR selector) + Naive Bayes,X8_TR,346,Integrated
Integrated-SelectFromModel (L1-LR selector) + Naive Bayes,X8_TS,347,Integrated
Integrated-SelectFromModel (L1-LR selector) + Naive Bayes,X8_TT,348,Integrated
Integrated-SelectFromModel (L1-LR selector) + Naive Bayes,X8_TV,349,Integrated
Integrated-SelectFromModel (L1-LR selector) + Naive Bayes,X8_TW,350,Integrated
Integrated-SelectFromModel (L1-LR selector) + Naive Bayes,X8_TY,351,Integrated
Integrated-SelectFromModel (L1-LR selector) + Naive Bayes,X8_VA,352,Integrated
Integrated-SelectFromModel (L1-LR selector) + Naive Bayes,X8_VC,353,Integrated
Integrated-SelectFromModel (L1-LR selector) + Naive Bayes,X8_VD,354,Integrated
Integrated-SelectFromModel (L1-LR selector) + Naive Bayes,X8_VF,355,Integrated
Integrated-SelectFromModel (L1-LR selector) + Naive Bayes,X8_VG,356,Integrated
Integrated-SelectFromModel (L1-LR selector) + Naive Bayes,X8_VH,357,Integrated
Integrated-SelectFromModel (L1-LR selector) + Naive Bayes,X8_VI,358,Integrated
Integrated-SelectFromModel (L1-LR selector) + Naive Bayes,X8_VK,359,Integrated
Integrated-SelectFromModel (L1-LR selector) + Naive Bayes,X8_VL,360,Integrated
Integrated-SelectFromModel (L1-LR selector) + Naive Bayes,X8_VM,361,Integrated
Integrated-SelectFromModel (L1-LR selector) + Naive Bayes,X8_VN,362,Integrated
Integrated-SelectFromModel (L1-LR selector) + Naive Bayes,X8_VP,363,Integrated
Integrated-SelectFromModel (L1-LR selector) + Naive Bayes,X8_VQ,364,Integrated
Integrated-SelectFromModel (L1-LR selector) + Naive Bayes,X8_VR,365,Integrated
Integrated-SelectFromModel (L1-LR selector) + Naive Bayes,X8_VS,366,Integrated
Integrated-SelectFromModel (L1-LR selector) + Naive Bayes,X8_VT,367,Integrated
Integrated-SelectFromModel (L1-LR selector) + Naive Bayes,X8_VV,368,Integrated
Integrated-SelectFromModel (L1-LR selector) + Naive Bayes,X8_VW,369,Integrated
Integrated-SelectFromModel (L1-LR selector) + Naive Bayes,X8_VY,370,Integrated
Integrated-SelectFromModel (L1-LR selector) + Naive Bayes,X8_WA,371,Integrated
Integrated-SelectFromModel (L1-LR selector) + Naive Bayes,X8_WC,372,Integrated
Integrated-SelectFromModel (L1-LR selector) + Naive Bayes,X8_WD,373,Integrated
Integrated-SelectFromModel (L1-LR selector) + Naive Bayes,X8_WE,374,Integrated
Integrated-SelectFromModel (L1-LR selector) + Naive Bayes,X8_WF,375,Integrated
Integrated-SelectFromModel (L1-LR selector) + Naive Bayes,X8_WG,376,Integrated
Integrated-SelectFromModel (L1-LR selector) + Naive Bayes,X8_WH,377,Integrated
Integrated-SelectFromModel (L1-LR selector) + Naive Bayes,X8_WI,378,Integrated
Integrated-SelectFromModel (L1-LR selector) + Naive Bayes,X8_WK,379,Integrated
Integrated-SelectFromModel (L1-LR selector) + Naive Bayes,X8_WL,380,Integrated
Integrated-SelectFromModel (L1-LR selector) + Naive Bayes,X8_WM,381,Integrated
Integrated-SelectFromModel (L1-LR selector) + Naive Bayes,X8_WN,382,Integrated
Integrated-SelectFromModel (L1-LR selector) + Naive Bayes,X8_WP,383,Integrated
Integrated-SelectFromModel (L1-LR selector) + Naive Bayes,X8_WQ,384,Integrated
Integrated-SelectFromModel (L1-LR selector) + Naive Bayes,X8_WR,385,Integrated
Integrated-SelectFromModel (L1-LR selector) + Naive Bayes,X8_WS,386,Integrated
Integrated-SelectFromModel (L1-LR selector) + Naive Bayes,X8_WT,387,Integrated
Integrated-SelectFromModel (L1-LR selector) + Naive Bayes,X8_WV,388,Integrated
Integrated-SelectFromModel (L1-LR selector) + Naive Bayes,X8_WY,389,Integrated
Integrated-SelectFromModel (L1-LR selector) + Naive Bayes,X8_YA,390,Integrated
Integrated-SelectFromModel (L1-LR selector) + Naive Bayes,X8_YC,391,Integrated
Integrated-SelectFromModel (L1-LR selector) + Naive Bayes,X8_YD,392,Integrated
Integrated-SelectFromModel (L1-LR selector) + Naive Bayes,X8_YE,393,Integrated
Integrated-SelectFromModel (L1-LR selector) + Naive Bayes,X8_YH,394,Integrated
Integrated-SelectFromModel (L1-LR selector) + Naive Bayes,X8_YI,395,Integrated
Integrated-SelectFromModel (L1-LR selector) + Naive Bayes,X8_YK,396,Integrated
Integrated-SelectFromModel (L1-LR selector) + Naive Bayes,X8_YL,397,Integrated
Integrated-SelectFromModel (L1-LR selector) + Naive Bayes,X8_YM,398,Integrated
Integrated-SelectFromModel (L1-LR selector) + Naive Bayes,X8_YN,399,Integrated
Integrated-SelectFromModel (L1-LR selector) + Naive Bayes,X8_YP,400,Integrated
Integrated-SelectFromModel (L1-LR selector) + Naive Bayes,X8_YQ,401,Integrated
Integrated-SelectFromModel (L1-LR selector) + Naive Bayes,X8_YR,402,Integrated
Integrated-SelectFromModel (L1-LR selector) + Naive Bayes,X8_YT,403,Integrated
Integrated-SelectFromModel (L1-LR selector) + Naive Bayes,X8_YV,404,Integrated
Integrated-SelectFromModel (L1-LR selector) + Naive Bayes,X8_YW,405,Integrated
Integrated-SelectFromModel (L1-LR selector) + Naive Bayes,X8_YY,406,Integrated
Integrated-SelectFromModel (L1-LR selector) + Naive Bayes,acidic_group,407,Integrated
Integrated-SelectFromModel (L1-LR selector) + Naive Bayes,aliphatic_group,408,Integrated
Integrated-SelectFromModel (L1-LR selector) + Naive Bayes,aromatic_group,409,Integrated
Integrated-SelectFromModel (L1-LR selector) + Naive Bayes,charged_group,410,Integrated
Integrated-SelectFromModel (L1-LR selector) + Naive Bayes,cruciani_prp1,411,Integrated
Integrated-SelectFromModel (L1-LR selector) + Naive Bayes,instability_index,412,Integrated
Integrated-SelectFromModel (L1-LR selector) + Naive Bayes,isoelectric_point,413,Integrated
Integrated-SelectFromModel (L1-LR selector) + Naive Bayes,peptide_len,414,Integrated
Integrated-SelectFromModel (L1-LR selector) + Naive Bayes,polar_group,415,Integrated
Integrated-SelectFromModel (L1-LR selector) + Naive Bayes,tiny_group,416,Integrated
Integrated-SelectFromModel (RF selector) + RF,X4_A,1,Integrated
Integrated-SelectFromModel (RF selector) + RF,X4_D,2,Integrated
Integrated-SelectFromModel (RF selector) + RF,X4_E,3,Integrated
Integrated-SelectFromModel (RF selector) + RF,X4_F,4,Integrated
Integrated-SelectFromModel (RF selector) + RF,X4_G,5,Integrated
Integrated-SelectFromModel (RF selector) + RF,X4_I,6,Integrated
Integrated-SelectFromModel (RF selector) + RF,X4_K,7,Integrated
Integrated-SelectFromModel (RF selector) + RF,X4_L,8,Integrated
Integrated-SelectFromModel (RF selector) + RF,X4_M,9,Integrated
Integrated-SelectFromModel (RF selector) + RF,X4_N,10,Integrated
Integrated-SelectFromModel (RF selector) + RF,X4_Q,11,Integrated
Integrated-SelectFromModel (RF selector) + RF,X4_R,12,Integrated
Integrated-SelectFromModel (RF selector) + RF,X4_S,13,Integrated
Integrated-SelectFromModel (RF selector) + RF,X4_T,14,Integrated
Integrated-SelectFromModel (RF selector) + RF,X4_V,15,Integrated
Integrated-SelectFromModel (RF selector) + RF,X4_W,16,Integrated
Integrated-SelectFromModel (RF selector) + RF,X4_Y,17,Integrated
Integrated-SelectFromModel (RF selector) + RF,X5_A,18,Integrated
Integrated-SelectFromModel (RF selector) + RF,X5_C,19,Integrated
Integrated-SelectFromModel (RF selector) + RF,X5_D,20,Integrated
Integrated-SelectFromModel (RF selector) + RF,X5_E,21,Integrated
Integrated-SelectFromModel (RF selector) + RF,X5_F,22,Integrated
Integrated-SelectFromModel (RF selector) + RF,X5_G,23,Integrated
Integrated-SelectFromModel (RF selector) + RF,X5_H,24,Integrated
Integrated-SelectFromModel (RF selector) + RF,X5_I,25,Integrated
Integrated-SelectFromModel (RF selector) + RF,X5_K,26,Integrated
Integrated-SelectFromModel (RF selector) + RF,X5_L,27,Integrated
Integrated-SelectFromModel (RF selector) + RF,X5_M,28,Integrated
Integrated-SelectFromModel (RF selector) + RF,X5_N,29,Integrated
Integrated-SelectFromModel (RF selector) + RF,X5_P,30,Integrated
Integrated-SelectFromModel (RF selector) + RF,X5_Q,31,Integrated
Integrated-SelectFromModel (RF selector) + RF,X5_R,32,Integrated
Integrated-SelectFromModel (RF selector) + RF,X5_S,33,Integrated
Integrated-SelectFromModel (RF selector) + RF,X5_T,34,Integrated
Integrated-SelectFromModel (RF selector) + RF,X5_V,35,Integrated
Integrated-SelectFromModel (RF selector) + RF,X5_W,36,Integrated
Integrated-SelectFromModel (RF selector) + RF,X5_Y,37,Integrated
Integrated-SelectFromModel (RF selector) + RF,X8_AA,38,Integrated
Integrated-SelectFromModel (RF selector) + RF,X8_AC,39,Integrated
Integrated-SelectFromModel (RF selector) + RF,X8_AD,40,Integrated
Integrated-SelectFromModel (RF selector) + RF,X8_AE,41,Integrated
Integrated-SelectFromModel (RF selector) + RF,X8_AF,42,Integrated
Integrated-SelectFromModel (RF selector) + RF,X8_AG,43,Integrated
Integrated-SelectFromModel (RF selector) + RF,X8_AH,44,Integrated
Integrated-SelectFromModel (RF selector) + RF,X8_AI,45,Integrated
Integrated-SelectFromModel (RF selector) + RF,X8_AK,46,Integrated
Integrated-SelectFromModel (RF selector) + RF,X8_AL,47,Integrated
Integrated-SelectFromModel (RF selector) + RF,X8_AN,48,Integrated
Integrated-SelectFromModel (RF selector) + RF,X8_AP,49,Integrated
Integrated-SelectFromModel (RF selector) + RF,X8_AQ,50,Integrated
Integrated-SelectFromModel (RF selector) + RF,X8_AR,51,Integrated
Integrated-SelectFromModel (RF selector) + RF,X8_AS,52,Integrated
Integrated-SelectFromModel (RF selector) + RF,X8_AT,53,Integrated
Integrated-SelectFromModel (RF selector) + RF,X8_AV,54,Integrated
Integrated-SelectFromModel (RF selector) + RF,X8_AW,55,Integrated
Integrated-SelectFromModel (RF selector) + RF,X8_AY,56,Integrated
Integrated-SelectFromModel (RF selector) + RF,X8_CF,57,Integrated
Integrated-SelectFromModel (RF selector) + RF,X8_CS,58,Integrated
Integrated-SelectFromModel (RF selector) + RF,X8_DA,59,Integrated
Integrated-SelectFromModel (RF selector) + RF,X8_DD,60,Integrated
Integrated-SelectFromModel (RF selector) + RF,X8_DE,61,Integrated
Integrated-SelectFromModel (RF selector) + RF,X8_DF,62,Integrated
Integrated-SelectFromModel (RF selector) + RF,X8_DG,63,Integrated
Integrated-SelectFromModel (RF selector) + RF,X8_DI,64,Integrated
Integrated-SelectFromModel (RF selector) + RF,X8_DK,65,Integrated
Integrated-SelectFromModel (RF selector) + RF,X8_DL,66,Integrated
Integrated-SelectFromModel (RF selector) + RF,X8_DN,67,Integrated
Integrated-SelectFromModel (RF selector) + RF,X8_DP,68,Integrated
Integrated-SelectFromModel (RF selector) + RF,X8_DR,69,Integrated
Integrated-SelectFromModel (RF selector) + RF,X8_DS,70,Integrated
Integrated-SelectFromModel (RF selector) + RF,X8_DT,71,Integrated
Integrated-SelectFromModel (RF selector) + RF,X8_DV,72,Integrated
Integrated-SelectFromModel (RF selector) + RF,X8_DY,73,Integrated
Integrated-SelectFromModel (RF selector) + RF,X8_EA,74,Integrated
Integrated-SelectFromModel (RF selector) + RF,X8_ED,75,Integrated
Integrated-SelectFromModel (RF selector) + RF,X8_EE,76,Integrated
Integrated-SelectFromModel (RF selector) + RF,X8_EF,77,Integrated
Integrated-SelectFromModel (RF selector) + RF,X8_EG,78,Integrated
Integrated-SelectFromModel (RF selector) + RF,X8_EI,79,Integrated
Integrated-SelectFromModel (RF selector) + RF,X8_EK,80,Integrated
Integrated-SelectFromModel (RF selector) + RF,X8_EL,81,Integrated
Integrated-SelectFromModel (RF selector) + RF,X8_EM,82,Integrated
Integrated-SelectFromModel (RF selector) + RF,X8_EN,83,Integrated
Integrated-SelectFromModel (RF selector) + RF,X8_EP,84,Integrated
Integrated-SelectFromModel (RF selector) + RF,X8_ER,85,Integrated
Integrated-SelectFromModel (RF selector) + RF,X8_ES,86,Integrated
Integrated-SelectFromModel (RF selector) + RF,X8_ET,87,Integrated
Integrated-SelectFromModel (RF selector) + RF,X8_EV,88,Integrated
Integrated-SelectFromModel (RF selector) + RF,X8_EY,89,Integrated
Integrated-SelectFromModel (RF selector) + RF,X8_FA,90,Integrated
Integrated-SelectFromModel (RF selector) + RF,X8_FD,91,Integrated
Integrated-SelectFromModel (RF selector) + RF,X8_FF,92,Integrated
Integrated-SelectFromModel (RF selector) + RF,X8_FG,93,Integrated
Integrated-SelectFromModel (RF selector) + RF,X8_FI,94,Integrated
Integrated-SelectFromModel (RF selector) + RF,X8_FL,95,Integrated
Integrated-SelectFromModel (RF selector) + RF,X8_FN,96,Integrated
Integrated-SelectFromModel (RF selector) + RF,X8_FP,97,Integrated
Integrated-SelectFromModel (RF selector) + RF,X8_FS,98,Integrated
Integrated-SelectFromModel (RF selector) + RF,X8_FT,99,Integrated
Integrated-SelectFromModel (RF selector) + RF,X8_FV,100,Integrated
Integrated-SelectFromModel (RF selector) + RF,X8_FY,101,Integrated
Integrated-SelectFromModel (RF selector) + RF,X8_GA,102,Integrated
Integrated-SelectFromModel (RF selector) + RF,X8_GD,103,Integrated
Integrated-SelectFromModel (RF selector) + RF,X8_GE,104,Integrated
Integrated-SelectFromModel (RF selector) + RF,X8_GF,105,Integrated
Integrated-SelectFromModel (RF selector) + RF,X8_GG,106,Integrated
Integrated-SelectFromModel (RF selector) + RF,X8_GI,107,Integrated
Integrated-SelectFromModel (RF selector) + RF,X8_GK,108,Integrated
Integrated-SelectFromModel (RF selector) + RF,X8_GL,109,Integrated
Integrated-SelectFromModel (RF selector) + RF,X8_GM,110,Integrated
Integrated-SelectFromModel (RF selector) + RF,X8_GN,111,Integrated
Integrated-SelectFromModel (RF selector) + RF,X8_GP,112,Integrated
Integrated-SelectFromModel (RF selector) + RF,X8_GQ,113,Integrated
Integrated-SelectFromModel (RF selector) + RF,X8_GR,114,Integrated
Integrated-SelectFromModel (RF selector) + RF,X8_GS,115,Integrated
Integrated-SelectFromModel (RF selector) + RF,X8_GT,116,Integrated
Integrated-SelectFromModel (RF selector) + RF,X8_GV,117,Integrated
Integrated-SelectFromModel (RF selector) + RF,X8_HA,118,Integrated
Integrated-SelectFromModel (RF selector) + RF,X8_HV,119,Integrated
Integrated-SelectFromModel (RF selector) + RF,X8_IA,120,Integrated
Integrated-SelectFromModel (RF selector) + RF,X8_IC,121,Integrated
Integrated-SelectFromModel (RF selector) + RF,X8_ID,122,Integrated
Integrated-SelectFromModel (RF selector) + RF,X8_IE,123,Integrated
Integrated-SelectFromModel (RF selector) + RF,X8_IF,124,Integrated
Integrated-SelectFromModel (RF selector) + RF,X8_IG,125,Integrated
Integrated-SelectFromModel (RF selector) + RF,X8_IH,126,Integrated
Integrated-SelectFromModel (RF selector) + RF,X8_II,127,Integrated
Integrated-SelectFromModel (RF selector) + RF,X8_IL,128,Integrated
Integrated-SelectFromModel (RF selector) + RF,X8_IN,129,Integrated
Integrated-SelectFromModel (RF selector) + RF,X8_IP,130,Integrated
Integrated-SelectFromModel (RF selector) + RF,X8_IQ,131,Integrated
Integrated-SelectFromModel (RF selector) + RF,X8_IR,132,Integrated
Integrated-SelectFromModel (RF selector) + RF,X8_IS,133,Integrated
Integrated-SelectFromModel (RF selector) + RF,X8_IT,134,Integrated
Integrated-SelectFromModel (RF selector) + RF,X8_IV,135,Integrated
Integrated-SelectFromModel (RF selector) + RF,X8_IY,136,Integrated
Integrated-SelectFromModel (RF selector) + RF,X8_KA,137,Integrated
Integrated-SelectFromModel (RF selector) + RF,X8_KG,138,Integrated
Integrated-SelectFromModel (RF selector) + RF,X8_KI,139,Integrated
Integrated-SelectFromModel (RF selector) + RF,X8_KL,140,Integrated
Integrated-SelectFromModel (RF selector) + RF,X8_KS,141,Integrated
Integrated-SelectFromModel (RF selector) + RF,X8_KT,142,Integrated
Integrated-SelectFromModel (RF selector) + RF,X8_KV,143,Integrated
Integrated-SelectFromModel (RF selector) + RF,X8_LA,144,Integrated
Integrated-SelectFromModel (RF selector) + RF,X8_LD,145,Integrated
Integrated-SelectFromModel (RF selector) + RF,X8_LE,146,Integrated
Integrated-SelectFromModel (RF selector) + RF,X8_LF,147,Integrated
Integrated-SelectFromModel (RF selector) + RF,X8_LG,148,Integrated
Integrated-SelectFromModel (RF selector) + RF,X8_LH,149,Integrated
Integrated-SelectFromModel (RF selector) + RF,X8_LI,150,Integrated
Integrated-SelectFromModel (RF selector) + RF,X8_LK,151,Integrated
Integrated-SelectFromModel (RF selector) + RF,X8_LL,152,Integrated
Integrated-SelectFromModel (RF selector) + RF,X8_LM,153,Integrated
Integrated-SelectFromModel (RF selector) + RF,X8_LN,154,Integrated
Integrated-SelectFromModel (RF selector) + RF,X8_LP,155,Integrated
Integrated-SelectFromModel (RF selector) + RF,X8_LQ,156,Integrated
Integrated-SelectFromModel (RF selector) + RF,X8_LR,157,Integrated
Integrated-SelectFromModel (RF selector) + RF,X8_LS,158,Integrated
Integrated-SelectFromModel (RF selector) + RF,X8_LT,159,Integrated
Integrated-SelectFromModel (RF selector) + RF,X8_LV,160,Integrated
Integrated-SelectFromModel (RF selector) + RF,X8_LW,161,Integrated
Integrated-SelectFromModel (RF selector) + RF,X8_LY,162,Integrated
Integrated-SelectFromModel (RF selector) + RF,X8_MA,163,Integrated
Integrated-SelectFromModel (RF selector) + RF,X8_MI,164,Integrated
Integrated-SelectFromModel (RF selector) + RF,X8_ML,165,Integrated
Integrated-SelectFromModel (RF selector) + RF,X8_MS,166,Integrated
Integrated-SelectFromModel (RF selector) + RF,X8_NA,167,Integrated
Integrated-SelectFromModel (RF selector) + RF,X8_ND,168,Integrated
Integrated-SelectFromModel (RF selector) + RF,X8_NG,169,Integrated
Integrated-SelectFromModel (RF selector) + RF,X8_NI,170,Integrated
Integrated-SelectFromModel (RF selector) + RF,X8_NL,171,Integrated
Integrated-SelectFromModel (RF selector) + RF,X8_NN,172,Integrated
Integrated-SelectFromModel (RF selector) + RF,X8_NP,173,Integrated
Integrated-SelectFromModel (RF selector) + RF,X8_NS,174,Integrated
Integrated-SelectFromModel (RF selector) + RF,X8_NT,175,Integrated
Integrated-SelectFromModel (RF selector) + RF,X8_NV,176,Integrated
Integrated-SelectFromModel (RF selector) + RF,X8_NY,177,Integrated
Integrated-SelectFromModel (RF selector) + RF,X8_PA,178,Integrated
Integrated-SelectFromModel (RF selector) + RF,X8_PD,179,Integrated
Integrated-SelectFromModel (RF selector) + RF,X8_PE,180,Integrated
Integrated-SelectFromModel (RF selector) + RF,X8_PF,181,Integrated
Integrated-SelectFromModel (RF selector) + RF,X8_PG,182,Integrated
Integrated-SelectFromModel (RF selector) + RF,X8_PI,183,Integrated
Integrated-SelectFromModel (RF selector) + RF,X8_PK,184,Integrated
Integrated-SelectFromModel (RF selector) + RF,X8_PL,185,Integrated
Integrated-SelectFromModel (RF selector) + RF,X8_PM,186,Integrated
Integrated-SelectFromModel (RF selector) + RF,X8_PN,187,Integrated
Integrated-SelectFromModel (RF selector) + RF,X8_PP,188,Integrated
Integrated-SelectFromModel (RF selector) + RF,X8_PR,189,Integrated
Integrated-SelectFromModel (RF selector) + RF,X8_PS,190,Integrated
Integrated-SelectFromModel (RF selector) + RF,X8_PT,191,Integrated
Integrated-SelectFromModel (RF selector) + RF,X8_PV,192,Integrated
Integrated-SelectFromModel (RF selector) + RF,X8_QA,193,Integrated
Integrated-SelectFromModel (RF selector) + RF,X8_QE,194,Integrated
Integrated-SelectFromModel (RF selector) + RF,X8_QG,195,Integrated
Integrated-SelectFromModel (RF selector) + RF,X8_QL,196,Integrated
Integrated-SelectFromModel (RF selector) + RF,X8_QQ,197,Integrated
Integrated-SelectFromModel (RF selector) + RF,X8_QR,198,Integrated
Integrated-SelectFromModel (RF selector) + RF,X8_QS,199,Integrated
Integrated-SelectFromModel (RF selector) + RF,X8_QV,200,Integrated
Integrated-SelectFromModel (RF selector) + RF,X8_RA,201,Integrated
Integrated-SelectFromModel (RF selector) + RF,X8_RD,202,Integrated
Integrated-SelectFromModel (RF selector) + RF,X8_RE,203,Integrated
Integrated-SelectFromModel (RF selector) + RF,X8_RF,204,Integrated
Integrated-SelectFromModel (RF selector) + RF,X8_RG,205,Integrated
Integrated-SelectFromModel (RF selector) + RF,X8_RI,206,Integrated
Integrated-SelectFromModel (RF selector) + RF,X8_RL,207,Integrated
Integrated-SelectFromModel (RF selector) + RF,X8_RP,208,Integrated
Integrated-SelectFromModel (RF selector) + RF,X8_RR,209,Integrated
Integrated-SelectFromModel (RF selector) + RF,X8_RS,210,Integrated
Integrated-SelectFromModel (RF selector) + RF,X8_RT,211,Integrated
Integrated-SelectFromModel (RF selector) + RF,X8_RV,212,Integrated
Integrated-SelectFromModel (RF selector) + RF,X8_RY,213,Integrated
Integrated-SelectFromModel (RF selector) + RF,X8_SA,214,Integrated
Integrated-SelectFromModel (RF selector) + RF,X8_SD,215,Integrated
Integrated-SelectFromModel (RF selector) + RF,X8_SE,216,Integrated
Integrated-SelectFromModel (RF selector) + RF,X8_SF,217,Integrated
Integrated-SelectFromModel (RF selector) + RF,X8_SG,218,Integrated
Integrated-SelectFromModel (RF selector) + RF,X8_SI,219,Integrated
Integrated-SelectFromModel (RF selector) + RF,X8_SK,220,Integrated
Integrated-SelectFromModel (RF selector) + RF,X8_SL,221,Integrated
Integrated-SelectFromModel (RF selector) + RF,X8_SM,222,Integrated
Integrated-SelectFromModel (RF selector) + RF,X8_SN,223,Integrated
Integrated-SelectFromModel (RF selector) + RF,X8_SP,224,Integrated
Integrated-SelectFromModel (RF selector) + RF,X8_SR,225,Integrated
Integrated-SelectFromModel (RF selector) + RF,X8_SS,226,Integrated
Integrated-SelectFromModel (RF selector) + RF,X8_ST,227,Integrated
Integrated-SelectFromModel (RF selector) + RF,X8_SV,228,Integrated
Integrated-SelectFromModel (RF selector) + RF,X8_SY,229,Integrated
Integrated-SelectFromModel (RF selector) + RF,X8_TA,230,Integrated
Integrated-SelectFromModel (RF selector) + RF,X8_TD,231,Integrated
Integrated-SelectFromModel (RF selector) + RF,X8_TE,232,Integrated
Integrated-SelectFromModel (RF selector) + RF,X8_TF,233,Integrated
Integrated-SelectFromModel (RF selector) + RF,X8_TG,234,Integrated
Integrated-SelectFromModel (RF selector) + RF,X8_TI,235,Integrated
Integrated-SelectFromModel (RF selector) + RF,X8_TK,236,Integrated
Integrated-SelectFromModel (RF selector) + RF,X8_TL,237,Integrated
Integrated-SelectFromModel (RF selector) + RF,X8_TM,238,Integrated
Integrated-SelectFromModel (RF selector) + RF,X8_TN,239,Integrated
Integrated-SelectFromModel (RF selector) + RF,X8_TP,240,Integrated
Integrated-SelectFromModel (RF selector) + RF,X8_TQ,241,Integrated
Integrated-SelectFromModel (RF selector) + RF,X8_TR,242,Integrated
Integrated-SelectFromModel (RF selector) + RF,X8_TS,243,Integrated
Integrated-SelectFromModel (RF selector) + RF,X8_TT,244,Integrated
Integrated-SelectFromModel (RF selector) + RF,X8_TV,245,Integrated
Integrated-SelectFromModel (RF selector) + RF,X8_TW,246,Integrated
Integrated-SelectFromModel (RF selector) + RF,X8_TY,247,Integrated
Integrated-SelectFromModel (RF selector) + RF,X8_VA,248,Integrated
Integrated-SelectFromModel (RF selector) + RF,X8_VD,249,Integrated
Integrated-SelectFromModel (RF selector) + RF,X8_VE,250,Integrated
Integrated-SelectFromModel (RF selector) + RF,X8_VF,251,Integrated
Integrated-SelectFromModel (RF selector) + RF,X8_VG,252,Integrated
Integrated-SelectFromModel (RF selector) + RF,X8_VI,253,Integrated
Integrated-SelectFromModel (RF selector) + RF,X8_VK,254,Integrated
Integrated-SelectFromModel (RF selector) + RF,X8_VL,255,Integrated
Integrated-SelectFromModel (RF selector) + RF,X8_VN,256,Integrated
Integrated-SelectFromModel (RF selector) + RF,X8_VP,257,Integrated
Integrated-SelectFromModel (RF selector) + RF,X8_VQ,258,Integrated
Integrated-SelectFromModel (RF selector) + RF,X8_VR,259,Integrated
Integrated-SelectFromModel (RF selector) + RF,X8_VS,260,Integrated
Integrated-SelectFromModel (RF selector) + RF,X8_VT,261,Integrated
Integrated-SelectFromModel (RF selector) + RF,X8_VV,262,Integrated
Integrated-SelectFromModel (RF selector) + RF,X8_VY,263,Integrated
Integrated-SelectFromModel (RF selector) + RF,X8_WS,264,Integrated
Integrated-SelectFromModel (RF selector) + RF,X8_YA,265,Integrated
Integrated-SelectFromModel (RF selector) + RF,X8_YD,266,Integrated
Integrated-SelectFromModel (RF selector) + RF,X8_YE,267,Integrated
Integrated-SelectFromModel (RF selector) + RF,X8_YG,268,Integrated
Integrated-SelectFromModel (RF selector) + RF,X8_YL,269,Integrated
Integrated-SelectFromModel (RF selector) + RF,X8_YN,270,Integrated
Integrated-SelectFromModel (RF selector) + RF,X8_YP,271,Integrated
Integrated-SelectFromModel (RF selector) + RF,X8_YS,272,Integrated
Integrated-SelectFromModel (RF selector) + RF,X8_YT,273,Integrated
Integrated-SelectFromModel (RF selector) + RF,X8_YV,274,Integrated
Integrated-SelectFromModel (RF selector) + RF,X8_YY,275,Integrated
Integrated-SelectFromModel (RF selector) + RF,acidic_group,276,Integrated
Integrated-SelectFromModel (RF selector) + RF,aliphatic_group,277,Integrated
Integrated-SelectFromModel (RF selector) + RF,aliphatic_index,278,Integrated
Integrated-SelectFromModel (RF selector) + RF,aromatic_group,279,Integrated
Integrated-SelectFromModel (RF selector) + RF,basic_group,280,Integrated
Integrated-SelectFromModel (RF selector) + RF,boman,281,Integrated
Integrated-SelectFromModel (RF selector) + RF,charge,282,Integrated
Integrated-SelectFromModel (RF selector) + RF,charged_group,283,Integrated
Integrated-SelectFromModel (RF selector) + RF,cruciani_prp1,284,Integrated
Integrated-SelectFromModel (RF selector) + RF,cruciani_prp2,285,Integrated
Integrated-SelectFromModel (RF selector) + RF,cruciani_prp3,286,Integrated
Integrated-SelectFromModel (RF selector) + RF,hydrophobic_eisenberg,287,Integrated
Integrated-SelectFromModel (RF selector) + RF,hydrophobic_engleman,288,Integrated
Integrated-SelectFromModel (RF selector) + RF,hydrophobic_hopp-woods,289,Integrated
Integrated-SelectFromModel (RF selector) + RF,hydrophobic_janin,290,Integrated
Integrated-SelectFromModel (RF selector) + RF,hydrophobic_kyte-doolittle,291,Integrated
Integrated-SelectFromModel (RF selector) + RF,hydrophobic_moment,292,Integrated
Integrated-SelectFromModel (RF selector) + RF,hydrophobic_roseman,293,Integrated
Integrated-SelectFromModel (RF selector) + RF,instability_index,294,Integrated
Integrated-SelectFromModel (RF selector) + RF,isoelectric_point,295,Integrated
Integrated-SelectFromModel (RF selector) + RF,non-polar_group,296,Integrated
Integrated-SelectFromModel (RF selector) + RF,peptide_len,297,Integrated
Integrated-SelectFromModel (RF selector) + RF,polar_group,298,Integrated
Integrated-SelectFromModel (RF selector) + RF,small_group,299,Integrated
Integrated-SelectFromModel (RF selector) + RF,tiny_group,300,Integrated
Integrated-SelectFromModel (RF selector) + LR,X4_A,1,Integrated
Integrated-SelectFromModel (RF selector) + LR,X4_D,2,Integrated
Integrated-SelectFromModel (RF selector) + LR,X4_E,3,Integrated
Integrated-SelectFromModel (RF selector) + LR,X4_F,4,Integrated
Integrated-SelectFromModel (RF selector) + LR,X4_G,5,Integrated
Integrated-SelectFromModel (RF selector) + LR,X4_I,6,Integrated
Integrated-SelectFromModel (RF selector) + LR,X4_K,7,Integrated
Integrated-SelectFromModel (RF selector) + LR,X4_L,8,Integrated
Integrated-SelectFromModel (RF selector) + LR,X4_M,9,Integrated
Integrated-SelectFromModel (RF selector) + LR,X4_N,10,Integrated
Integrated-SelectFromModel (RF selector) + LR,X4_Q,11,Integrated
Integrated-SelectFromModel (RF selector) + LR,X4_R,12,Integrated
Integrated-SelectFromModel (RF selector) + LR,X4_S,13,Integrated
Integrated-SelectFromModel (RF selector) + LR,X4_T,14,Integrated
Integrated-SelectFromModel (RF selector) + LR,X4_V,15,Integrated
Integrated-SelectFromModel (RF selector) + LR,X4_W,16,Integrated
Integrated-SelectFromModel (RF selector) + LR,X4_Y,17,Integrated
Integrated-SelectFromModel (RF selector) + LR,X5_A,18,Integrated
Integrated-SelectFromModel (RF selector) + LR,X5_C,19,Integrated
Integrated-SelectFromModel (RF selector) + LR,X5_D,20,Integrated
Integrated-SelectFromModel (RF selector) + LR,X5_E,21,Integrated
Integrated-SelectFromModel (RF selector) + LR,X5_F,22,Integrated
Integrated-SelectFromModel (RF selector) + LR,X5_G,23,Integrated
Integrated-SelectFromModel (RF selector) + LR,X5_H,24,Integrated
Integrated-SelectFromModel (RF selector) + LR,X5_I,25,Integrated
Integrated-SelectFromModel (RF selector) + LR,X5_K,26,Integrated
Integrated-SelectFromModel (RF selector) + LR,X5_L,27,Integrated
Integrated-SelectFromModel (RF selector) + LR,X5_M,28,Integrated
Integrated-SelectFromModel (RF selector) + LR,X5_N,29,Integrated
Integrated-SelectFromModel (RF selector) + LR,X5_P,30,Integrated
Integrated-SelectFromModel (RF selector) + LR,X5_Q,31,Integrated
Integrated-SelectFromModel (RF selector) + LR,X5_R,32,Integrated
Integrated-SelectFromModel (RF selector) + LR,X5_S,33,Integrated
Integrated-SelectFromModel (RF selector) + LR,X5_T,34,Integrated
Integrated-SelectFromModel (RF selector) + LR,X5_V,35,Integrated
Integrated-SelectFromModel (RF selector) + LR,X5_W,36,Integrated
Integrated-SelectFromModel (RF selector) + LR,X5_Y,37,Integrated
Integrated-SelectFromModel (RF selector) + LR,X8_AA,38,Integrated
Integrated-SelectFromModel (RF selector) + LR,X8_AC,39,Integrated
Integrated-SelectFromModel (RF selector) + LR,X8_AD,40,Integrated
Integrated-SelectFromModel (RF selector) + LR,X8_AE,41,Integrated
Integrated-SelectFromModel (RF selector) + LR,X8_AF,42,Integrated
Integrated-SelectFromModel (RF selector) + LR,X8_AG,43,Integrated
Integrated-SelectFromModel (RF selector) + LR,X8_AH,44,Integrated
Integrated-SelectFromModel (RF selector) + LR,X8_AI,45,Integrated
Integrated-SelectFromModel (RF selector) + LR,X8_AK,46,Integrated
Integrated-SelectFromModel (RF selector) + LR,X8_AL,47,Integrated
Integrated-SelectFromModel (RF selector) + LR,X8_AN,48,Integrated
Integrated-SelectFromModel (RF selector) + LR,X8_AP,49,Integrated
Integrated-SelectFromModel (RF selector) + LR,X8_AQ,50,Integrated
Integrated-SelectFromModel (RF selector) + LR,X8_AR,51,Integrated
Integrated-SelectFromModel (RF selector) + LR,X8_AS,52,Integrated
Integrated-SelectFromModel (RF selector) + LR,X8_AT,53,Integrated
Integrated-SelectFromModel (RF selector) + LR,X8_AV,54,Integrated
Integrated-SelectFromModel (RF selector) + LR,X8_AW,55,Integrated
Integrated-SelectFromModel (RF selector) + LR,X8_AY,56,Integrated
Integrated-SelectFromModel (RF selector) + LR,X8_CF,57,Integrated
Integrated-SelectFromModel (RF selector) + LR,X8_CS,58,Integrated
Integrated-SelectFromModel (RF selector) + LR,X8_DA,59,Integrated
Integrated-SelectFromModel (RF selector) + LR,X8_DD,60,Integrated
Integrated-SelectFromModel (RF selector) + LR,X8_DE,61,Integrated
Integrated-SelectFromModel (RF selector) + LR,X8_DF,62,Integrated
Integrated-SelectFromModel (RF selector) + LR,X8_DG,63,Integrated
Integrated-SelectFromModel (RF selector) + LR,X8_DI,64,Integrated
Integrated-SelectFromModel (RF selector) + LR,X8_DK,65,Integrated
Integrated-SelectFromModel (RF selector) + LR,X8_DL,66,Integrated
Integrated-SelectFromModel (RF selector) + LR,X8_DN,67,Integrated
Integrated-SelectFromModel (RF selector) + LR,X8_DP,68,Integrated
Integrated-SelectFromModel (RF selector) + LR,X8_DR,69,Integrated
Integrated-SelectFromModel (RF selector) + LR,X8_DS,70,Integrated
Integrated-SelectFromModel (RF selector) + LR,X8_DT,71,Integrated
Integrated-SelectFromModel (RF selector) + LR,X8_DV,72,Integrated
Integrated-SelectFromModel (RF selector) + LR,X8_DY,73,Integrated
Integrated-SelectFromModel (RF selector) + LR,X8_EA,74,Integrated
Integrated-SelectFromModel (RF selector) + LR,X8_ED,75,Integrated
Integrated-SelectFromModel (RF selector) + LR,X8_EE,76,Integrated
Integrated-SelectFromModel (RF selector) + LR,X8_EF,77,Integrated
Integrated-SelectFromModel (RF selector) + LR,X8_EG,78,Integrated
Integrated-SelectFromModel (RF selector) + LR,X8_EI,79,Integrated
Integrated-SelectFromModel (RF selector) + LR,X8_EK,80,Integrated
Integrated-SelectFromModel (RF selector) + LR,X8_EL,81,Integrated
Integrated-SelectFromModel (RF selector) + LR,X8_EM,82,Integrated
Integrated-SelectFromModel (RF selector) + LR,X8_EN,83,Integrated
Integrated-SelectFromModel (RF selector) + LR,X8_EP,84,Integrated
Integrated-SelectFromModel (RF selector) + LR,X8_ER,85,Integrated
Integrated-SelectFromModel (RF selector) + LR,X8_ES,86,Integrated
Integrated-SelectFromModel (RF selector) + LR,X8_ET,87,Integrated
Integrated-SelectFromModel (RF selector) + LR,X8_EV,88,Integrated
Integrated-SelectFromModel (RF selector) + LR,X8_EY,89,Integrated
Integrated-SelectFromModel (RF selector) + LR,X8_FA,90,Integrated
Integrated-SelectFromModel (RF selector) + LR,X8_FD,91,Integrated
Integrated-SelectFromModel (RF selector) + LR,X8_FF,92,Integrated
Integrated-SelectFromModel (RF selector) + LR,X8_FG,93,Integrated
Integrated-SelectFromModel (RF selector) + LR,X8_FI,94,Integrated
Integrated-SelectFromModel (RF selector) + LR,X8_FL,95,Integrated
Integrated-SelectFromModel (RF selector) + LR,X8_FN,96,Integrated
Integrated-SelectFromModel (RF selector) + LR,X8_FP,97,Integrated
Integrated-SelectFromModel (RF selector) + LR,X8_FS,98,Integrated
Integrated-SelectFromModel (RF selector) + LR,X8_FT,99,Integrated
Integrated-SelectFromModel (RF selector) + LR,X8_FV,100,Integrated
Integrated-SelectFromModel (RF selector) + LR,X8_FY,101,Integrated
Integrated-SelectFromModel (RF selector) + LR,X8_GA,102,Integrated
Integrated-SelectFromModel (RF selector) + LR,X8_GD,103,Integrated
Integrated-SelectFromModel (RF selector) + LR,X8_GE,104,Integrated
Integrated-SelectFromModel (RF selector) + LR,X8_GF,105,Integrated
Integrated-SelectFromModel (RF selector) + LR,X8_GG,106,Integrated
Integrated-SelectFromModel (RF selector) + LR,X8_GI,107,Integrated
Integrated-SelectFromModel (RF selector) + LR,X8_GK,108,Integrated
Integrated-SelectFromModel (RF selector) + LR,X8_GL,109,Integrated
Integrated-SelectFromModel (RF selector) + LR,X8_GM,110,Integrated
Integrated-SelectFromModel (RF selector) + LR,X8_GN,111,Integrated
Integrated-SelectFromModel (RF selector) + LR,X8_GP,112,Integrated
Integrated-SelectFromModel (RF selector) + LR,X8_GQ,113,Integrated
Integrated-SelectFromModel (RF selector) + LR,X8_GR,114,Integrated
Integrated-SelectFromModel (RF selector) + LR,X8_GS,115,Integrated
Integrated-SelectFromModel (RF selector) + LR,X8_GT,116,Integrated
Integrated-SelectFromModel (RF selector) + LR,X8_GV,117,Integrated
Integrated-SelectFromModel (RF selector) + LR,X8_HA,118,Integrated
Integrated-SelectFromModel (RF selector) + LR,X8_HV,119,Integrated
Integrated-SelectFromModel (RF selector) + LR,X8_IA,120,Integrated
Integrated-SelectFromModel (RF selector) + LR,X8_IC,121,Integrated
Integrated-SelectFromModel (RF selector) + LR,X8_ID,122,Integrated
Integrated-SelectFromModel (RF selector) + LR,X8_IE,123,Integrated
Integrated-SelectFromModel (RF selector) + LR,X8_IF,124,Integrated
Integrated-SelectFromModel (RF selector) + LR,X8_IG,125,Integrated
Integrated-SelectFromModel (RF selector) + LR,X8_IH,126,Integrated
Integrated-SelectFromModel (RF selector) + LR,X8_II,127,Integrated
Integrated-SelectFromModel (RF selector) + LR,X8_IL,128,Integrated
Integrated-SelectFromModel (RF selector) + LR,X8_IN,129,Integrated
Integrated-SelectFromModel (RF selector) + LR,X8_IP,130,Integrated
Integrated-SelectFromModel (RF selector) + LR,X8_IQ,131,Integrated
Integrated-SelectFromModel (RF selector) + LR,X8_IR,132,Integrated
Integrated-SelectFromModel (RF selector) + LR,X8_IS,133,Integrated
Integrated-SelectFromModel (RF selector) + LR,X8_IT,134,Integrated
Integrated-SelectFromModel (RF selector) + LR,X8_IV,135,Integrated
Integrated-SelectFromModel (RF selector) + LR,X8_IY,136,Integrated
Integrated-SelectFromModel (RF selector) + LR,X8_KA,137,Integrated
Integrated-SelectFromModel (RF selector) + LR,X8_KG,138,Integrated
Integrated-SelectFromModel (RF selector) + LR,X8_KI,139,Integrated
Integrated-SelectFromModel (RF selector) + LR,X8_KL,140,Integrated
Integrated-SelectFromModel (RF selector) + LR,X8_KS,141,Integrated
Integrated-SelectFromModel (RF selector) + LR,X8_KT,142,Integrated
Integrated-SelectFromModel (RF selector) + LR,X8_KV,143,Integrated
Integrated-SelectFromModel (RF selector) + LR,X8_LA,144,Integrated
Integrated-SelectFromModel (RF selector) + LR,X8_LD,145,Integrated
Integrated-SelectFromModel (RF selector) + LR,X8_LE,146,Integrated
Integrated-SelectFromModel (RF selector) + LR,X8_LF,147,Integrated
Integrated-SelectFromModel (RF selector) + LR,X8_LG,148,Integrated
Integrated-SelectFromModel (RF selector) + LR,X8_LH,149,Integrated
Integrated-SelectFromModel (RF selector) + LR,X8_LI,150,Integrated
Integrated-SelectFromModel (RF selector) + LR,X8_LK,151,Integrated
Integrated-SelectFromModel (RF selector) + LR,X8_LL,152,Integrated
Integrated-SelectFromModel (RF selector) + LR,X8_LM,153,Integrated
Integrated-SelectFromModel (RF selector) + LR,X8_LN,154,Integrated
Integrated-SelectFromModel (RF selector) + LR,X8_LP,155,Integrated
Integrated-SelectFromModel (RF selector) + LR,X8_LQ,156,Integrated
Integrated-SelectFromModel (RF selector) + LR,X8_LR,157,Integrated
Integrated-SelectFromModel (RF selector) + LR,X8_LS,158,Integrated
Integrated-SelectFromModel (RF selector) + LR,X8_LT,159,Integrated
Integrated-SelectFromModel (RF selector) + LR,X8_LV,160,Integrated
Integrated-SelectFromModel (RF selector) + LR,X8_LW,161,Integrated
Integrated-SelectFromModel (RF selector) + LR,X8_LY,162,Integrated
Integrated-SelectFromModel (RF selector) + LR,X8_MA,163,Integrated
Integrated-SelectFromModel (RF selector) + LR,X8_MI,164,Integrated
Integrated-SelectFromModel (RF selector) + LR,X8_ML,165,Integrated
Integrated-SelectFromModel (RF selector) + LR,X8_MS,166,Integrated
Integrated-SelectFromModel (RF selector) + LR,X8_NA,167,Integrated
Integrated-SelectFromModel (RF selector) + LR,X8_ND,168,Integrated
Integrated-SelectFromModel (RF selector) + LR,X8_NG,169,Integrated
Integrated-SelectFromModel (RF selector) + LR,X8_NI,170,Integrated
Integrated-SelectFromModel (RF selector) + LR,X8_NL,171,Integrated
Integrated-SelectFromModel (RF selector) + LR,X8_NN,172,Integrated
Integrated-SelectFromModel (RF selector) + LR,X8_NP,173,Integrated
Integrated-SelectFromModel (RF selector) + LR,X8_NS,174,Integrated
Integrated-SelectFromModel (RF selector) + LR,X8_NT,175,Integrated
Integrated-SelectFromModel (RF selector) + LR,X8_NV,176,Integrated
Integrated-SelectFromModel (RF selector) + LR,X8_NY,177,Integrated
Integrated-SelectFromModel (RF selector) + LR,X8_PA,178,Integrated
Integrated-SelectFromModel (RF selector) + LR,X8_PD,179,Integrated
Integrated-SelectFromModel (RF selector) + LR,X8_PE,180,Integrated
Integrated-SelectFromModel (RF selector) + LR,X8_PF,181,Integrated
Integrated-SelectFromModel (RF selector) + LR,X8_PG,182,Integrated
Integrated-SelectFromModel (RF selector) + LR,X8_PI,183,Integrated
Integrated-SelectFromModel (RF selector) + LR,X8_PK,184,Integrated
Integrated-SelectFromModel (RF selector) + LR,X8_PL,185,Integrated
Integrated-SelectFromModel (RF selector) + LR,X8_PM,186,Integrated
Integrated-SelectFromModel (RF selector) + LR,X8_PN,187,Integrated
Integrated-SelectFromModel (RF selector) + LR,X8_PP,188,Integrated
Integrated-SelectFromModel (RF selector) + LR,X8_PR,189,Integrated
Integrated-SelectFromModel (RF selector) + LR,X8_PS,190,Integrated
Integrated-SelectFromModel (RF selector) + LR,X8_PT,191,Integrated
Integrated-SelectFromModel (RF selector) + LR,X8_PV,192,Integrated
Integrated-SelectFromModel (RF selector) + LR,X8_QA,193,Integrated
Integrated-SelectFromModel (RF selector) + LR,X8_QE,194,Integrated
Integrated-SelectFromModel (RF selector) + LR,X8_QG,195,Integrated
Integrated-SelectFromModel (RF selector) + LR,X8_QL,196,Integrated
Integrated-SelectFromModel (RF selector) + LR,X8_QQ,197,Integrated
Integrated-SelectFromModel (RF selector) + LR,X8_QR,198,Integrated
Integrated-SelectFromModel (RF selector) + LR,X8_QS,199,Integrated
Integrated-SelectFromModel (RF selector) + LR,X8_QV,200,Integrated
Integrated-SelectFromModel (RF selector) + LR,X8_RA,201,Integrated
Integrated-SelectFromModel (RF selector) + LR,X8_RD,202,Integrated
Integrated-SelectFromModel (RF selector) + LR,X8_RE,203,Integrated
Integrated-SelectFromModel (RF selector) + LR,X8_RF,204,Integrated
Integrated-SelectFromModel (RF selector) + LR,X8_RG,205,Integrated
Integrated-SelectFromModel (RF selector) + LR,X8_RI,206,Integrated
Integrated-SelectFromModel (RF selector) + LR,X8_RL,207,Integrated
Integrated-SelectFromModel (RF selector) + LR,X8_RP,208,Integrated
Integrated-SelectFromModel (RF selector) + LR,X8_RR,209,Integrated
Integrated-SelectFromModel (RF selector) + LR,X8_RS,210,Integrated
Integrated-SelectFromModel (RF selector) + LR,X8_RT,211,Integrated
Integrated-SelectFromModel (RF selector) + LR,X8_RV,212,Integrated
Integrated-SelectFromModel (RF selector) + LR,X8_RY,213,Integrated
Integrated-SelectFromModel (RF selector) + LR,X8_SA,214,Integrated
Integrated-SelectFromModel (RF selector) + LR,X8_SD,215,Integrated
Integrated-SelectFromModel (RF selector) + LR,X8_SE,216,Integrated
Integrated-SelectFromModel (RF selector) + LR,X8_SF,217,Integrated
Integrated-SelectFromModel (RF selector) + LR,X8_SG,218,Integrated
Integrated-SelectFromModel (RF selector) + LR,X8_SI,219,Integrated
Integrated-SelectFromModel (RF selector) + LR,X8_SK,220,Integrated
Integrated-SelectFromModel (RF selector) + LR,X8_SL,221,Integrated
Integrated-SelectFromModel (RF selector) + LR,X8_SM,222,Integrated
Integrated-SelectFromModel (RF selector) + LR,X8_SN,223,Integrated
Integrated-SelectFromModel (RF selector) + LR,X8_SP,224,Integrated
Integrated-SelectFromModel (RF selector) + LR,X8_SR,225,Integrated
Integrated-SelectFromModel (RF selector) + LR,X8_SS,226,Integrated
Integrated-SelectFromModel (RF selector) + LR,X8_ST,227,Integrated
Integrated-SelectFromModel (RF selector) + LR,X8_SV,228,Integrated
Integrated-SelectFromModel (RF selector) + LR,X8_SY,229,Integrated
Integrated-SelectFromModel (RF selector) + LR,X8_TA,230,Integrated
Integrated-SelectFromModel (RF selector) + LR,X8_TD,231,Integrated
Integrated-SelectFromModel (RF selector) + LR,X8_TE,232,Integrated
Integrated-SelectFromModel (RF selector) + LR,X8_TF,233,Integrated
Integrated-SelectFromModel (RF selector) + LR,X8_TG,234,Integrated
Integrated-SelectFromModel (RF selector) + LR,X8_TI,235,Integrated
Integrated-SelectFromModel (RF selector) + LR,X8_TK,236,Integrated
Integrated-SelectFromModel (RF selector) + LR,X8_TL,237,Integrated
Integrated-SelectFromModel (RF selector) + LR,X8_TM,238,Integrated
Integrated-SelectFromModel (RF selector) + LR,X8_TN,239,Integrated
Integrated-SelectFromModel (RF selector) + LR,X8_TP,240,Integrated
Integrated-SelectFromModel (RF selector) + LR,X8_TQ,241,Integrated
Integrated-SelectFromModel (RF selector) + LR,X8_TR,242,Integrated
Integrated-SelectFromModel (RF selector) + LR,X8_TS,243,Integrated
Integrated-SelectFromModel (RF selector) + LR,X8_TT,244,Integrated
Integrated-SelectFromModel (RF selector) + LR,X8_TV,245,Integrated
Integrated-SelectFromModel (RF selector) + LR,X8_TW,246,Integrated
Integrated-SelectFromModel (RF selector) + LR,X8_TY,247,Integrated
Integrated-SelectFromModel (RF selector) + LR,X8_VA,248,Integrated
Integrated-SelectFromModel (RF selector) + LR,X8_VD,249,Integrated
Integrated-SelectFromModel (RF selector) + LR,X8_VE,250,Integrated
Integrated-SelectFromModel (RF selector) + LR,X8_VF,251,Integrated
Integrated-SelectFromModel (RF selector) + LR,X8_VG,252,Integrated
Integrated-SelectFromModel (RF selector) + LR,X8_VI,253,Integrated
Integrated-SelectFromModel (RF selector) + LR,X8_VK,254,Integrated
Integrated-SelectFromModel (RF selector) + LR,X8_VL,255,Integrated
Integrated-SelectFromModel (RF selector) + LR,X8_VN,256,Integrated
Integrated-SelectFromModel (RF selector) + LR,X8_VP,257,Integrated
Integrated-SelectFromModel (RF selector) + LR,X8_VQ,258,Integrated
Integrated-SelectFromModel (RF selector) + LR,X8_VR,259,Integrated
Integrated-SelectFromModel (RF selector) + LR,X8_VS,260,Integrated
Integrated-SelectFromModel (RF selector) + LR,X8_VT,261,Integrated
Integrated-SelectFromModel (RF selector) + LR,X8_VV,262,Integrated
Integrated-SelectFromModel (RF selector) + LR,X8_VY,263,Integrated
Integrated-SelectFromModel (RF selector) + LR,X8_WS,264,Integrated
Integrated-SelectFromModel (RF selector) + LR,X8_YA,265,Integrated
Integrated-SelectFromModel (RF selector) + LR,X8_YD,266,Integrated
Integrated-SelectFromModel (RF selector) + LR,X8_YE,267,Integrated
Integrated-SelectFromModel (RF selector) + LR,X8_YG,268,Integrated
Integrated-SelectFromModel (RF selector) + LR,X8_YL,269,Integrated
Integrated-SelectFromModel (RF selector) + LR,X8_YN,270,Integrated
Integrated-SelectFromModel (RF selector) + LR,X8_YP,271,Integrated
Integrated-SelectFromModel (RF selector) + LR,X8_YS,272,Integrated
Integrated-SelectFromModel (RF selector) + LR,X8_YT,273,Integrated
Integrated-SelectFromModel (RF selector) + LR,X8_YV,274,Integrated
Integrated-SelectFromModel (RF selector) + LR,X8_YY,275,Integrated
Integrated-SelectFromModel (RF selector) + LR,acidic_group,276,Integrated
Integrated-SelectFromModel (RF selector) + LR,aliphatic_group,277,Integrated
Integrated-SelectFromModel (RF selector) + LR,aliphatic_index,278,Integrated
Integrated-SelectFromModel (RF selector) + LR,aromatic_group,279,Integrated
Integrated-SelectFromModel (RF selector) + LR,basic_group,280,Integrated
Integrated-SelectFromModel (RF selector) + LR,boman,281,Integrated
Integrated-SelectFromModel (RF selector) + LR,charge,282,Integrated
Integrated-SelectFromModel (RF selector) + LR,charged_group,283,Integrated
Integrated-SelectFromModel (RF selector) + LR,cruciani_prp1,284,Integrated
Integrated-SelectFromModel (RF selector) + LR,cruciani_prp2,285,Integrated
Integrated-SelectFromModel (RF selector) + LR,cruciani_prp3,286,Integrated
Integrated-SelectFromModel (RF selector) + LR,hydrophobic_eisenberg,287,Integrated
Integrated-SelectFromModel (RF selector) + LR,hydrophobic_engleman,288,Integrated
Integrated-SelectFromModel (RF selector) + LR,hydrophobic_hopp-woods,289,Integrated
Integrated-SelectFromModel (RF selector) + LR,hydrophobic_janin,290,Integrated
Integrated-SelectFromModel (RF selector) + LR,hydrophobic_kyte-doolittle,291,Integrated
Integrated-SelectFromModel (RF selector) + LR,hydrophobic_moment,292,Integrated
Integrated-SelectFromModel (RF selector) + LR,hydrophobic_roseman,293,Integrated
Integrated-SelectFromModel (RF selector) + LR,instability_index,294,Integrated
Integrated-SelectFromModel (RF selector) + LR,isoelectric_point,295,Integrated
Integrated-SelectFromModel (RF selector) + LR,non-polar_group,296,Integrated
Integrated-SelectFromModel (RF selector) + LR,peptide_len,297,Integrated
Integrated-SelectFromModel (RF selector) + LR,polar_group,298,Integrated
Integrated-SelectFromModel (RF selector) + LR,small_group,299,Integrated
Integrated-SelectFromModel (RF selector) + LR,tiny_group,300,Integrated
Integrated-SelectFromModel (RF selector) + KNN,X4_A,1,Integrated
Integrated-SelectFromModel (RF selector) + KNN,X4_D,2,Integrated
Integrated-SelectFromModel (RF selector) + KNN,X4_E,3,Integrated
Integrated-SelectFromModel (RF selector) + KNN,X4_F,4,Integrated
Integrated-SelectFromModel (RF selector) + KNN,X4_G,5,Integrated
Integrated-SelectFromModel (RF selector) + KNN,X4_I,6,Integrated
Integrated-SelectFromModel (RF selector) + KNN,X4_K,7,Integrated
Integrated-SelectFromModel (RF selector) + KNN,X4_L,8,Integrated
Integrated-SelectFromModel (RF selector) + KNN,X4_M,9,Integrated
Integrated-SelectFromModel (RF selector) + KNN,X4_N,10,Integrated
Integrated-SelectFromModel (RF selector) + KNN,X4_Q,11,Integrated
Integrated-SelectFromModel (RF selector) + KNN,X4_R,12,Integrated
Integrated-SelectFromModel (RF selector) + KNN,X4_S,13,Integrated
Integrated-SelectFromModel (RF selector) + KNN,X4_T,14,Integrated
Integrated-SelectFromModel (RF selector) + KNN,X4_V,15,Integrated
Integrated-SelectFromModel (RF selector) + KNN,X4_W,16,Integrated
Integrated-SelectFromModel (RF selector) + KNN,X4_Y,17,Integrated
Integrated-SelectFromModel (RF selector) + KNN,X5_A,18,Integrated
Integrated-SelectFromModel (RF selector) + KNN,X5_C,19,Integrated
Integrated-SelectFromModel (RF selector) + KNN,X5_D,20,Integrated
Integrated-SelectFromModel (RF selector) + KNN,X5_E,21,Integrated
Integrated-SelectFromModel (RF selector) + KNN,X5_F,22,Integrated
Integrated-SelectFromModel (RF selector) + KNN,X5_G,23,Integrated
Integrated-SelectFromModel (RF selector) + KNN,X5_H,24,Integrated
Integrated-SelectFromModel (RF selector) + KNN,X5_I,25,Integrated
Integrated-SelectFromModel (RF selector) + KNN,X5_K,26,Integrated
Integrated-SelectFromModel (RF selector) + KNN,X5_L,27,Integrated
Integrated-SelectFromModel (RF selector) + KNN,X5_M,28,Integrated
Integrated-SelectFromModel (RF selector) + KNN,X5_N,29,Integrated
Integrated-SelectFromModel (RF selector) + KNN,X5_P,30,Integrated
Integrated-SelectFromModel (RF selector) + KNN,X5_Q,31,Integrated
Integrated-SelectFromModel (RF selector) + KNN,X5_R,32,Integrated
Integrated-SelectFromModel (RF selector) + KNN,X5_S,33,Integrated
Integrated-SelectFromModel (RF selector) + KNN,X5_T,34,Integrated
Integrated-SelectFromModel (RF selector) + KNN,X5_V,35,Integrated
Integrated-SelectFromModel (RF selector) + KNN,X5_W,36,Integrated
Integrated-SelectFromModel (RF selector) + KNN,X5_Y,37,Integrated
Integrated-SelectFromModel (RF selector) + KNN,X8_AA,38,Integrated
Integrated-SelectFromModel (RF selector) + KNN,X8_AC,39,Integrated
Integrated-SelectFromModel (RF selector) + KNN,X8_AD,40,Integrated
Integrated-SelectFromModel (RF selector) + KNN,X8_AE,41,Integrated
Integrated-SelectFromModel (RF selector) + KNN,X8_AF,42,Integrated
Integrated-SelectFromModel (RF selector) + KNN,X8_AG,43,Integrated
Integrated-SelectFromModel (RF selector) + KNN,X8_AH,44,Integrated
Integrated-SelectFromModel (RF selector) + KNN,X8_AI,45,Integrated
Integrated-SelectFromModel (RF selector) + KNN,X8_AK,46,Integrated
Integrated-SelectFromModel (RF selector) + KNN,X8_AL,47,Integrated
Integrated-SelectFromModel (RF selector) + KNN,X8_AN,48,Integrated
Integrated-SelectFromModel (RF selector) + KNN,X8_AP,49,Integrated
Integrated-SelectFromModel (RF selector) + KNN,X8_AQ,50,Integrated
Integrated-SelectFromModel (RF selector) + KNN,X8_AR,51,Integrated
Integrated-SelectFromModel (RF selector) + KNN,X8_AS,52,Integrated
Integrated-SelectFromModel (RF selector) + KNN,X8_AT,53,Integrated
Integrated-SelectFromModel (RF selector) + KNN,X8_AV,54,Integrated
Integrated-SelectFromModel (RF selector) + KNN,X8_AW,55,Integrated
Integrated-SelectFromModel (RF selector) + KNN,X8_AY,56,Integrated
Integrated-SelectFromModel (RF selector) + KNN,X8_CF,57,Integrated
Integrated-SelectFromModel (RF selector) + KNN,X8_CS,58,Integrated
Integrated-SelectFromModel (RF selector) + KNN,X8_DA,59,Integrated
Integrated-SelectFromModel (RF selector) + KNN,X8_DD,60,Integrated
Integrated-SelectFromModel (RF selector) + KNN,X8_DE,61,Integrated
Integrated-SelectFromModel (RF selector) + KNN,X8_DF,62,Integrated
Integrated-SelectFromModel (RF selector) + KNN,X8_DG,63,Integrated
Integrated-SelectFromModel (RF selector) + KNN,X8_DI,64,Integrated
Integrated-SelectFromModel (RF selector) + KNN,X8_DK,65,Integrated
Integrated-SelectFromModel (RF selector) + KNN,X8_DL,66,Integrated
Integrated-SelectFromModel (RF selector) + KNN,X8_DN,67,Integrated
Integrated-SelectFromModel (RF selector) + KNN,X8_DP,68,Integrated
Integrated-SelectFromModel (RF selector) + KNN,X8_DR,69,Integrated
Integrated-SelectFromModel (RF selector) + KNN,X8_DS,70,Integrated
Integrated-SelectFromModel (RF selector) + KNN,X8_DT,71,Integrated
Integrated-SelectFromModel (RF selector) + KNN,X8_DV,72,Integrated
Integrated-SelectFromModel (RF selector) + KNN,X8_DY,73,Integrated
Integrated-SelectFromModel (RF selector) + KNN,X8_EA,74,Integrated
Integrated-SelectFromModel (RF selector) + KNN,X8_ED,75,Integrated
Integrated-SelectFromModel (RF selector) + KNN,X8_EE,76,Integrated
Integrated-SelectFromModel (RF selector) + KNN,X8_EF,77,Integrated
Integrated-SelectFromModel (RF selector) + KNN,X8_EG,78,Integrated
Integrated-SelectFromModel (RF selector) + KNN,X8_EI,79,Integrated
Integrated-SelectFromModel (RF selector) + KNN,X8_EK,80,Integrated
Integrated-SelectFromModel (RF selector) + KNN,X8_EL,81,Integrated
Integrated-SelectFromModel (RF selector) + KNN,X8_EM,82,Integrated
Integrated-SelectFromModel (RF selector) + KNN,X8_EN,83,Integrated
Integrated-SelectFromModel (RF selector) + KNN,X8_EP,84,Integrated
Integrated-SelectFromModel (RF selector) + KNN,X8_ER,85,Integrated
Integrated-SelectFromModel (RF selector) + KNN,X8_ES,86,Integrated
Integrated-SelectFromModel (RF selector) + KNN,X8_ET,87,Integrated
Integrated-SelectFromModel (RF selector) + KNN,X8_EV,88,Integrated
Integrated-SelectFromModel (RF selector) + KNN,X8_EY,89,Integrated
Integrated-SelectFromModel (RF selector) + KNN,X8_FA,90,Integrated
Integrated-SelectFromModel (RF selector) + KNN,X8_FD,91,Integrated
Integrated-SelectFromModel (RF selector) + KNN,X8_FF,92,Integrated
Integrated-SelectFromModel (RF selector) + KNN,X8_FG,93,Integrated
Integrated-SelectFromModel (RF selector) + KNN,X8_FI,94,Integrated
Integrated-SelectFromModel (RF selector) + KNN,X8_FL,95,Integrated
Integrated-SelectFromModel (RF selector) + KNN,X8_FN,96,Integrated
Integrated-SelectFromModel (RF selector) + KNN,X8_FP,97,Integrated
Integrated-SelectFromModel (RF selector) + KNN,X8_FS,98,Integrated
Integrated-SelectFromModel (RF selector) + KNN,X8_FT,99,Integrated
Integrated-SelectFromModel (RF selector) + KNN,X8_FV,100,Integrated
Integrated-SelectFromModel (RF selector) + KNN,X8_FY,101,Integrated
Integrated-SelectFromModel (RF selector) + KNN,X8_GA,102,Integrated
Integrated-SelectFromModel (RF selector) + KNN,X8_GD,103,Integrated
Integrated-SelectFromModel (RF selector) + KNN,X8_GE,104,Integrated
Integrated-SelectFromModel (RF selector) + KNN,X8_GF,105,Integrated
Integrated-SelectFromModel (RF selector) + KNN,X8_GG,106,Integrated
Integrated-SelectFromModel (RF selector) + KNN,X8_GI,107,Integrated
Integrated-SelectFromModel (RF selector) + KNN,X8_GK,108,Integrated
Integrated-SelectFromModel (RF selector) + KNN,X8_GL,109,Integrated
Integrated-SelectFromModel (RF selector) + KNN,X8_GM,110,Integrated
Integrated-SelectFromModel (RF selector) + KNN,X8_GN,111,Integrated
Integrated-SelectFromModel (RF selector) + KNN,X8_GP,112,Integrated
Integrated-SelectFromModel (RF selector) + KNN,X8_GQ,113,Integrated
Integrated-SelectFromModel (RF selector) + KNN,X8_GR,114,Integrated
Integrated-SelectFromModel (RF selector) + KNN,X8_GS,115,Integrated
Integrated-SelectFromModel (RF selector) + KNN,X8_GT,116,Integrated
Integrated-SelectFromModel (RF selector) + KNN,X8_GV,117,Integrated
Integrated-SelectFromModel (RF selector) + KNN,X8_HA,118,Integrated
Integrated-SelectFromModel (RF selector) + KNN,X8_HV,119,Integrated
Integrated-SelectFromModel (RF selector) + KNN,X8_IA,120,Integrated
Integrated-SelectFromModel (RF selector) + KNN,X8_IC,121,Integrated
Integrated-SelectFromModel (RF selector) + KNN,X8_ID,122,Integrated
Integrated-SelectFromModel (RF selector) + KNN,X8_IE,123,Integrated
Integrated-SelectFromModel (RF selector) + KNN,X8_IF,124,Integrated
Integrated-SelectFromModel (RF selector) + KNN,X8_IG,125,Integrated
Integrated-SelectFromModel (RF selector) + KNN,X8_IH,126,Integrated
Integrated-SelectFromModel (RF selector) + KNN,X8_II,127,Integrated
Integrated-SelectFromModel (RF selector) + KNN,X8_IL,128,Integrated
Integrated-SelectFromModel (RF selector) + KNN,X8_IN,129,Integrated
Integrated-SelectFromModel (RF selector) + KNN,X8_IP,130,Integrated
Integrated-SelectFromModel (RF selector) + KNN,X8_IQ,131,Integrated
Integrated-SelectFromModel (RF selector) + KNN,X8_IR,132,Integrated
Integrated-SelectFromModel (RF selector) + KNN,X8_IS,133,Integrated
Integrated-SelectFromModel (RF selector) + KNN,X8_IT,134,Integrated
Integrated-SelectFromModel (RF selector) + KNN,X8_IV,135,Integrated
Integrated-SelectFromModel (RF selector) + KNN,X8_IY,136,Integrated
Integrated-SelectFromModel (RF selector) + KNN,X8_KA,137,Integrated
Integrated-SelectFromModel (RF selector) + KNN,X8_KG,138,Integrated
Integrated-SelectFromModel (RF selector) + KNN,X8_KI,139,Integrated
Integrated-SelectFromModel (RF selector) + KNN,X8_KL,140,Integrated
Integrated-SelectFromModel (RF selector) + KNN,X8_KS,141,Integrated
Integrated-SelectFromModel (RF selector) + KNN,X8_KT,142,Integrated
Integrated-SelectFromModel (RF selector) + KNN,X8_KV,143,Integrated
Integrated-SelectFromModel (RF selector) + KNN,X8_LA,144,Integrated
Integrated-SelectFromModel (RF selector) + KNN,X8_LD,145,Integrated
Integrated-SelectFromModel (RF selector) + KNN,X8_LE,146,Integrated
Integrated-SelectFromModel (RF selector) + KNN,X8_LF,147,Integrated
Integrated-SelectFromModel (RF selector) + KNN,X8_LG,148,Integrated
Integrated-SelectFromModel (RF selector) + KNN,X8_LH,149,Integrated
Integrated-SelectFromModel (RF selector) + KNN,X8_LI,150,Integrated
Integrated-SelectFromModel (RF selector) + KNN,X8_LK,151,Integrated
Integrated-SelectFromModel (RF selector) + KNN,X8_LL,152,Integrated
Integrated-SelectFromModel (RF selector) + KNN,X8_LM,153,Integrated
Integrated-SelectFromModel (RF selector) + KNN,X8_LN,154,Integrated
Integrated-SelectFromModel (RF selector) + KNN,X8_LP,155,Integrated
Integrated-SelectFromModel (RF selector) + KNN,X8_LQ,156,Integrated
Integrated-SelectFromModel (RF selector) + KNN,X8_LR,157,Integrated
Integrated-SelectFromModel (RF selector) + KNN,X8_LS,158,Integrated
Integrated-SelectFromModel (RF selector) + KNN,X8_LT,159,Integrated
Integrated-SelectFromModel (RF selector) + KNN,X8_LV,160,Integrated
Integrated-SelectFromModel (RF selector) + KNN,X8_LW,161,Integrated
Integrated-SelectFromModel (RF selector) + KNN,X8_LY,162,Integrated
Integrated-SelectFromModel (RF selector) + KNN,X8_MA,163,Integrated
Integrated-SelectFromModel (RF selector) + KNN,X8_MI,164,Integrated
Integrated-SelectFromModel (RF selector) + KNN,X8_ML,165,Integrated
Integrated-SelectFromModel (RF selector) + KNN,X8_MS,166,Integrated
Integrated-SelectFromModel (RF selector) + KNN,X8_NA,167,Integrated
Integrated-SelectFromModel (RF selector) + KNN,X8_ND,168,Integrated
Integrated-SelectFromModel (RF selector) + KNN,X8_NG,169,Integrated
Integrated-SelectFromModel (RF selector) + KNN,X8_NI,170,Integrated
Integrated-SelectFromModel (RF selector) + KNN,X8_NL,171,Integrated
Integrated-SelectFromModel (RF selector) + KNN,X8_NN,172,Integrated
Integrated-SelectFromModel (RF selector) + KNN,X8_NP,173,Integrated
Integrated-SelectFromModel (RF selector) + KNN,X8_NS,174,Integrated
Integrated-SelectFromModel (RF selector) + KNN,X8_NT,175,Integrated
Integrated-SelectFromModel (RF selector) + KNN,X8_NV,176,Integrated
Integrated-SelectFromModel (RF selector) + KNN,X8_NY,177,Integrated
Integrated-SelectFromModel (RF selector) + KNN,X8_PA,178,Integrated
Integrated-SelectFromModel (RF selector) + KNN,X8_PD,179,Integrated
Integrated-SelectFromModel (RF selector) + KNN,X8_PE,180,Integrated
Integrated-SelectFromModel (RF selector) + KNN,X8_PF,181,Integrated
Integrated-SelectFromModel (RF selector) + KNN,X8_PG,182,Integrated
Integrated-SelectFromModel (RF selector) + KNN,X8_PI,183,Integrated
Integrated-SelectFromModel (RF selector) + KNN,X8_PK,184,Integrated
Integrated-SelectFromModel (RF selector) + KNN,X8_PL,185,Integrated
Integrated-SelectFromModel (RF selector) + KNN,X8_PM,186,Integrated
Integrated-SelectFromModel (RF selector) + KNN,X8_PN,187,Integrated
Integrated-SelectFromModel (RF selector) + KNN,X8_PP,188,Integrated
Integrated-SelectFromModel (RF selector) + KNN,X8_PR,189,Integrated
Integrated-SelectFromModel (RF selector) + KNN,X8_PS,190,Integrated
Integrated-SelectFromModel (RF selector) + KNN,X8_PT,191,Integrated
Integrated-SelectFromModel (RF selector) + KNN,X8_PV,192,Integrated
Integrated-SelectFromModel (RF selector) + KNN,X8_QA,193,Integrated
Integrated-SelectFromModel (RF selector) + KNN,X8_QE,194,Integrated
Integrated-SelectFromModel (RF selector) + KNN,X8_QG,195,Integrated
Integrated-SelectFromModel (RF selector) + KNN,X8_QL,196,Integrated
Integrated-SelectFromModel (RF selector) + KNN,X8_QQ,197,Integrated
Integrated-SelectFromModel (RF selector) + KNN,X8_QR,198,Integrated
Integrated-SelectFromModel (RF selector) + KNN,X8_QS,199,Integrated
Integrated-SelectFromModel (RF selector) + KNN,X8_QV,200,Integrated
Integrated-SelectFromModel (RF selector) + KNN,X8_RA,201,Integrated
Integrated-SelectFromModel (RF selector) + KNN,X8_RD,202,Integrated
Integrated-SelectFromModel (RF selector) + KNN,X8_RE,203,Integrated
Integrated-SelectFromModel (RF selector) + KNN,X8_RF,204,Integrated
Integrated-SelectFromModel (RF selector) + KNN,X8_RG,205,Integrated
Integrated-SelectFromModel (RF selector) + KNN,X8_RI,206,Integrated
Integrated-SelectFromModel (RF selector) + KNN,X8_RL,207,Integrated
Integrated-SelectFromModel (RF selector) + KNN,X8_RP,208,Integrated
Integrated-SelectFromModel (RF selector) + KNN,X8_RR,209,Integrated
Integrated-SelectFromModel (RF selector) + KNN,X8_RS,210,Integrated
Integrated-SelectFromModel (RF selector) + KNN,X8_RT,211,Integrated
Integrated-SelectFromModel (RF selector) + KNN,X8_RV,212,Integrated
Integrated-SelectFromModel (RF selector) + KNN,X8_RY,213,Integrated
Integrated-SelectFromModel (RF selector) + KNN,X8_SA,214,Integrated
Integrated-SelectFromModel (RF selector) + KNN,X8_SD,215,Integrated
Integrated-SelectFromModel (RF selector) + KNN,X8_SE,216,Integrated
Integrated-SelectFromModel (RF selector) + KNN,X8_SF,217,Integrated
Integrated-SelectFromModel (RF selector) + KNN,X8_SG,218,Integrated
Integrated-SelectFromModel (RF selector) + KNN,X8_SI,219,Integrated
Integrated-SelectFromModel (RF selector) + KNN,X8_SK,220,Integrated
Integrated-SelectFromModel (RF selector) + KNN,X8_SL,221,Integrated
Integrated-SelectFromModel (RF selector) + KNN,X8_SM,222,Integrated
Integrated-SelectFromModel (RF selector) + KNN,X8_SN,223,Integrated
Integrated-SelectFromModel (RF selector) + KNN,X8_SP,224,Integrated
Integrated-SelectFromModel (RF selector) + KNN,X8_SR,225,Integrated
Integrated-SelectFromModel (RF selector) + KNN,X8_SS,226,Integrated
Integrated-SelectFromModel (RF selector) + KNN,X8_ST,227,Integrated
Integrated-SelectFromModel (RF selector) + KNN,X8_SV,228,Integrated
Integrated-SelectFromModel (RF selector) + KNN,X8_SY,229,Integrated
Integrated-SelectFromModel (RF selector) + KNN,X8_TA,230,Integrated
Integrated-SelectFromModel (RF selector) + KNN,X8_TD,231,Integrated
Integrated-SelectFromModel (RF selector) + KNN,X8_TE,232,Integrated
Integrated-SelectFromModel (RF selector) + KNN,X8_TF,233,Integrated
Integrated-SelectFromModel (RF selector) + KNN,X8_TG,234,Integrated
Integrated-SelectFromModel (RF selector) + KNN,X8_TI,235,Integrated
Integrated-SelectFromModel (RF selector) + KNN,X8_TK,236,Integrated
Integrated-SelectFromModel (RF selector) + KNN,X8_TL,237,Integrated
Integrated-SelectFromModel (RF selector) + KNN,X8_TM,238,Integrated
Integrated-SelectFromModel (RF selector) + KNN,X8_TN,239,Integrated
Integrated-SelectFromModel (RF selector) + KNN,X8_TP,240,Integrated
Integrated-SelectFromModel (RF selector) + KNN,X8_TQ,241,Integrated
Integrated-SelectFromModel (RF selector) + KNN,X8_TR,242,Integrated
Integrated-SelectFromModel (RF selector) + KNN,X8_TS,243,Integrated
Integrated-SelectFromModel (RF selector) + KNN,X8_TT,244,Integrated
Integrated-SelectFromModel (RF selector) + KNN,X8_TV,245,Integrated
Integrated-SelectFromModel (RF selector) + KNN,X8_TW,246,Integrated
Integrated-SelectFromModel (RF selector) + KNN,X8_TY,247,Integrated
Integrated-SelectFromModel (RF selector) + KNN,X8_VA,248,Integrated
Integrated-SelectFromModel (RF selector) + KNN,X8_VD,249,Integrated
Integrated-SelectFromModel (RF selector) + KNN,X8_VE,250,Integrated
Integrated-SelectFromModel (RF selector) + KNN,X8_VF,251,Integrated
Integrated-SelectFromModel (RF selector) + KNN,X8_VG,252,Integrated
Integrated-SelectFromModel (RF selector) + KNN,X8_VI,253,Integrated
Integrated-SelectFromModel (RF selector) + KNN,X8_VK,254,Integrated
Integrated-SelectFromModel (RF selector) + KNN,X8_VL,255,Integrated
Integrated-SelectFromModel (RF selector) + KNN,X8_VN,256,Integrated
Integrated-SelectFromModel (RF selector) + KNN,X8_VP,257,Integrated
Integrated-SelectFromModel (RF selector) + KNN,X8_VQ,258,Integrated
Integrated-SelectFromModel (RF selector) + KNN,X8_VR,259,Integrated
Integrated-SelectFromModel (RF selector) + KNN,X8_VS,260,Integrated
Integrated-SelectFromModel (RF selector) + KNN,X8_VT,261,Integrated
Integrated-SelectFromModel (RF selector) + KNN,X8_VV,262,Integrated
Integrated-SelectFromModel (RF selector) + KNN,X8_VY,263,Integrated
Integrated-SelectFromModel (RF selector) + KNN,X8_WS,264,Integrated
Integrated-SelectFromModel (RF selector) + KNN,X8_YA,265,Integrated
Integrated-SelectFromModel (RF selector) + KNN,X8_YD,266,Integrated
Integrated-SelectFromModel (RF selector) + KNN,X8_YE,267,Integrated
Integrated-SelectFromModel (RF selector) + KNN,X8_YG,268,Integrated
Integrated-SelectFromModel (RF selector) + KNN,X8_YL,269,Integrated
Integrated-SelectFromModel (RF selector) + KNN,X8_YN,270,Integrated
Integrated-SelectFromModel (RF selector) + KNN,X8_YP,271,Integrated
Integrated-SelectFromModel (RF selector) + KNN,X8_YS,272,Integrated
Integrated-SelectFromModel (RF selector) + KNN,X8_YT,273,Integrated
Integrated-SelectFromModel (RF selector) + KNN,X8_YV,274,Integrated
Integrated-SelectFromModel (RF selector) + KNN,X8_YY,275,Integrated
Integrated-SelectFromModel (RF selector) + KNN,acidic_group,276,Integrated
Integrated-SelectFromModel (RF selector) + KNN,aliphatic_group,277,Integrated
Integrated-SelectFromModel (RF selector) + KNN,aliphatic_index,278,Integrated
Integrated-SelectFromModel (RF selector) + KNN,aromatic_group,279,Integrated
Integrated-SelectFromModel (RF selector) + KNN,basic_group,280,Integrated
Integrated-SelectFromModel (RF selector) + KNN,boman,281,Integrated
Integrated-SelectFromModel (RF selector) + KNN,charge,282,Integrated
Integrated-SelectFromModel (RF selector) + KNN,charged_group,283,Integrated
Integrated-SelectFromModel (RF selector) + KNN,cruciani_prp1,284,Integrated
Integrated-SelectFromModel (RF selector) + KNN,cruciani_prp2,285,Integrated
Integrated-SelectFromModel (RF selector) + KNN,cruciani_prp3,286,Integrated
Integrated-SelectFromModel (RF selector) + KNN,hydrophobic_eisenberg,287,Integrated
Integrated-SelectFromModel (RF selector) + KNN,hydrophobic_engleman,288,Integrated
Integrated-SelectFromModel (RF selector) + KNN,hydrophobic_hopp-woods,289,Integrated
Integrated-SelectFromModel (RF selector) + KNN,hydrophobic_janin,290,Integrated
Integrated-SelectFromModel (RF selector) + KNN,hydrophobic_kyte-doolittle,291,Integrated
Integrated-SelectFromModel (RF selector) + KNN,hydrophobic_moment,292,Integrated
Integrated-SelectFromModel (RF selector) + KNN,hydrophobic_roseman,293,Integrated
Integrated-SelectFromModel (RF selector) + KNN,instability_index,294,Integrated
Integrated-SelectFromModel (RF selector) + KNN,isoelectric_point,295,Integrated
Integrated-SelectFromModel (RF selector) + KNN,non-polar_group,296,Integrated
Integrated-SelectFromModel (RF selector) + KNN,peptide_len,297,Integrated
Integrated-SelectFromModel (RF selector) + KNN,polar_group,298,Integrated
Integrated-SelectFromModel (RF selector) + KNN,small_group,299,Integrated
Integrated-SelectFromModel (RF selector) + KNN,tiny_group,300,Integrated
Integrated-RFECV (L1-LR) + LR,X4_A,1,Integrated
Integrated-RFECV (L1-LR) + LR,X4_D,2,Integrated
Integrated-RFECV (L1-LR) + LR,X4_E,3,Integrated
Integrated-RFECV (L1-LR) + LR,X4_F,4,Integrated
Integrated-RFECV (L1-LR) + LR,X4_G,5,Integrated
Integrated-RFECV (L1-LR) + LR,X4_H,6,Integrated
Integrated-RFECV (L1-LR) + LR,X4_I,7,Integrated
Integrated-RFECV (L1-LR) + LR,X4_K,8,Integrated
Integrated-RFECV (L1-LR) + LR,X4_L,9,Integrated
Integrated-RFECV (L1-LR) + LR,X4_M,10,Integrated
Integrated-RFECV (L1-LR) + LR,X4_N,11,Integrated
Integrated-RFECV (L1-LR) + LR,X4_P,12,Integrated
Integrated-RFECV (L1-LR) + LR,X4_Q,13,Integrated
Integrated-RFECV (L1-LR) + LR,X4_R,14,Integrated
Integrated-RFECV (L1-LR) + LR,X4_S,15,Integrated
Integrated-RFECV (L1-LR) + LR,X4_T,16,Integrated
Integrated-RFECV (L1-LR) + LR,X4_V,17,Integrated
Integrated-RFECV (L1-LR) + LR,X4_W,18,Integrated
Integrated-RFECV (L1-LR) + LR,X4_Y,19,Integrated
Integrated-RFECV (L1-LR) + LR,X5_A,20,Integrated
Integrated-RFECV (L1-LR) + LR,X5_C,21,Integrated
Integrated-RFECV (L1-LR) + LR,X5_D,22,Integrated
Integrated-RFECV (L1-LR) + LR,X5_G,23,Integrated
Integrated-RFECV (L1-LR) + LR,X5_H,24,Integrated
Integrated-RFECV (L1-LR) + LR,X5_I,25,Integrated
Integrated-RFECV (L1-LR) + LR,X5_K,26,Integrated
Integrated-RFECV (L1-LR) + LR,X5_M,27,Integrated
Integrated-RFECV (L1-LR) + LR,X5_N,28,Integrated
Integrated-RFECV (L1-LR) + LR,X5_P,29,Integrated
Integrated-RFECV (L1-LR) + LR,X5_S,30,Integrated
Integrated-RFECV (L1-LR) + LR,X5_W,31,Integrated
Integrated-RFECV (L1-LR) + LR,X5_Y,32,Integrated
Integrated-RFECV (L1-LR) + LR,X8_AA,33,Integrated
Integrated-RFECV (L1-LR) + LR,X8_AC,34,Integrated
Integrated-RFECV (L1-LR) + LR,X8_AD,35,Integrated
Integrated-RFECV (L1-LR) + LR,X8_AE,36,Integrated
Integrated-RFECV (L1-LR) + LR,X8_AF,37,Integrated
Integrated-RFECV (L1-LR) + LR,X8_AG,38,Integrated
Integrated-RFECV (L1-LR) + LR,X8_AH,39,Integrated
Integrated-RFECV (L1-LR) + LR,X8_AI,40,Integrated
Integrated-RFECV (L1-LR) + LR,X8_AK,41,Integrated
Integrated-RFECV (L1-LR) + LR,X8_AL,42,Integrated
Integrated-RFECV (L1-LR) + LR,X8_AM,43,Integrated
Integrated-RFECV (L1-LR) + LR,X8_AN,44,Integrated
Integrated-RFECV (L1-LR) + LR,X8_AP,45,Integrated
Integrated-RFECV (L1-LR) + LR,X8_AQ,46,Integrated
Integrated-RFECV (L1-LR) + LR,X8_AR,47,Integrated
Integrated-RFECV (L1-LR) + LR,X8_AS,48,Integrated
Integrated-RFECV (L1-LR) + LR,X8_AT,49,Integrated
Integrated-RFECV (L1-LR) + LR,X8_AV,50,Integrated
Integrated-RFECV (L1-LR) + LR,X8_AW,51,Integrated
Integrated-RFECV (L1-LR) + LR,X8_AY,52,Integrated
Integrated-RFECV (L1-LR) + LR,X8_CC,53,Integrated
Integrated-RFECV (L1-LR) + LR,X8_CD,54,Integrated
Integrated-RFECV (L1-LR) + LR,X8_CE,55,Integrated
Integrated-RFECV (L1-LR) + LR,X8_CF,56,Integrated
Integrated-RFECV (L1-LR) + LR,X8_CG,57,Integrated
Integrated-RFECV (L1-LR) + LR,X8_CH,58,Integrated
Integrated-RFECV (L1-LR) + LR,X8_CI,59,Integrated
Integrated-RFECV (L1-LR) + LR,X8_CK,60,Integrated
Integrated-RFECV (L1-LR) + LR,X8_CL,61,Integrated
Integrated-RFECV (L1-LR) + LR,X8_CN,62,Integrated
Integrated-RFECV (L1-LR) + LR,X8_CP,63,Integrated
Integrated-RFECV (L1-LR) + LR,X8_CQ,64,Integrated
Integrated-RFECV (L1-LR) + LR,X8_CR,65,Integrated
Integrated-RFECV (L1-LR) + LR,X8_CS,66,Integrated
Integrated-RFECV (L1-LR) + LR,X8_CT,67,Integrated
Integrated-RFECV (L1-LR) + LR,X8_CV,68,Integrated
Integrated-RFECV (L1-LR) + LR,X8_CY,69,Integrated
Integrated-RFECV (L1-LR) + LR,X8_DA,70,Integrated
Integrated-RFECV (L1-LR) + LR,X8_DD,71,Integrated
Integrated-RFECV (L1-LR) + LR,X8_DE,72,Integrated
Integrated-RFECV (L1-LR) + LR,X8_DF,73,Integrated
Integrated-RFECV (L1-LR) + LR,X8_DG,74,Integrated
Integrated-RFECV (L1-LR) + LR,X8_DH,75,Integrated
Integrated-RFECV (L1-LR) + LR,X8_DI,76,Integrated
Integrated-RFECV (L1-LR) + LR,X8_DK,77,Integrated
Integrated-RFECV (L1-LR) + LR,X8_DM,78,Integrated
Integrated-RFECV (L1-LR) + LR,X8_DN,79,Integrated
Integrated-RFECV (L1-LR) + LR,X8_DP,80,Integrated
Integrated-RFECV (L1-LR) + LR,X8_DQ,81,Integrated
Integrated-RFECV (L1-LR) + LR,X8_DS,82,Integrated
Integrated-RFECV (L1-LR) + LR,X8_DT,83,Integrated
Integrated-RFECV (L1-LR) + LR,X8_DV,84,Integrated
Integrated-RFECV (L1-LR) + LR,X8_DW,85,Integrated
Integrated-RFECV (L1-LR) + LR,X8_DY,86,Integrated
Integrated-RFECV (L1-LR) + LR,X8_EA,87,Integrated
Integrated-RFECV (L1-LR) + LR,X8_ED,88,Integrated
Integrated-RFECV (L1-LR) + LR,X8_EE,89,Integrated
Integrated-RFECV (L1-LR) + LR,X8_EF,90,Integrated
Integrated-RFECV (L1-LR) + LR,X8_EG,91,Integrated
Integrated-RFECV (L1-LR) + LR,X8_EI,92,Integrated
Integrated-RFECV (L1-LR) + LR,X8_EL,93,Integrated
Integrated-RFECV (L1-LR) + LR,X8_EM,94,Integrated
Integrated-RFECV (L1-LR) + LR,X8_EN,95,Integrated
Integrated-RFECV (L1-LR) + LR,X8_EP,96,Integrated
Integrated-RFECV (L1-LR) + LR,X8_EQ,97,Integrated
Integrated-RFECV (L1-LR) + LR,X8_ER,98,Integrated
Integrated-RFECV (L1-LR) + LR,X8_ES,99,Integrated
Integrated-RFECV (L1-LR) + LR,X8_ET,100,Integrated
Integrated-RFECV (L1-LR) + LR,X8_EV,101,Integrated
Integrated-RFECV (L1-LR) + LR,X8_EW,102,Integrated
Integrated-RFECV (L1-LR) + LR,X8_EY,103,Integrated
Integrated-RFECV (L1-LR) + LR,X8_FC,104,Integrated
Integrated-RFECV (L1-LR) + LR,X8_FE,105,Integrated
Integrated-RFECV (L1-LR) + LR,X8_FF,106,Integrated
Integrated-RFECV (L1-LR) + LR,X8_FG,107,Integrated
Integrated-RFECV (L1-LR) + LR,X8_FH,108,Integrated
Integrated-RFECV (L1-LR) + LR,X8_FI,109,Integrated
Integrated-RFECV (L1-LR) + LR,X8_FK,110,Integrated
Integrated-RFECV (L1-LR) + LR,X8_FL,111,Integrated
Integrated-RFECV (L1-LR) + LR,X8_FM,112,Integrated
Integrated-RFECV (L1-LR) + LR,X8_FN,113,Integrated
Integrated-RFECV (L1-LR) + LR,X8_FP,114,Integrated
Integrated-RFECV (L1-LR) + LR,X8_FQ,115,Integrated
Integrated-RFECV (L1-LR) + LR,X8_FR,116,Integrated
Integrated-RFECV (L1-LR) + LR,X8_FS,117,Integrated
Integrated-RFECV (L1-LR) + LR,X8_FT,118,Integrated
Integrated-RFECV (L1-LR) + LR,X8_FV,119,Integrated
Integrated-RFECV (L1-LR) + LR,X8_FY,120,Integrated
Integrated-RFECV (L1-LR) + LR,X8_GA,121,Integrated
Integrated-RFECV (L1-LR) + LR,X8_GC,122,Integrated
Integrated-RFECV (L1-LR) + LR,X8_GD,123,Integrated
Integrated-RFECV (L1-LR) + LR,X8_GE,124,Integrated
Integrated-RFECV (L1-LR) + LR,X8_GF,125,Integrated
Integrated-RFECV (L1-LR) + LR,X8_GG,126,Integrated
Integrated-RFECV (L1-LR) + LR,X8_GI,127,Integrated
Integrated-RFECV (L1-LR) + LR,X8_GK,128,Integrated
Integrated-RFECV (L1-LR) + LR,X8_GL,129,Integrated
Integrated-RFECV (L1-LR) + LR,X8_GM,130,Integrated
Integrated-RFECV (L1-LR) + LR,X8_GN,131,Integrated
Integrated-RFECV (L1-LR) + LR,X8_GP,132,Integrated
Integrated-RFECV (L1-LR) + LR,X8_GQ,133,Integrated
Integrated-RFECV (L1-LR) + LR,X8_GR,134,Integrated
Integrated-RFECV (L1-LR) + LR,X8_GS,135,Integrated
Integrated-RFECV (L1-LR) + LR,X8_GT,136,Integrated
Integrated-RFECV (L1-LR) + LR,X8_GV,137,Integrated
Integrated-RFECV (L1-LR) + LR,X8_GW,138,Integrated
Integrated-RFECV (L1-LR) + LR,X8_GY,139,Integrated
Integrated-RFECV (L1-LR) + LR,X8_HA,140,Integrated
Integrated-RFECV (L1-LR) + LR,X8_HC,141,Integrated
Integrated-RFECV (L1-LR) + LR,X8_HD,142,Integrated
Integrated-RFECV (L1-LR) + LR,X8_HE,143,Integrated
Integrated-RFECV (L1-LR) + LR,X8_HG,144,Integrated
Integrated-RFECV (L1-LR) + LR,X8_HH,145,Integrated
Integrated-RFECV (L1-LR) + LR,X8_HK,146,Integrated
Integrated-RFECV (L1-LR) + LR,X8_HL,147,Integrated
Integrated-RFECV (L1-LR) + LR,X8_HN,148,Integrated
Integrated-RFECV (L1-LR) + LR,X8_HP,149,Integrated
Integrated-RFECV (L1-LR) + LR,X8_HQ,150,Integrated
Integrated-RFECV (L1-LR) + LR,X8_HR,151,Integrated
Integrated-RFECV (L1-LR) + LR,X8_HS,152,Integrated
Integrated-RFECV (L1-LR) + LR,X8_HT,153,Integrated
Integrated-RFECV (L1-LR) + LR,X8_HV,154,Integrated
Integrated-RFECV (L1-LR) + LR,X8_HW,155,Integrated
Integrated-RFECV (L1-LR) + LR,X8_IA,156,Integrated
Integrated-RFECV (L1-LR) + LR,X8_IC,157,Integrated
Integrated-RFECV (L1-LR) + LR,X8_ID,158,Integrated
Integrated-RFECV (L1-LR) + LR,X8_IE,159,Integrated
Integrated-RFECV (L1-LR) + LR,X8_IF,160,Integrated
Integrated-RFECV (L1-LR) + LR,X8_IG,161,Integrated
Integrated-RFECV (L1-LR) + LR,X8_IH,162,Integrated
Integrated-RFECV (L1-LR) + LR,X8_II,163,Integrated
Integrated-RFECV (L1-LR) + LR,X8_IK,164,Integrated
Integrated-RFECV (L1-LR) + LR,X8_IL,165,Integrated
Integrated-RFECV (L1-LR) + LR,X8_IM,166,Integrated
Integrated-RFECV (L1-LR) + LR,X8_IN,167,Integrated
Integrated-RFECV (L1-LR) + LR,X8_IP,168,Integrated
Integrated-RFECV (L1-LR) + LR,X8_IQ,169,Integrated
Integrated-RFECV (L1-LR) + LR,X8_IR,170,Integrated
Integrated-RFECV (L1-LR) + LR,X8_IS,171,Integrated
Integrated-RFECV (L1-LR) + LR,X8_IT,172,Integrated
Integrated-RFECV (L1-LR) + LR,X8_IV,173,Integrated
Integrated-RFECV (L1-LR) + LR,X8_IW,174,Integrated
Integrated-RFECV (L1-LR) + LR,X8_IY,175,Integrated
Integrated-RFECV (L1-LR) + LR,X8_KA,176,Integrated
Integrated-RFECV (L1-LR) + LR,X8_KC,177,Integrated
Integrated-RFECV (L1-LR) + LR,X8_KD,178,Integrated
Integrated-RFECV (L1-LR) + LR,X8_KE,179,Integrated
Integrated-RFECV (L1-LR) + LR,X8_KF,180,Integrated
Integrated-RFECV (L1-LR) + LR,X8_KG,181,Integrated
Integrated-RFECV (L1-LR) + LR,X8_KH,182,Integrated
Integrated-RFECV (L1-LR) + LR,X8_KI,183,Integrated
Integrated-RFECV (L1-LR) + LR,X8_KK,184,Integrated
Integrated-RFECV (L1-LR) + LR,X8_KL,185,Integrated
Integrated-RFECV (L1-LR) + LR,X8_KM,186,Integrated
Integrated-RFECV (L1-LR) + LR,X8_KN,187,Integrated
Integrated-RFECV (L1-LR) + LR,X8_KP,188,Integrated
Integrated-RFECV (L1-LR) + LR,X8_KQ,189,Integrated
Integrated-RFECV (L1-LR) + LR,X8_KR,190,Integrated
Integrated-RFECV (L1-LR) + LR,X8_KS,191,Integrated
Integrated-RFECV (L1-LR) + LR,X8_KV,192,Integrated
Integrated-RFECV (L1-LR) + LR,X8_KW,193,Integrated
Integrated-RFECV (L1-LR) + LR,X8_KY,194,Integrated
Integrated-RFECV (L1-LR) + LR,X8_LA,195,Integrated
Integrated-RFECV (L1-LR) + LR,X8_LC,196,Integrated
Integrated-RFECV (L1-LR) + LR,X8_LD,197,Integrated
Integrated-RFECV (L1-LR) + LR,X8_LE,198,Integrated
Integrated-RFECV (L1-LR) + LR,X8_LF,199,Integrated
Integrated-RFECV (L1-LR) + LR,X8_LG,200,Integrated
Integrated-RFECV (L1-LR) + LR,X8_LH,201,Integrated
Integrated-RFECV (L1-LR) + LR,X8_LI,202,Integrated
Integrated-RFECV (L1-LR) + LR,X8_LK,203,Integrated
Integrated-RFECV (L1-LR) + LR,X8_LL,204,Integrated
Integrated-RFECV (L1-LR) + LR,X8_LM,205,Integrated
Integrated-RFECV (L1-LR) + LR,X8_LN,206,Integrated
Integrated-RFECV (L1-LR) + LR,X8_LP,207,Integrated
Integrated-RFECV (L1-LR) + LR,X8_LQ,208,Integrated
Integrated-RFECV (L1-LR) + LR,X8_LR,209,Integrated
Integrated-RFECV (L1-LR) + LR,X8_LS,210,Integrated
Integrated-RFECV (L1-LR) + LR,X8_LT,211,Integrated
Integrated-RFECV (L1-LR) + LR,X8_LY,212,Integrated
Integrated-RFECV (L1-LR) + LR,X8_MA,213,Integrated
Integrated-RFECV (L1-LR) + LR,X8_MC,214,Integrated
Integrated-RFECV (L1-LR) + LR,X8_MD,215,Integrated
Integrated-RFECV (L1-LR) + LR,X8_MF,216,Integrated
Integrated-RFECV (L1-LR) + LR,X8_MG,217,Integrated
Integrated-RFECV (L1-LR) + LR,X8_MI,218,Integrated
Integrated-RFECV (L1-LR) + LR,X8_MK,219,Integrated
Integrated-RFECV (L1-LR) + LR,X8_ML,220,Integrated
Integrated-RFECV (L1-LR) + LR,X8_MM,221,Integrated
Integrated-RFECV (L1-LR) + LR,X8_MN,222,Integrated
Integrated-RFECV (L1-LR) + LR,X8_MP,223,Integrated
Integrated-RFECV (L1-LR) + LR,X8_MQ,224,Integrated
Integrated-RFECV (L1-LR) + LR,X8_MS,225,Integrated
Integrated-RFECV (L1-LR) + LR,X8_MT,226,Integrated
Integrated-RFECV (L1-LR) + LR,X8_MV,227,Integrated
Integrated-RFECV (L1-LR) + LR,X8_MW,228,Integrated
Integrated-RFECV (L1-LR) + LR,X8_MY,229,Integrated
Integrated-RFECV (L1-LR) + LR,X8_NA,230,Integrated
Integrated-RFECV (L1-LR) + LR,X8_NC,231,Integrated
Integrated-RFECV (L1-LR) + LR,X8_ND,232,Integrated
Integrated-RFECV (L1-LR) + LR,X8_NF,233,Integrated
Integrated-RFECV (L1-LR) + LR,X8_NG,234,Integrated
Integrated-RFECV (L1-LR) + LR,X8_NH,235,Integrated
Integrated-RFECV (L1-LR) + LR,X8_NK,236,Integrated
Integrated-RFECV (L1-LR) + LR,X8_NL,237,Integrated
Integrated-RFECV (L1-LR) + LR,X8_NM,238,Integrated
Integrated-RFECV (L1-LR) + LR,X8_NN,239,Integrated
Integrated-RFECV (L1-LR) + LR,X8_NP,240,Integrated
Integrated-RFECV (L1-LR) + LR,X8_NQ,241,Integrated
Integrated-RFECV (L1-LR) + LR,X8_NR,242,Integrated
Integrated-RFECV (L1-LR) + LR,X8_NS,243,Integrated
Integrated-RFECV (L1-LR) + LR,X8_NT,244,Integrated
Integrated-RFECV (L1-LR) + LR,X8_NV,245,Integrated
Integrated-RFECV (L1-LR) + LR,X8_NW,246,Integrated
Integrated-RFECV (L1-LR) + LR,X8_NY,247,Integrated
Integrated-RFECV (L1-LR) + LR,X8_PA,248,Integrated
Integrated-RFECV (L1-LR) + LR,X8_PC,249,Integrated
Integrated-RFECV (L1-LR) + LR,X8_PD,250,Integrated
Integrated-RFECV (L1-LR) + LR,X8_PE,251,Integrated
Integrated-RFECV (L1-LR) + LR,X8_PF,252,Integrated
Integrated-RFECV (L1-LR) + LR,X8_PG,253,Integrated
Integrated-RFECV (L1-LR) + LR,X8_PH,254,Integrated
Integrated-RFECV (L1-LR) + LR,X8_PI,255,Integrated
Integrated-RFECV (L1-LR) + LR,X8_PK,256,Integrated
Integrated-RFECV (L1-LR) + LR,X8_PL,257,Integrated
Integrated-RFECV (L1-LR) + LR,X8_PM,258,Integrated
Integrated-RFECV (L1-LR) + LR,X8_PN,259,Integrated
Integrated-RFECV (L1-LR) + LR,X8_PP,260,Integrated
Integrated-RFECV (L1-LR) + LR,X8_PQ,261,Integrated
Integrated-RFECV (L1-LR) + LR,X8_PR,262,Integrated
Integrated-RFECV (L1-LR) + LR,X8_PS,263,Integrated
Integrated-RFECV (L1-LR) + LR,X8_PT,264,Integrated
Integrated-RFECV (L1-LR) + LR,X8_PV,265,Integrated
Integrated-RFECV (L1-LR) + LR,X8_PW,266,Integrated
Integrated-RFECV (L1-LR) + LR,X8_PY,267,Integrated
Integrated-RFECV (L1-LR) + LR,X8_QA,268,Integrated
Integrated-RFECV (L1-LR) + LR,X8_QC,269,Integrated
Integrated-RFECV (L1-LR) + LR,X8_QD,270,Integrated
Integrated-RFECV (L1-LR) + LR,X8_QE,271,Integrated
Integrated-RFECV (L1-LR) + LR,X8_QF,272,Integrated
Integrated-RFECV (L1-LR) + LR,X8_QG,273,Integrated
Integrated-RFECV (L1-LR) + LR,X8_QI,274,Integrated
Integrated-RFECV (L1-LR) + LR,X8_QK,275,Integrated
Integrated-RFECV (L1-LR) + LR,X8_QN,276,Integrated
Integrated-RFECV (L1-LR) + LR,X8_QP,277,Integrated
Integrated-RFECV (L1-LR) + LR,X8_QQ,278,Integrated
Integrated-RFECV (L1-LR) + LR,X8_QR,279,Integrated
Integrated-RFECV (L1-LR) + LR,X8_QS,280,Integrated
Integrated-RFECV (L1-LR) + LR,X8_QV,281,Integrated
Integrated-RFECV (L1-LR) + LR,X8_QW,282,Integrated
Integrated-RFECV (L1-LR) + LR,X8_QY,283,Integrated
Integrated-RFECV (L1-LR) + LR,X8_RA,284,Integrated
Integrated-RFECV (L1-LR) + LR,X8_RC,285,Integrated
Integrated-RFECV (L1-LR) + LR,X8_RD,286,Integrated
Integrated-RFECV (L1-LR) + LR,X8_RE,287,Integrated
Integrated-RFECV (L1-LR) + LR,X8_RF,288,Integrated
Integrated-RFECV (L1-LR) + LR,X8_RG,289,Integrated
Integrated-RFECV (L1-LR) + LR,X8_RH,290,Integrated
Integrated-RFECV (L1-LR) + LR,X8_RI,291,Integrated
Integrated-RFECV (L1-LR) + LR,X8_RK,292,Integrated
Integrated-RFECV (L1-LR) + LR,X8_RL,293,Integrated
Integrated-RFECV (L1-LR) + LR,X8_RM,294,Integrated
Integrated-RFECV (L1-LR) + LR,X8_RN,295,Integrated
Integrated-RFECV (L1-LR) + LR,X8_RP,296,Integrated
Integrated-RFECV (L1-LR) + LR,X8_RQ,297,Integrated
Integrated-RFECV (L1-LR) + LR,X8_RR,298,Integrated
Integrated-RFECV (L1-LR) + LR,X8_RS,299,Integrated
Integrated-RFECV (L1-LR) + LR,X8_RT,300,Integrated
Integrated-RFECV (L1-LR) + LR,X8_RV,301,Integrated
Integrated-RFECV (L1-LR) + LR,X8_RW,302,Integrated
Integrated-RFECV (L1-LR) + LR,X8_RY,303,Integrated
Integrated-RFECV (L1-LR) + LR,X8_SA,304,Integrated
Integrated-RFECV (L1-LR) + LR,X8_SC,305,Integrated
Integrated-RFECV (L1-LR) + LR,X8_SD,306,Integrated
Integrated-RFECV (L1-LR) + LR,X8_SE,307,Integrated
Integrated-RFECV (L1-LR) + LR,X8_SF,308,Integrated
Integrated-RFECV (L1-LR) + LR,X8_SG,309,Integrated
Integrated-RFECV (L1-LR) + LR,X8_SH,310,Integrated
Integrated-RFECV (L1-LR) + LR,X8_SI,311,Integrated
Integrated-RFECV (L1-LR) + LR,X8_SK,312,Integrated
Integrated-RFECV (L1-LR) + LR,X8_SL,313,Integrated
Integrated-RFECV (L1-LR) + LR,X8_SM,314,Integrated
Integrated-RFECV (L1-LR) + LR,X8_SN,315,Integrated
Integrated-RFECV (L1-LR) + LR,X8_SP,316,Integrated
Integrated-RFECV (L1-LR) + LR,X8_SQ,317,Integrated
Integrated-RFECV (L1-LR) + LR,X8_SR,318,Integrated
Integrated-RFECV (L1-LR) + LR,X8_ST,319,Integrated
Integrated-RFECV (L1-LR) + LR,X8_SV,320,Integrated
Integrated-RFECV (L1-LR) + LR,X8_SW,321,Integrated
Integrated-RFECV (L1-LR) + LR,X8_SY,322,Integrated
Integrated-RFECV (L1-LR) + LR,X8_TA,323,Integrated
Integrated-RFECV (L1-LR) + LR,X8_TC,324,Integrated
Integrated-RFECV (L1-LR) + LR,X8_TD,325,Integrated
Integrated-RFECV (L1-LR) + LR,X8_TE,326,Integrated
Integrated-RFECV (L1-LR) + LR,X8_TF,327,Integrated
Integrated-RFECV (L1-LR) + LR,X8_TG,328,Integrated
Integrated-RFECV (L1-LR) + LR,X8_TH,329,Integrated
Integrated-RFECV (L1-LR) + LR,X8_TI,330,Integrated
Integrated-RFECV (L1-LR) + LR,X8_TK,331,Integrated
Integrated-RFECV (L1-LR) + LR,X8_TL,332,Integrated
Integrated-RFECV (L1-LR) + LR,X8_TM,333,Integrated
Integrated-RFECV (L1-LR) + LR,X8_TP,334,Integrated
Integrated-RFECV (L1-LR) + LR,X8_TQ,335,Integrated
Integrated-RFECV (L1-LR) + LR,X8_TR,336,Integrated
Integrated-RFECV (L1-LR) + LR,X8_TS,337,Integrated
Integrated-RFECV (L1-LR) + LR,X8_TT,338,Integrated
Integrated-RFECV (L1-LR) + LR,X8_TV,339,Integrated
Integrated-RFECV (L1-LR) + LR,X8_TW,340,Integrated
Integrated-RFECV (L1-LR) + LR,X8_TY,341,Integrated
Integrated-RFECV (L1-LR) + LR,X8_VA,342,Integrated
Integrated-RFECV (L1-LR) + LR,X8_VC,343,Integrated
Integrated-RFECV (L1-LR) + LR,X8_VD,344,Integrated
Integrated-RFECV (L1-LR) + LR,X8_VF,345,Integrated
Integrated-RFECV (L1-LR) + LR,X8_VG,346,Integrated
Integrated-RFECV (L1-LR) + LR,X8_VH,347,Integrated
Integrated-RFECV (L1-LR) + LR,X8_VI,348,Integrated
Integrated-RFECV (L1-LR) + LR,X8_VK,349,Integrated
Integrated-RFECV (L1-LR) + LR,X8_VL,350,Integrated
Integrated-RFECV (L1-LR) + LR,X8_VM,351,Integrated
Integrated-RFECV (L1-LR) + LR,X8_VN,352,Integrated
Integrated-RFECV (L1-LR) + LR,X8_VP,353,Integrated
Integrated-RFECV (L1-LR) + LR,X8_VQ,354,Integrated
Integrated-RFECV (L1-LR) + LR,X8_VR,355,Integrated
Integrated-RFECV (L1-LR) + LR,X8_VS,356,Integrated
Integrated-RFECV (L1-LR) + LR,X8_VT,357,Integrated
Integrated-RFECV (L1-LR) + LR,X8_VV,358,Integrated
Integrated-RFECV (L1-LR) + LR,X8_VW,359,Integrated
Integrated-RFECV (L1-LR) + LR,X8_VY,360,Integrated
Integrated-RFECV (L1-LR) + LR,X8_WA,361,Integrated
Integrated-RFECV (L1-LR) + LR,X8_WC,362,Integrated
Integrated-RFECV (L1-LR) + LR,X8_WD,363,Integrated
Integrated-RFECV (L1-LR) + LR,X8_WE,364,Integrated
Integrated-RFECV (L1-LR) + LR,X8_WF,365,Integrated
Integrated-RFECV (L1-LR) + LR,X8_WG,366,Integrated
Integrated-RFECV (L1-LR) + LR,X8_WI,367,Integrated
Integrated-RFECV (L1-LR) + LR,X8_WK,368,Integrated
Integrated-RFECV (L1-LR) + LR,X8_WL,369,Integrated
Integrated-RFECV (L1-LR) + LR,X8_WM,370,Integrated
Integrated-RFECV (L1-LR) + LR,X8_WN,371,Integrated
Integrated-RFECV (L1-LR) + LR,X8_WP,372,Integrated
Integrated-RFECV (L1-LR) + LR,X8_WQ,373,Integrated
Integrated-RFECV (L1-LR) + LR,X8_WR,374,Integrated
Integrated-RFECV (L1-LR) + LR,X8_WS,375,Integrated
Integrated-RFECV (L1-LR) + LR,X8_WT,376,Integrated
Integrated-RFECV (L1-LR) + LR,X8_WV,377,Integrated
Integrated-RFECV (L1-LR) + LR,X8_WW,378,Integrated
Integrated-RFECV (L1-LR) + LR,X8_WY,379,Integrated
Integrated-RFECV (L1-LR) + LR,X8_YA,380,Integrated
Integrated-RFECV (L1-LR) + LR,X8_YC,381,Integrated
Integrated-RFECV (L1-LR) + LR,X8_YD,382,Integrated
Integrated-RFECV (L1-LR) + LR,X8_YE,383,Integrated
Integrated-RFECV (L1-LR) + LR,X8_YF,384,Integrated
Integrated-RFECV (L1-LR) + LR,X8_YG,385,Integrated
Integrated-RFECV (L1-LR) + LR,X8_YH,386,Integrated
Integrated-RFECV (L1-LR) + LR,X8_YI,387,Integrated
Integrated-RFECV (L1-LR) + LR,X8_YK,388,Integrated
Integrated-RFECV (L1-LR) + LR,X8_YL,389,Integrated
Integrated-RFECV (L1-LR) + LR,X8_YM,390,Integrated
Integrated-RFECV (L1-LR) + LR,X8_YN,391,Integrated
Integrated-RFECV (L1-LR) + LR,X8_YP,392,Integrated
Integrated-RFECV (L1-LR) + LR,X8_YQ,393,Integrated
Integrated-RFECV (L1-LR) + LR,X8_YT,394,Integrated
Integrated-RFECV (L1-LR) + LR,X8_YW,395,Integrated
Integrated-RFECV (L1-LR) + LR,X8_YY,396,Integrated
Integrated-RFECV (L1-LR) + LR,acidic_group,397,Integrated
Integrated-RFECV (L1-LR) + LR,aliphatic_group,398,Integrated
Integrated-RFECV (L1-LR) + LR,aromatic_group,399,Integrated
Integrated-RFECV (L1-LR) + LR,charged_group,400,Integrated
Integrated-RFECV (L1-LR) + LR,cruciani_prp1,401,Integrated
Integrated-RFECV (L1-LR) + LR,instability_index,402,Integrated
Integrated-RFECV (L1-LR) + LR,isoelectric_point,403,Integrated
Integrated-RFECV (L1-LR) + LR,peptide_len,404,Integrated
Integrated-RFECV (L1-LR) + LR,tiny_group,405,Integrated
Integrated-RFECV (L1-LR) + KNN,X4_A,1,Integrated
Integrated-RFECV (L1-LR) + KNN,X4_D,2,Integrated
Integrated-RFECV (L1-LR) + KNN,X4_E,3,Integrated
Integrated-RFECV (L1-LR) + KNN,X4_F,4,Integrated
Integrated-RFECV (L1-LR) + KNN,X4_G,5,Integrated
Integrated-RFECV (L1-LR) + KNN,X4_H,6,Integrated
Integrated-RFECV (L1-LR) + KNN,X4_I,7,Integrated
Integrated-RFECV (L1-LR) + KNN,X4_K,8,Integrated
Integrated-RFECV (L1-LR) + KNN,X4_L,9,Integrated
Integrated-RFECV (L1-LR) + KNN,X4_M,10,Integrated
Integrated-RFECV (L1-LR) + KNN,X4_N,11,Integrated
Integrated-RFECV (L1-LR) + KNN,X4_P,12,Integrated
Integrated-RFECV (L1-LR) + KNN,X4_Q,13,Integrated
Integrated-RFECV (L1-LR) + KNN,X4_R,14,Integrated
Integrated-RFECV (L1-LR) + KNN,X4_S,15,Integrated
Integrated-RFECV (L1-LR) + KNN,X4_T,16,Integrated
Integrated-RFECV (L1-LR) + KNN,X4_V,17,Integrated
Integrated-RFECV (L1-LR) + KNN,X4_W,18,Integrated
Integrated-RFECV (L1-LR) + KNN,X4_Y,19,Integrated
Integrated-RFECV (L1-LR) + KNN,X5_A,20,Integrated
Integrated-RFECV (L1-LR) + KNN,X5_C,21,Integrated
Integrated-RFECV (L1-LR) + KNN,X5_D,22,Integrated
Integrated-RFECV (L1-LR) + KNN,X5_G,23,Integrated
Integrated-RFECV (L1-LR) + KNN,X5_H,24,Integrated
Integrated-RFECV (L1-LR) + KNN,X5_I,25,Integrated
Integrated-RFECV (L1-LR) + KNN,X5_K,26,Integrated
Integrated-RFECV (L1-LR) + KNN,X5_M,27,Integrated
Integrated-RFECV (L1-LR) + KNN,X5_N,28,Integrated
Integrated-RFECV (L1-LR) + KNN,X5_P,29,Integrated
Integrated-RFECV (L1-LR) + KNN,X5_S,30,Integrated
Integrated-RFECV (L1-LR) + KNN,X5_W,31,Integrated
Integrated-RFECV (L1-LR) + KNN,X5_Y,32,Integrated
Integrated-RFECV (L1-LR) + KNN,X8_AA,33,Integrated
Integrated-RFECV (L1-LR) + KNN,X8_AC,34,Integrated
Integrated-RFECV (L1-LR) + KNN,X8_AD,35,Integrated
Integrated-RFECV (L1-LR) + KNN,X8_AE,36,Integrated
Integrated-RFECV (L1-LR) + KNN,X8_AF,37,Integrated
Integrated-RFECV (L1-LR) + KNN,X8_AG,38,Integrated
Integrated-RFECV (L1-LR) + KNN,X8_AH,39,Integrated
Integrated-RFECV (L1-LR) + KNN,X8_AI,40,Integrated
Integrated-RFECV (L1-LR) + KNN,X8_AK,41,Integrated
Integrated-RFECV (L1-LR) + KNN,X8_AL,42,Integrated
Integrated-RFECV (L1-LR) + KNN,X8_AM,43,Integrated
Integrated-RFECV (L1-LR) + KNN,X8_AN,44,Integrated
Integrated-RFECV (L1-LR) + KNN,X8_AP,45,Integrated
Integrated-RFECV (L1-LR) + KNN,X8_AQ,46,Integrated
Integrated-RFECV (L1-LR) + KNN,X8_AR,47,Integrated
Integrated-RFECV (L1-LR) + KNN,X8_AS,48,Integrated
Integrated-RFECV (L1-LR) + KNN,X8_AT,49,Integrated
Integrated-RFECV (L1-LR) + KNN,X8_AV,50,Integrated
Integrated-RFECV (L1-LR) + KNN,X8_AW,51,Integrated
Integrated-RFECV (L1-LR) + KNN,X8_AY,52,Integrated
Integrated-RFECV (L1-LR) + KNN,X8_CC,53,Integrated
Integrated-RFECV (L1-LR) + KNN,X8_CD,54,Integrated
Integrated-RFECV (L1-LR) + KNN,X8_CE,55,Integrated
Integrated-RFECV (L1-LR) + KNN,X8_CF,56,Integrated
Integrated-RFECV (L1-LR) + KNN,X8_CG,57,Integrated
Integrated-RFECV (L1-LR) + KNN,X8_CH,58,Integrated
Integrated-RFECV (L1-LR) + KNN,X8_CI,59,Integrated
Integrated-RFECV (L1-LR) + KNN,X8_CK,60,Integrated
Integrated-RFECV (L1-LR) + KNN,X8_CL,61,Integrated
Integrated-RFECV (L1-LR) + KNN,X8_CN,62,Integrated
Integrated-RFECV (L1-LR) + KNN,X8_CP,63,Integrated
Integrated-RFECV (L1-LR) + KNN,X8_CQ,64,Integrated
Integrated-RFECV (L1-LR) + KNN,X8_CR,65,Integrated
Integrated-RFECV (L1-LR) + KNN,X8_CS,66,Integrated
Integrated-RFECV (L1-LR) + KNN,X8_CT,67,Integrated
Integrated-RFECV (L1-LR) + KNN,X8_CV,68,Integrated
Integrated-RFECV (L1-LR) + KNN,X8_CY,69,Integrated
Integrated-RFECV (L1-LR) + KNN,X8_DA,70,Integrated
Integrated-RFECV (L1-LR) + KNN,X8_DD,71,Integrated
Integrated-RFECV (L1-LR) + KNN,X8_DE,72,Integrated
Integrated-RFECV (L1-LR) + KNN,X8_DF,73,Integrated
Integrated-RFECV (L1-LR) + KNN,X8_DG,74,Integrated
Integrated-RFECV (L1-LR) + KNN,X8_DH,75,Integrated
Integrated-RFECV (L1-LR) + KNN,X8_DI,76,Integrated
Integrated-RFECV (L1-LR) + KNN,X8_DK,77,Integrated
Integrated-RFECV (L1-LR) + KNN,X8_DM,78,Integrated
Integrated-RFECV (L1-LR) + KNN,X8_DN,79,Integrated
Integrated-RFECV (L1-LR) + KNN,X8_DP,80,Integrated
Integrated-RFECV (L1-LR) + KNN,X8_DQ,81,Integrated
Integrated-RFECV (L1-LR) + KNN,X8_DS,82,Integrated
Integrated-RFECV (L1-LR) + KNN,X8_DT,83,Integrated
Integrated-RFECV (L1-LR) + KNN,X8_DV,84,Integrated
Integrated-RFECV (L1-LR) + KNN,X8_DW,85,Integrated
Integrated-RFECV (L1-LR) + KNN,X8_DY,86,Integrated
Integrated-RFECV (L1-LR) + KNN,X8_EA,87,Integrated
Integrated-RFECV (L1-LR) + KNN,X8_ED,88,Integrated
Integrated-RFECV (L1-LR) + KNN,X8_EE,89,Integrated
Integrated-RFECV (L1-LR) + KNN,X8_EF,90,Integrated
Integrated-RFECV (L1-LR) + KNN,X8_EG,91,Integrated
Integrated-RFECV (L1-LR) + KNN,X8_EI,92,Integrated
Integrated-RFECV (L1-LR) + KNN,X8_EL,93,Integrated
Integrated-RFECV (L1-LR) + KNN,X8_EM,94,Integrated
Integrated-RFECV (L1-LR) + KNN,X8_EN,95,Integrated
Integrated-RFECV (L1-LR) + KNN,X8_EP,96,Integrated
Integrated-RFECV (L1-LR) + KNN,X8_EQ,97,Integrated
Integrated-RFECV (L1-LR) + KNN,X8_ER,98,Integrated
Integrated-RFECV (L1-LR) + KNN,X8_ES,99,Integrated
Integrated-RFECV (L1-LR) + KNN,X8_ET,100,Integrated
Integrated-RFECV (L1-LR) + KNN,X8_EV,101,Integrated
Integrated-RFECV (L1-LR) + KNN,X8_EW,102,Integrated
Integrated-RFECV (L1-LR) + KNN,X8_EY,103,Integrated
Integrated-RFECV (L1-LR) + KNN,X8_FC,104,Integrated
Integrated-RFECV (L1-LR) + KNN,X8_FE,105,Integrated
Integrated-RFECV (L1-LR) + KNN,X8_FF,106,Integrated
Integrated-RFECV (L1-LR) + KNN,X8_FG,107,Integrated
Integrated-RFECV (L1-LR) + KNN,X8_FH,108,Integrated
Integrated-RFECV (L1-LR) + KNN,X8_FI,109,Integrated
Integrated-RFECV (L1-LR) + KNN,X8_FK,110,Integrated
Integrated-RFECV (L1-LR) + KNN,X8_FL,111,Integrated
Integrated-RFECV (L1-LR) + KNN,X8_FM,112,Integrated
Integrated-RFECV (L1-LR) + KNN,X8_FN,113,Integrated
Integrated-RFECV (L1-LR) + KNN,X8_FP,114,Integrated
Integrated-RFECV (L1-LR) + KNN,X8_FQ,115,Integrated
Integrated-RFECV (L1-LR) + KNN,X8_FR,116,Integrated
Integrated-RFECV (L1-LR) + KNN,X8_FS,117,Integrated
Integrated-RFECV (L1-LR) + KNN,X8_FT,118,Integrated
Integrated-RFECV (L1-LR) + KNN,X8_FV,119,Integrated
Integrated-RFECV (L1-LR) + KNN,X8_FY,120,Integrated
Integrated-RFECV (L1-LR) + KNN,X8_GA,121,Integrated
Integrated-RFECV (L1-LR) + KNN,X8_GC,122,Integrated
Integrated-RFECV (L1-LR) + KNN,X8_GD,123,Integrated
Integrated-RFECV (L1-LR) + KNN,X8_GE,124,Integrated
Integrated-RFECV (L1-LR) + KNN,X8_GF,125,Integrated
Integrated-RFECV (L1-LR) + KNN,X8_GG,126,Integrated
Integrated-RFECV (L1-LR) + KNN,X8_GI,127,Integrated
Integrated-RFECV (L1-LR) + KNN,X8_GK,128,Integrated
Integrated-RFECV (L1-LR) + KNN,X8_GL,129,Integrated
Integrated-RFECV (L1-LR) + KNN,X8_GM,130,Integrated
Integrated-RFECV (L1-LR) + KNN,X8_GN,131,Integrated
Integrated-RFECV (L1-LR) + KNN,X8_GP,132,Integrated
Integrated-RFECV (L1-LR) + KNN,X8_GQ,133,Integrated
Integrated-RFECV (L1-LR) + KNN,X8_GR,134,Integrated
Integrated-RFECV (L1-LR) + KNN,X8_GS,135,Integrated
Integrated-RFECV (L1-LR) + KNN,X8_GT,136,Integrated
Integrated-RFECV (L1-LR) + KNN,X8_GV,137,Integrated
Integrated-RFECV (L1-LR) + KNN,X8_GW,138,Integrated
Integrated-RFECV (L1-LR) + KNN,X8_GY,139,Integrated
Integrated-RFECV (L1-LR) + KNN,X8_HA,140,Integrated
Integrated-RFECV (L1-LR) + KNN,X8_HC,141,Integrated
Integrated-RFECV (L1-LR) + KNN,X8_HD,142,Integrated
Integrated-RFECV (L1-LR) + KNN,X8_HE,143,Integrated
Integrated-RFECV (L1-LR) + KNN,X8_HG,144,Integrated
Integrated-RFECV (L1-LR) + KNN,X8_HH,145,Integrated
Integrated-RFECV (L1-LR) + KNN,X8_HK,146,Integrated
Integrated-RFECV (L1-LR) + KNN,X8_HL,147,Integrated
Integrated-RFECV (L1-LR) + KNN,X8_HN,148,Integrated
Integrated-RFECV (L1-LR) + KNN,X8_HP,149,Integrated
Integrated-RFECV (L1-LR) + KNN,X8_HQ,150,Integrated
Integrated-RFECV (L1-LR) + KNN,X8_HR,151,Integrated
Integrated-RFECV (L1-LR) + KNN,X8_HS,152,Integrated
Integrated-RFECV (L1-LR) + KNN,X8_HT,153,Integrated
Integrated-RFECV (L1-LR) + KNN,X8_HV,154,Integrated
Integrated-RFECV (L1-LR) + KNN,X8_HW,155,Integrated
Integrated-RFECV (L1-LR) + KNN,X8_IA,156,Integrated
Integrated-RFECV (L1-LR) + KNN,X8_IC,157,Integrated
Integrated-RFECV (L1-LR) + KNN,X8_ID,158,Integrated
Integrated-RFECV (L1-LR) + KNN,X8_IE,159,Integrated
Integrated-RFECV (L1-LR) + KNN,X8_IF,160,Integrated
Integrated-RFECV (L1-LR) + KNN,X8_IG,161,Integrated
Integrated-RFECV (L1-LR) + KNN,X8_IH,162,Integrated
Integrated-RFECV (L1-LR) + KNN,X8_II,163,Integrated
Integrated-RFECV (L1-LR) + KNN,X8_IK,164,Integrated
Integrated-RFECV (L1-LR) + KNN,X8_IL,165,Integrated
Integrated-RFECV (L1-LR) + KNN,X8_IM,166,Integrated
Integrated-RFECV (L1-LR) + KNN,X8_IN,167,Integrated
Integrated-RFECV (L1-LR) + KNN,X8_IP,168,Integrated
Integrated-RFECV (L1-LR) + KNN,X8_IQ,169,Integrated
Integrated-RFECV (L1-LR) + KNN,X8_IR,170,Integrated
Integrated-RFECV (L1-LR) + KNN,X8_IS,171,Integrated
Integrated-RFECV (L1-LR) + KNN,X8_IT,172,Integrated
Integrated-RFECV (L1-LR) + KNN,X8_IV,173,Integrated
Integrated-RFECV (L1-LR) + KNN,X8_IW,174,Integrated
Integrated-RFECV (L1-LR) + KNN,X8_IY,175,Integrated
Integrated-RFECV (L1-LR) + KNN,X8_KA,176,Integrated
Integrated-RFECV (L1-LR) + KNN,X8_KC,177,Integrated
Integrated-RFECV (L1-LR) + KNN,X8_KD,178,Integrated
Integrated-RFECV (L1-LR) + KNN,X8_KE,179,Integrated
Integrated-RFECV (L1-LR) + KNN,X8_KF,180,Integrated
Integrated-RFECV (L1-LR) + KNN,X8_KG,181,Integrated
Integrated-RFECV (L1-LR) + KNN,X8_KH,182,Integrated
Integrated-RFECV (L1-LR) + KNN,X8_KI,183,Integrated
Integrated-RFECV (L1-LR) + KNN,X8_KK,184,Integrated
Integrated-RFECV (L1-LR) + KNN,X8_KL,185,Integrated
Integrated-RFECV (L1-LR) + KNN,X8_KM,186,Integrated
Integrated-RFECV (L1-LR) + KNN,X8_KN,187,Integrated
Integrated-RFECV (L1-LR) + KNN,X8_KP,188,Integrated
Integrated-RFECV (L1-LR) + KNN,X8_KQ,189,Integrated
Integrated-RFECV (L1-LR) + KNN,X8_KR,190,Integrated
Integrated-RFECV (L1-LR) + KNN,X8_KS,191,Integrated
Integrated-RFECV (L1-LR) + KNN,X8_KV,192,Integrated
Integrated-RFECV (L1-LR) + KNN,X8_KW,193,Integrated
Integrated-RFECV (L1-LR) + KNN,X8_KY,194,Integrated
Integrated-RFECV (L1-LR) + KNN,X8_LA,195,Integrated
Integrated-RFECV (L1-LR) + KNN,X8_LC,196,Integrated
Integrated-RFECV (L1-LR) + KNN,X8_LD,197,Integrated
Integrated-RFECV (L1-LR) + KNN,X8_LE,198,Integrated
Integrated-RFECV (L1-LR) + KNN,X8_LF,199,Integrated
Integrated-RFECV (L1-LR) + KNN,X8_LG,200,Integrated
Integrated-RFECV (L1-LR) + KNN,X8_LH,201,Integrated
Integrated-RFECV (L1-LR) + KNN,X8_LI,202,Integrated
Integrated-RFECV (L1-LR) + KNN,X8_LK,203,Integrated
Integrated-RFECV (L1-LR) + KNN,X8_LL,204,Integrated
Integrated-RFECV (L1-LR) + KNN,X8_LM,205,Integrated
Integrated-RFECV (L1-LR) + KNN,X8_LN,206,Integrated
Integrated-RFECV (L1-LR) + KNN,X8_LP,207,Integrated
Integrated-RFECV (L1-LR) + KNN,X8_LQ,208,Integrated
Integrated-RFECV (L1-LR) + KNN,X8_LR,209,Integrated
Integrated-RFECV (L1-LR) + KNN,X8_LS,210,Integrated
Integrated-RFECV (L1-LR) + KNN,X8_LT,211,Integrated
Integrated-RFECV (L1-LR) + KNN,X8_LY,212,Integrated
Integrated-RFECV (L1-LR) + KNN,X8_MA,213,Integrated
Integrated-RFECV (L1-LR) + KNN,X8_MC,214,Integrated
Integrated-RFECV (L1-LR) + KNN,X8_MD,215,Integrated
Integrated-RFECV (L1-LR) + KNN,X8_MF,216,Integrated
Integrated-RFECV (L1-LR) + KNN,X8_MG,217,Integrated
Integrated-RFECV (L1-LR) + KNN,X8_MI,218,Integrated
Integrated-RFECV (L1-LR) + KNN,X8_MK,219,Integrated
Integrated-RFECV (L1-LR) + KNN,X8_ML,220,Integrated
Integrated-RFECV (L1-LR) + KNN,X8_MM,221,Integrated
Integrated-RFECV (L1-LR) + KNN,X8_MN,222,Integrated
Integrated-RFECV (L1-LR) + KNN,X8_MP,223,Integrated
Integrated-RFECV (L1-LR) + KNN,X8_MQ,224,Integrated
Integrated-RFECV (L1-LR) + KNN,X8_MS,225,Integrated
Integrated-RFECV (L1-LR) + KNN,X8_MT,226,Integrated
Integrated-RFECV (L1-LR) + KNN,X8_MV,227,Integrated
Integrated-RFECV (L1-LR) + KNN,X8_MW,228,Integrated
Integrated-RFECV (L1-LR) + KNN,X8_MY,229,Integrated
Integrated-RFECV (L1-LR) + KNN,X8_NA,230,Integrated
Integrated-RFECV (L1-LR) + KNN,X8_NC,231,Integrated
Integrated-RFECV (L1-LR) + KNN,X8_ND,232,Integrated
Integrated-RFECV (L1-LR) + KNN,X8_NF,233,Integrated
Integrated-RFECV (L1-LR) + KNN,X8_NG,234,Integrated
Integrated-RFECV (L1-LR) + KNN,X8_NH,235,Integrated
Integrated-RFECV (L1-LR) + KNN,X8_NK,236,Integrated
Integrated-RFECV (L1-LR) + KNN,X8_NL,237,Integrated
Integrated-RFECV (L1-LR) + KNN,X8_NM,238,Integrated
Integrated-RFECV (L1-LR) + KNN,X8_NN,239,Integrated
Integrated-RFECV (L1-LR) + KNN,X8_NP,240,Integrated
Integrated-RFECV (L1-LR) + KNN,X8_NQ,241,Integrated
Integrated-RFECV (L1-LR) + KNN,X8_NR,242,Integrated
Integrated-RFECV (L1-LR) + KNN,X8_NS,243,Integrated
Integrated-RFECV (L1-LR) + KNN,X8_NT,244,Integrated
Integrated-RFECV (L1-LR) + KNN,X8_NV,245,Integrated
Integrated-RFECV (L1-LR) + KNN,X8_NW,246,Integrated
Integrated-RFECV (L1-LR) + KNN,X8_NY,247,Integrated
Integrated-RFECV (L1-LR) + KNN,X8_PA,248,Integrated
Integrated-RFECV (L1-LR) + KNN,X8_PC,249,Integrated
Integrated-RFECV (L1-LR) + KNN,X8_PD,250,Integrated
Integrated-RFECV (L1-LR) + KNN,X8_PE,251,Integrated
Integrated-RFECV (L1-LR) + KNN,X8_PF,252,Integrated
Integrated-RFECV (L1-LR) + KNN,X8_PG,253,Integrated
Integrated-RFECV (L1-LR) + KNN,X8_PH,254,Integrated
Integrated-RFECV (L1-LR) + KNN,X8_PI,255,Integrated
Integrated-RFECV (L1-LR) + KNN,X8_PK,256,Integrated
Integrated-RFECV (L1-LR) + KNN,X8_PL,257,Integrated
Integrated-RFECV (L1-LR) + KNN,X8_PM,258,Integrated
Integrated-RFECV (L1-LR) + KNN,X8_PN,259,Integrated
Integrated-RFECV (L1-LR) + KNN,X8_PP,260,Integrated
Integrated-RFECV (L1-LR) + KNN,X8_PQ,261,Integrated
Integrated-RFECV (L1-LR) + KNN,X8_PR,262,Integrated
Integrated-RFECV (L1-LR) + KNN,X8_PS,263,Integrated
Integrated-RFECV (L1-LR) + KNN,X8_PT,264,Integrated
Integrated-RFECV (L1-LR) + KNN,X8_PV,265,Integrated
Integrated-RFECV (L1-LR) + KNN,X8_PW,266,Integrated
Integrated-RFECV (L1-LR) + KNN,X8_PY,267,Integrated
Integrated-RFECV (L1-LR) + KNN,X8_QA,268,Integrated
Integrated-RFECV (L1-LR) + KNN,X8_QC,269,Integrated
Integrated-RFECV (L1-LR) + KNN,X8_QD,270,Integrated
Integrated-RFECV (L1-LR) + KNN,X8_QE,271,Integrated
Integrated-RFECV (L1-LR) + KNN,X8_QF,272,Integrated
Integrated-RFECV (L1-LR) + KNN,X8_QG,273,Integrated
Integrated-RFECV (L1-LR) + KNN,X8_QI,274,Integrated
Integrated-RFECV (L1-LR) + KNN,X8_QK,275,Integrated
Integrated-RFECV (L1-LR) + KNN,X8_QN,276,Integrated
Integrated-RFECV (L1-LR) + KNN,X8_QP,277,Integrated
Integrated-RFECV (L1-LR) + KNN,X8_QQ,278,Integrated
Integrated-RFECV (L1-LR) + KNN,X8_QR,279,Integrated
Integrated-RFECV (L1-LR) + KNN,X8_QS,280,Integrated
Integrated-RFECV (L1-LR) + KNN,X8_QV,281,Integrated
Integrated-RFECV (L1-LR) + KNN,X8_QW,282,Integrated
Integrated-RFECV (L1-LR) + KNN,X8_QY,283,Integrated
Integrated-RFECV (L1-LR) + KNN,X8_RA,284,Integrated
Integrated-RFECV (L1-LR) + KNN,X8_RC,285,Integrated
Integrated-RFECV (L1-LR) + KNN,X8_RD,286,Integrated
Integrated-RFECV (L1-LR) + KNN,X8_RE,287,Integrated
Integrated-RFECV (L1-LR) + KNN,X8_RF,288,Integrated
Integrated-RFECV (L1-LR) + KNN,X8_RG,289,Integrated
Integrated-RFECV (L1-LR) + KNN,X8_RH,290,Integrated
Integrated-RFECV (L1-LR) + KNN,X8_RI,291,Integrated
Integrated-RFECV (L1-LR) + KNN,X8_RK,292,Integrated
Integrated-RFECV (L1-LR) + KNN,X8_RL,293,Integrated
Integrated-RFECV (L1-LR) + KNN,X8_RM,294,Integrated
Integrated-RFECV (L1-LR) + KNN,X8_RN,295,Integrated
Integrated-RFECV (L1-LR) + KNN,X8_RP,296,Integrated
Integrated-RFECV (L1-LR) + KNN,X8_RQ,297,Integrated
Integrated-RFECV (L1-LR) + KNN,X8_RR,298,Integrated
Integrated-RFECV (L1-LR) + KNN,X8_RS,299,Integrated
Integrated-RFECV (L1-LR) + KNN,X8_RT,300,Integrated
Integrated-RFECV (L1-LR) + KNN,X8_RV,301,Integrated
Integrated-RFECV (L1-LR) + KNN,X8_RW,302,Integrated
Integrated-RFECV (L1-LR) + KNN,X8_RY,303,Integrated
Integrated-RFECV (L1-LR) + KNN,X8_SA,304,Integrated
Integrated-RFECV (L1-LR) + KNN,X8_SC,305,Integrated
Integrated-RFECV (L1-LR) + KNN,X8_SD,306,Integrated
Integrated-RFECV (L1-LR) + KNN,X8_SE,307,Integrated
Integrated-RFECV (L1-LR) + KNN,X8_SF,308,Integrated
Integrated-RFECV (L1-LR) + KNN,X8_SG,309,Integrated
Integrated-RFECV (L1-LR) + KNN,X8_SH,310,Integrated
Integrated-RFECV (L1-LR) + KNN,X8_SI,311,Integrated
Integrated-RFECV (L1-LR) + KNN,X8_SK,312,Integrated
Integrated-RFECV (L1-LR) + KNN,X8_SL,313,Integrated
Integrated-RFECV (L1-LR) + KNN,X8_SM,314,Integrated
Integrated-RFECV (L1-LR) + KNN,X8_SN,315,Integrated
Integrated-RFECV (L1-LR) + KNN,X8_SP,316,Integrated
Integrated-RFECV (L1-LR) + KNN,X8_SQ,317,Integrated
Integrated-RFECV (L1-LR) + KNN,X8_SR,318,Integrated
Integrated-RFECV (L1-LR) + KNN,X8_ST,319,Integrated
Integrated-RFECV (L1-LR) + KNN,X8_SV,320,Integrated
Integrated-RFECV (L1-LR) + KNN,X8_SW,321,Integrated
Integrated-RFECV (L1-LR) + KNN,X8_SY,322,Integrated
Integrated-RFECV (L1-LR) + KNN,X8_TA,323,Integrated
Integrated-RFECV (L1-LR) + KNN,X8_TC,324,Integrated
Integrated-RFECV (L1-LR) + KNN,X8_TD,325,Integrated
Integrated-RFECV (L1-LR) + KNN,X8_TE,326,Integrated
Integrated-RFECV (L1-LR) + KNN,X8_TF,327,Integrated
Integrated-RFECV (L1-LR) + KNN,X8_TG,328,Integrated
Integrated-RFECV (L1-LR) + KNN,X8_TH,329,Integrated
Integrated-RFECV (L1-LR) + KNN,X8_TI,330,Integrated
Integrated-RFECV (L1-LR) + KNN,X8_TK,331,Integrated
Integrated-RFECV (L1-LR) + KNN,X8_TL,332,Integrated
Integrated-RFECV (L1-LR) + KNN,X8_TM,333,Integrated
Integrated-RFECV (L1-LR) + KNN,X8_TP,334,Integrated
Integrated-RFECV (L1-LR) + KNN,X8_TQ,335,Integrated
Integrated-RFECV (L1-LR) + KNN,X8_TR,336,Integrated
Integrated-RFECV (L1-LR) + KNN,X8_TS,337,Integrated
Integrated-RFECV (L1-LR) + KNN,X8_TT,338,Integrated
Integrated-RFECV (L1-LR) + KNN,X8_TV,339,Integrated
Integrated-RFECV (L1-LR) + KNN,X8_TW,340,Integrated
Integrated-RFECV (L1-LR) + KNN,X8_TY,341,Integrated
Integrated-RFECV (L1-LR) + KNN,X8_VA,342,Integrated
Integrated-RFECV (L1-LR) + KNN,X8_VC,343,Integrated
Integrated-RFECV (L1-LR) + KNN,X8_VD,344,Integrated
Integrated-RFECV (L1-LR) + KNN,X8_VF,345,Integrated
Integrated-RFECV (L1-LR) + KNN,X8_VG,346,Integrated
Integrated-RFECV (L1-LR) + KNN,X8_VH,347,Integrated
Integrated-RFECV (L1-LR) + KNN,X8_VI,348,Integrated
Integrated-RFECV (L1-LR) + KNN,X8_VK,349,Integrated
Integrated-RFECV (L1-LR) + KNN,X8_VL,350,Integrated
Integrated-RFECV (L1-LR) + KNN,X8_VM,351,Integrated
Integrated-RFECV (L1-LR) + KNN,X8_VN,352,Integrated
Integrated-RFECV (L1-LR) + KNN,X8_VP,353,Integrated
Integrated-RFECV (L1-LR) + KNN,X8_VQ,354,Integrated
Integrated-RFECV (L1-LR) + KNN,X8_VR,355,Integrated
Integrated-RFECV (L1-LR) + KNN,X8_VS,356,Integrated
Integrated-RFECV (L1-LR) + KNN,X8_VT,357,Integrated
Integrated-RFECV (L1-LR) + KNN,X8_VV,358,Integrated
Integrated-RFECV (L1-LR) + KNN,X8_VW,359,Integrated
Integrated-RFECV (L1-LR) + KNN,X8_VY,360,Integrated
Integrated-RFECV (L1-LR) + KNN,X8_WA,361,Integrated
Integrated-RFECV (L1-LR) + KNN,X8_WC,362,Integrated
Integrated-RFECV (L1-LR) + KNN,X8_WD,363,Integrated
Integrated-RFECV (L1-LR) + KNN,X8_WE,364,Integrated
Integrated-RFECV (L1-LR) + KNN,X8_WF,365,Integrated
Integrated-RFECV (L1-LR) + KNN,X8_WG,366,Integrated
Integrated-RFECV (L1-LR) + KNN,X8_WI,367,Integrated
Integrated-RFECV (L1-LR) + KNN,X8_WK,368,Integrated
Integrated-RFECV (L1-LR) + KNN,X8_WL,369,Integrated
Integrated-RFECV (L1-LR) + KNN,X8_WM,370,Integrated
Integrated-RFECV (L1-LR) + KNN,X8_WN,371,Integrated
Integrated-RFECV (L1-LR) + KNN,X8_WP,372,Integrated
Integrated-RFECV (L1-LR) + KNN,X8_WQ,373,Integrated
Integrated-RFECV (L1-LR) + KNN,X8_WR,374,Integrated
Integrated-RFECV (L1-LR) + KNN,X8_WS,375,Integrated
Integrated-RFECV (L1-LR) + KNN,X8_WT,376,Integrated
Integrated-RFECV (L1-LR) + KNN,X8_WV,377,Integrated
Integrated-RFECV (L1-LR) + KNN,X8_WW,378,Integrated
Integrated-RFECV (L1-LR) + KNN,X8_WY,379,Integrated
Integrated-RFECV (L1-LR) + KNN,X8_YA,380,Integrated
Integrated-RFECV (L1-LR) + KNN,X8_YC,381,Integrated
Integrated-RFECV (L1-LR) + KNN,X8_YD,382,Integrated
Integrated-RFECV (L1-LR) + KNN,X8_YE,383,Integrated
Integrated-RFECV (L1-LR) + KNN,X8_YF,384,Integrated
Integrated-RFECV (L1-LR) + KNN,X8_YG,385,Integrated
Integrated-RFECV (L1-LR) + KNN,X8_YH,386,Integrated
Integrated-RFECV (L1-LR) + KNN,X8_YI,387,Integrated
Integrated-RFECV (L1-LR) + KNN,X8_YK,388,Integrated
Integrated-RFECV (L1-LR) + KNN,X8_YL,389,Integrated
Integrated-RFECV (L1-LR) + KNN,X8_YM,390,Integrated
Integrated-RFECV (L1-LR) + KNN,X8_YN,391,Integrated
Integrated-RFECV (L1-LR) + KNN,X8_YP,392,Integrated
Integrated-RFECV (L1-LR) + KNN,X8_YQ,393,Integrated
Integrated-RFECV (L1-LR) + KNN,X8_YT,394,Integrated
Integrated-RFECV (L1-LR) + KNN,X8_YW,395,Integrated
Integrated-RFECV (L1-LR) + KNN,X8_YY,396,Integrated
Integrated-RFECV (L1-LR) + KNN,acidic_group,397,Integrated
Integrated-RFECV (L1-LR) + KNN,aliphatic_group,398,Integrated
Integrated-RFECV (L1-LR) + KNN,aromatic_group,399,Integrated
Integrated-RFECV (L1-LR) + KNN,charged_group,400,Integrated
Integrated-RFECV (L1-LR) + KNN,cruciani_prp1,401,Integrated
Integrated-RFECV (L1-LR) + KNN,instability_index,402,Integrated
Integrated-RFECV (L1-LR) + KNN,isoelectric_point,403,Integrated
Integrated-RFECV (L1-LR) + KNN,peptide_len,404,Integrated
Integrated-RFECV (L1-LR) + KNN,tiny_group,405,Integrated
Integrated-RFECV (L1-LR) + Naive Bayes,X4_A,1,Integrated
Integrated-RFECV (L1-LR) + Naive Bayes,X4_D,2,Integrated
Integrated-RFECV (L1-LR) + Naive Bayes,X4_E,3,Integrated
Integrated-RFECV (L1-LR) + Naive Bayes,X4_F,4,Integrated
Integrated-RFECV (L1-LR) + Naive Bayes,X4_G,5,Integrated
Integrated-RFECV (L1-LR) + Naive Bayes,X4_H,6,Integrated
Integrated-RFECV (L1-LR) + Naive Bayes,X4_I,7,Integrated
Integrated-RFECV (L1-LR) + Naive Bayes,X4_K,8,Integrated
Integrated-RFECV (L1-LR) + Naive Bayes,X4_L,9,Integrated
Integrated-RFECV (L1-LR) + Naive Bayes,X4_M,10,Integrated
Integrated-RFECV (L1-LR) + Naive Bayes,X4_N,11,Integrated
Integrated-RFECV (L1-LR) + Naive Bayes,X4_P,12,Integrated
Integrated-RFECV (L1-LR) + Naive Bayes,X4_Q,13,Integrated
Integrated-RFECV (L1-LR) + Naive Bayes,X4_R,14,Integrated
Integrated-RFECV (L1-LR) + Naive Bayes,X4_S,15,Integrated
Integrated-RFECV (L1-LR) + Naive Bayes,X4_T,16,Integrated
Integrated-RFECV (L1-LR) + Naive Bayes,X4_V,17,Integrated
Integrated-RFECV (L1-LR) + Naive Bayes,X4_W,18,Integrated
Integrated-RFECV (L1-LR) + Naive Bayes,X4_Y,19,Integrated
Integrated-RFECV (L1-LR) + Naive Bayes,X5_A,20,Integrated
Integrated-RFECV (L1-LR) + Naive Bayes,X5_C,21,Integrated
Integrated-RFECV (L1-LR) + Naive Bayes,X5_D,22,Integrated
Integrated-RFECV (L1-LR) + Naive Bayes,X5_G,23,Integrated
Integrated-RFECV (L1-LR) + Naive Bayes,X5_H,24,Integrated
Integrated-RFECV (L1-LR) + Naive Bayes,X5_I,25,Integrated
Integrated-RFECV (L1-LR) + Naive Bayes,X5_K,26,Integrated
Integrated-RFECV (L1-LR) + Naive Bayes,X5_M,27,Integrated
Integrated-RFECV (L1-LR) + Naive Bayes,X5_N,28,Integrated
Integrated-RFECV (L1-LR) + Naive Bayes,X5_P,29,Integrated
Integrated-RFECV (L1-LR) + Naive Bayes,X5_S,30,Integrated
Integrated-RFECV (L1-LR) + Naive Bayes,X5_W,31,Integrated
Integrated-RFECV (L1-LR) + Naive Bayes,X5_Y,32,Integrated
Integrated-RFECV (L1-LR) + Naive Bayes,X8_AA,33,Integrated
Integrated-RFECV (L1-LR) + Naive Bayes,X8_AC,34,Integrated
Integrated-RFECV (L1-LR) + Naive Bayes,X8_AD,35,Integrated
Integrated-RFECV (L1-LR) + Naive Bayes,X8_AE,36,Integrated
Integrated-RFECV (L1-LR) + Naive Bayes,X8_AF,37,Integrated
Integrated-RFECV (L1-LR) + Naive Bayes,X8_AG,38,Integrated
Integrated-RFECV (L1-LR) + Naive Bayes,X8_AH,39,Integrated
Integrated-RFECV (L1-LR) + Naive Bayes,X8_AI,40,Integrated
Integrated-RFECV (L1-LR) + Naive Bayes,X8_AK,41,Integrated
Integrated-RFECV (L1-LR) + Naive Bayes,X8_AL,42,Integrated
Integrated-RFECV (L1-LR) + Naive Bayes,X8_AM,43,Integrated
Integrated-RFECV (L1-LR) + Naive Bayes,X8_AN,44,Integrated
Integrated-RFECV (L1-LR) + Naive Bayes,X8_AP,45,Integrated
Integrated-RFECV (L1-LR) + Naive Bayes,X8_AQ,46,Integrated
Integrated-RFECV (L1-LR) + Naive Bayes,X8_AR,47,Integrated
Integrated-RFECV (L1-LR) + Naive Bayes,X8_AS,48,Integrated
Integrated-RFECV (L1-LR) + Naive Bayes,X8_AT,49,Integrated
Integrated-RFECV (L1-LR) + Naive Bayes,X8_AV,50,Integrated
Integrated-RFECV (L1-LR) + Naive Bayes,X8_AW,51,Integrated
Integrated-RFECV (L1-LR) + Naive Bayes,X8_AY,52,Integrated
Integrated-RFECV (L1-LR) + Naive Bayes,X8_CC,53,Integrated
Integrated-RFECV (L1-LR) + Naive Bayes,X8_CD,54,Integrated
Integrated-RFECV (L1-LR) + Naive Bayes,X8_CE,55,Integrated
Integrated-RFECV (L1-LR) + Naive Bayes,X8_CF,56,Integrated
Integrated-RFECV (L1-LR) + Naive Bayes,X8_CG,57,Integrated
Integrated-RFECV (L1-LR) + Naive Bayes,X8_CH,58,Integrated
Integrated-RFECV (L1-LR) + Naive Bayes,X8_CI,59,Integrated
Integrated-RFECV (L1-LR) + Naive Bayes,X8_CK,60,Integrated
Integrated-RFECV (L1-LR) + Naive Bayes,X8_CL,61,Integrated
Integrated-RFECV (L1-LR) + Naive Bayes,X8_CN,62,Integrated
Integrated-RFECV (L1-LR) + Naive Bayes,X8_CP,63,Integrated
Integrated-RFECV (L1-LR) + Naive Bayes,X8_CQ,64,Integrated
Integrated-RFECV (L1-LR) + Naive Bayes,X8_CR,65,Integrated
Integrated-RFECV (L1-LR) + Naive Bayes,X8_CS,66,Integrated
Integrated-RFECV (L1-LR) + Naive Bayes,X8_CT,67,Integrated
Integrated-RFECV (L1-LR) + Naive Bayes,X8_CV,68,Integrated
Integrated-RFECV (L1-LR) + Naive Bayes,X8_CY,69,Integrated
Integrated-RFECV (L1-LR) + Naive Bayes,X8_DA,70,Integrated
Integrated-RFECV (L1-LR) + Naive Bayes,X8_DD,71,Integrated
Integrated-RFECV (L1-LR) + Naive Bayes,X8_DE,72,Integrated
Integrated-RFECV (L1-LR) + Naive Bayes,X8_DF,73,Integrated
Integrated-RFECV (L1-LR) + Naive Bayes,X8_DG,74,Integrated
Integrated-RFECV (L1-LR) + Naive Bayes,X8_DH,75,Integrated
Integrated-RFECV (L1-LR) + Naive Bayes,X8_DI,76,Integrated
Integrated-RFECV (L1-LR) + Naive Bayes,X8_DK,77,Integrated
Integrated-RFECV (L1-LR) + Naive Bayes,X8_DM,78,Integrated
Integrated-RFECV (L1-LR) + Naive Bayes,X8_DN,79,Integrated
Integrated-RFECV (L1-LR) + Naive Bayes,X8_DP,80,Integrated
Integrated-RFECV (L1-LR) + Naive Bayes,X8_DQ,81,Integrated
Integrated-RFECV (L1-LR) + Naive Bayes,X8_DS,82,Integrated
Integrated-RFECV (L1-LR) + Naive Bayes,X8_DT,83,Integrated
Integrated-RFECV (L1-LR) + Naive Bayes,X8_DV,84,Integrated
Integrated-RFECV (L1-LR) + Naive Bayes,X8_DW,85,Integrated
Integrated-RFECV (L1-LR) + Naive Bayes,X8_DY,86,Integrated
Integrated-RFECV (L1-LR) + Naive Bayes,X8_EA,87,Integrated
Integrated-RFECV (L1-LR) + Naive Bayes,X8_ED,88,Integrated
Integrated-RFECV (L1-LR) + Naive Bayes,X8_EE,89,Integrated
Integrated-RFECV (L1-LR) + Naive Bayes,X8_EF,90,Integrated
Integrated-RFECV (L1-LR) + Naive Bayes,X8_EG,91,Integrated
Integrated-RFECV (L1-LR) + Naive Bayes,X8_EI,92,Integrated
Integrated-RFECV (L1-LR) + Naive Bayes,X8_EL,93,Integrated
Integrated-RFECV (L1-LR) + Naive Bayes,X8_EM,94,Integrated
Integrated-RFECV (L1-LR) + Naive Bayes,X8_EN,95,Integrated
Integrated-RFECV (L1-LR) + Naive Bayes,X8_EP,96,Integrated
Integrated-RFECV (L1-LR) + Naive Bayes,X8_EQ,97,Integrated
Integrated-RFECV (L1-LR) + Naive Bayes,X8_ER,98,Integrated
Integrated-RFECV (L1-LR) + Naive Bayes,X8_ES,99,Integrated
Integrated-RFECV (L1-LR) + Naive Bayes,X8_ET,100,Integrated
Integrated-RFECV (L1-LR) + Naive Bayes,X8_EV,101,Integrated
Integrated-RFECV (L1-LR) + Naive Bayes,X8_EW,102,Integrated
Integrated-RFECV (L1-LR) + Naive Bayes,X8_EY,103,Integrated
Integrated-RFECV (L1-LR) + Naive Bayes,X8_FC,104,Integrated
Integrated-RFECV (L1-LR) + Naive Bayes,X8_FE,105,Integrated
Integrated-RFECV (L1-LR) + Naive Bayes,X8_FF,106,Integrated
Integrated-RFECV (L1-LR) + Naive Bayes,X8_FG,107,Integrated
Integrated-RFECV (L1-LR) + Naive Bayes,X8_FH,108,Integrated
Integrated-RFECV (L1-LR) + Naive Bayes,X8_FI,109,Integrated
Integrated-RFECV (L1-LR) + Naive Bayes,X8_FK,110,Integrated
Integrated-RFECV (L1-LR) + Naive Bayes,X8_FL,111,Integrated
Integrated-RFECV (L1-LR) + Naive Bayes,X8_FM,112,Integrated
Integrated-RFECV (L1-LR) + Naive Bayes,X8_FN,113,Integrated
Integrated-RFECV (L1-LR) + Naive Bayes,X8_FP,114,Integrated
Integrated-RFECV (L1-LR) + Naive Bayes,X8_FQ,115,Integrated
Integrated-RFECV (L1-LR) + Naive Bayes,X8_FR,116,Integrated
Integrated-RFECV (L1-LR) + Naive Bayes,X8_FS,117,Integrated
Integrated-RFECV (L1-LR) + Naive Bayes,X8_FT,118,Integrated
Integrated-RFECV (L1-LR) + Naive Bayes,X8_FV,119,Integrated
Integrated-RFECV (L1-LR) + Naive Bayes,X8_FY,120,Integrated
Integrated-RFECV (L1-LR) + Naive Bayes,X8_GA,121,Integrated
Integrated-RFECV (L1-LR) + Naive Bayes,X8_GC,122,Integrated
Integrated-RFECV (L1-LR) + Naive Bayes,X8_GD,123,Integrated
Integrated-RFECV (L1-LR) + Naive Bayes,X8_GE,124,Integrated
Integrated-RFECV (L1-LR) + Naive Bayes,X8_GF,125,Integrated
Integrated-RFECV (L1-LR) + Naive Bayes,X8_GG,126,Integrated
Integrated-RFECV (L1-LR) + Naive Bayes,X8_GI,127,Integrated
Integrated-RFECV (L1-LR) + Naive Bayes,X8_GK,128,Integrated
Integrated-RFECV (L1-LR) + Naive Bayes,X8_GL,129,Integrated
Integrated-RFECV (L1-LR) + Naive Bayes,X8_GM,130,Integrated
Integrated-RFECV (L1-LR) + Naive Bayes,X8_GN,131,Integrated
Integrated-RFECV (L1-LR) + Naive Bayes,X8_GP,132,Integrated
Integrated-RFECV (L1-LR) + Naive Bayes,X8_GQ,133,Integrated
Integrated-RFECV (L1-LR) + Naive Bayes,X8_GR,134,Integrated
Integrated-RFECV (L1-LR) + Naive Bayes,X8_GS,135,Integrated
Integrated-RFECV (L1-LR) + Naive Bayes,X8_GT,136,Integrated
Integrated-RFECV (L1-LR) + Naive Bayes,X8_GV,137,Integrated
Integrated-RFECV (L1-LR) + Naive Bayes,X8_GW,138,Integrated
Integrated-RFECV (L1-LR) + Naive Bayes,X8_GY,139,Integrated
Integrated-RFECV (L1-LR) + Naive Bayes,X8_HA,140,Integrated
Integrated-RFECV (L1-LR) + Naive Bayes,X8_HC,141,Integrated
Integrated-RFECV (L1-LR) + Naive Bayes,X8_HD,142,Integrated
Integrated-RFECV (L1-LR) + Naive Bayes,X8_HE,143,Integrated
Integrated-RFECV (L1-LR) + Naive Bayes,X8_HG,144,Integrated
Integrated-RFECV (L1-LR) + Naive Bayes,X8_HH,145,Integrated
Integrated-RFECV (L1-LR) + Naive Bayes,X8_HK,146,Integrated
Integrated-RFECV (L1-LR) + Naive Bayes,X8_HL,147,Integrated
Integrated-RFECV (L1-LR) + Naive Bayes,X8_HN,148,Integrated
Integrated-RFECV (L1-LR) + Naive Bayes,X8_HP,149,Integrated
Integrated-RFECV (L1-LR) + Naive Bayes,X8_HQ,150,Integrated
Integrated-RFECV (L1-LR) + Naive Bayes,X8_HR,151,Integrated
Integrated-RFECV (L1-LR) + Naive Bayes,X8_HS,152,Integrated
Integrated-RFECV (L1-LR) + Naive Bayes,X8_HT,153,Integrated
Integrated-RFECV (L1-LR) + Naive Bayes,X8_HV,154,Integrated
Integrated-RFECV (L1-LR) + Naive Bayes,X8_HW,155,Integrated
Integrated-RFECV (L1-LR) + Naive Bayes,X8_IA,156,Integrated
Integrated-RFECV (L1-LR) + Naive Bayes,X8_IC,157,Integrated
Integrated-RFECV (L1-LR) + Naive Bayes,X8_ID,158,Integrated
Integrated-RFECV (L1-LR) + Naive Bayes,X8_IE,159,Integrated
Integrated-RFECV (L1-LR) + Naive Bayes,X8_IF,160,Integrated
Integrated-RFECV (L1-LR) + Naive Bayes,X8_IG,161,Integrated
Integrated-RFECV (L1-LR) + Naive Bayes,X8_IH,162,Integrated
Integrated-RFECV (L1-LR) + Naive Bayes,X8_II,163,Integrated
Integrated-RFECV (L1-LR) + Naive Bayes,X8_IK,164,Integrated
Integrated-RFECV (L1-LR) + Naive Bayes,X8_IL,165,Integrated
Integrated-RFECV (L1-LR) + Naive Bayes,X8_IM,166,Integrated
Integrated-RFECV (L1-LR) + Naive Bayes,X8_IN,167,Integrated
Integrated-RFECV (L1-LR) + Naive Bayes,X8_IP,168,Integrated
Integrated-RFECV (L1-LR) + Naive Bayes,X8_IQ,169,Integrated
Integrated-RFECV (L1-LR) + Naive Bayes,X8_IR,170,Integrated
Integrated-RFECV (L1-LR) + Naive Bayes,X8_IS,171,Integrated
Integrated-RFECV (L1-LR) + Naive Bayes,X8_IT,172,Integrated
Integrated-RFECV (L1-LR) + Naive Bayes,X8_IV,173,Integrated
Integrated-RFECV (L1-LR) + Naive Bayes,X8_IW,174,Integrated
Integrated-RFECV (L1-LR) + Naive Bayes,X8_IY,175,Integrated
Integrated-RFECV (L1-LR) + Naive Bayes,X8_KA,176,Integrated
Integrated-RFECV (L1-LR) + Naive Bayes,X8_KC,177,Integrated
Integrated-RFECV (L1-LR) + Naive Bayes,X8_KD,178,Integrated
Integrated-RFECV (L1-LR) + Naive Bayes,X8_KE,179,Integrated
Integrated-RFECV (L1-LR) + Naive Bayes,X8_KF,180,Integrated
Integrated-RFECV (L1-LR) + Naive Bayes,X8_KG,181,Integrated
Integrated-RFECV (L1-LR) + Naive Bayes,X8_KH,182,Integrated
Integrated-RFECV (L1-LR) + Naive Bayes,X8_KI,183,Integrated
Integrated-RFECV (L1-LR) + Naive Bayes,X8_KK,184,Integrated
Integrated-RFECV (L1-LR) + Naive Bayes,X8_KL,185,Integrated
Integrated-RFECV (L1-LR) + Naive Bayes,X8_KM,186,Integrated
Integrated-RFECV (L1-LR) + Naive Bayes,X8_KN,187,Integrated
Integrated-RFECV (L1-LR) + Naive Bayes,X8_KP,188,Integrated
Integrated-RFECV (L1-LR) + Naive Bayes,X8_KQ,189,Integrated
Integrated-RFECV (L1-LR) + Naive Bayes,X8_KR,190,Integrated
Integrated-RFECV (L1-LR) + Naive Bayes,X8_KS,191,Integrated
Integrated-RFECV (L1-LR) + Naive Bayes,X8_KV,192,Integrated
Integrated-RFECV (L1-LR) + Naive Bayes,X8_KW,193,Integrated
Integrated-RFECV (L1-LR) + Naive Bayes,X8_KY,194,Integrated
Integrated-RFECV (L1-LR) + Naive Bayes,X8_LA,195,Integrated
Integrated-RFECV (L1-LR) + Naive Bayes,X8_LC,196,Integrated
Integrated-RFECV (L1-LR) + Naive Bayes,X8_LD,197,Integrated
Integrated-RFECV (L1-LR) + Naive Bayes,X8_LE,198,Integrated
Integrated-RFECV (L1-LR) + Naive Bayes,X8_LF,199,Integrated
Integrated-RFECV (L1-LR) + Naive Bayes,X8_LG,200,Integrated
Integrated-RFECV (L1-LR) + Naive Bayes,X8_LH,201,Integrated
Integrated-RFECV (L1-LR) + Naive Bayes,X8_LI,202,Integrated
Integrated-RFECV (L1-LR) + Naive Bayes,X8_LK,203,Integrated
Integrated-RFECV (L1-LR) + Naive Bayes,X8_LL,204,Integrated
Integrated-RFECV (L1-LR) + Naive Bayes,X8_LM,205,Integrated
Integrated-RFECV (L1-LR) + Naive Bayes,X8_LN,206,Integrated
Integrated-RFECV (L1-LR) + Naive Bayes,X8_LP,207,Integrated
Integrated-RFECV (L1-LR) + Naive Bayes,X8_LQ,208,Integrated
Integrated-RFECV (L1-LR) + Naive Bayes,X8_LR,209,Integrated
Integrated-RFECV (L1-LR) + Naive Bayes,X8_LS,210,Integrated
Integrated-RFECV (L1-LR) + Naive Bayes,X8_LT,211,Integrated
Integrated-RFECV (L1-LR) + Naive Bayes,X8_LY,212,Integrated
Integrated-RFECV (L1-LR) + Naive Bayes,X8_MA,213,Integrated
Integrated-RFECV (L1-LR) + Naive Bayes,X8_MC,214,Integrated
Integrated-RFECV (L1-LR) + Naive Bayes,X8_MD,215,Integrated
Integrated-RFECV (L1-LR) + Naive Bayes,X8_MF,216,Integrated
Integrated-RFECV (L1-LR) + Naive Bayes,X8_MG,217,Integrated
Integrated-RFECV (L1-LR) + Naive Bayes,X8_MI,218,Integrated
Integrated-RFECV (L1-LR) + Naive Bayes,X8_MK,219,Integrated
Integrated-RFECV (L1-LR) + Naive Bayes,X8_ML,220,Integrated
Integrated-RFECV (L1-LR) + Naive Bayes,X8_MM,221,Integrated
Integrated-RFECV (L1-LR) + Naive Bayes,X8_MN,222,Integrated
Integrated-RFECV (L1-LR) + Naive Bayes,X8_MP,223,Integrated
Integrated-RFECV (L1-LR) + Naive Bayes,X8_MQ,224,Integrated
Integrated-RFECV (L1-LR) + Naive Bayes,X8_MS,225,Integrated
Integrated-RFECV (L1-LR) + Naive Bayes,X8_MT,226,Integrated
Integrated-RFECV (L1-LR) + Naive Bayes,X8_MV,227,Integrated
Integrated-RFECV (L1-LR) + Naive Bayes,X8_MW,228,Integrated
Integrated-RFECV (L1-LR) + Naive Bayes,X8_MY,229,Integrated
Integrated-RFECV (L1-LR) + Naive Bayes,X8_NA,230,Integrated
Integrated-RFECV (L1-LR) + Naive Bayes,X8_NC,231,Integrated
Integrated-RFECV (L1-LR) + Naive Bayes,X8_ND,232,Integrated
Integrated-RFECV (L1-LR) + Naive Bayes,X8_NF,233,Integrated
Integrated-RFECV (L1-LR) + Naive Bayes,X8_NG,234,Integrated
Integrated-RFECV (L1-LR) + Naive Bayes,X8_NH,235,Integrated
Integrated-RFECV (L1-LR) + Naive Bayes,X8_NK,236,Integrated
Integrated-RFECV (L1-LR) + Naive Bayes,X8_NL,237,Integrated
Integrated-RFECV (L1-LR) + Naive Bayes,X8_NM,238,Integrated
Integrated-RFECV (L1-LR) + Naive Bayes,X8_NN,239,Integrated
Integrated-RFECV (L1-LR) + Naive Bayes,X8_NP,240,Integrated
Integrated-RFECV (L1-LR) + Naive Bayes,X8_NQ,241,Integrated
Integrated-RFECV (L1-LR) + Naive Bayes,X8_NR,242,Integrated
Integrated-RFECV (L1-LR) + Naive Bayes,X8_NS,243,Integrated
Integrated-RFECV (L1-LR) + Naive Bayes,X8_NT,244,Integrated
Integrated-RFECV (L1-LR) + Naive Bayes,X8_NV,245,Integrated
Integrated-RFECV (L1-LR) + Naive Bayes,X8_NW,246,Integrated
Integrated-RFECV (L1-LR) + Naive Bayes,X8_NY,247,Integrated
Integrated-RFECV (L1-LR) + Naive Bayes,X8_PA,248,Integrated
Integrated-RFECV (L1-LR) + Naive Bayes,X8_PC,249,Integrated
Integrated-RFECV (L1-LR) + Naive Bayes,X8_PD,250,Integrated
Integrated-RFECV (L1-LR) + Naive Bayes,X8_PE,251,Integrated
Integrated-RFECV (L1-LR) + Naive Bayes,X8_PF,252,Integrated
Integrated-RFECV (L1-LR) + Naive Bayes,X8_PG,253,Integrated
Integrated-RFECV (L1-LR) + Naive Bayes,X8_PH,254,Integrated
Integrated-RFECV (L1-LR) + Naive Bayes,X8_PI,255,Integrated
Integrated-RFECV (L1-LR) + Naive Bayes,X8_PK,256,Integrated
Integrated-RFECV (L1-LR) + Naive Bayes,X8_PL,257,Integrated
Integrated-RFECV (L1-LR) + Naive Bayes,X8_PM,258,Integrated
Integrated-RFECV (L1-LR) + Naive Bayes,X8_PN,259,Integrated
Integrated-RFECV (L1-LR) + Naive Bayes,X8_PP,260,Integrated
Integrated-RFECV (L1-LR) + Naive Bayes,X8_PQ,261,Integrated
Integrated-RFECV (L1-LR) + Naive Bayes,X8_PR,262,Integrated
Integrated-RFECV (L1-LR) + Naive Bayes,X8_PS,263,Integrated
Integrated-RFECV (L1-LR) + Naive Bayes,X8_PT,264,Integrated
Integrated-RFECV (L1-LR) + Naive Bayes,X8_PV,265,Integrated
Integrated-RFECV (L1-LR) + Naive Bayes,X8_PW,266,Integrated
Integrated-RFECV (L1-LR) + Naive Bayes,X8_PY,267,Integrated
Integrated-RFECV (L1-LR) + Naive Bayes,X8_QA,268,Integrated
Integrated-RFECV (L1-LR) + Naive Bayes,X8_QC,269,Integrated
Integrated-RFECV (L1-LR) + Naive Bayes,X8_QD,270,Integrated
Integrated-RFECV (L1-LR) + Naive Bayes,X8_QE,271,Integrated
Integrated-RFECV (L1-LR) + Naive Bayes,X8_QF,272,Integrated
Integrated-RFECV (L1-LR) + Naive Bayes,X8_QG,273,Integrated
Integrated-RFECV (L1-LR) + Naive Bayes,X8_QI,274,Integrated
Integrated-RFECV (L1-LR) + Naive Bayes,X8_QK,275,Integrated
Integrated-RFECV (L1-LR) + Naive Bayes,X8_QN,276,Integrated
Integrated-RFECV (L1-LR) + Naive Bayes,X8_QP,277,Integrated
Integrated-RFECV (L1-LR) + Naive Bayes,X8_QQ,278,Integrated
Integrated-RFECV (L1-LR) + Naive Bayes,X8_QR,279,Integrated
Integrated-RFECV (L1-LR) + Naive Bayes,X8_QS,280,Integrated
Integrated-RFECV (L1-LR) + Naive Bayes,X8_QV,281,Integrated
Integrated-RFECV (L1-LR) + Naive Bayes,X8_QW,282,Integrated
Integrated-RFECV (L1-LR) + Naive Bayes,X8_QY,283,Integrated
Integrated-RFECV (L1-LR) + Naive Bayes,X8_RA,284,Integrated
Integrated-RFECV (L1-LR) + Naive Bayes,X8_RC,285,Integrated
Integrated-RFECV (L1-LR) + Naive Bayes,X8_RD,286,Integrated
Integrated-RFECV (L1-LR) + Naive Bayes,X8_RE,287,Integrated
Integrated-RFECV (L1-LR) + Naive Bayes,X8_RF,288,Integrated
Integrated-RFECV (L1-LR) + Naive Bayes,X8_RG,289,Integrated
Integrated-RFECV (L1-LR) + Naive Bayes,X8_RH,290,Integrated
Integrated-RFECV (L1-LR) + Naive Bayes,X8_RI,291,Integrated
Integrated-RFECV (L1-LR) + Naive Bayes,X8_RK,292,Integrated
Integrated-RFECV (L1-LR) + Naive Bayes,X8_RL,293,Integrated
Integrated-RFECV (L1-LR) + Naive Bayes,X8_RM,294,Integrated
Integrated-RFECV (L1-LR) + Naive Bayes,X8_RN,295,Integrated
Integrated-RFECV (L1-LR) + Naive Bayes,X8_RP,296,Integrated
Integrated-RFECV (L1-LR) + Naive Bayes,X8_RQ,297,Integrated
Integrated-RFECV (L1-LR) + Naive Bayes,X8_RR,298,Integrated
Integrated-RFECV (L1-LR) + Naive Bayes,X8_RS,299,Integrated
Integrated-RFECV (L1-LR) + Naive Bayes,X8_RT,300,Integrated
Integrated-RFECV (L1-LR) + Naive Bayes,X8_RV,301,Integrated
Integrated-RFECV (L1-LR) + Naive Bayes,X8_RW,302,Integrated
Integrated-RFECV (L1-LR) + Naive Bayes,X8_RY,303,Integrated
Integrated-RFECV (L1-LR) + Naive Bayes,X8_SA,304,Integrated
Integrated-RFECV (L1-LR) + Naive Bayes,X8_SC,305,Integrated
Integrated-RFECV (L1-LR) + Naive Bayes,X8_SD,306,Integrated
Integrated-RFECV (L1-LR) + Naive Bayes,X8_SE,307,Integrated
Integrated-RFECV (L1-LR) + Naive Bayes,X8_SF,308,Integrated
Integrated-RFECV (L1-LR) + Naive Bayes,X8_SG,309,Integrated
Integrated-RFECV (L1-LR) + Naive Bayes,X8_SH,310,Integrated
Integrated-RFECV (L1-LR) + Naive Bayes,X8_SI,311,Integrated
Integrated-RFECV (L1-LR) + Naive Bayes,X8_SK,312,Integrated
Integrated-RFECV (L1-LR) + Naive Bayes,X8_SL,313,Integrated
Integrated-RFECV (L1-LR) + Naive Bayes,X8_SM,314,Integrated
Integrated-RFECV (L1-LR) + Naive Bayes,X8_SN,315,Integrated
Integrated-RFECV (L1-LR) + Naive Bayes,X8_SP,316,Integrated
Integrated-RFECV (L1-LR) + Naive Bayes,X8_SQ,317,Integrated
Integrated-RFECV (L1-LR) + Naive Bayes,X8_SR,318,Integrated
Integrated-RFECV (L1-LR) + Naive Bayes,X8_ST,319,Integrated
Integrated-RFECV (L1-LR) + Naive Bayes,X8_SV,320,Integrated
Integrated-RFECV (L1-LR) + Naive Bayes,X8_SW,321,Integrated
Integrated-RFECV (L1-LR) + Naive Bayes,X8_SY,322,Integrated
Integrated-RFECV (L1-LR) + Naive Bayes,X8_TA,323,Integrated
Integrated-RFECV (L1-LR) + Naive Bayes,X8_TC,324,Integrated
Integrated-RFECV (L1-LR) + Naive Bayes,X8_TD,325,Integrated
Integrated-RFECV (L1-LR) + Naive Bayes,X8_TE,326,Integrated
Integrated-RFECV (L1-LR) + Naive Bayes,X8_TF,327,Integrated
Integrated-RFECV (L1-LR) + Naive Bayes,X8_TG,328,Integrated
Integrated-RFECV (L1-LR) + Naive Bayes,X8_TH,329,Integrated
Integrated-RFECV (L1-LR) + Naive Bayes,X8_TI,330,Integrated
Integrated-RFECV (L1-LR) + Naive Bayes,X8_TK,331,Integrated
Integrated-RFECV (L1-LR) + Naive Bayes,X8_TL,332,Integrated
Integrated-RFECV (L1-LR) + Naive Bayes,X8_TM,333,Integrated
Integrated-RFECV (L1-LR) + Naive Bayes,X8_TP,334,Integrated
Integrated-RFECV (L1-LR) + Naive Bayes,X8_TQ,335,Integrated
Integrated-RFECV (L1-LR) + Naive Bayes,X8_TR,336,Integrated
Integrated-RFECV (L1-LR) + Naive Bayes,X8_TS,337,Integrated
Integrated-RFECV (L1-LR) + Naive Bayes,X8_TT,338,Integrated
Integrated-RFECV (L1-LR) + Naive Bayes,X8_TV,339,Integrated
Integrated-RFECV (L1-LR) + Naive Bayes,X8_TW,340,Integrated
Integrated-RFECV (L1-LR) + Naive Bayes,X8_TY,341,Integrated
Integrated-RFECV (L1-LR) + Naive Bayes,X8_VA,342,Integrated
Integrated-RFECV (L1-LR) + Naive Bayes,X8_VC,343,Integrated
Integrated-RFECV (L1-LR) + Naive Bayes,X8_VD,344,Integrated
Integrated-RFECV (L1-LR) + Naive Bayes,X8_VF,345,Integrated
Integrated-RFECV (L1-LR) + Naive Bayes,X8_VG,346,Integrated
Integrated-RFECV (L1-LR) + Naive Bayes,X8_VH,347,Integrated
Integrated-RFECV (L1-LR) + Naive Bayes,X8_VI,348,Integrated
Integrated-RFECV (L1-LR) + Naive Bayes,X8_VK,349,Integrated
Integrated-RFECV (L1-LR) + Naive Bayes,X8_VL,350,Integrated
Integrated-RFECV (L1-LR) + Naive Bayes,X8_VM,351,Integrated
Integrated-RFECV (L1-LR) + Naive Bayes,X8_VN,352,Integrated
Integrated-RFECV (L1-LR) + Naive Bayes,X8_VP,353,Integrated
Integrated-RFECV (L1-LR) + Naive Bayes,X8_VQ,354,Integrated
Integrated-RFECV (L1-LR) + Naive Bayes,X8_VR,355,Integrated
Integrated-RFECV (L1-LR) + Naive Bayes,X8_VS,356,Integrated
Integrated-RFECV (L1-LR) + Naive Bayes,X8_VT,357,Integrated
Integrated-RFECV (L1-LR) + Naive Bayes,X8_VV,358,Integrated
Integrated-RFECV (L1-LR) + Naive Bayes,X8_VW,359,Integrated
Integrated-RFECV (L1-LR) + Naive Bayes,X8_VY,360,Integrated
Integrated-RFECV (L1-LR) + Naive Bayes,X8_WA,361,Integrated
Integrated-RFECV (L1-LR) + Naive Bayes,X8_WC,362,Integrated
Integrated-RFECV (L1-LR) + Naive Bayes,X8_WD,363,Integrated
Integrated-RFECV (L1-LR) + Naive Bayes,X8_WE,364,Integrated
Integrated-RFECV (L1-LR) + Naive Bayes,X8_WF,365,Integrated
Integrated-RFECV (L1-LR) + Naive Bayes,X8_WG,366,Integrated
Integrated-RFECV (L1-LR) + Naive Bayes,X8_WI,367,Integrated
Integrated-RFECV (L1-LR) + Naive Bayes,X8_WK,368,Integrated
Integrated-RFECV (L1-LR) + Naive Bayes,X8_WL,369,Integrated
Integrated-RFECV (L1-LR) + Naive Bayes,X8_WM,370,Integrated
Integrated-RFECV (L1-LR) + Naive Bayes,X8_WN,371,Integrated
Integrated-RFECV (L1-LR) + Naive Bayes,X8_WP,372,Integrated
Integrated-RFECV (L1-LR) + Naive Bayes,X8_WQ,373,Integrated
Integrated-RFECV (L1-LR) + Naive Bayes,X8_WR,374,Integrated
Integrated-RFECV (L1-LR) + Naive Bayes,X8_WS,375,Integrated
Integrated-RFECV (L1-LR) + Naive Bayes,X8_WT,376,Integrated
Integrated-RFECV (L1-LR) + Naive Bayes,X8_WV,377,Integrated
Integrated-RFECV (L1-LR) + Naive Bayes,X8_WW,378,Integrated
Integrated-RFECV (L1-LR) + Naive Bayes,X8_WY,379,Integrated
Integrated-RFECV (L1-LR) + Naive Bayes,X8_YA,380,Integrated
Integrated-RFECV (L1-LR) + Naive Bayes,X8_YC,381,Integrated
Integrated-RFECV (L1-LR) + Naive Bayes,X8_YD,382,Integrated
Integrated-RFECV (L1-LR) + Naive Bayes,X8_YE,383,Integrated
Integrated-RFECV (L1-LR) + Naive Bayes,X8_YF,384,Integrated
Integrated-RFECV (L1-LR) + Naive Bayes,X8_YG,385,Integrated
Integrated-RFECV (L1-LR) + Naive Bayes,X8_YH,386,Integrated
Integrated-RFECV (L1-LR) + Naive Bayes,X8_YI,387,Integrated
Integrated-RFECV (L1-LR) + Naive Bayes,X8_YK,388,Integrated
Integrated-RFECV (L1-LR) + Naive Bayes,X8_YL,389,Integrated
Integrated-RFECV (L1-LR) + Naive Bayes,X8_YM,390,Integrated
Integrated-RFECV (L1-LR) + Naive Bayes,X8_YN,391,Integrated
Integrated-RFECV (L1-LR) + Naive Bayes,X8_YP,392,Integrated
Integrated-RFECV (L1-LR) + Naive Bayes,X8_YQ,393,Integrated
Integrated-RFECV (L1-LR) + Naive Bayes,X8_YT,394,Integrated
Integrated-RFECV (L1-LR) + Naive Bayes,X8_YW,395,Integrated
Integrated-RFECV (L1-LR) + Naive Bayes,X8_YY,396,Integrated
Integrated-RFECV (L1-LR) + Naive Bayes,acidic_group,397,Integrated
Integrated-RFECV (L1-LR) + Naive Bayes,aliphatic_group,398,Integrated
Integrated-RFECV (L1-LR) + Naive Bayes,aromatic_group,399,Integrated
Integrated-RFECV (L1-LR) + Naive Bayes,charged_group,400,Integrated
Integrated-RFECV (L1-LR) + Naive Bayes,cruciani_prp1,401,Integrated
Integrated-RFECV (L1-LR) + Naive Bayes,instability_index,402,Integrated
Integrated-RFECV (L1-LR) + Naive Bayes,isoelectric_point,403,Integrated
Integrated-RFECV (L1-LR) + Naive Bayes,peptide_len,404,Integrated
Integrated-RFECV (L1-LR) + Naive Bayes,tiny_group,405,Integrated
