Selection_Method,Feature_Name,Rank,Selection_Type
Mann-Whitney,hydrophobic_janin,1,Statistical
Mann-Whitney,hydrophobic_kyte-doolittle,2,Statistical
Mann-Whitney,non-polar_group,3,Statistical
Mann-Whitney,acidic_group,4,Statistical
Mann-Whitney,hydrophobic_eisenberg,5,Statistical
Mann-Whitney,cruciani_prp1,6,Statistical
Mann-Whitney,hydrophobic_engleman,7,Statistical
Mann-Whitney,boman,8,Statistical
Mann-Whitney,polar_group,9,Statistical
Mann-Whitney,X5_K,10,Statistical
Mann-Whitney,peptide_len,11,Statistical
Mann-Whitney,aliphatic_group,12,Statistical
Mann-Whitney,isoelectric_point,13,Statistical
Mann-Whitney,X5_A,14,Statistical
Mann-Whitney,charge,15,Statistical
Wilcoxon,hydrophobic_janin,1,Statistical
Wilcoxon,hydrophobic_kyte-doolittle,2,Statistical
Wilcoxon,non-polar_group,3,Statistical
Wilcoxon,acidic_group,4,Statistical
Wilcoxon,hydrophobic_eisenberg,5,Statistical
Wilcoxon,polar_group,6,Statistical
Wilcoxon,boman,7,Statistical
Wilcoxon,cruciani_prp1,8,Statistical
Wilcoxon,hydrophobic_engleman,9,Statistical
Wilcoxon,X5_A,10,Statistical
Wilcoxon,X5_K,11,Statistical
Wilcoxon,charge,12,Statistical
Wilcoxon,isoelectric_point,13,Statistical
Wilcoxon,tiny_group,14,Statistical
Wilcoxon,peptide_len,15,Statistical
Chi-square,hydrophobic_janin,1,Statistical
Chi-square,hydrophobic_kyte-doolittle,2,Statistical
Chi-square,non-polar_group,3,Statistical
Chi-square,hydrophobic_eisenberg,4,Statistical
Chi-square,acidic_group,5,Statistical
Chi-square,polar_group,6,Statistical
Chi-square,peptide_len,7,Statistical
Chi-square,boman,8,Statistical
Chi-square,cruciani_prp1,9,Statistical
Chi-square,hydrophobic_engleman,10,Statistical
Chi-square,X5_K,11,Statistical
Chi-square,isoelectric_point,12,Statistical
Chi-square,charge,13,Statistical
Chi-square,aliphatic_group,14,Statistical
Chi-square,X5_A,15,Statistical
KS,hydrophobic_janin,1,Statistical
KS,hydrophobic_eisenberg,2,Statistical
KS,hydrophobic_kyte-doolittle,3,Statistical
KS,non-polar_group,4,Statistical
KS,peptide_len,5,Statistical
KS,acidic_group,6,Statistical
KS,polar_group,7,Statistical
KS,isoelectric_point,8,Statistical
KS,charge,9,Statistical
KS,boman,10,Statistical
KS,hydrophobic_engleman,11,Statistical
KS,cruciani_prp1,12,Statistical
KS,X5_K,13,Statistical
KS,aliphatic_group,14,Statistical
KS,hydrophobic_roseman,15,Statistical
Integrated-SelectFromModel (L1-LR selector) + LR,X4_A,1,Integrated
Integrated-SelectFromModel (L1-LR selector) + LR,X4_C,2,Integrated
Integrated-SelectFromModel (L1-LR selector) + LR,X4_D,3,Integrated
Integrated-SelectFromModel (L1-LR selector) + LR,X4_E,4,Integrated
Integrated-SelectFromModel (L1-LR selector) + LR,X4_F,5,Integrated
Integrated-SelectFromModel (L1-LR selector) + LR,X4_G,6,Integrated
Integrated-SelectFromModel (L1-LR selector) + LR,X4_H,7,Integrated
Integrated-SelectFromModel (L1-LR selector) + LR,X4_I,8,Integrated
Integrated-SelectFromModel (L1-LR selector) + LR,X4_K,9,Integrated
Integrated-SelectFromModel (L1-LR selector) + LR,X4_L,10,Integrated
Integrated-SelectFromModel (L1-LR selector) + LR,X4_M,11,Integrated
Integrated-SelectFromModel (L1-LR selector) + LR,X4_N,12,Integrated
Integrated-SelectFromModel (L1-LR selector) + LR,X4_P,13,Integrated
Integrated-SelectFromModel (L1-LR selector) + LR,X4_Q,14,Integrated
Integrated-SelectFromModel (L1-LR selector) + LR,X4_R,15,Integrated
Integrated-SelectFromModel (L1-LR selector) + LR,X4_S,16,Integrated
Integrated-SelectFromModel (L1-LR selector) + LR,X4_T,17,Integrated
Integrated-SelectFromModel (L1-LR selector) + LR,X4_V,18,Integrated
Integrated-SelectFromModel (L1-LR selector) + LR,X4_W,19,Integrated
Integrated-SelectFromModel (L1-LR selector) + LR,X4_Y,20,Integrated
Integrated-SelectFromModel (L1-LR selector) + LR,X5_A,21,Integrated
Integrated-SelectFromModel (L1-LR selector) + LR,X5_C,22,Integrated
Integrated-SelectFromModel (L1-LR selector) + LR,X5_D,23,Integrated
Integrated-SelectFromModel (L1-LR selector) + LR,X5_E,24,Integrated
Integrated-SelectFromModel (L1-LR selector) + LR,X5_F,25,Integrated
Integrated-SelectFromModel (L1-LR selector) + LR,X5_G,26,Integrated
Integrated-SelectFromModel (L1-LR selector) + LR,X5_H,27,Integrated
Integrated-SelectFromModel (L1-LR selector) + LR,X5_I,28,Integrated
Integrated-SelectFromModel (L1-LR selector) + LR,X5_K,29,Integrated
Integrated-SelectFromModel (L1-LR selector) + LR,X5_L,30,Integrated
Integrated-SelectFromModel (L1-LR selector) + LR,X5_M,31,Integrated
Integrated-SelectFromModel (L1-LR selector) + LR,X5_N,32,Integrated
Integrated-SelectFromModel (L1-LR selector) + LR,X5_P,33,Integrated
Integrated-SelectFromModel (L1-LR selector) + LR,X5_Q,34,Integrated
Integrated-SelectFromModel (L1-LR selector) + LR,X5_R,35,Integrated
Integrated-SelectFromModel (L1-LR selector) + LR,X5_S,36,Integrated
Integrated-SelectFromModel (L1-LR selector) + LR,X5_T,37,Integrated
Integrated-SelectFromModel (L1-LR selector) + LR,X5_W,38,Integrated
Integrated-SelectFromModel (L1-LR selector) + LR,X5_Y,39,Integrated
Integrated-SelectFromModel (L1-LR selector) + LR,X8_AA,40,Integrated
Integrated-SelectFromModel (L1-LR selector) + LR,X8_AC,41,Integrated
Integrated-SelectFromModel (L1-LR selector) + LR,X8_AD,42,Integrated
Integrated-SelectFromModel (L1-LR selector) + LR,X8_AE,43,Integrated
Integrated-SelectFromModel (L1-LR selector) + LR,X8_AF,44,Integrated
Integrated-SelectFromModel (L1-LR selector) + LR,X8_AG,45,Integrated
Integrated-SelectFromModel (L1-LR selector) + LR,X8_AH,46,Integrated
Integrated-SelectFromModel (L1-LR selector) + LR,X8_AK,47,Integrated
Integrated-SelectFromModel (L1-LR selector) + LR,X8_AL,48,Integrated
Integrated-SelectFromModel (L1-LR selector) + LR,X8_AM,49,Integrated
Integrated-SelectFromModel (L1-LR selector) + LR,X8_AN,50,Integrated
Integrated-SelectFromModel (L1-LR selector) + LR,X8_AP,51,Integrated
Integrated-SelectFromModel (L1-LR selector) + LR,X8_AQ,52,Integrated
Integrated-SelectFromModel (L1-LR selector) + LR,X8_AR,53,Integrated
Integrated-SelectFromModel (L1-LR selector) + LR,X8_AS,54,Integrated
Integrated-SelectFromModel (L1-LR selector) + LR,X8_AT,55,Integrated
Integrated-SelectFromModel (L1-LR selector) + LR,X8_AV,56,Integrated
Integrated-SelectFromModel (L1-LR selector) + LR,X8_AW,57,Integrated
Integrated-SelectFromModel (L1-LR selector) + LR,X8_AY,58,Integrated
Integrated-SelectFromModel (L1-LR selector) + LR,X8_CA,59,Integrated
Integrated-SelectFromModel (L1-LR selector) + LR,X8_CC,60,Integrated
Integrated-SelectFromModel (L1-LR selector) + LR,X8_CD,61,Integrated
Integrated-SelectFromModel (L1-LR selector) + LR,X8_CE,62,Integrated
Integrated-SelectFromModel (L1-LR selector) + LR,X8_CF,63,Integrated
Integrated-SelectFromModel (L1-LR selector) + LR,X8_CG,64,Integrated
Integrated-SelectFromModel (L1-LR selector) + LR,X8_CH,65,Integrated
Integrated-SelectFromModel (L1-LR selector) + LR,X8_CI,66,Integrated
Integrated-SelectFromModel (L1-LR selector) + LR,X8_CK,67,Integrated
Integrated-SelectFromModel (L1-LR selector) + LR,X8_CL,68,Integrated
Integrated-SelectFromModel (L1-LR selector) + LR,X8_CM,69,Integrated
Integrated-SelectFromModel (L1-LR selector) + LR,X8_CN,70,Integrated
Integrated-SelectFromModel (L1-LR selector) + LR,X8_CP,71,Integrated
Integrated-SelectFromModel (L1-LR selector) + LR,X8_CQ,72,Integrated
Integrated-SelectFromModel (L1-LR selector) + LR,X8_CR,73,Integrated
Integrated-SelectFromModel (L1-LR selector) + LR,X8_CS,74,Integrated
Integrated-SelectFromModel (L1-LR selector) + LR,X8_CT,75,Integrated
Integrated-SelectFromModel (L1-LR selector) + LR,X8_CV,76,Integrated
Integrated-SelectFromModel (L1-LR selector) + LR,X8_CW,77,Integrated
Integrated-SelectFromModel (L1-LR selector) + LR,X8_CY,78,Integrated
Integrated-SelectFromModel (L1-LR selector) + LR,X8_DC,79,Integrated
Integrated-SelectFromModel (L1-LR selector) + LR,X8_DD,80,Integrated
Integrated-SelectFromModel (L1-LR selector) + LR,X8_DE,81,Integrated
Integrated-SelectFromModel (L1-LR selector) + LR,X8_DF,82,Integrated
Integrated-SelectFromModel (L1-LR selector) + LR,X8_DG,83,Integrated
Integrated-SelectFromModel (L1-LR selector) + LR,X8_DH,84,Integrated
Integrated-SelectFromModel (L1-LR selector) + LR,X8_DI,85,Integrated
Integrated-SelectFromModel (L1-LR selector) + LR,X8_DK,86,Integrated
Integrated-SelectFromModel (L1-LR selector) + LR,X8_DL,87,Integrated
Integrated-SelectFromModel (L1-LR selector) + LR,X8_DM,88,Integrated
Integrated-SelectFromModel (L1-LR selector) + LR,X8_DN,89,Integrated
Integrated-SelectFromModel (L1-LR selector) + LR,X8_DP,90,Integrated
Integrated-SelectFromModel (L1-LR selector) + LR,X8_DQ,91,Integrated
Integrated-SelectFromModel (L1-LR selector) + LR,X8_DS,92,Integrated
Integrated-SelectFromModel (L1-LR selector) + LR,X8_DT,93,Integrated
Integrated-SelectFromModel (L1-LR selector) + LR,X8_DV,94,Integrated
Integrated-SelectFromModel (L1-LR selector) + LR,X8_DW,95,Integrated
Integrated-SelectFromModel (L1-LR selector) + LR,X8_DY,96,Integrated
Integrated-SelectFromModel (L1-LR selector) + LR,X8_EA,97,Integrated
Integrated-SelectFromModel (L1-LR selector) + LR,X8_EC,98,Integrated
Integrated-SelectFromModel (L1-LR selector) + LR,X8_ED,99,Integrated
Integrated-SelectFromModel (L1-LR selector) + LR,X8_EE,100,Integrated
Integrated-SelectFromModel (L1-LR selector) + LR,X8_EF,101,Integrated
Integrated-SelectFromModel (L1-LR selector) + LR,X8_EG,102,Integrated
Integrated-SelectFromModel (L1-LR selector) + LR,X8_EI,103,Integrated
Integrated-SelectFromModel (L1-LR selector) + LR,X8_EK,104,Integrated
Integrated-SelectFromModel (L1-LR selector) + LR,X8_EL,105,Integrated
Integrated-SelectFromModel (L1-LR selector) + LR,X8_EM,106,Integrated
Integrated-SelectFromModel (L1-LR selector) + LR,X8_EN,107,Integrated
Integrated-SelectFromModel (L1-LR selector) + LR,X8_EP,108,Integrated
Integrated-SelectFromModel (L1-LR selector) + LR,X8_EQ,109,Integrated
Integrated-SelectFromModel (L1-LR selector) + LR,X8_ER,110,Integrated
Integrated-SelectFromModel (L1-LR selector) + LR,X8_ES,111,Integrated
Integrated-SelectFromModel (L1-LR selector) + LR,X8_ET,112,Integrated
Integrated-SelectFromModel (L1-LR selector) + LR,X8_EV,113,Integrated
Integrated-SelectFromModel (L1-LR selector) + LR,X8_EW,114,Integrated
Integrated-SelectFromModel (L1-LR selector) + LR,X8_EY,115,Integrated
Integrated-SelectFromModel (L1-LR selector) + LR,X8_FA,116,Integrated
Integrated-SelectFromModel (L1-LR selector) + LR,X8_FC,117,Integrated
Integrated-SelectFromModel (L1-LR selector) + LR,X8_FD,118,Integrated
Integrated-SelectFromModel (L1-LR selector) + LR,X8_FE,119,Integrated
Integrated-SelectFromModel (L1-LR selector) + LR,X8_FF,120,Integrated
Integrated-SelectFromModel (L1-LR selector) + LR,X8_FG,121,Integrated
Integrated-SelectFromModel (L1-LR selector) + LR,X8_FH,122,Integrated
Integrated-SelectFromModel (L1-LR selector) + LR,X8_FI,123,Integrated
Integrated-SelectFromModel (L1-LR selector) + LR,X8_FK,124,Integrated
Integrated-SelectFromModel (L1-LR selector) + LR,X8_FL,125,Integrated
Integrated-SelectFromModel (L1-LR selector) + LR,X8_FM,126,Integrated
Integrated-SelectFromModel (L1-LR selector) + LR,X8_FN,127,Integrated
Integrated-SelectFromModel (L1-LR selector) + LR,X8_FP,128,Integrated
Integrated-SelectFromModel (L1-LR selector) + LR,X8_FQ,129,Integrated
Integrated-SelectFromModel (L1-LR selector) + LR,X8_FR,130,Integrated
Integrated-SelectFromModel (L1-LR selector) + LR,X8_FS,131,Integrated
Integrated-SelectFromModel (L1-LR selector) + LR,X8_FT,132,Integrated
Integrated-SelectFromModel (L1-LR selector) + LR,X8_FV,133,Integrated
Integrated-SelectFromModel (L1-LR selector) + LR,X8_FW,134,Integrated
Integrated-SelectFromModel (L1-LR selector) + LR,X8_FY,135,Integrated
Integrated-SelectFromModel (L1-LR selector) + LR,X8_GA,136,Integrated
Integrated-SelectFromModel (L1-LR selector) + LR,X8_GC,137,Integrated
Integrated-SelectFromModel (L1-LR selector) + LR,X8_GD,138,Integrated
Integrated-SelectFromModel (L1-LR selector) + LR,X8_GE,139,Integrated
Integrated-SelectFromModel (L1-LR selector) + LR,X8_GF,140,Integrated
Integrated-SelectFromModel (L1-LR selector) + LR,X8_GG,141,Integrated
Integrated-SelectFromModel (L1-LR selector) + LR,X8_GH,142,Integrated
Integrated-SelectFromModel (L1-LR selector) + LR,X8_GI,143,Integrated
Integrated-SelectFromModel (L1-LR selector) + LR,X8_GK,144,Integrated
Integrated-SelectFromModel (L1-LR selector) + LR,X8_GL,145,Integrated
Integrated-SelectFromModel (L1-LR selector) + LR,X8_GM,146,Integrated
Integrated-SelectFromModel (L1-LR selector) + LR,X8_GN,147,Integrated
Integrated-SelectFromModel (L1-LR selector) + LR,X8_GP,148,Integrated
Integrated-SelectFromModel (L1-LR selector) + LR,X8_GQ,149,Integrated
Integrated-SelectFromModel (L1-LR selector) + LR,X8_GR,150,Integrated
Integrated-SelectFromModel (L1-LR selector) + LR,X8_GS,151,Integrated
Integrated-SelectFromModel (L1-LR selector) + LR,X8_GT,152,Integrated
Integrated-SelectFromModel (L1-LR selector) + LR,X8_GV,153,Integrated
Integrated-SelectFromModel (L1-LR selector) + LR,X8_GW,154,Integrated
Integrated-SelectFromModel (L1-LR selector) + LR,X8_GY,155,Integrated
Integrated-SelectFromModel (L1-LR selector) + LR,X8_HA,156,Integrated
Integrated-SelectFromModel (L1-LR selector) + LR,X8_HD,157,Integrated
Integrated-SelectFromModel (L1-LR selector) + LR,X8_HE,158,Integrated
Integrated-SelectFromModel (L1-LR selector) + LR,X8_HF,159,Integrated
Integrated-SelectFromModel (L1-LR selector) + LR,X8_HG,160,Integrated
Integrated-SelectFromModel (L1-LR selector) + LR,X8_HH,161,Integrated
Integrated-SelectFromModel (L1-LR selector) + LR,X8_HK,162,Integrated
Integrated-SelectFromModel (L1-LR selector) + LR,X8_HL,163,Integrated
Integrated-SelectFromModel (L1-LR selector) + LR,X8_HM,164,Integrated
Integrated-SelectFromModel (L1-LR selector) + LR,X8_HN,165,Integrated
Integrated-SelectFromModel (L1-LR selector) + LR,X8_HP,166,Integrated
Integrated-SelectFromModel (L1-LR selector) + LR,X8_HQ,167,Integrated
Integrated-SelectFromModel (L1-LR selector) + LR,X8_HR,168,Integrated
Integrated-SelectFromModel (L1-LR selector) + LR,X8_HS,169,Integrated
Integrated-SelectFromModel (L1-LR selector) + LR,X8_HT,170,Integrated
Integrated-SelectFromModel (L1-LR selector) + LR,X8_HV,171,Integrated
Integrated-SelectFromModel (L1-LR selector) + LR,X8_HW,172,Integrated
Integrated-SelectFromModel (L1-LR selector) + LR,X8_HY,173,Integrated
Integrated-SelectFromModel (L1-LR selector) + LR,X8_IA,174,Integrated
Integrated-SelectFromModel (L1-LR selector) + LR,X8_IC,175,Integrated
Integrated-SelectFromModel (L1-LR selector) + LR,X8_ID,176,Integrated
Integrated-SelectFromModel (L1-LR selector) + LR,X8_IE,177,Integrated
Integrated-SelectFromModel (L1-LR selector) + LR,X8_IF,178,Integrated
Integrated-SelectFromModel (L1-LR selector) + LR,X8_IG,179,Integrated
Integrated-SelectFromModel (L1-LR selector) + LR,X8_IH,180,Integrated
Integrated-SelectFromModel (L1-LR selector) + LR,X8_II,181,Integrated
Integrated-SelectFromModel (L1-LR selector) + LR,X8_IK,182,Integrated
Integrated-SelectFromModel (L1-LR selector) + LR,X8_IL,183,Integrated
Integrated-SelectFromModel (L1-LR selector) + LR,X8_IM,184,Integrated
Integrated-SelectFromModel (L1-LR selector) + LR,X8_IN,185,Integrated
Integrated-SelectFromModel (L1-LR selector) + LR,X8_IP,186,Integrated
Integrated-SelectFromModel (L1-LR selector) + LR,X8_IQ,187,Integrated
Integrated-SelectFromModel (L1-LR selector) + LR,X8_IR,188,Integrated
Integrated-SelectFromModel (L1-LR selector) + LR,X8_IS,189,Integrated
Integrated-SelectFromModel (L1-LR selector) + LR,X8_IT,190,Integrated
Integrated-SelectFromModel (L1-LR selector) + LR,X8_IV,191,Integrated
Integrated-SelectFromModel (L1-LR selector) + LR,X8_IW,192,Integrated
Integrated-SelectFromModel (L1-LR selector) + LR,X8_IY,193,Integrated
Integrated-SelectFromModel (L1-LR selector) + LR,X8_KA,194,Integrated
Integrated-SelectFromModel (L1-LR selector) + LR,X8_KC,195,Integrated
Integrated-SelectFromModel (L1-LR selector) + LR,X8_KD,196,Integrated
Integrated-SelectFromModel (L1-LR selector) + LR,X8_KE,197,Integrated
Integrated-SelectFromModel (L1-LR selector) + LR,X8_KF,198,Integrated
Integrated-SelectFromModel (L1-LR selector) + LR,X8_KG,199,Integrated
Integrated-SelectFromModel (L1-LR selector) + LR,X8_KI,200,Integrated
Integrated-SelectFromModel (L1-LR selector) + LR,X8_KK,201,Integrated
Integrated-SelectFromModel (L1-LR selector) + LR,X8_KL,202,Integrated
Integrated-SelectFromModel (L1-LR selector) + LR,X8_KM,203,Integrated
Integrated-SelectFromModel (L1-LR selector) + LR,X8_KN,204,Integrated
Integrated-SelectFromModel (L1-LR selector) + LR,X8_KP,205,Integrated
Integrated-SelectFromModel (L1-LR selector) + LR,X8_KQ,206,Integrated
Integrated-SelectFromModel (L1-LR selector) + LR,X8_KR,207,Integrated
Integrated-SelectFromModel (L1-LR selector) + LR,X8_KS,208,Integrated
Integrated-SelectFromModel (L1-LR selector) + LR,X8_KV,209,Integrated
Integrated-SelectFromModel (L1-LR selector) + LR,X8_KW,210,Integrated
Integrated-SelectFromModel (L1-LR selector) + LR,X8_KY,211,Integrated
Integrated-SelectFromModel (L1-LR selector) + LR,X8_LA,212,Integrated
Integrated-SelectFromModel (L1-LR selector) + LR,X8_LC,213,Integrated
Integrated-SelectFromModel (L1-LR selector) + LR,X8_LD,214,Integrated
Integrated-SelectFromModel (L1-LR selector) + LR,X8_LE,215,Integrated
Integrated-SelectFromModel (L1-LR selector) + LR,X8_LF,216,Integrated
Integrated-SelectFromModel (L1-LR selector) + LR,X8_LG,217,Integrated
Integrated-SelectFromModel (L1-LR selector) + LR,X8_LH,218,Integrated
Integrated-SelectFromModel (L1-LR selector) + LR,X8_LI,219,Integrated
Integrated-SelectFromModel (L1-LR selector) + LR,X8_LK,220,Integrated
Integrated-SelectFromModel (L1-LR selector) + LR,X8_LL,221,Integrated
Integrated-SelectFromModel (L1-LR selector) + LR,X8_LM,222,Integrated
Integrated-SelectFromModel (L1-LR selector) + LR,X8_LN,223,Integrated
Integrated-SelectFromModel (L1-LR selector) + LR,X8_LP,224,Integrated
Integrated-SelectFromModel (L1-LR selector) + LR,X8_LQ,225,Integrated
Integrated-SelectFromModel (L1-LR selector) + LR,X8_LR,226,Integrated
Integrated-SelectFromModel (L1-LR selector) + LR,X8_LS,227,Integrated
Integrated-SelectFromModel (L1-LR selector) + LR,X8_LT,228,Integrated
Integrated-SelectFromModel (L1-LR selector) + LR,X8_LV,229,Integrated
Integrated-SelectFromModel (L1-LR selector) + LR,X8_LW,230,Integrated
Integrated-SelectFromModel (L1-LR selector) + LR,X8_LY,231,Integrated
Integrated-SelectFromModel (L1-LR selector) + LR,X8_MA,232,Integrated
Integrated-SelectFromModel (L1-LR selector) + LR,X8_MC,233,Integrated
Integrated-SelectFromModel (L1-LR selector) + LR,X8_MD,234,Integrated
Integrated-SelectFromModel (L1-LR selector) + LR,X8_ME,235,Integrated
Integrated-SelectFromModel (L1-LR selector) + LR,X8_MF,236,Integrated
Integrated-SelectFromModel (L1-LR selector) + LR,X8_MG,237,Integrated
Integrated-SelectFromModel (L1-LR selector) + LR,X8_MH,238,Integrated
Integrated-SelectFromModel (L1-LR selector) + LR,X8_MI,239,Integrated
Integrated-SelectFromModel (L1-LR selector) + LR,X8_MK,240,Integrated
Integrated-SelectFromModel (L1-LR selector) + LR,X8_ML,241,Integrated
Integrated-SelectFromModel (L1-LR selector) + LR,X8_MM,242,Integrated
Integrated-SelectFromModel (L1-LR selector) + LR,X8_MN,243,Integrated
Integrated-SelectFromModel (L1-LR selector) + LR,X8_MP,244,Integrated
Integrated-SelectFromModel (L1-LR selector) + LR,X8_MQ,245,Integrated
Integrated-SelectFromModel (L1-LR selector) + LR,X8_MR,246,Integrated
Integrated-SelectFromModel (L1-LR selector) + LR,X8_MS,247,Integrated
Integrated-SelectFromModel (L1-LR selector) + LR,X8_MT,248,Integrated
Integrated-SelectFromModel (L1-LR selector) + LR,X8_MV,249,Integrated
Integrated-SelectFromModel (L1-LR selector) + LR,X8_MW,250,Integrated
Integrated-SelectFromModel (L1-LR selector) + LR,X8_MY,251,Integrated
Integrated-SelectFromModel (L1-LR selector) + LR,X8_NA,252,Integrated
Integrated-SelectFromModel (L1-LR selector) + LR,X8_NC,253,Integrated
Integrated-SelectFromModel (L1-LR selector) + LR,X8_ND,254,Integrated
Integrated-SelectFromModel (L1-LR selector) + LR,X8_NE,255,Integrated
Integrated-SelectFromModel (L1-LR selector) + LR,X8_NF,256,Integrated
Integrated-SelectFromModel (L1-LR selector) + LR,X8_NG,257,Integrated
Integrated-SelectFromModel (L1-LR selector) + LR,X8_NH,258,Integrated
Integrated-SelectFromModel (L1-LR selector) + LR,X8_NI,259,Integrated
Integrated-SelectFromModel (L1-LR selector) + LR,X8_NK,260,Integrated
Integrated-SelectFromModel (L1-LR selector) + LR,X8_NL,261,Integrated
Integrated-SelectFromModel (L1-LR selector) + LR,X8_NM,262,Integrated
Integrated-SelectFromModel (L1-LR selector) + LR,X8_NN,263,Integrated
Integrated-SelectFromModel (L1-LR selector) + LR,X8_NP,264,Integrated
Integrated-SelectFromModel (L1-LR selector) + LR,X8_NQ,265,Integrated
Integrated-SelectFromModel (L1-LR selector) + LR,X8_NR,266,Integrated
Integrated-SelectFromModel (L1-LR selector) + LR,X8_NS,267,Integrated
Integrated-SelectFromModel (L1-LR selector) + LR,X8_NT,268,Integrated
Integrated-SelectFromModel (L1-LR selector) + LR,X8_NV,269,Integrated
Integrated-SelectFromModel (L1-LR selector) + LR,X8_NW,270,Integrated
Integrated-SelectFromModel (L1-LR selector) + LR,X8_NY,271,Integrated
Integrated-SelectFromModel (L1-LR selector) + LR,X8_PA,272,Integrated
Integrated-SelectFromModel (L1-LR selector) + LR,X8_PC,273,Integrated
Integrated-SelectFromModel (L1-LR selector) + LR,X8_PD,274,Integrated
Integrated-SelectFromModel (L1-LR selector) + LR,X8_PE,275,Integrated
Integrated-SelectFromModel (L1-LR selector) + LR,X8_PF,276,Integrated
Integrated-SelectFromModel (L1-LR selector) + LR,X8_PG,277,Integrated
Integrated-SelectFromModel (L1-LR selector) + LR,X8_PH,278,Integrated
Integrated-SelectFromModel (L1-LR selector) + LR,X8_PI,279,Integrated
Integrated-SelectFromModel (L1-LR selector) + LR,X8_PK,280,Integrated
Integrated-SelectFromModel (L1-LR selector) + LR,X8_PL,281,Integrated
Integrated-SelectFromModel (L1-LR selector) + LR,X8_PM,282,Integrated
Integrated-SelectFromModel (L1-LR selector) + LR,X8_PN,283,Integrated
Integrated-SelectFromModel (L1-LR selector) + LR,X8_PP,284,Integrated
Integrated-SelectFromModel (L1-LR selector) + LR,X8_PQ,285,Integrated
Integrated-SelectFromModel (L1-LR selector) + LR,X8_PR,286,Integrated
Integrated-SelectFromModel (L1-LR selector) + LR,X8_PS,287,Integrated
Integrated-SelectFromModel (L1-LR selector) + LR,X8_PT,288,Integrated
Integrated-SelectFromModel (L1-LR selector) + LR,X8_PV,289,Integrated
Integrated-SelectFromModel (L1-LR selector) + LR,X8_PW,290,Integrated
Integrated-SelectFromModel (L1-LR selector) + LR,X8_PY,291,Integrated
Integrated-SelectFromModel (L1-LR selector) + LR,X8_QA,292,Integrated
Integrated-SelectFromModel (L1-LR selector) + LR,X8_QC,293,Integrated
Integrated-SelectFromModel (L1-LR selector) + LR,X8_QD,294,Integrated
Integrated-SelectFromModel (L1-LR selector) + LR,X8_QE,295,Integrated
Integrated-SelectFromModel (L1-LR selector) + LR,X8_QF,296,Integrated
Integrated-SelectFromModel (L1-LR selector) + LR,X8_QG,297,Integrated
Integrated-SelectFromModel (L1-LR selector) + LR,X8_QH,298,Integrated
Integrated-SelectFromModel (L1-LR selector) + LR,X8_QI,299,Integrated
Integrated-SelectFromModel (L1-LR selector) + LR,X8_QK,300,Integrated
Integrated-SelectFromModel (L1-LR selector) + LR,X8_QL,301,Integrated
Integrated-SelectFromModel (L1-LR selector) + LR,X8_QM,302,Integrated
Integrated-SelectFromModel (L1-LR selector) + LR,X8_QN,303,Integrated
Integrated-SelectFromModel (L1-LR selector) + LR,X8_QP,304,Integrated
Integrated-SelectFromModel (L1-LR selector) + LR,X8_QQ,305,Integrated
Integrated-SelectFromModel (L1-LR selector) + LR,X8_QR,306,Integrated
Integrated-SelectFromModel (L1-LR selector) + LR,X8_QS,307,Integrated
Integrated-SelectFromModel (L1-LR selector) + LR,X8_QT,308,Integrated
Integrated-SelectFromModel (L1-LR selector) + LR,X8_QV,309,Integrated
Integrated-SelectFromModel (L1-LR selector) + LR,X8_QW,310,Integrated
Integrated-SelectFromModel (L1-LR selector) + LR,X8_QY,311,Integrated
Integrated-SelectFromModel (L1-LR selector) + LR,X8_RA,312,Integrated
Integrated-SelectFromModel (L1-LR selector) + LR,X8_RC,313,Integrated
Integrated-SelectFromModel (L1-LR selector) + LR,X8_RD,314,Integrated
Integrated-SelectFromModel (L1-LR selector) + LR,X8_RE,315,Integrated
Integrated-SelectFromModel (L1-LR selector) + LR,X8_RF,316,Integrated
Integrated-SelectFromModel (L1-LR selector) + LR,X8_RG,317,Integrated
Integrated-SelectFromModel (L1-LR selector) + LR,X8_RH,318,Integrated
Integrated-SelectFromModel (L1-LR selector) + LR,X8_RI,319,Integrated
Integrated-SelectFromModel (L1-LR selector) + LR,X8_RK,320,Integrated
Integrated-SelectFromModel (L1-LR selector) + LR,X8_RL,321,Integrated
Integrated-SelectFromModel (L1-LR selector) + LR,X8_RM,322,Integrated
Integrated-SelectFromModel (L1-LR selector) + LR,X8_RN,323,Integrated
Integrated-SelectFromModel (L1-LR selector) + LR,X8_RP,324,Integrated
Integrated-SelectFromModel (L1-LR selector) + LR,X8_RR,325,Integrated
Integrated-SelectFromModel (L1-LR selector) + LR,X8_RS,326,Integrated
Integrated-SelectFromModel (L1-LR selector) + LR,X8_RT,327,Integrated
Integrated-SelectFromModel (L1-LR selector) + LR,X8_RV,328,Integrated
Integrated-SelectFromModel (L1-LR selector) + LR,X8_RW,329,Integrated
Integrated-SelectFromModel (L1-LR selector) + LR,X8_RY,330,Integrated
Integrated-SelectFromModel (L1-LR selector) + LR,X8_SA,331,Integrated
Integrated-SelectFromModel (L1-LR selector) + LR,X8_SC,332,Integrated
Integrated-SelectFromModel (L1-LR selector) + LR,X8_SD,333,Integrated
Integrated-SelectFromModel (L1-LR selector) + LR,X8_SE,334,Integrated
Integrated-SelectFromModel (L1-LR selector) + LR,X8_SF,335,Integrated
Integrated-SelectFromModel (L1-LR selector) + LR,X8_SG,336,Integrated
Integrated-SelectFromModel (L1-LR selector) + LR,X8_SH,337,Integrated
Integrated-SelectFromModel (L1-LR selector) + LR,X8_SI,338,Integrated
Integrated-SelectFromModel (L1-LR selector) + LR,X8_SK,339,Integrated
Integrated-SelectFromModel (L1-LR selector) + LR,X8_SL,340,Integrated
Integrated-SelectFromModel (L1-LR selector) + LR,X8_SM,341,Integrated
Integrated-SelectFromModel (L1-LR selector) + LR,X8_SN,342,Integrated
Integrated-SelectFromModel (L1-LR selector) + LR,X8_SP,343,Integrated
Integrated-SelectFromModel (L1-LR selector) + LR,X8_SR,344,Integrated
Integrated-SelectFromModel (L1-LR selector) + LR,X8_SS,345,Integrated
Integrated-SelectFromModel (L1-LR selector) + LR,X8_ST,346,Integrated
Integrated-SelectFromModel (L1-LR selector) + LR,X8_SV,347,Integrated
Integrated-SelectFromModel (L1-LR selector) + LR,X8_SW,348,Integrated
Integrated-SelectFromModel (L1-LR selector) + LR,X8_SY,349,Integrated
Integrated-SelectFromModel (L1-LR selector) + LR,X8_TA,350,Integrated
Integrated-SelectFromModel (L1-LR selector) + LR,X8_TC,351,Integrated
Integrated-SelectFromModel (L1-LR selector) + LR,X8_TD,352,Integrated
Integrated-SelectFromModel (L1-LR selector) + LR,X8_TE,353,Integrated
Integrated-SelectFromModel (L1-LR selector) + LR,X8_TF,354,Integrated
Integrated-SelectFromModel (L1-LR selector) + LR,X8_TG,355,Integrated
Integrated-SelectFromModel (L1-LR selector) + LR,X8_TH,356,Integrated
Integrated-SelectFromModel (L1-LR selector) + LR,X8_TI,357,Integrated
Integrated-SelectFromModel (L1-LR selector) + LR,X8_TK,358,Integrated
Integrated-SelectFromModel (L1-LR selector) + LR,X8_TL,359,Integrated
Integrated-SelectFromModel (L1-LR selector) + LR,X8_TM,360,Integrated
Integrated-SelectFromModel (L1-LR selector) + LR,X8_TN,361,Integrated
Integrated-SelectFromModel (L1-LR selector) + LR,X8_TP,362,Integrated
Integrated-SelectFromModel (L1-LR selector) + LR,X8_TQ,363,Integrated
Integrated-SelectFromModel (L1-LR selector) + LR,X8_TR,364,Integrated
Integrated-SelectFromModel (L1-LR selector) + LR,X8_TS,365,Integrated
Integrated-SelectFromModel (L1-LR selector) + LR,X8_TT,366,Integrated
Integrated-SelectFromModel (L1-LR selector) + LR,X8_TV,367,Integrated
Integrated-SelectFromModel (L1-LR selector) + LR,X8_TW,368,Integrated
Integrated-SelectFromModel (L1-LR selector) + LR,X8_TY,369,Integrated
Integrated-SelectFromModel (L1-LR selector) + LR,X8_VA,370,Integrated
Integrated-SelectFromModel (L1-LR selector) + LR,X8_VC,371,Integrated
Integrated-SelectFromModel (L1-LR selector) + LR,X8_VD,372,Integrated
Integrated-SelectFromModel (L1-LR selector) + LR,X8_VE,373,Integrated
Integrated-SelectFromModel (L1-LR selector) + LR,X8_VF,374,Integrated
Integrated-SelectFromModel (L1-LR selector) + LR,X8_VG,375,Integrated
Integrated-SelectFromModel (L1-LR selector) + LR,X8_VH,376,Integrated
Integrated-SelectFromModel (L1-LR selector) + LR,X8_VI,377,Integrated
Integrated-SelectFromModel (L1-LR selector) + LR,X8_VK,378,Integrated
Integrated-SelectFromModel (L1-LR selector) + LR,X8_VL,379,Integrated
Integrated-SelectFromModel (L1-LR selector) + LR,X8_VM,380,Integrated
Integrated-SelectFromModel (L1-LR selector) + LR,X8_VP,381,Integrated
Integrated-SelectFromModel (L1-LR selector) + LR,X8_VQ,382,Integrated
Integrated-SelectFromModel (L1-LR selector) + LR,X8_VR,383,Integrated
Integrated-SelectFromModel (L1-LR selector) + LR,X8_VS,384,Integrated
Integrated-SelectFromModel (L1-LR selector) + LR,X8_VT,385,Integrated
Integrated-SelectFromModel (L1-LR selector) + LR,X8_VV,386,Integrated
Integrated-SelectFromModel (L1-LR selector) + LR,X8_VW,387,Integrated
Integrated-SelectFromModel (L1-LR selector) + LR,X8_VY,388,Integrated
Integrated-SelectFromModel (L1-LR selector) + LR,X8_WA,389,Integrated
Integrated-SelectFromModel (L1-LR selector) + LR,X8_WC,390,Integrated
Integrated-SelectFromModel (L1-LR selector) + LR,X8_WD,391,Integrated
Integrated-SelectFromModel (L1-LR selector) + LR,X8_WE,392,Integrated
Integrated-SelectFromModel (L1-LR selector) + LR,X8_WF,393,Integrated
Integrated-SelectFromModel (L1-LR selector) + LR,X8_WG,394,Integrated
Integrated-SelectFromModel (L1-LR selector) + LR,X8_WH,395,Integrated
Integrated-SelectFromModel (L1-LR selector) + LR,X8_WI,396,Integrated
Integrated-SelectFromModel (L1-LR selector) + LR,X8_WK,397,Integrated
Integrated-SelectFromModel (L1-LR selector) + LR,X8_WL,398,Integrated
Integrated-SelectFromModel (L1-LR selector) + LR,X8_WM,399,Integrated
Integrated-SelectFromModel (L1-LR selector) + LR,X8_WN,400,Integrated
Integrated-SelectFromModel (L1-LR selector) + LR,X8_WP,401,Integrated
Integrated-SelectFromModel (L1-LR selector) + LR,X8_WQ,402,Integrated
Integrated-SelectFromModel (L1-LR selector) + LR,X8_WR,403,Integrated
Integrated-SelectFromModel (L1-LR selector) + LR,X8_WS,404,Integrated
Integrated-SelectFromModel (L1-LR selector) + LR,X8_WT,405,Integrated
Integrated-SelectFromModel (L1-LR selector) + LR,X8_WV,406,Integrated
Integrated-SelectFromModel (L1-LR selector) + LR,X8_WW,407,Integrated
Integrated-SelectFromModel (L1-LR selector) + LR,X8_WY,408,Integrated
Integrated-SelectFromModel (L1-LR selector) + LR,X8_YA,409,Integrated
Integrated-SelectFromModel (L1-LR selector) + LR,X8_YC,410,Integrated
Integrated-SelectFromModel (L1-LR selector) + LR,X8_YD,411,Integrated
Integrated-SelectFromModel (L1-LR selector) + LR,X8_YE,412,Integrated
Integrated-SelectFromModel (L1-LR selector) + LR,X8_YF,413,Integrated
Integrated-SelectFromModel (L1-LR selector) + LR,X8_YG,414,Integrated
Integrated-SelectFromModel (L1-LR selector) + LR,X8_YH,415,Integrated
Integrated-SelectFromModel (L1-LR selector) + LR,X8_YI,416,Integrated
Integrated-SelectFromModel (L1-LR selector) + LR,X8_YK,417,Integrated
Integrated-SelectFromModel (L1-LR selector) + LR,X8_YL,418,Integrated
Integrated-SelectFromModel (L1-LR selector) + LR,X8_YM,419,Integrated
Integrated-SelectFromModel (L1-LR selector) + LR,X8_YN,420,Integrated
Integrated-SelectFromModel (L1-LR selector) + LR,X8_YP,421,Integrated
Integrated-SelectFromModel (L1-LR selector) + LR,X8_YQ,422,Integrated
Integrated-SelectFromModel (L1-LR selector) + LR,X8_YR,423,Integrated
Integrated-SelectFromModel (L1-LR selector) + LR,X8_YS,424,Integrated
Integrated-SelectFromModel (L1-LR selector) + LR,X8_YT,425,Integrated
Integrated-SelectFromModel (L1-LR selector) + LR,X8_YW,426,Integrated
Integrated-SelectFromModel (L1-LR selector) + LR,X8_YY,427,Integrated
Integrated-SelectFromModel (L1-LR selector) + LR,acidic_group,428,Integrated
Integrated-SelectFromModel (L1-LR selector) + LR,charged_group,429,Integrated
Integrated-SelectFromModel (L1-LR selector) + LR,hydrophobic_moment,430,Integrated
Integrated-SelectFromModel (L1-LR selector) + LR,instability_index,431,Integrated
Integrated-SelectFromModel (L1-LR selector) + LR,isoelectric_point,432,Integrated
Integrated-SelectFromModel (L1-LR selector) + LR,peptide_len,433,Integrated
Integrated-SelectFromModel (L1-LR selector) + SVM,X4_A,1,Integrated
Integrated-SelectFromModel (L1-LR selector) + SVM,X4_C,2,Integrated
Integrated-SelectFromModel (L1-LR selector) + SVM,X4_D,3,Integrated
Integrated-SelectFromModel (L1-LR selector) + SVM,X4_E,4,Integrated
Integrated-SelectFromModel (L1-LR selector) + SVM,X4_F,5,Integrated
Integrated-SelectFromModel (L1-LR selector) + SVM,X4_G,6,Integrated
Integrated-SelectFromModel (L1-LR selector) + SVM,X4_H,7,Integrated
Integrated-SelectFromModel (L1-LR selector) + SVM,X4_I,8,Integrated
Integrated-SelectFromModel (L1-LR selector) + SVM,X4_K,9,Integrated
Integrated-SelectFromModel (L1-LR selector) + SVM,X4_L,10,Integrated
Integrated-SelectFromModel (L1-LR selector) + SVM,X4_M,11,Integrated
Integrated-SelectFromModel (L1-LR selector) + SVM,X4_N,12,Integrated
Integrated-SelectFromModel (L1-LR selector) + SVM,X4_P,13,Integrated
Integrated-SelectFromModel (L1-LR selector) + SVM,X4_Q,14,Integrated
Integrated-SelectFromModel (L1-LR selector) + SVM,X4_R,15,Integrated
Integrated-SelectFromModel (L1-LR selector) + SVM,X4_S,16,Integrated
Integrated-SelectFromModel (L1-LR selector) + SVM,X4_T,17,Integrated
Integrated-SelectFromModel (L1-LR selector) + SVM,X4_V,18,Integrated
Integrated-SelectFromModel (L1-LR selector) + SVM,X4_W,19,Integrated
Integrated-SelectFromModel (L1-LR selector) + SVM,X4_Y,20,Integrated
Integrated-SelectFromModel (L1-LR selector) + SVM,X5_A,21,Integrated
Integrated-SelectFromModel (L1-LR selector) + SVM,X5_C,22,Integrated
Integrated-SelectFromModel (L1-LR selector) + SVM,X5_D,23,Integrated
Integrated-SelectFromModel (L1-LR selector) + SVM,X5_E,24,Integrated
Integrated-SelectFromModel (L1-LR selector) + SVM,X5_F,25,Integrated
Integrated-SelectFromModel (L1-LR selector) + SVM,X5_G,26,Integrated
Integrated-SelectFromModel (L1-LR selector) + SVM,X5_H,27,Integrated
Integrated-SelectFromModel (L1-LR selector) + SVM,X5_I,28,Integrated
Integrated-SelectFromModel (L1-LR selector) + SVM,X5_K,29,Integrated
Integrated-SelectFromModel (L1-LR selector) + SVM,X5_L,30,Integrated
Integrated-SelectFromModel (L1-LR selector) + SVM,X5_M,31,Integrated
Integrated-SelectFromModel (L1-LR selector) + SVM,X5_N,32,Integrated
Integrated-SelectFromModel (L1-LR selector) + SVM,X5_P,33,Integrated
Integrated-SelectFromModel (L1-LR selector) + SVM,X5_Q,34,Integrated
Integrated-SelectFromModel (L1-LR selector) + SVM,X5_R,35,Integrated
Integrated-SelectFromModel (L1-LR selector) + SVM,X5_S,36,Integrated
Integrated-SelectFromModel (L1-LR selector) + SVM,X5_T,37,Integrated
Integrated-SelectFromModel (L1-LR selector) + SVM,X5_W,38,Integrated
Integrated-SelectFromModel (L1-LR selector) + SVM,X5_Y,39,Integrated
Integrated-SelectFromModel (L1-LR selector) + SVM,X8_AA,40,Integrated
Integrated-SelectFromModel (L1-LR selector) + SVM,X8_AC,41,Integrated
Integrated-SelectFromModel (L1-LR selector) + SVM,X8_AD,42,Integrated
Integrated-SelectFromModel (L1-LR selector) + SVM,X8_AE,43,Integrated
Integrated-SelectFromModel (L1-LR selector) + SVM,X8_AF,44,Integrated
Integrated-SelectFromModel (L1-LR selector) + SVM,X8_AG,45,Integrated
Integrated-SelectFromModel (L1-LR selector) + SVM,X8_AH,46,Integrated
Integrated-SelectFromModel (L1-LR selector) + SVM,X8_AK,47,Integrated
Integrated-SelectFromModel (L1-LR selector) + SVM,X8_AL,48,Integrated
Integrated-SelectFromModel (L1-LR selector) + SVM,X8_AM,49,Integrated
Integrated-SelectFromModel (L1-LR selector) + SVM,X8_AN,50,Integrated
Integrated-SelectFromModel (L1-LR selector) + SVM,X8_AP,51,Integrated
Integrated-SelectFromModel (L1-LR selector) + SVM,X8_AQ,52,Integrated
Integrated-SelectFromModel (L1-LR selector) + SVM,X8_AR,53,Integrated
Integrated-SelectFromModel (L1-LR selector) + SVM,X8_AS,54,Integrated
Integrated-SelectFromModel (L1-LR selector) + SVM,X8_AT,55,Integrated
Integrated-SelectFromModel (L1-LR selector) + SVM,X8_AV,56,Integrated
Integrated-SelectFromModel (L1-LR selector) + SVM,X8_AW,57,Integrated
Integrated-SelectFromModel (L1-LR selector) + SVM,X8_AY,58,Integrated
Integrated-SelectFromModel (L1-LR selector) + SVM,X8_CA,59,Integrated
Integrated-SelectFromModel (L1-LR selector) + SVM,X8_CC,60,Integrated
Integrated-SelectFromModel (L1-LR selector) + SVM,X8_CD,61,Integrated
Integrated-SelectFromModel (L1-LR selector) + SVM,X8_CE,62,Integrated
Integrated-SelectFromModel (L1-LR selector) + SVM,X8_CF,63,Integrated
Integrated-SelectFromModel (L1-LR selector) + SVM,X8_CG,64,Integrated
Integrated-SelectFromModel (L1-LR selector) + SVM,X8_CH,65,Integrated
Integrated-SelectFromModel (L1-LR selector) + SVM,X8_CI,66,Integrated
Integrated-SelectFromModel (L1-LR selector) + SVM,X8_CK,67,Integrated
Integrated-SelectFromModel (L1-LR selector) + SVM,X8_CL,68,Integrated
Integrated-SelectFromModel (L1-LR selector) + SVM,X8_CM,69,Integrated
Integrated-SelectFromModel (L1-LR selector) + SVM,X8_CN,70,Integrated
Integrated-SelectFromModel (L1-LR selector) + SVM,X8_CP,71,Integrated
Integrated-SelectFromModel (L1-LR selector) + SVM,X8_CQ,72,Integrated
Integrated-SelectFromModel (L1-LR selector) + SVM,X8_CR,73,Integrated
Integrated-SelectFromModel (L1-LR selector) + SVM,X8_CS,74,Integrated
Integrated-SelectFromModel (L1-LR selector) + SVM,X8_CT,75,Integrated
Integrated-SelectFromModel (L1-LR selector) + SVM,X8_CV,76,Integrated
Integrated-SelectFromModel (L1-LR selector) + SVM,X8_CW,77,Integrated
Integrated-SelectFromModel (L1-LR selector) + SVM,X8_CY,78,Integrated
Integrated-SelectFromModel (L1-LR selector) + SVM,X8_DC,79,Integrated
Integrated-SelectFromModel (L1-LR selector) + SVM,X8_DD,80,Integrated
Integrated-SelectFromModel (L1-LR selector) + SVM,X8_DE,81,Integrated
Integrated-SelectFromModel (L1-LR selector) + SVM,X8_DF,82,Integrated
Integrated-SelectFromModel (L1-LR selector) + SVM,X8_DG,83,Integrated
Integrated-SelectFromModel (L1-LR selector) + SVM,X8_DH,84,Integrated
Integrated-SelectFromModel (L1-LR selector) + SVM,X8_DI,85,Integrated
Integrated-SelectFromModel (L1-LR selector) + SVM,X8_DK,86,Integrated
Integrated-SelectFromModel (L1-LR selector) + SVM,X8_DL,87,Integrated
Integrated-SelectFromModel (L1-LR selector) + SVM,X8_DM,88,Integrated
Integrated-SelectFromModel (L1-LR selector) + SVM,X8_DN,89,Integrated
Integrated-SelectFromModel (L1-LR selector) + SVM,X8_DP,90,Integrated
Integrated-SelectFromModel (L1-LR selector) + SVM,X8_DQ,91,Integrated
Integrated-SelectFromModel (L1-LR selector) + SVM,X8_DS,92,Integrated
Integrated-SelectFromModel (L1-LR selector) + SVM,X8_DT,93,Integrated
Integrated-SelectFromModel (L1-LR selector) + SVM,X8_DV,94,Integrated
Integrated-SelectFromModel (L1-LR selector) + SVM,X8_DW,95,Integrated
Integrated-SelectFromModel (L1-LR selector) + SVM,X8_DY,96,Integrated
Integrated-SelectFromModel (L1-LR selector) + SVM,X8_EA,97,Integrated
Integrated-SelectFromModel (L1-LR selector) + SVM,X8_EC,98,Integrated
Integrated-SelectFromModel (L1-LR selector) + SVM,X8_ED,99,Integrated
Integrated-SelectFromModel (L1-LR selector) + SVM,X8_EE,100,Integrated
Integrated-SelectFromModel (L1-LR selector) + SVM,X8_EF,101,Integrated
Integrated-SelectFromModel (L1-LR selector) + SVM,X8_EG,102,Integrated
Integrated-SelectFromModel (L1-LR selector) + SVM,X8_EI,103,Integrated
Integrated-SelectFromModel (L1-LR selector) + SVM,X8_EK,104,Integrated
Integrated-SelectFromModel (L1-LR selector) + SVM,X8_EL,105,Integrated
Integrated-SelectFromModel (L1-LR selector) + SVM,X8_EM,106,Integrated
Integrated-SelectFromModel (L1-LR selector) + SVM,X8_EN,107,Integrated
Integrated-SelectFromModel (L1-LR selector) + SVM,X8_EP,108,Integrated
Integrated-SelectFromModel (L1-LR selector) + SVM,X8_EQ,109,Integrated
Integrated-SelectFromModel (L1-LR selector) + SVM,X8_ER,110,Integrated
Integrated-SelectFromModel (L1-LR selector) + SVM,X8_ES,111,Integrated
Integrated-SelectFromModel (L1-LR selector) + SVM,X8_ET,112,Integrated
Integrated-SelectFromModel (L1-LR selector) + SVM,X8_EV,113,Integrated
Integrated-SelectFromModel (L1-LR selector) + SVM,X8_EW,114,Integrated
Integrated-SelectFromModel (L1-LR selector) + SVM,X8_EY,115,Integrated
Integrated-SelectFromModel (L1-LR selector) + SVM,X8_FA,116,Integrated
Integrated-SelectFromModel (L1-LR selector) + SVM,X8_FC,117,Integrated
Integrated-SelectFromModel (L1-LR selector) + SVM,X8_FD,118,Integrated
Integrated-SelectFromModel (L1-LR selector) + SVM,X8_FE,119,Integrated
Integrated-SelectFromModel (L1-LR selector) + SVM,X8_FF,120,Integrated
Integrated-SelectFromModel (L1-LR selector) + SVM,X8_FG,121,Integrated
Integrated-SelectFromModel (L1-LR selector) + SVM,X8_FH,122,Integrated
Integrated-SelectFromModel (L1-LR selector) + SVM,X8_FI,123,Integrated
Integrated-SelectFromModel (L1-LR selector) + SVM,X8_FK,124,Integrated
Integrated-SelectFromModel (L1-LR selector) + SVM,X8_FL,125,Integrated
Integrated-SelectFromModel (L1-LR selector) + SVM,X8_FM,126,Integrated
Integrated-SelectFromModel (L1-LR selector) + SVM,X8_FN,127,Integrated
Integrated-SelectFromModel (L1-LR selector) + SVM,X8_FP,128,Integrated
Integrated-SelectFromModel (L1-LR selector) + SVM,X8_FQ,129,Integrated
Integrated-SelectFromModel (L1-LR selector) + SVM,X8_FR,130,Integrated
Integrated-SelectFromModel (L1-LR selector) + SVM,X8_FS,131,Integrated
Integrated-SelectFromModel (L1-LR selector) + SVM,X8_FT,132,Integrated
Integrated-SelectFromModel (L1-LR selector) + SVM,X8_FV,133,Integrated
Integrated-SelectFromModel (L1-LR selector) + SVM,X8_FW,134,Integrated
Integrated-SelectFromModel (L1-LR selector) + SVM,X8_FY,135,Integrated
Integrated-SelectFromModel (L1-LR selector) + SVM,X8_GA,136,Integrated
Integrated-SelectFromModel (L1-LR selector) + SVM,X8_GC,137,Integrated
Integrated-SelectFromModel (L1-LR selector) + SVM,X8_GD,138,Integrated
Integrated-SelectFromModel (L1-LR selector) + SVM,X8_GE,139,Integrated
Integrated-SelectFromModel (L1-LR selector) + SVM,X8_GF,140,Integrated
Integrated-SelectFromModel (L1-LR selector) + SVM,X8_GG,141,Integrated
Integrated-SelectFromModel (L1-LR selector) + SVM,X8_GH,142,Integrated
Integrated-SelectFromModel (L1-LR selector) + SVM,X8_GI,143,Integrated
Integrated-SelectFromModel (L1-LR selector) + SVM,X8_GK,144,Integrated
Integrated-SelectFromModel (L1-LR selector) + SVM,X8_GL,145,Integrated
Integrated-SelectFromModel (L1-LR selector) + SVM,X8_GM,146,Integrated
Integrated-SelectFromModel (L1-LR selector) + SVM,X8_GN,147,Integrated
Integrated-SelectFromModel (L1-LR selector) + SVM,X8_GP,148,Integrated
Integrated-SelectFromModel (L1-LR selector) + SVM,X8_GQ,149,Integrated
Integrated-SelectFromModel (L1-LR selector) + SVM,X8_GR,150,Integrated
Integrated-SelectFromModel (L1-LR selector) + SVM,X8_GS,151,Integrated
Integrated-SelectFromModel (L1-LR selector) + SVM,X8_GT,152,Integrated
Integrated-SelectFromModel (L1-LR selector) + SVM,X8_GV,153,Integrated
Integrated-SelectFromModel (L1-LR selector) + SVM,X8_GW,154,Integrated
Integrated-SelectFromModel (L1-LR selector) + SVM,X8_GY,155,Integrated
Integrated-SelectFromModel (L1-LR selector) + SVM,X8_HA,156,Integrated
Integrated-SelectFromModel (L1-LR selector) + SVM,X8_HD,157,Integrated
Integrated-SelectFromModel (L1-LR selector) + SVM,X8_HE,158,Integrated
Integrated-SelectFromModel (L1-LR selector) + SVM,X8_HF,159,Integrated
Integrated-SelectFromModel (L1-LR selector) + SVM,X8_HG,160,Integrated
Integrated-SelectFromModel (L1-LR selector) + SVM,X8_HH,161,Integrated
Integrated-SelectFromModel (L1-LR selector) + SVM,X8_HK,162,Integrated
Integrated-SelectFromModel (L1-LR selector) + SVM,X8_HL,163,Integrated
Integrated-SelectFromModel (L1-LR selector) + SVM,X8_HM,164,Integrated
Integrated-SelectFromModel (L1-LR selector) + SVM,X8_HN,165,Integrated
Integrated-SelectFromModel (L1-LR selector) + SVM,X8_HP,166,Integrated
Integrated-SelectFromModel (L1-LR selector) + SVM,X8_HQ,167,Integrated
Integrated-SelectFromModel (L1-LR selector) + SVM,X8_HR,168,Integrated
Integrated-SelectFromModel (L1-LR selector) + SVM,X8_HS,169,Integrated
Integrated-SelectFromModel (L1-LR selector) + SVM,X8_HT,170,Integrated
Integrated-SelectFromModel (L1-LR selector) + SVM,X8_HV,171,Integrated
Integrated-SelectFromModel (L1-LR selector) + SVM,X8_HW,172,Integrated
Integrated-SelectFromModel (L1-LR selector) + SVM,X8_HY,173,Integrated
Integrated-SelectFromModel (L1-LR selector) + SVM,X8_IA,174,Integrated
Integrated-SelectFromModel (L1-LR selector) + SVM,X8_IC,175,Integrated
Integrated-SelectFromModel (L1-LR selector) + SVM,X8_ID,176,Integrated
Integrated-SelectFromModel (L1-LR selector) + SVM,X8_IE,177,Integrated
Integrated-SelectFromModel (L1-LR selector) + SVM,X8_IF,178,Integrated
Integrated-SelectFromModel (L1-LR selector) + SVM,X8_IG,179,Integrated
Integrated-SelectFromModel (L1-LR selector) + SVM,X8_IH,180,Integrated
Integrated-SelectFromModel (L1-LR selector) + SVM,X8_II,181,Integrated
Integrated-SelectFromModel (L1-LR selector) + SVM,X8_IK,182,Integrated
Integrated-SelectFromModel (L1-LR selector) + SVM,X8_IL,183,Integrated
Integrated-SelectFromModel (L1-LR selector) + SVM,X8_IM,184,Integrated
Integrated-SelectFromModel (L1-LR selector) + SVM,X8_IN,185,Integrated
Integrated-SelectFromModel (L1-LR selector) + SVM,X8_IP,186,Integrated
Integrated-SelectFromModel (L1-LR selector) + SVM,X8_IQ,187,Integrated
Integrated-SelectFromModel (L1-LR selector) + SVM,X8_IR,188,Integrated
Integrated-SelectFromModel (L1-LR selector) + SVM,X8_IS,189,Integrated
Integrated-SelectFromModel (L1-LR selector) + SVM,X8_IT,190,Integrated
Integrated-SelectFromModel (L1-LR selector) + SVM,X8_IV,191,Integrated
Integrated-SelectFromModel (L1-LR selector) + SVM,X8_IW,192,Integrated
Integrated-SelectFromModel (L1-LR selector) + SVM,X8_IY,193,Integrated
Integrated-SelectFromModel (L1-LR selector) + SVM,X8_KA,194,Integrated
Integrated-SelectFromModel (L1-LR selector) + SVM,X8_KC,195,Integrated
Integrated-SelectFromModel (L1-LR selector) + SVM,X8_KD,196,Integrated
Integrated-SelectFromModel (L1-LR selector) + SVM,X8_KE,197,Integrated
Integrated-SelectFromModel (L1-LR selector) + SVM,X8_KF,198,Integrated
Integrated-SelectFromModel (L1-LR selector) + SVM,X8_KG,199,Integrated
Integrated-SelectFromModel (L1-LR selector) + SVM,X8_KI,200,Integrated
Integrated-SelectFromModel (L1-LR selector) + SVM,X8_KK,201,Integrated
Integrated-SelectFromModel (L1-LR selector) + SVM,X8_KL,202,Integrated
Integrated-SelectFromModel (L1-LR selector) + SVM,X8_KM,203,Integrated
Integrated-SelectFromModel (L1-LR selector) + SVM,X8_KN,204,Integrated
Integrated-SelectFromModel (L1-LR selector) + SVM,X8_KP,205,Integrated
Integrated-SelectFromModel (L1-LR selector) + SVM,X8_KQ,206,Integrated
Integrated-SelectFromModel (L1-LR selector) + SVM,X8_KR,207,Integrated
Integrated-SelectFromModel (L1-LR selector) + SVM,X8_KS,208,Integrated
Integrated-SelectFromModel (L1-LR selector) + SVM,X8_KV,209,Integrated
Integrated-SelectFromModel (L1-LR selector) + SVM,X8_KW,210,Integrated
Integrated-SelectFromModel (L1-LR selector) + SVM,X8_KY,211,Integrated
Integrated-SelectFromModel (L1-LR selector) + SVM,X8_LA,212,Integrated
Integrated-SelectFromModel (L1-LR selector) + SVM,X8_LC,213,Integrated
Integrated-SelectFromModel (L1-LR selector) + SVM,X8_LD,214,Integrated
Integrated-SelectFromModel (L1-LR selector) + SVM,X8_LE,215,Integrated
Integrated-SelectFromModel (L1-LR selector) + SVM,X8_LF,216,Integrated
Integrated-SelectFromModel (L1-LR selector) + SVM,X8_LG,217,Integrated
Integrated-SelectFromModel (L1-LR selector) + SVM,X8_LH,218,Integrated
Integrated-SelectFromModel (L1-LR selector) + SVM,X8_LI,219,Integrated
Integrated-SelectFromModel (L1-LR selector) + SVM,X8_LK,220,Integrated
Integrated-SelectFromModel (L1-LR selector) + SVM,X8_LL,221,Integrated
Integrated-SelectFromModel (L1-LR selector) + SVM,X8_LM,222,Integrated
Integrated-SelectFromModel (L1-LR selector) + SVM,X8_LN,223,Integrated
Integrated-SelectFromModel (L1-LR selector) + SVM,X8_LP,224,Integrated
Integrated-SelectFromModel (L1-LR selector) + SVM,X8_LQ,225,Integrated
Integrated-SelectFromModel (L1-LR selector) + SVM,X8_LR,226,Integrated
Integrated-SelectFromModel (L1-LR selector) + SVM,X8_LS,227,Integrated
Integrated-SelectFromModel (L1-LR selector) + SVM,X8_LT,228,Integrated
Integrated-SelectFromModel (L1-LR selector) + SVM,X8_LV,229,Integrated
Integrated-SelectFromModel (L1-LR selector) + SVM,X8_LW,230,Integrated
Integrated-SelectFromModel (L1-LR selector) + SVM,X8_LY,231,Integrated
Integrated-SelectFromModel (L1-LR selector) + SVM,X8_MA,232,Integrated
Integrated-SelectFromModel (L1-LR selector) + SVM,X8_MC,233,Integrated
Integrated-SelectFromModel (L1-LR selector) + SVM,X8_MD,234,Integrated
Integrated-SelectFromModel (L1-LR selector) + SVM,X8_ME,235,Integrated
Integrated-SelectFromModel (L1-LR selector) + SVM,X8_MF,236,Integrated
Integrated-SelectFromModel (L1-LR selector) + SVM,X8_MG,237,Integrated
Integrated-SelectFromModel (L1-LR selector) + SVM,X8_MH,238,Integrated
Integrated-SelectFromModel (L1-LR selector) + SVM,X8_MI,239,Integrated
Integrated-SelectFromModel (L1-LR selector) + SVM,X8_MK,240,Integrated
Integrated-SelectFromModel (L1-LR selector) + SVM,X8_ML,241,Integrated
Integrated-SelectFromModel (L1-LR selector) + SVM,X8_MM,242,Integrated
Integrated-SelectFromModel (L1-LR selector) + SVM,X8_MN,243,Integrated
Integrated-SelectFromModel (L1-LR selector) + SVM,X8_MP,244,Integrated
Integrated-SelectFromModel (L1-LR selector) + SVM,X8_MQ,245,Integrated
Integrated-SelectFromModel (L1-LR selector) + SVM,X8_MR,246,Integrated
Integrated-SelectFromModel (L1-LR selector) + SVM,X8_MS,247,Integrated
Integrated-SelectFromModel (L1-LR selector) + SVM,X8_MT,248,Integrated
Integrated-SelectFromModel (L1-LR selector) + SVM,X8_MV,249,Integrated
Integrated-SelectFromModel (L1-LR selector) + SVM,X8_MW,250,Integrated
Integrated-SelectFromModel (L1-LR selector) + SVM,X8_MY,251,Integrated
Integrated-SelectFromModel (L1-LR selector) + SVM,X8_NA,252,Integrated
Integrated-SelectFromModel (L1-LR selector) + SVM,X8_NC,253,Integrated
Integrated-SelectFromModel (L1-LR selector) + SVM,X8_ND,254,Integrated
Integrated-SelectFromModel (L1-LR selector) + SVM,X8_NE,255,Integrated
Integrated-SelectFromModel (L1-LR selector) + SVM,X8_NF,256,Integrated
Integrated-SelectFromModel (L1-LR selector) + SVM,X8_NG,257,Integrated
Integrated-SelectFromModel (L1-LR selector) + SVM,X8_NH,258,Integrated
Integrated-SelectFromModel (L1-LR selector) + SVM,X8_NI,259,Integrated
Integrated-SelectFromModel (L1-LR selector) + SVM,X8_NK,260,Integrated
Integrated-SelectFromModel (L1-LR selector) + SVM,X8_NL,261,Integrated
Integrated-SelectFromModel (L1-LR selector) + SVM,X8_NM,262,Integrated
Integrated-SelectFromModel (L1-LR selector) + SVM,X8_NN,263,Integrated
Integrated-SelectFromModel (L1-LR selector) + SVM,X8_NP,264,Integrated
Integrated-SelectFromModel (L1-LR selector) + SVM,X8_NQ,265,Integrated
Integrated-SelectFromModel (L1-LR selector) + SVM,X8_NR,266,Integrated
Integrated-SelectFromModel (L1-LR selector) + SVM,X8_NS,267,Integrated
Integrated-SelectFromModel (L1-LR selector) + SVM,X8_NT,268,Integrated
Integrated-SelectFromModel (L1-LR selector) + SVM,X8_NV,269,Integrated
Integrated-SelectFromModel (L1-LR selector) + SVM,X8_NW,270,Integrated
Integrated-SelectFromModel (L1-LR selector) + SVM,X8_NY,271,Integrated
Integrated-SelectFromModel (L1-LR selector) + SVM,X8_PA,272,Integrated
Integrated-SelectFromModel (L1-LR selector) + SVM,X8_PC,273,Integrated
Integrated-SelectFromModel (L1-LR selector) + SVM,X8_PD,274,Integrated
Integrated-SelectFromModel (L1-LR selector) + SVM,X8_PE,275,Integrated
Integrated-SelectFromModel (L1-LR selector) + SVM,X8_PF,276,Integrated
Integrated-SelectFromModel (L1-LR selector) + SVM,X8_PG,277,Integrated
Integrated-SelectFromModel (L1-LR selector) + SVM,X8_PH,278,Integrated
Integrated-SelectFromModel (L1-LR selector) + SVM,X8_PI,279,Integrated
Integrated-SelectFromModel (L1-LR selector) + SVM,X8_PK,280,Integrated
Integrated-SelectFromModel (L1-LR selector) + SVM,X8_PL,281,Integrated
Integrated-SelectFromModel (L1-LR selector) + SVM,X8_PM,282,Integrated
Integrated-SelectFromModel (L1-LR selector) + SVM,X8_PN,283,Integrated
Integrated-SelectFromModel (L1-LR selector) + SVM,X8_PP,284,Integrated
Integrated-SelectFromModel (L1-LR selector) + SVM,X8_PQ,285,Integrated
Integrated-SelectFromModel (L1-LR selector) + SVM,X8_PR,286,Integrated
Integrated-SelectFromModel (L1-LR selector) + SVM,X8_PS,287,Integrated
Integrated-SelectFromModel (L1-LR selector) + SVM,X8_PT,288,Integrated
Integrated-SelectFromModel (L1-LR selector) + SVM,X8_PV,289,Integrated
Integrated-SelectFromModel (L1-LR selector) + SVM,X8_PW,290,Integrated
Integrated-SelectFromModel (L1-LR selector) + SVM,X8_PY,291,Integrated
Integrated-SelectFromModel (L1-LR selector) + SVM,X8_QA,292,Integrated
Integrated-SelectFromModel (L1-LR selector) + SVM,X8_QC,293,Integrated
Integrated-SelectFromModel (L1-LR selector) + SVM,X8_QD,294,Integrated
Integrated-SelectFromModel (L1-LR selector) + SVM,X8_QE,295,Integrated
Integrated-SelectFromModel (L1-LR selector) + SVM,X8_QF,296,Integrated
Integrated-SelectFromModel (L1-LR selector) + SVM,X8_QG,297,Integrated
Integrated-SelectFromModel (L1-LR selector) + SVM,X8_QH,298,Integrated
Integrated-SelectFromModel (L1-LR selector) + SVM,X8_QI,299,Integrated
Integrated-SelectFromModel (L1-LR selector) + SVM,X8_QK,300,Integrated
Integrated-SelectFromModel (L1-LR selector) + SVM,X8_QL,301,Integrated
Integrated-SelectFromModel (L1-LR selector) + SVM,X8_QM,302,Integrated
Integrated-SelectFromModel (L1-LR selector) + SVM,X8_QN,303,Integrated
Integrated-SelectFromModel (L1-LR selector) + SVM,X8_QP,304,Integrated
Integrated-SelectFromModel (L1-LR selector) + SVM,X8_QQ,305,Integrated
Integrated-SelectFromModel (L1-LR selector) + SVM,X8_QR,306,Integrated
Integrated-SelectFromModel (L1-LR selector) + SVM,X8_QS,307,Integrated
Integrated-SelectFromModel (L1-LR selector) + SVM,X8_QT,308,Integrated
Integrated-SelectFromModel (L1-LR selector) + SVM,X8_QV,309,Integrated
Integrated-SelectFromModel (L1-LR selector) + SVM,X8_QW,310,Integrated
Integrated-SelectFromModel (L1-LR selector) + SVM,X8_QY,311,Integrated
Integrated-SelectFromModel (L1-LR selector) + SVM,X8_RA,312,Integrated
Integrated-SelectFromModel (L1-LR selector) + SVM,X8_RC,313,Integrated
Integrated-SelectFromModel (L1-LR selector) + SVM,X8_RD,314,Integrated
Integrated-SelectFromModel (L1-LR selector) + SVM,X8_RE,315,Integrated
Integrated-SelectFromModel (L1-LR selector) + SVM,X8_RF,316,Integrated
Integrated-SelectFromModel (L1-LR selector) + SVM,X8_RG,317,Integrated
Integrated-SelectFromModel (L1-LR selector) + SVM,X8_RH,318,Integrated
Integrated-SelectFromModel (L1-LR selector) + SVM,X8_RI,319,Integrated
Integrated-SelectFromModel (L1-LR selector) + SVM,X8_RK,320,Integrated
Integrated-SelectFromModel (L1-LR selector) + SVM,X8_RL,321,Integrated
Integrated-SelectFromModel (L1-LR selector) + SVM,X8_RM,322,Integrated
Integrated-SelectFromModel (L1-LR selector) + SVM,X8_RN,323,Integrated
Integrated-SelectFromModel (L1-LR selector) + SVM,X8_RP,324,Integrated
Integrated-SelectFromModel (L1-LR selector) + SVM,X8_RR,325,Integrated
Integrated-SelectFromModel (L1-LR selector) + SVM,X8_RS,326,Integrated
Integrated-SelectFromModel (L1-LR selector) + SVM,X8_RT,327,Integrated
Integrated-SelectFromModel (L1-LR selector) + SVM,X8_RV,328,Integrated
Integrated-SelectFromModel (L1-LR selector) + SVM,X8_RW,329,Integrated
Integrated-SelectFromModel (L1-LR selector) + SVM,X8_RY,330,Integrated
Integrated-SelectFromModel (L1-LR selector) + SVM,X8_SA,331,Integrated
Integrated-SelectFromModel (L1-LR selector) + SVM,X8_SC,332,Integrated
Integrated-SelectFromModel (L1-LR selector) + SVM,X8_SD,333,Integrated
Integrated-SelectFromModel (L1-LR selector) + SVM,X8_SE,334,Integrated
Integrated-SelectFromModel (L1-LR selector) + SVM,X8_SF,335,Integrated
Integrated-SelectFromModel (L1-LR selector) + SVM,X8_SG,336,Integrated
Integrated-SelectFromModel (L1-LR selector) + SVM,X8_SH,337,Integrated
Integrated-SelectFromModel (L1-LR selector) + SVM,X8_SI,338,Integrated
Integrated-SelectFromModel (L1-LR selector) + SVM,X8_SK,339,Integrated
Integrated-SelectFromModel (L1-LR selector) + SVM,X8_SL,340,Integrated
Integrated-SelectFromModel (L1-LR selector) + SVM,X8_SM,341,Integrated
Integrated-SelectFromModel (L1-LR selector) + SVM,X8_SN,342,Integrated
Integrated-SelectFromModel (L1-LR selector) + SVM,X8_SP,343,Integrated
Integrated-SelectFromModel (L1-LR selector) + SVM,X8_SR,344,Integrated
Integrated-SelectFromModel (L1-LR selector) + SVM,X8_SS,345,Integrated
Integrated-SelectFromModel (L1-LR selector) + SVM,X8_ST,346,Integrated
Integrated-SelectFromModel (L1-LR selector) + SVM,X8_SV,347,Integrated
Integrated-SelectFromModel (L1-LR selector) + SVM,X8_SW,348,Integrated
Integrated-SelectFromModel (L1-LR selector) + SVM,X8_SY,349,Integrated
Integrated-SelectFromModel (L1-LR selector) + SVM,X8_TA,350,Integrated
Integrated-SelectFromModel (L1-LR selector) + SVM,X8_TC,351,Integrated
Integrated-SelectFromModel (L1-LR selector) + SVM,X8_TD,352,Integrated
Integrated-SelectFromModel (L1-LR selector) + SVM,X8_TE,353,Integrated
Integrated-SelectFromModel (L1-LR selector) + SVM,X8_TF,354,Integrated
Integrated-SelectFromModel (L1-LR selector) + SVM,X8_TG,355,Integrated
Integrated-SelectFromModel (L1-LR selector) + SVM,X8_TH,356,Integrated
Integrated-SelectFromModel (L1-LR selector) + SVM,X8_TI,357,Integrated
Integrated-SelectFromModel (L1-LR selector) + SVM,X8_TK,358,Integrated
Integrated-SelectFromModel (L1-LR selector) + SVM,X8_TL,359,Integrated
Integrated-SelectFromModel (L1-LR selector) + SVM,X8_TM,360,Integrated
Integrated-SelectFromModel (L1-LR selector) + SVM,X8_TN,361,Integrated
Integrated-SelectFromModel (L1-LR selector) + SVM,X8_TP,362,Integrated
Integrated-SelectFromModel (L1-LR selector) + SVM,X8_TQ,363,Integrated
Integrated-SelectFromModel (L1-LR selector) + SVM,X8_TR,364,Integrated
Integrated-SelectFromModel (L1-LR selector) + SVM,X8_TS,365,Integrated
Integrated-SelectFromModel (L1-LR selector) + SVM,X8_TT,366,Integrated
Integrated-SelectFromModel (L1-LR selector) + SVM,X8_TV,367,Integrated
Integrated-SelectFromModel (L1-LR selector) + SVM,X8_TW,368,Integrated
Integrated-SelectFromModel (L1-LR selector) + SVM,X8_TY,369,Integrated
Integrated-SelectFromModel (L1-LR selector) + SVM,X8_VA,370,Integrated
Integrated-SelectFromModel (L1-LR selector) + SVM,X8_VC,371,Integrated
Integrated-SelectFromModel (L1-LR selector) + SVM,X8_VD,372,Integrated
Integrated-SelectFromModel (L1-LR selector) + SVM,X8_VE,373,Integrated
Integrated-SelectFromModel (L1-LR selector) + SVM,X8_VF,374,Integrated
Integrated-SelectFromModel (L1-LR selector) + SVM,X8_VG,375,Integrated
Integrated-SelectFromModel (L1-LR selector) + SVM,X8_VH,376,Integrated
Integrated-SelectFromModel (L1-LR selector) + SVM,X8_VI,377,Integrated
Integrated-SelectFromModel (L1-LR selector) + SVM,X8_VK,378,Integrated
Integrated-SelectFromModel (L1-LR selector) + SVM,X8_VL,379,Integrated
Integrated-SelectFromModel (L1-LR selector) + SVM,X8_VM,380,Integrated
Integrated-SelectFromModel (L1-LR selector) + SVM,X8_VP,381,Integrated
Integrated-SelectFromModel (L1-LR selector) + SVM,X8_VQ,382,Integrated
Integrated-SelectFromModel (L1-LR selector) + SVM,X8_VR,383,Integrated
Integrated-SelectFromModel (L1-LR selector) + SVM,X8_VS,384,Integrated
Integrated-SelectFromModel (L1-LR selector) + SVM,X8_VT,385,Integrated
Integrated-SelectFromModel (L1-LR selector) + SVM,X8_VV,386,Integrated
Integrated-SelectFromModel (L1-LR selector) + SVM,X8_VW,387,Integrated
Integrated-SelectFromModel (L1-LR selector) + SVM,X8_VY,388,Integrated
Integrated-SelectFromModel (L1-LR selector) + SVM,X8_WA,389,Integrated
Integrated-SelectFromModel (L1-LR selector) + SVM,X8_WC,390,Integrated
Integrated-SelectFromModel (L1-LR selector) + SVM,X8_WD,391,Integrated
Integrated-SelectFromModel (L1-LR selector) + SVM,X8_WE,392,Integrated
Integrated-SelectFromModel (L1-LR selector) + SVM,X8_WF,393,Integrated
Integrated-SelectFromModel (L1-LR selector) + SVM,X8_WG,394,Integrated
Integrated-SelectFromModel (L1-LR selector) + SVM,X8_WH,395,Integrated
Integrated-SelectFromModel (L1-LR selector) + SVM,X8_WI,396,Integrated
Integrated-SelectFromModel (L1-LR selector) + SVM,X8_WK,397,Integrated
Integrated-SelectFromModel (L1-LR selector) + SVM,X8_WL,398,Integrated
Integrated-SelectFromModel (L1-LR selector) + SVM,X8_WM,399,Integrated
Integrated-SelectFromModel (L1-LR selector) + SVM,X8_WN,400,Integrated
Integrated-SelectFromModel (L1-LR selector) + SVM,X8_WP,401,Integrated
Integrated-SelectFromModel (L1-LR selector) + SVM,X8_WQ,402,Integrated
Integrated-SelectFromModel (L1-LR selector) + SVM,X8_WR,403,Integrated
Integrated-SelectFromModel (L1-LR selector) + SVM,X8_WS,404,Integrated
Integrated-SelectFromModel (L1-LR selector) + SVM,X8_WT,405,Integrated
Integrated-SelectFromModel (L1-LR selector) + SVM,X8_WV,406,Integrated
Integrated-SelectFromModel (L1-LR selector) + SVM,X8_WW,407,Integrated
Integrated-SelectFromModel (L1-LR selector) + SVM,X8_WY,408,Integrated
Integrated-SelectFromModel (L1-LR selector) + SVM,X8_YA,409,Integrated
Integrated-SelectFromModel (L1-LR selector) + SVM,X8_YC,410,Integrated
Integrated-SelectFromModel (L1-LR selector) + SVM,X8_YD,411,Integrated
Integrated-SelectFromModel (L1-LR selector) + SVM,X8_YE,412,Integrated
Integrated-SelectFromModel (L1-LR selector) + SVM,X8_YF,413,Integrated
Integrated-SelectFromModel (L1-LR selector) + SVM,X8_YG,414,Integrated
Integrated-SelectFromModel (L1-LR selector) + SVM,X8_YH,415,Integrated
Integrated-SelectFromModel (L1-LR selector) + SVM,X8_YI,416,Integrated
Integrated-SelectFromModel (L1-LR selector) + SVM,X8_YK,417,Integrated
Integrated-SelectFromModel (L1-LR selector) + SVM,X8_YL,418,Integrated
Integrated-SelectFromModel (L1-LR selector) + SVM,X8_YM,419,Integrated
Integrated-SelectFromModel (L1-LR selector) + SVM,X8_YN,420,Integrated
Integrated-SelectFromModel (L1-LR selector) + SVM,X8_YP,421,Integrated
Integrated-SelectFromModel (L1-LR selector) + SVM,X8_YQ,422,Integrated
Integrated-SelectFromModel (L1-LR selector) + SVM,X8_YR,423,Integrated
Integrated-SelectFromModel (L1-LR selector) + SVM,X8_YS,424,Integrated
Integrated-SelectFromModel (L1-LR selector) + SVM,X8_YT,425,Integrated
Integrated-SelectFromModel (L1-LR selector) + SVM,X8_YW,426,Integrated
Integrated-SelectFromModel (L1-LR selector) + SVM,X8_YY,427,Integrated
Integrated-SelectFromModel (L1-LR selector) + SVM,acidic_group,428,Integrated
Integrated-SelectFromModel (L1-LR selector) + SVM,charged_group,429,Integrated
Integrated-SelectFromModel (L1-LR selector) + SVM,hydrophobic_moment,430,Integrated
Integrated-SelectFromModel (L1-LR selector) + SVM,instability_index,431,Integrated
Integrated-SelectFromModel (L1-LR selector) + SVM,isoelectric_point,432,Integrated
Integrated-SelectFromModel (L1-LR selector) + SVM,peptide_len,433,Integrated
Integrated-SelectFromModel (L1-LR selector) + KNN,X4_A,1,Integrated
Integrated-SelectFromModel (L1-LR selector) + KNN,X4_C,2,Integrated
Integrated-SelectFromModel (L1-LR selector) + KNN,X4_D,3,Integrated
Integrated-SelectFromModel (L1-LR selector) + KNN,X4_E,4,Integrated
Integrated-SelectFromModel (L1-LR selector) + KNN,X4_F,5,Integrated
Integrated-SelectFromModel (L1-LR selector) + KNN,X4_G,6,Integrated
Integrated-SelectFromModel (L1-LR selector) + KNN,X4_H,7,Integrated
Integrated-SelectFromModel (L1-LR selector) + KNN,X4_I,8,Integrated
Integrated-SelectFromModel (L1-LR selector) + KNN,X4_K,9,Integrated
Integrated-SelectFromModel (L1-LR selector) + KNN,X4_L,10,Integrated
Integrated-SelectFromModel (L1-LR selector) + KNN,X4_M,11,Integrated
Integrated-SelectFromModel (L1-LR selector) + KNN,X4_N,12,Integrated
Integrated-SelectFromModel (L1-LR selector) + KNN,X4_P,13,Integrated
Integrated-SelectFromModel (L1-LR selector) + KNN,X4_Q,14,Integrated
Integrated-SelectFromModel (L1-LR selector) + KNN,X4_R,15,Integrated
Integrated-SelectFromModel (L1-LR selector) + KNN,X4_S,16,Integrated
Integrated-SelectFromModel (L1-LR selector) + KNN,X4_T,17,Integrated
Integrated-SelectFromModel (L1-LR selector) + KNN,X4_V,18,Integrated
Integrated-SelectFromModel (L1-LR selector) + KNN,X4_W,19,Integrated
Integrated-SelectFromModel (L1-LR selector) + KNN,X4_Y,20,Integrated
Integrated-SelectFromModel (L1-LR selector) + KNN,X5_A,21,Integrated
Integrated-SelectFromModel (L1-LR selector) + KNN,X5_C,22,Integrated
Integrated-SelectFromModel (L1-LR selector) + KNN,X5_D,23,Integrated
Integrated-SelectFromModel (L1-LR selector) + KNN,X5_E,24,Integrated
Integrated-SelectFromModel (L1-LR selector) + KNN,X5_F,25,Integrated
Integrated-SelectFromModel (L1-LR selector) + KNN,X5_G,26,Integrated
Integrated-SelectFromModel (L1-LR selector) + KNN,X5_H,27,Integrated
Integrated-SelectFromModel (L1-LR selector) + KNN,X5_I,28,Integrated
Integrated-SelectFromModel (L1-LR selector) + KNN,X5_K,29,Integrated
Integrated-SelectFromModel (L1-LR selector) + KNN,X5_L,30,Integrated
Integrated-SelectFromModel (L1-LR selector) + KNN,X5_M,31,Integrated
Integrated-SelectFromModel (L1-LR selector) + KNN,X5_N,32,Integrated
Integrated-SelectFromModel (L1-LR selector) + KNN,X5_P,33,Integrated
Integrated-SelectFromModel (L1-LR selector) + KNN,X5_Q,34,Integrated
Integrated-SelectFromModel (L1-LR selector) + KNN,X5_R,35,Integrated
Integrated-SelectFromModel (L1-LR selector) + KNN,X5_S,36,Integrated
Integrated-SelectFromModel (L1-LR selector) + KNN,X5_T,37,Integrated
Integrated-SelectFromModel (L1-LR selector) + KNN,X5_W,38,Integrated
Integrated-SelectFromModel (L1-LR selector) + KNN,X5_Y,39,Integrated
Integrated-SelectFromModel (L1-LR selector) + KNN,X8_AA,40,Integrated
Integrated-SelectFromModel (L1-LR selector) + KNN,X8_AC,41,Integrated
Integrated-SelectFromModel (L1-LR selector) + KNN,X8_AD,42,Integrated
Integrated-SelectFromModel (L1-LR selector) + KNN,X8_AE,43,Integrated
Integrated-SelectFromModel (L1-LR selector) + KNN,X8_AF,44,Integrated
Integrated-SelectFromModel (L1-LR selector) + KNN,X8_AG,45,Integrated
Integrated-SelectFromModel (L1-LR selector) + KNN,X8_AH,46,Integrated
Integrated-SelectFromModel (L1-LR selector) + KNN,X8_AK,47,Integrated
Integrated-SelectFromModel (L1-LR selector) + KNN,X8_AL,48,Integrated
Integrated-SelectFromModel (L1-LR selector) + KNN,X8_AM,49,Integrated
Integrated-SelectFromModel (L1-LR selector) + KNN,X8_AN,50,Integrated
Integrated-SelectFromModel (L1-LR selector) + KNN,X8_AP,51,Integrated
Integrated-SelectFromModel (L1-LR selector) + KNN,X8_AQ,52,Integrated
Integrated-SelectFromModel (L1-LR selector) + KNN,X8_AR,53,Integrated
Integrated-SelectFromModel (L1-LR selector) + KNN,X8_AS,54,Integrated
Integrated-SelectFromModel (L1-LR selector) + KNN,X8_AT,55,Integrated
Integrated-SelectFromModel (L1-LR selector) + KNN,X8_AV,56,Integrated
Integrated-SelectFromModel (L1-LR selector) + KNN,X8_AW,57,Integrated
Integrated-SelectFromModel (L1-LR selector) + KNN,X8_AY,58,Integrated
Integrated-SelectFromModel (L1-LR selector) + KNN,X8_CA,59,Integrated
Integrated-SelectFromModel (L1-LR selector) + KNN,X8_CC,60,Integrated
Integrated-SelectFromModel (L1-LR selector) + KNN,X8_CD,61,Integrated
Integrated-SelectFromModel (L1-LR selector) + KNN,X8_CE,62,Integrated
Integrated-SelectFromModel (L1-LR selector) + KNN,X8_CF,63,Integrated
Integrated-SelectFromModel (L1-LR selector) + KNN,X8_CG,64,Integrated
Integrated-SelectFromModel (L1-LR selector) + KNN,X8_CH,65,Integrated
Integrated-SelectFromModel (L1-LR selector) + KNN,X8_CI,66,Integrated
Integrated-SelectFromModel (L1-LR selector) + KNN,X8_CK,67,Integrated
Integrated-SelectFromModel (L1-LR selector) + KNN,X8_CL,68,Integrated
Integrated-SelectFromModel (L1-LR selector) + KNN,X8_CM,69,Integrated
Integrated-SelectFromModel (L1-LR selector) + KNN,X8_CN,70,Integrated
Integrated-SelectFromModel (L1-LR selector) + KNN,X8_CP,71,Integrated
Integrated-SelectFromModel (L1-LR selector) + KNN,X8_CQ,72,Integrated
Integrated-SelectFromModel (L1-LR selector) + KNN,X8_CR,73,Integrated
Integrated-SelectFromModel (L1-LR selector) + KNN,X8_CS,74,Integrated
Integrated-SelectFromModel (L1-LR selector) + KNN,X8_CT,75,Integrated
Integrated-SelectFromModel (L1-LR selector) + KNN,X8_CV,76,Integrated
Integrated-SelectFromModel (L1-LR selector) + KNN,X8_CW,77,Integrated
Integrated-SelectFromModel (L1-LR selector) + KNN,X8_CY,78,Integrated
Integrated-SelectFromModel (L1-LR selector) + KNN,X8_DC,79,Integrated
Integrated-SelectFromModel (L1-LR selector) + KNN,X8_DD,80,Integrated
Integrated-SelectFromModel (L1-LR selector) + KNN,X8_DE,81,Integrated
Integrated-SelectFromModel (L1-LR selector) + KNN,X8_DF,82,Integrated
Integrated-SelectFromModel (L1-LR selector) + KNN,X8_DG,83,Integrated
Integrated-SelectFromModel (L1-LR selector) + KNN,X8_DH,84,Integrated
Integrated-SelectFromModel (L1-LR selector) + KNN,X8_DI,85,Integrated
Integrated-SelectFromModel (L1-LR selector) + KNN,X8_DK,86,Integrated
Integrated-SelectFromModel (L1-LR selector) + KNN,X8_DL,87,Integrated
Integrated-SelectFromModel (L1-LR selector) + KNN,X8_DM,88,Integrated
Integrated-SelectFromModel (L1-LR selector) + KNN,X8_DN,89,Integrated
Integrated-SelectFromModel (L1-LR selector) + KNN,X8_DP,90,Integrated
Integrated-SelectFromModel (L1-LR selector) + KNN,X8_DQ,91,Integrated
Integrated-SelectFromModel (L1-LR selector) + KNN,X8_DS,92,Integrated
Integrated-SelectFromModel (L1-LR selector) + KNN,X8_DT,93,Integrated
Integrated-SelectFromModel (L1-LR selector) + KNN,X8_DV,94,Integrated
Integrated-SelectFromModel (L1-LR selector) + KNN,X8_DW,95,Integrated
Integrated-SelectFromModel (L1-LR selector) + KNN,X8_DY,96,Integrated
Integrated-SelectFromModel (L1-LR selector) + KNN,X8_EA,97,Integrated
Integrated-SelectFromModel (L1-LR selector) + KNN,X8_EC,98,Integrated
Integrated-SelectFromModel (L1-LR selector) + KNN,X8_ED,99,Integrated
Integrated-SelectFromModel (L1-LR selector) + KNN,X8_EE,100,Integrated
Integrated-SelectFromModel (L1-LR selector) + KNN,X8_EF,101,Integrated
Integrated-SelectFromModel (L1-LR selector) + KNN,X8_EG,102,Integrated
Integrated-SelectFromModel (L1-LR selector) + KNN,X8_EI,103,Integrated
Integrated-SelectFromModel (L1-LR selector) + KNN,X8_EK,104,Integrated
Integrated-SelectFromModel (L1-LR selector) + KNN,X8_EL,105,Integrated
Integrated-SelectFromModel (L1-LR selector) + KNN,X8_EM,106,Integrated
Integrated-SelectFromModel (L1-LR selector) + KNN,X8_EN,107,Integrated
Integrated-SelectFromModel (L1-LR selector) + KNN,X8_EP,108,Integrated
Integrated-SelectFromModel (L1-LR selector) + KNN,X8_EQ,109,Integrated
Integrated-SelectFromModel (L1-LR selector) + KNN,X8_ER,110,Integrated
Integrated-SelectFromModel (L1-LR selector) + KNN,X8_ES,111,Integrated
Integrated-SelectFromModel (L1-LR selector) + KNN,X8_ET,112,Integrated
Integrated-SelectFromModel (L1-LR selector) + KNN,X8_EV,113,Integrated
Integrated-SelectFromModel (L1-LR selector) + KNN,X8_EW,114,Integrated
Integrated-SelectFromModel (L1-LR selector) + KNN,X8_EY,115,Integrated
Integrated-SelectFromModel (L1-LR selector) + KNN,X8_FA,116,Integrated
Integrated-SelectFromModel (L1-LR selector) + KNN,X8_FC,117,Integrated
Integrated-SelectFromModel (L1-LR selector) + KNN,X8_FD,118,Integrated
Integrated-SelectFromModel (L1-LR selector) + KNN,X8_FE,119,Integrated
Integrated-SelectFromModel (L1-LR selector) + KNN,X8_FF,120,Integrated
Integrated-SelectFromModel (L1-LR selector) + KNN,X8_FG,121,Integrated
Integrated-SelectFromModel (L1-LR selector) + KNN,X8_FH,122,Integrated
Integrated-SelectFromModel (L1-LR selector) + KNN,X8_FI,123,Integrated
Integrated-SelectFromModel (L1-LR selector) + KNN,X8_FK,124,Integrated
Integrated-SelectFromModel (L1-LR selector) + KNN,X8_FL,125,Integrated
Integrated-SelectFromModel (L1-LR selector) + KNN,X8_FM,126,Integrated
Integrated-SelectFromModel (L1-LR selector) + KNN,X8_FN,127,Integrated
Integrated-SelectFromModel (L1-LR selector) + KNN,X8_FP,128,Integrated
Integrated-SelectFromModel (L1-LR selector) + KNN,X8_FQ,129,Integrated
Integrated-SelectFromModel (L1-LR selector) + KNN,X8_FR,130,Integrated
Integrated-SelectFromModel (L1-LR selector) + KNN,X8_FS,131,Integrated
Integrated-SelectFromModel (L1-LR selector) + KNN,X8_FT,132,Integrated
Integrated-SelectFromModel (L1-LR selector) + KNN,X8_FV,133,Integrated
Integrated-SelectFromModel (L1-LR selector) + KNN,X8_FW,134,Integrated
Integrated-SelectFromModel (L1-LR selector) + KNN,X8_FY,135,Integrated
Integrated-SelectFromModel (L1-LR selector) + KNN,X8_GA,136,Integrated
Integrated-SelectFromModel (L1-LR selector) + KNN,X8_GC,137,Integrated
Integrated-SelectFromModel (L1-LR selector) + KNN,X8_GD,138,Integrated
Integrated-SelectFromModel (L1-LR selector) + KNN,X8_GE,139,Integrated
Integrated-SelectFromModel (L1-LR selector) + KNN,X8_GF,140,Integrated
Integrated-SelectFromModel (L1-LR selector) + KNN,X8_GG,141,Integrated
Integrated-SelectFromModel (L1-LR selector) + KNN,X8_GH,142,Integrated
Integrated-SelectFromModel (L1-LR selector) + KNN,X8_GI,143,Integrated
Integrated-SelectFromModel (L1-LR selector) + KNN,X8_GK,144,Integrated
Integrated-SelectFromModel (L1-LR selector) + KNN,X8_GL,145,Integrated
Integrated-SelectFromModel (L1-LR selector) + KNN,X8_GM,146,Integrated
Integrated-SelectFromModel (L1-LR selector) + KNN,X8_GN,147,Integrated
Integrated-SelectFromModel (L1-LR selector) + KNN,X8_GP,148,Integrated
Integrated-SelectFromModel (L1-LR selector) + KNN,X8_GQ,149,Integrated
Integrated-SelectFromModel (L1-LR selector) + KNN,X8_GR,150,Integrated
Integrated-SelectFromModel (L1-LR selector) + KNN,X8_GS,151,Integrated
Integrated-SelectFromModel (L1-LR selector) + KNN,X8_GT,152,Integrated
Integrated-SelectFromModel (L1-LR selector) + KNN,X8_GV,153,Integrated
Integrated-SelectFromModel (L1-LR selector) + KNN,X8_GW,154,Integrated
Integrated-SelectFromModel (L1-LR selector) + KNN,X8_GY,155,Integrated
Integrated-SelectFromModel (L1-LR selector) + KNN,X8_HA,156,Integrated
Integrated-SelectFromModel (L1-LR selector) + KNN,X8_HD,157,Integrated
Integrated-SelectFromModel (L1-LR selector) + KNN,X8_HE,158,Integrated
Integrated-SelectFromModel (L1-LR selector) + KNN,X8_HF,159,Integrated
Integrated-SelectFromModel (L1-LR selector) + KNN,X8_HG,160,Integrated
Integrated-SelectFromModel (L1-LR selector) + KNN,X8_HH,161,Integrated
Integrated-SelectFromModel (L1-LR selector) + KNN,X8_HK,162,Integrated
Integrated-SelectFromModel (L1-LR selector) + KNN,X8_HL,163,Integrated
Integrated-SelectFromModel (L1-LR selector) + KNN,X8_HM,164,Integrated
Integrated-SelectFromModel (L1-LR selector) + KNN,X8_HN,165,Integrated
Integrated-SelectFromModel (L1-LR selector) + KNN,X8_HP,166,Integrated
Integrated-SelectFromModel (L1-LR selector) + KNN,X8_HQ,167,Integrated
Integrated-SelectFromModel (L1-LR selector) + KNN,X8_HR,168,Integrated
Integrated-SelectFromModel (L1-LR selector) + KNN,X8_HS,169,Integrated
Integrated-SelectFromModel (L1-LR selector) + KNN,X8_HT,170,Integrated
Integrated-SelectFromModel (L1-LR selector) + KNN,X8_HV,171,Integrated
Integrated-SelectFromModel (L1-LR selector) + KNN,X8_HW,172,Integrated
Integrated-SelectFromModel (L1-LR selector) + KNN,X8_HY,173,Integrated
Integrated-SelectFromModel (L1-LR selector) + KNN,X8_IA,174,Integrated
Integrated-SelectFromModel (L1-LR selector) + KNN,X8_IC,175,Integrated
Integrated-SelectFromModel (L1-LR selector) + KNN,X8_ID,176,Integrated
Integrated-SelectFromModel (L1-LR selector) + KNN,X8_IE,177,Integrated
Integrated-SelectFromModel (L1-LR selector) + KNN,X8_IF,178,Integrated
Integrated-SelectFromModel (L1-LR selector) + KNN,X8_IG,179,Integrated
Integrated-SelectFromModel (L1-LR selector) + KNN,X8_IH,180,Integrated
Integrated-SelectFromModel (L1-LR selector) + KNN,X8_II,181,Integrated
Integrated-SelectFromModel (L1-LR selector) + KNN,X8_IK,182,Integrated
Integrated-SelectFromModel (L1-LR selector) + KNN,X8_IL,183,Integrated
Integrated-SelectFromModel (L1-LR selector) + KNN,X8_IM,184,Integrated
Integrated-SelectFromModel (L1-LR selector) + KNN,X8_IN,185,Integrated
Integrated-SelectFromModel (L1-LR selector) + KNN,X8_IP,186,Integrated
Integrated-SelectFromModel (L1-LR selector) + KNN,X8_IQ,187,Integrated
Integrated-SelectFromModel (L1-LR selector) + KNN,X8_IR,188,Integrated
Integrated-SelectFromModel (L1-LR selector) + KNN,X8_IS,189,Integrated
Integrated-SelectFromModel (L1-LR selector) + KNN,X8_IT,190,Integrated
Integrated-SelectFromModel (L1-LR selector) + KNN,X8_IV,191,Integrated
Integrated-SelectFromModel (L1-LR selector) + KNN,X8_IW,192,Integrated
Integrated-SelectFromModel (L1-LR selector) + KNN,X8_IY,193,Integrated
Integrated-SelectFromModel (L1-LR selector) + KNN,X8_KA,194,Integrated
Integrated-SelectFromModel (L1-LR selector) + KNN,X8_KC,195,Integrated
Integrated-SelectFromModel (L1-LR selector) + KNN,X8_KD,196,Integrated
Integrated-SelectFromModel (L1-LR selector) + KNN,X8_KE,197,Integrated
Integrated-SelectFromModel (L1-LR selector) + KNN,X8_KF,198,Integrated
Integrated-SelectFromModel (L1-LR selector) + KNN,X8_KG,199,Integrated
Integrated-SelectFromModel (L1-LR selector) + KNN,X8_KI,200,Integrated
Integrated-SelectFromModel (L1-LR selector) + KNN,X8_KK,201,Integrated
Integrated-SelectFromModel (L1-LR selector) + KNN,X8_KL,202,Integrated
Integrated-SelectFromModel (L1-LR selector) + KNN,X8_KM,203,Integrated
Integrated-SelectFromModel (L1-LR selector) + KNN,X8_KN,204,Integrated
Integrated-SelectFromModel (L1-LR selector) + KNN,X8_KP,205,Integrated
Integrated-SelectFromModel (L1-LR selector) + KNN,X8_KQ,206,Integrated
Integrated-SelectFromModel (L1-LR selector) + KNN,X8_KR,207,Integrated
Integrated-SelectFromModel (L1-LR selector) + KNN,X8_KS,208,Integrated
Integrated-SelectFromModel (L1-LR selector) + KNN,X8_KV,209,Integrated
Integrated-SelectFromModel (L1-LR selector) + KNN,X8_KW,210,Integrated
Integrated-SelectFromModel (L1-LR selector) + KNN,X8_KY,211,Integrated
Integrated-SelectFromModel (L1-LR selector) + KNN,X8_LA,212,Integrated
Integrated-SelectFromModel (L1-LR selector) + KNN,X8_LC,213,Integrated
Integrated-SelectFromModel (L1-LR selector) + KNN,X8_LD,214,Integrated
Integrated-SelectFromModel (L1-LR selector) + KNN,X8_LE,215,Integrated
Integrated-SelectFromModel (L1-LR selector) + KNN,X8_LF,216,Integrated
Integrated-SelectFromModel (L1-LR selector) + KNN,X8_LG,217,Integrated
Integrated-SelectFromModel (L1-LR selector) + KNN,X8_LH,218,Integrated
Integrated-SelectFromModel (L1-LR selector) + KNN,X8_LI,219,Integrated
Integrated-SelectFromModel (L1-LR selector) + KNN,X8_LK,220,Integrated
Integrated-SelectFromModel (L1-LR selector) + KNN,X8_LL,221,Integrated
Integrated-SelectFromModel (L1-LR selector) + KNN,X8_LM,222,Integrated
Integrated-SelectFromModel (L1-LR selector) + KNN,X8_LN,223,Integrated
Integrated-SelectFromModel (L1-LR selector) + KNN,X8_LP,224,Integrated
Integrated-SelectFromModel (L1-LR selector) + KNN,X8_LQ,225,Integrated
Integrated-SelectFromModel (L1-LR selector) + KNN,X8_LR,226,Integrated
Integrated-SelectFromModel (L1-LR selector) + KNN,X8_LS,227,Integrated
Integrated-SelectFromModel (L1-LR selector) + KNN,X8_LT,228,Integrated
Integrated-SelectFromModel (L1-LR selector) + KNN,X8_LV,229,Integrated
Integrated-SelectFromModel (L1-LR selector) + KNN,X8_LW,230,Integrated
Integrated-SelectFromModel (L1-LR selector) + KNN,X8_LY,231,Integrated
Integrated-SelectFromModel (L1-LR selector) + KNN,X8_MA,232,Integrated
Integrated-SelectFromModel (L1-LR selector) + KNN,X8_MC,233,Integrated
Integrated-SelectFromModel (L1-LR selector) + KNN,X8_MD,234,Integrated
Integrated-SelectFromModel (L1-LR selector) + KNN,X8_ME,235,Integrated
Integrated-SelectFromModel (L1-LR selector) + KNN,X8_MF,236,Integrated
Integrated-SelectFromModel (L1-LR selector) + KNN,X8_MG,237,Integrated
Integrated-SelectFromModel (L1-LR selector) + KNN,X8_MH,238,Integrated
Integrated-SelectFromModel (L1-LR selector) + KNN,X8_MI,239,Integrated
Integrated-SelectFromModel (L1-LR selector) + KNN,X8_MK,240,Integrated
Integrated-SelectFromModel (L1-LR selector) + KNN,X8_ML,241,Integrated
Integrated-SelectFromModel (L1-LR selector) + KNN,X8_MM,242,Integrated
Integrated-SelectFromModel (L1-LR selector) + KNN,X8_MN,243,Integrated
Integrated-SelectFromModel (L1-LR selector) + KNN,X8_MP,244,Integrated
Integrated-SelectFromModel (L1-LR selector) + KNN,X8_MQ,245,Integrated
Integrated-SelectFromModel (L1-LR selector) + KNN,X8_MR,246,Integrated
Integrated-SelectFromModel (L1-LR selector) + KNN,X8_MS,247,Integrated
Integrated-SelectFromModel (L1-LR selector) + KNN,X8_MT,248,Integrated
Integrated-SelectFromModel (L1-LR selector) + KNN,X8_MV,249,Integrated
Integrated-SelectFromModel (L1-LR selector) + KNN,X8_MW,250,Integrated
Integrated-SelectFromModel (L1-LR selector) + KNN,X8_MY,251,Integrated
Integrated-SelectFromModel (L1-LR selector) + KNN,X8_NA,252,Integrated
Integrated-SelectFromModel (L1-LR selector) + KNN,X8_NC,253,Integrated
Integrated-SelectFromModel (L1-LR selector) + KNN,X8_ND,254,Integrated
Integrated-SelectFromModel (L1-LR selector) + KNN,X8_NE,255,Integrated
Integrated-SelectFromModel (L1-LR selector) + KNN,X8_NF,256,Integrated
Integrated-SelectFromModel (L1-LR selector) + KNN,X8_NG,257,Integrated
Integrated-SelectFromModel (L1-LR selector) + KNN,X8_NH,258,Integrated
Integrated-SelectFromModel (L1-LR selector) + KNN,X8_NI,259,Integrated
Integrated-SelectFromModel (L1-LR selector) + KNN,X8_NK,260,Integrated
Integrated-SelectFromModel (L1-LR selector) + KNN,X8_NL,261,Integrated
Integrated-SelectFromModel (L1-LR selector) + KNN,X8_NM,262,Integrated
Integrated-SelectFromModel (L1-LR selector) + KNN,X8_NN,263,Integrated
Integrated-SelectFromModel (L1-LR selector) + KNN,X8_NP,264,Integrated
Integrated-SelectFromModel (L1-LR selector) + KNN,X8_NQ,265,Integrated
Integrated-SelectFromModel (L1-LR selector) + KNN,X8_NR,266,Integrated
Integrated-SelectFromModel (L1-LR selector) + KNN,X8_NS,267,Integrated
Integrated-SelectFromModel (L1-LR selector) + KNN,X8_NT,268,Integrated
Integrated-SelectFromModel (L1-LR selector) + KNN,X8_NV,269,Integrated
Integrated-SelectFromModel (L1-LR selector) + KNN,X8_NW,270,Integrated
Integrated-SelectFromModel (L1-LR selector) + KNN,X8_NY,271,Integrated
Integrated-SelectFromModel (L1-LR selector) + KNN,X8_PA,272,Integrated
Integrated-SelectFromModel (L1-LR selector) + KNN,X8_PC,273,Integrated
Integrated-SelectFromModel (L1-LR selector) + KNN,X8_PD,274,Integrated
Integrated-SelectFromModel (L1-LR selector) + KNN,X8_PE,275,Integrated
Integrated-SelectFromModel (L1-LR selector) + KNN,X8_PF,276,Integrated
Integrated-SelectFromModel (L1-LR selector) + KNN,X8_PG,277,Integrated
Integrated-SelectFromModel (L1-LR selector) + KNN,X8_PH,278,Integrated
Integrated-SelectFromModel (L1-LR selector) + KNN,X8_PI,279,Integrated
Integrated-SelectFromModel (L1-LR selector) + KNN,X8_PK,280,Integrated
Integrated-SelectFromModel (L1-LR selector) + KNN,X8_PL,281,Integrated
Integrated-SelectFromModel (L1-LR selector) + KNN,X8_PM,282,Integrated
Integrated-SelectFromModel (L1-LR selector) + KNN,X8_PN,283,Integrated
Integrated-SelectFromModel (L1-LR selector) + KNN,X8_PP,284,Integrated
Integrated-SelectFromModel (L1-LR selector) + KNN,X8_PQ,285,Integrated
Integrated-SelectFromModel (L1-LR selector) + KNN,X8_PR,286,Integrated
Integrated-SelectFromModel (L1-LR selector) + KNN,X8_PS,287,Integrated
Integrated-SelectFromModel (L1-LR selector) + KNN,X8_PT,288,Integrated
Integrated-SelectFromModel (L1-LR selector) + KNN,X8_PV,289,Integrated
Integrated-SelectFromModel (L1-LR selector) + KNN,X8_PW,290,Integrated
Integrated-SelectFromModel (L1-LR selector) + KNN,X8_PY,291,Integrated
Integrated-SelectFromModel (L1-LR selector) + KNN,X8_QA,292,Integrated
Integrated-SelectFromModel (L1-LR selector) + KNN,X8_QC,293,Integrated
Integrated-SelectFromModel (L1-LR selector) + KNN,X8_QD,294,Integrated
Integrated-SelectFromModel (L1-LR selector) + KNN,X8_QE,295,Integrated
Integrated-SelectFromModel (L1-LR selector) + KNN,X8_QF,296,Integrated
Integrated-SelectFromModel (L1-LR selector) + KNN,X8_QG,297,Integrated
Integrated-SelectFromModel (L1-LR selector) + KNN,X8_QH,298,Integrated
Integrated-SelectFromModel (L1-LR selector) + KNN,X8_QI,299,Integrated
Integrated-SelectFromModel (L1-LR selector) + KNN,X8_QK,300,Integrated
Integrated-SelectFromModel (L1-LR selector) + KNN,X8_QL,301,Integrated
Integrated-SelectFromModel (L1-LR selector) + KNN,X8_QM,302,Integrated
Integrated-SelectFromModel (L1-LR selector) + KNN,X8_QN,303,Integrated
Integrated-SelectFromModel (L1-LR selector) + KNN,X8_QP,304,Integrated
Integrated-SelectFromModel (L1-LR selector) + KNN,X8_QQ,305,Integrated
Integrated-SelectFromModel (L1-LR selector) + KNN,X8_QR,306,Integrated
Integrated-SelectFromModel (L1-LR selector) + KNN,X8_QS,307,Integrated
Integrated-SelectFromModel (L1-LR selector) + KNN,X8_QT,308,Integrated
Integrated-SelectFromModel (L1-LR selector) + KNN,X8_QV,309,Integrated
Integrated-SelectFromModel (L1-LR selector) + KNN,X8_QW,310,Integrated
Integrated-SelectFromModel (L1-LR selector) + KNN,X8_QY,311,Integrated
Integrated-SelectFromModel (L1-LR selector) + KNN,X8_RA,312,Integrated
Integrated-SelectFromModel (L1-LR selector) + KNN,X8_RC,313,Integrated
Integrated-SelectFromModel (L1-LR selector) + KNN,X8_RD,314,Integrated
Integrated-SelectFromModel (L1-LR selector) + KNN,X8_RE,315,Integrated
Integrated-SelectFromModel (L1-LR selector) + KNN,X8_RF,316,Integrated
Integrated-SelectFromModel (L1-LR selector) + KNN,X8_RG,317,Integrated
Integrated-SelectFromModel (L1-LR selector) + KNN,X8_RH,318,Integrated
Integrated-SelectFromModel (L1-LR selector) + KNN,X8_RI,319,Integrated
Integrated-SelectFromModel (L1-LR selector) + KNN,X8_RK,320,Integrated
Integrated-SelectFromModel (L1-LR selector) + KNN,X8_RL,321,Integrated
Integrated-SelectFromModel (L1-LR selector) + KNN,X8_RM,322,Integrated
Integrated-SelectFromModel (L1-LR selector) + KNN,X8_RN,323,Integrated
Integrated-SelectFromModel (L1-LR selector) + KNN,X8_RP,324,Integrated
Integrated-SelectFromModel (L1-LR selector) + KNN,X8_RR,325,Integrated
Integrated-SelectFromModel (L1-LR selector) + KNN,X8_RS,326,Integrated
Integrated-SelectFromModel (L1-LR selector) + KNN,X8_RT,327,Integrated
Integrated-SelectFromModel (L1-LR selector) + KNN,X8_RV,328,Integrated
Integrated-SelectFromModel (L1-LR selector) + KNN,X8_RW,329,Integrated
Integrated-SelectFromModel (L1-LR selector) + KNN,X8_RY,330,Integrated
Integrated-SelectFromModel (L1-LR selector) + KNN,X8_SA,331,Integrated
Integrated-SelectFromModel (L1-LR selector) + KNN,X8_SC,332,Integrated
Integrated-SelectFromModel (L1-LR selector) + KNN,X8_SD,333,Integrated
Integrated-SelectFromModel (L1-LR selector) + KNN,X8_SE,334,Integrated
Integrated-SelectFromModel (L1-LR selector) + KNN,X8_SF,335,Integrated
Integrated-SelectFromModel (L1-LR selector) + KNN,X8_SG,336,Integrated
Integrated-SelectFromModel (L1-LR selector) + KNN,X8_SH,337,Integrated
Integrated-SelectFromModel (L1-LR selector) + KNN,X8_SI,338,Integrated
Integrated-SelectFromModel (L1-LR selector) + KNN,X8_SK,339,Integrated
Integrated-SelectFromModel (L1-LR selector) + KNN,X8_SL,340,Integrated
Integrated-SelectFromModel (L1-LR selector) + KNN,X8_SM,341,Integrated
Integrated-SelectFromModel (L1-LR selector) + KNN,X8_SN,342,Integrated
Integrated-SelectFromModel (L1-LR selector) + KNN,X8_SP,343,Integrated
Integrated-SelectFromModel (L1-LR selector) + KNN,X8_SR,344,Integrated
Integrated-SelectFromModel (L1-LR selector) + KNN,X8_SS,345,Integrated
Integrated-SelectFromModel (L1-LR selector) + KNN,X8_ST,346,Integrated
Integrated-SelectFromModel (L1-LR selector) + KNN,X8_SV,347,Integrated
Integrated-SelectFromModel (L1-LR selector) + KNN,X8_SW,348,Integrated
Integrated-SelectFromModel (L1-LR selector) + KNN,X8_SY,349,Integrated
Integrated-SelectFromModel (L1-LR selector) + KNN,X8_TA,350,Integrated
Integrated-SelectFromModel (L1-LR selector) + KNN,X8_TC,351,Integrated
Integrated-SelectFromModel (L1-LR selector) + KNN,X8_TD,352,Integrated
Integrated-SelectFromModel (L1-LR selector) + KNN,X8_TE,353,Integrated
Integrated-SelectFromModel (L1-LR selector) + KNN,X8_TF,354,Integrated
Integrated-SelectFromModel (L1-LR selector) + KNN,X8_TG,355,Integrated
Integrated-SelectFromModel (L1-LR selector) + KNN,X8_TH,356,Integrated
Integrated-SelectFromModel (L1-LR selector) + KNN,X8_TI,357,Integrated
Integrated-SelectFromModel (L1-LR selector) + KNN,X8_TK,358,Integrated
Integrated-SelectFromModel (L1-LR selector) + KNN,X8_TL,359,Integrated
Integrated-SelectFromModel (L1-LR selector) + KNN,X8_TM,360,Integrated
Integrated-SelectFromModel (L1-LR selector) + KNN,X8_TN,361,Integrated
Integrated-SelectFromModel (L1-LR selector) + KNN,X8_TP,362,Integrated
Integrated-SelectFromModel (L1-LR selector) + KNN,X8_TQ,363,Integrated
Integrated-SelectFromModel (L1-LR selector) + KNN,X8_TR,364,Integrated
Integrated-SelectFromModel (L1-LR selector) + KNN,X8_TS,365,Integrated
Integrated-SelectFromModel (L1-LR selector) + KNN,X8_TT,366,Integrated
Integrated-SelectFromModel (L1-LR selector) + KNN,X8_TV,367,Integrated
Integrated-SelectFromModel (L1-LR selector) + KNN,X8_TW,368,Integrated
Integrated-SelectFromModel (L1-LR selector) + KNN,X8_TY,369,Integrated
Integrated-SelectFromModel (L1-LR selector) + KNN,X8_VA,370,Integrated
Integrated-SelectFromModel (L1-LR selector) + KNN,X8_VC,371,Integrated
Integrated-SelectFromModel (L1-LR selector) + KNN,X8_VD,372,Integrated
Integrated-SelectFromModel (L1-LR selector) + KNN,X8_VE,373,Integrated
Integrated-SelectFromModel (L1-LR selector) + KNN,X8_VF,374,Integrated
Integrated-SelectFromModel (L1-LR selector) + KNN,X8_VG,375,Integrated
Integrated-SelectFromModel (L1-LR selector) + KNN,X8_VH,376,Integrated
Integrated-SelectFromModel (L1-LR selector) + KNN,X8_VI,377,Integrated
Integrated-SelectFromModel (L1-LR selector) + KNN,X8_VK,378,Integrated
Integrated-SelectFromModel (L1-LR selector) + KNN,X8_VL,379,Integrated
Integrated-SelectFromModel (L1-LR selector) + KNN,X8_VM,380,Integrated
Integrated-SelectFromModel (L1-LR selector) + KNN,X8_VP,381,Integrated
Integrated-SelectFromModel (L1-LR selector) + KNN,X8_VQ,382,Integrated
Integrated-SelectFromModel (L1-LR selector) + KNN,X8_VR,383,Integrated
Integrated-SelectFromModel (L1-LR selector) + KNN,X8_VS,384,Integrated
Integrated-SelectFromModel (L1-LR selector) + KNN,X8_VT,385,Integrated
Integrated-SelectFromModel (L1-LR selector) + KNN,X8_VV,386,Integrated
Integrated-SelectFromModel (L1-LR selector) + KNN,X8_VW,387,Integrated
Integrated-SelectFromModel (L1-LR selector) + KNN,X8_VY,388,Integrated
Integrated-SelectFromModel (L1-LR selector) + KNN,X8_WA,389,Integrated
Integrated-SelectFromModel (L1-LR selector) + KNN,X8_WC,390,Integrated
Integrated-SelectFromModel (L1-LR selector) + KNN,X8_WD,391,Integrated
Integrated-SelectFromModel (L1-LR selector) + KNN,X8_WE,392,Integrated
Integrated-SelectFromModel (L1-LR selector) + KNN,X8_WF,393,Integrated
Integrated-SelectFromModel (L1-LR selector) + KNN,X8_WG,394,Integrated
Integrated-SelectFromModel (L1-LR selector) + KNN,X8_WH,395,Integrated
Integrated-SelectFromModel (L1-LR selector) + KNN,X8_WI,396,Integrated
Integrated-SelectFromModel (L1-LR selector) + KNN,X8_WK,397,Integrated
Integrated-SelectFromModel (L1-LR selector) + KNN,X8_WL,398,Integrated
Integrated-SelectFromModel (L1-LR selector) + KNN,X8_WM,399,Integrated
Integrated-SelectFromModel (L1-LR selector) + KNN,X8_WN,400,Integrated
Integrated-SelectFromModel (L1-LR selector) + KNN,X8_WP,401,Integrated
Integrated-SelectFromModel (L1-LR selector) + KNN,X8_WQ,402,Integrated
Integrated-SelectFromModel (L1-LR selector) + KNN,X8_WR,403,Integrated
Integrated-SelectFromModel (L1-LR selector) + KNN,X8_WS,404,Integrated
Integrated-SelectFromModel (L1-LR selector) + KNN,X8_WT,405,Integrated
Integrated-SelectFromModel (L1-LR selector) + KNN,X8_WV,406,Integrated
Integrated-SelectFromModel (L1-LR selector) + KNN,X8_WW,407,Integrated
Integrated-SelectFromModel (L1-LR selector) + KNN,X8_WY,408,Integrated
Integrated-SelectFromModel (L1-LR selector) + KNN,X8_YA,409,Integrated
Integrated-SelectFromModel (L1-LR selector) + KNN,X8_YC,410,Integrated
Integrated-SelectFromModel (L1-LR selector) + KNN,X8_YD,411,Integrated
Integrated-SelectFromModel (L1-LR selector) + KNN,X8_YE,412,Integrated
Integrated-SelectFromModel (L1-LR selector) + KNN,X8_YF,413,Integrated
Integrated-SelectFromModel (L1-LR selector) + KNN,X8_YG,414,Integrated
Integrated-SelectFromModel (L1-LR selector) + KNN,X8_YH,415,Integrated
Integrated-SelectFromModel (L1-LR selector) + KNN,X8_YI,416,Integrated
Integrated-SelectFromModel (L1-LR selector) + KNN,X8_YK,417,Integrated
Integrated-SelectFromModel (L1-LR selector) + KNN,X8_YL,418,Integrated
Integrated-SelectFromModel (L1-LR selector) + KNN,X8_YM,419,Integrated
Integrated-SelectFromModel (L1-LR selector) + KNN,X8_YN,420,Integrated
Integrated-SelectFromModel (L1-LR selector) + KNN,X8_YP,421,Integrated
Integrated-SelectFromModel (L1-LR selector) + KNN,X8_YQ,422,Integrated
Integrated-SelectFromModel (L1-LR selector) + KNN,X8_YR,423,Integrated
Integrated-SelectFromModel (L1-LR selector) + KNN,X8_YS,424,Integrated
Integrated-SelectFromModel (L1-LR selector) + KNN,X8_YT,425,Integrated
Integrated-SelectFromModel (L1-LR selector) + KNN,X8_YW,426,Integrated
Integrated-SelectFromModel (L1-LR selector) + KNN,X8_YY,427,Integrated
Integrated-SelectFromModel (L1-LR selector) + KNN,acidic_group,428,Integrated
Integrated-SelectFromModel (L1-LR selector) + KNN,charged_group,429,Integrated
Integrated-SelectFromModel (L1-LR selector) + KNN,hydrophobic_moment,430,Integrated
Integrated-SelectFromModel (L1-LR selector) + KNN,instability_index,431,Integrated
Integrated-SelectFromModel (L1-LR selector) + KNN,isoelectric_point,432,Integrated
Integrated-SelectFromModel (L1-LR selector) + KNN,peptide_len,433,Integrated
Integrated-SelectFromModel (L1-LR selector) + Naive Bayes,X4_A,1,Integrated
Integrated-SelectFromModel (L1-LR selector) + Naive Bayes,X4_C,2,Integrated
Integrated-SelectFromModel (L1-LR selector) + Naive Bayes,X4_D,3,Integrated
Integrated-SelectFromModel (L1-LR selector) + Naive Bayes,X4_E,4,Integrated
Integrated-SelectFromModel (L1-LR selector) + Naive Bayes,X4_F,5,Integrated
Integrated-SelectFromModel (L1-LR selector) + Naive Bayes,X4_G,6,Integrated
Integrated-SelectFromModel (L1-LR selector) + Naive Bayes,X4_H,7,Integrated
Integrated-SelectFromModel (L1-LR selector) + Naive Bayes,X4_I,8,Integrated
Integrated-SelectFromModel (L1-LR selector) + Naive Bayes,X4_K,9,Integrated
Integrated-SelectFromModel (L1-LR selector) + Naive Bayes,X4_L,10,Integrated
Integrated-SelectFromModel (L1-LR selector) + Naive Bayes,X4_M,11,Integrated
Integrated-SelectFromModel (L1-LR selector) + Naive Bayes,X4_N,12,Integrated
Integrated-SelectFromModel (L1-LR selector) + Naive Bayes,X4_P,13,Integrated
Integrated-SelectFromModel (L1-LR selector) + Naive Bayes,X4_Q,14,Integrated
Integrated-SelectFromModel (L1-LR selector) + Naive Bayes,X4_R,15,Integrated
Integrated-SelectFromModel (L1-LR selector) + Naive Bayes,X4_S,16,Integrated
Integrated-SelectFromModel (L1-LR selector) + Naive Bayes,X4_T,17,Integrated
Integrated-SelectFromModel (L1-LR selector) + Naive Bayes,X4_V,18,Integrated
Integrated-SelectFromModel (L1-LR selector) + Naive Bayes,X4_W,19,Integrated
Integrated-SelectFromModel (L1-LR selector) + Naive Bayes,X4_Y,20,Integrated
Integrated-SelectFromModel (L1-LR selector) + Naive Bayes,X5_A,21,Integrated
Integrated-SelectFromModel (L1-LR selector) + Naive Bayes,X5_C,22,Integrated
Integrated-SelectFromModel (L1-LR selector) + Naive Bayes,X5_D,23,Integrated
Integrated-SelectFromModel (L1-LR selector) + Naive Bayes,X5_E,24,Integrated
Integrated-SelectFromModel (L1-LR selector) + Naive Bayes,X5_F,25,Integrated
Integrated-SelectFromModel (L1-LR selector) + Naive Bayes,X5_G,26,Integrated
Integrated-SelectFromModel (L1-LR selector) + Naive Bayes,X5_H,27,Integrated
Integrated-SelectFromModel (L1-LR selector) + Naive Bayes,X5_I,28,Integrated
Integrated-SelectFromModel (L1-LR selector) + Naive Bayes,X5_K,29,Integrated
Integrated-SelectFromModel (L1-LR selector) + Naive Bayes,X5_L,30,Integrated
Integrated-SelectFromModel (L1-LR selector) + Naive Bayes,X5_M,31,Integrated
Integrated-SelectFromModel (L1-LR selector) + Naive Bayes,X5_N,32,Integrated
Integrated-SelectFromModel (L1-LR selector) + Naive Bayes,X5_P,33,Integrated
Integrated-SelectFromModel (L1-LR selector) + Naive Bayes,X5_Q,34,Integrated
Integrated-SelectFromModel (L1-LR selector) + Naive Bayes,X5_R,35,Integrated
Integrated-SelectFromModel (L1-LR selector) + Naive Bayes,X5_S,36,Integrated
Integrated-SelectFromModel (L1-LR selector) + Naive Bayes,X5_T,37,Integrated
Integrated-SelectFromModel (L1-LR selector) + Naive Bayes,X5_W,38,Integrated
Integrated-SelectFromModel (L1-LR selector) + Naive Bayes,X5_Y,39,Integrated
Integrated-SelectFromModel (L1-LR selector) + Naive Bayes,X8_AA,40,Integrated
Integrated-SelectFromModel (L1-LR selector) + Naive Bayes,X8_AC,41,Integrated
Integrated-SelectFromModel (L1-LR selector) + Naive Bayes,X8_AD,42,Integrated
Integrated-SelectFromModel (L1-LR selector) + Naive Bayes,X8_AE,43,Integrated
Integrated-SelectFromModel (L1-LR selector) + Naive Bayes,X8_AF,44,Integrated
Integrated-SelectFromModel (L1-LR selector) + Naive Bayes,X8_AG,45,Integrated
Integrated-SelectFromModel (L1-LR selector) + Naive Bayes,X8_AH,46,Integrated
Integrated-SelectFromModel (L1-LR selector) + Naive Bayes,X8_AK,47,Integrated
Integrated-SelectFromModel (L1-LR selector) + Naive Bayes,X8_AL,48,Integrated
Integrated-SelectFromModel (L1-LR selector) + Naive Bayes,X8_AM,49,Integrated
Integrated-SelectFromModel (L1-LR selector) + Naive Bayes,X8_AN,50,Integrated
Integrated-SelectFromModel (L1-LR selector) + Naive Bayes,X8_AP,51,Integrated
Integrated-SelectFromModel (L1-LR selector) + Naive Bayes,X8_AQ,52,Integrated
Integrated-SelectFromModel (L1-LR selector) + Naive Bayes,X8_AR,53,Integrated
Integrated-SelectFromModel (L1-LR selector) + Naive Bayes,X8_AS,54,Integrated
Integrated-SelectFromModel (L1-LR selector) + Naive Bayes,X8_AT,55,Integrated
Integrated-SelectFromModel (L1-LR selector) + Naive Bayes,X8_AV,56,Integrated
Integrated-SelectFromModel (L1-LR selector) + Naive Bayes,X8_AW,57,Integrated
Integrated-SelectFromModel (L1-LR selector) + Naive Bayes,X8_AY,58,Integrated
Integrated-SelectFromModel (L1-LR selector) + Naive Bayes,X8_CA,59,Integrated
Integrated-SelectFromModel (L1-LR selector) + Naive Bayes,X8_CC,60,Integrated
Integrated-SelectFromModel (L1-LR selector) + Naive Bayes,X8_CD,61,Integrated
Integrated-SelectFromModel (L1-LR selector) + Naive Bayes,X8_CE,62,Integrated
Integrated-SelectFromModel (L1-LR selector) + Naive Bayes,X8_CF,63,Integrated
Integrated-SelectFromModel (L1-LR selector) + Naive Bayes,X8_CG,64,Integrated
Integrated-SelectFromModel (L1-LR selector) + Naive Bayes,X8_CH,65,Integrated
Integrated-SelectFromModel (L1-LR selector) + Naive Bayes,X8_CI,66,Integrated
Integrated-SelectFromModel (L1-LR selector) + Naive Bayes,X8_CK,67,Integrated
Integrated-SelectFromModel (L1-LR selector) + Naive Bayes,X8_CL,68,Integrated
Integrated-SelectFromModel (L1-LR selector) + Naive Bayes,X8_CM,69,Integrated
Integrated-SelectFromModel (L1-LR selector) + Naive Bayes,X8_CN,70,Integrated
Integrated-SelectFromModel (L1-LR selector) + Naive Bayes,X8_CP,71,Integrated
Integrated-SelectFromModel (L1-LR selector) + Naive Bayes,X8_CQ,72,Integrated
Integrated-SelectFromModel (L1-LR selector) + Naive Bayes,X8_CR,73,Integrated
Integrated-SelectFromModel (L1-LR selector) + Naive Bayes,X8_CS,74,Integrated
Integrated-SelectFromModel (L1-LR selector) + Naive Bayes,X8_CT,75,Integrated
Integrated-SelectFromModel (L1-LR selector) + Naive Bayes,X8_CV,76,Integrated
Integrated-SelectFromModel (L1-LR selector) + Naive Bayes,X8_CW,77,Integrated
Integrated-SelectFromModel (L1-LR selector) + Naive Bayes,X8_CY,78,Integrated
Integrated-SelectFromModel (L1-LR selector) + Naive Bayes,X8_DC,79,Integrated
Integrated-SelectFromModel (L1-LR selector) + Naive Bayes,X8_DD,80,Integrated
Integrated-SelectFromModel (L1-LR selector) + Naive Bayes,X8_DE,81,Integrated
Integrated-SelectFromModel (L1-LR selector) + Naive Bayes,X8_DF,82,Integrated
Integrated-SelectFromModel (L1-LR selector) + Naive Bayes,X8_DG,83,Integrated
Integrated-SelectFromModel (L1-LR selector) + Naive Bayes,X8_DH,84,Integrated
Integrated-SelectFromModel (L1-LR selector) + Naive Bayes,X8_DI,85,Integrated
Integrated-SelectFromModel (L1-LR selector) + Naive Bayes,X8_DK,86,Integrated
Integrated-SelectFromModel (L1-LR selector) + Naive Bayes,X8_DL,87,Integrated
Integrated-SelectFromModel (L1-LR selector) + Naive Bayes,X8_DM,88,Integrated
Integrated-SelectFromModel (L1-LR selector) + Naive Bayes,X8_DN,89,Integrated
Integrated-SelectFromModel (L1-LR selector) + Naive Bayes,X8_DP,90,Integrated
Integrated-SelectFromModel (L1-LR selector) + Naive Bayes,X8_DQ,91,Integrated
Integrated-SelectFromModel (L1-LR selector) + Naive Bayes,X8_DS,92,Integrated
Integrated-SelectFromModel (L1-LR selector) + Naive Bayes,X8_DT,93,Integrated
Integrated-SelectFromModel (L1-LR selector) + Naive Bayes,X8_DV,94,Integrated
Integrated-SelectFromModel (L1-LR selector) + Naive Bayes,X8_DW,95,Integrated
Integrated-SelectFromModel (L1-LR selector) + Naive Bayes,X8_DY,96,Integrated
Integrated-SelectFromModel (L1-LR selector) + Naive Bayes,X8_EA,97,Integrated
Integrated-SelectFromModel (L1-LR selector) + Naive Bayes,X8_EC,98,Integrated
Integrated-SelectFromModel (L1-LR selector) + Naive Bayes,X8_ED,99,Integrated
Integrated-SelectFromModel (L1-LR selector) + Naive Bayes,X8_EE,100,Integrated
Integrated-SelectFromModel (L1-LR selector) + Naive Bayes,X8_EF,101,Integrated
Integrated-SelectFromModel (L1-LR selector) + Naive Bayes,X8_EG,102,Integrated
Integrated-SelectFromModel (L1-LR selector) + Naive Bayes,X8_EI,103,Integrated
Integrated-SelectFromModel (L1-LR selector) + Naive Bayes,X8_EK,104,Integrated
Integrated-SelectFromModel (L1-LR selector) + Naive Bayes,X8_EL,105,Integrated
Integrated-SelectFromModel (L1-LR selector) + Naive Bayes,X8_EM,106,Integrated
Integrated-SelectFromModel (L1-LR selector) + Naive Bayes,X8_EN,107,Integrated
Integrated-SelectFromModel (L1-LR selector) + Naive Bayes,X8_EP,108,Integrated
Integrated-SelectFromModel (L1-LR selector) + Naive Bayes,X8_EQ,109,Integrated
Integrated-SelectFromModel (L1-LR selector) + Naive Bayes,X8_ER,110,Integrated
Integrated-SelectFromModel (L1-LR selector) + Naive Bayes,X8_ES,111,Integrated
Integrated-SelectFromModel (L1-LR selector) + Naive Bayes,X8_ET,112,Integrated
Integrated-SelectFromModel (L1-LR selector) + Naive Bayes,X8_EV,113,Integrated
Integrated-SelectFromModel (L1-LR selector) + Naive Bayes,X8_EW,114,Integrated
Integrated-SelectFromModel (L1-LR selector) + Naive Bayes,X8_EY,115,Integrated
Integrated-SelectFromModel (L1-LR selector) + Naive Bayes,X8_FA,116,Integrated
Integrated-SelectFromModel (L1-LR selector) + Naive Bayes,X8_FC,117,Integrated
Integrated-SelectFromModel (L1-LR selector) + Naive Bayes,X8_FD,118,Integrated
Integrated-SelectFromModel (L1-LR selector) + Naive Bayes,X8_FE,119,Integrated
Integrated-SelectFromModel (L1-LR selector) + Naive Bayes,X8_FF,120,Integrated
Integrated-SelectFromModel (L1-LR selector) + Naive Bayes,X8_FG,121,Integrated
Integrated-SelectFromModel (L1-LR selector) + Naive Bayes,X8_FH,122,Integrated
Integrated-SelectFromModel (L1-LR selector) + Naive Bayes,X8_FI,123,Integrated
Integrated-SelectFromModel (L1-LR selector) + Naive Bayes,X8_FK,124,Integrated
Integrated-SelectFromModel (L1-LR selector) + Naive Bayes,X8_FL,125,Integrated
Integrated-SelectFromModel (L1-LR selector) + Naive Bayes,X8_FM,126,Integrated
Integrated-SelectFromModel (L1-LR selector) + Naive Bayes,X8_FN,127,Integrated
Integrated-SelectFromModel (L1-LR selector) + Naive Bayes,X8_FP,128,Integrated
Integrated-SelectFromModel (L1-LR selector) + Naive Bayes,X8_FQ,129,Integrated
Integrated-SelectFromModel (L1-LR selector) + Naive Bayes,X8_FR,130,Integrated
Integrated-SelectFromModel (L1-LR selector) + Naive Bayes,X8_FS,131,Integrated
Integrated-SelectFromModel (L1-LR selector) + Naive Bayes,X8_FT,132,Integrated
Integrated-SelectFromModel (L1-LR selector) + Naive Bayes,X8_FV,133,Integrated
Integrated-SelectFromModel (L1-LR selector) + Naive Bayes,X8_FW,134,Integrated
Integrated-SelectFromModel (L1-LR selector) + Naive Bayes,X8_FY,135,Integrated
Integrated-SelectFromModel (L1-LR selector) + Naive Bayes,X8_GA,136,Integrated
Integrated-SelectFromModel (L1-LR selector) + Naive Bayes,X8_GC,137,Integrated
Integrated-SelectFromModel (L1-LR selector) + Naive Bayes,X8_GD,138,Integrated
Integrated-SelectFromModel (L1-LR selector) + Naive Bayes,X8_GE,139,Integrated
Integrated-SelectFromModel (L1-LR selector) + Naive Bayes,X8_GF,140,Integrated
Integrated-SelectFromModel (L1-LR selector) + Naive Bayes,X8_GG,141,Integrated
Integrated-SelectFromModel (L1-LR selector) + Naive Bayes,X8_GH,142,Integrated
Integrated-SelectFromModel (L1-LR selector) + Naive Bayes,X8_GI,143,Integrated
Integrated-SelectFromModel (L1-LR selector) + Naive Bayes,X8_GK,144,Integrated
Integrated-SelectFromModel (L1-LR selector) + Naive Bayes,X8_GL,145,Integrated
Integrated-SelectFromModel (L1-LR selector) + Naive Bayes,X8_GM,146,Integrated
Integrated-SelectFromModel (L1-LR selector) + Naive Bayes,X8_GN,147,Integrated
Integrated-SelectFromModel (L1-LR selector) + Naive Bayes,X8_GP,148,Integrated
Integrated-SelectFromModel (L1-LR selector) + Naive Bayes,X8_GQ,149,Integrated
Integrated-SelectFromModel (L1-LR selector) + Naive Bayes,X8_GR,150,Integrated
Integrated-SelectFromModel (L1-LR selector) + Naive Bayes,X8_GS,151,Integrated
Integrated-SelectFromModel (L1-LR selector) + Naive Bayes,X8_GT,152,Integrated
Integrated-SelectFromModel (L1-LR selector) + Naive Bayes,X8_GV,153,Integrated
Integrated-SelectFromModel (L1-LR selector) + Naive Bayes,X8_GW,154,Integrated
Integrated-SelectFromModel (L1-LR selector) + Naive Bayes,X8_GY,155,Integrated
Integrated-SelectFromModel (L1-LR selector) + Naive Bayes,X8_HA,156,Integrated
Integrated-SelectFromModel (L1-LR selector) + Naive Bayes,X8_HD,157,Integrated
Integrated-SelectFromModel (L1-LR selector) + Naive Bayes,X8_HE,158,Integrated
Integrated-SelectFromModel (L1-LR selector) + Naive Bayes,X8_HF,159,Integrated
Integrated-SelectFromModel (L1-LR selector) + Naive Bayes,X8_HG,160,Integrated
Integrated-SelectFromModel (L1-LR selector) + Naive Bayes,X8_HH,161,Integrated
Integrated-SelectFromModel (L1-LR selector) + Naive Bayes,X8_HK,162,Integrated
Integrated-SelectFromModel (L1-LR selector) + Naive Bayes,X8_HL,163,Integrated
Integrated-SelectFromModel (L1-LR selector) + Naive Bayes,X8_HM,164,Integrated
Integrated-SelectFromModel (L1-LR selector) + Naive Bayes,X8_HN,165,Integrated
Integrated-SelectFromModel (L1-LR selector) + Naive Bayes,X8_HP,166,Integrated
Integrated-SelectFromModel (L1-LR selector) + Naive Bayes,X8_HQ,167,Integrated
Integrated-SelectFromModel (L1-LR selector) + Naive Bayes,X8_HR,168,Integrated
Integrated-SelectFromModel (L1-LR selector) + Naive Bayes,X8_HS,169,Integrated
Integrated-SelectFromModel (L1-LR selector) + Naive Bayes,X8_HT,170,Integrated
Integrated-SelectFromModel (L1-LR selector) + Naive Bayes,X8_HV,171,Integrated
Integrated-SelectFromModel (L1-LR selector) + Naive Bayes,X8_HW,172,Integrated
Integrated-SelectFromModel (L1-LR selector) + Naive Bayes,X8_HY,173,Integrated
Integrated-SelectFromModel (L1-LR selector) + Naive Bayes,X8_IA,174,Integrated
Integrated-SelectFromModel (L1-LR selector) + Naive Bayes,X8_IC,175,Integrated
Integrated-SelectFromModel (L1-LR selector) + Naive Bayes,X8_ID,176,Integrated
Integrated-SelectFromModel (L1-LR selector) + Naive Bayes,X8_IE,177,Integrated
Integrated-SelectFromModel (L1-LR selector) + Naive Bayes,X8_IF,178,Integrated
Integrated-SelectFromModel (L1-LR selector) + Naive Bayes,X8_IG,179,Integrated
Integrated-SelectFromModel (L1-LR selector) + Naive Bayes,X8_IH,180,Integrated
Integrated-SelectFromModel (L1-LR selector) + Naive Bayes,X8_II,181,Integrated
Integrated-SelectFromModel (L1-LR selector) + Naive Bayes,X8_IK,182,Integrated
Integrated-SelectFromModel (L1-LR selector) + Naive Bayes,X8_IL,183,Integrated
Integrated-SelectFromModel (L1-LR selector) + Naive Bayes,X8_IM,184,Integrated
Integrated-SelectFromModel (L1-LR selector) + Naive Bayes,X8_IN,185,Integrated
Integrated-SelectFromModel (L1-LR selector) + Naive Bayes,X8_IP,186,Integrated
Integrated-SelectFromModel (L1-LR selector) + Naive Bayes,X8_IQ,187,Integrated
Integrated-SelectFromModel (L1-LR selector) + Naive Bayes,X8_IR,188,Integrated
Integrated-SelectFromModel (L1-LR selector) + Naive Bayes,X8_IS,189,Integrated
Integrated-SelectFromModel (L1-LR selector) + Naive Bayes,X8_IT,190,Integrated
Integrated-SelectFromModel (L1-LR selector) + Naive Bayes,X8_IV,191,Integrated
Integrated-SelectFromModel (L1-LR selector) + Naive Bayes,X8_IW,192,Integrated
Integrated-SelectFromModel (L1-LR selector) + Naive Bayes,X8_IY,193,Integrated
Integrated-SelectFromModel (L1-LR selector) + Naive Bayes,X8_KA,194,Integrated
Integrated-SelectFromModel (L1-LR selector) + Naive Bayes,X8_KC,195,Integrated
Integrated-SelectFromModel (L1-LR selector) + Naive Bayes,X8_KD,196,Integrated
Integrated-SelectFromModel (L1-LR selector) + Naive Bayes,X8_KE,197,Integrated
Integrated-SelectFromModel (L1-LR selector) + Naive Bayes,X8_KF,198,Integrated
Integrated-SelectFromModel (L1-LR selector) + Naive Bayes,X8_KG,199,Integrated
Integrated-SelectFromModel (L1-LR selector) + Naive Bayes,X8_KI,200,Integrated
Integrated-SelectFromModel (L1-LR selector) + Naive Bayes,X8_KK,201,Integrated
Integrated-SelectFromModel (L1-LR selector) + Naive Bayes,X8_KL,202,Integrated
Integrated-SelectFromModel (L1-LR selector) + Naive Bayes,X8_KM,203,Integrated
Integrated-SelectFromModel (L1-LR selector) + Naive Bayes,X8_KN,204,Integrated
Integrated-SelectFromModel (L1-LR selector) + Naive Bayes,X8_KP,205,Integrated
Integrated-SelectFromModel (L1-LR selector) + Naive Bayes,X8_KQ,206,Integrated
Integrated-SelectFromModel (L1-LR selector) + Naive Bayes,X8_KR,207,Integrated
Integrated-SelectFromModel (L1-LR selector) + Naive Bayes,X8_KS,208,Integrated
Integrated-SelectFromModel (L1-LR selector) + Naive Bayes,X8_KV,209,Integrated
Integrated-SelectFromModel (L1-LR selector) + Naive Bayes,X8_KW,210,Integrated
Integrated-SelectFromModel (L1-LR selector) + Naive Bayes,X8_KY,211,Integrated
Integrated-SelectFromModel (L1-LR selector) + Naive Bayes,X8_LA,212,Integrated
Integrated-SelectFromModel (L1-LR selector) + Naive Bayes,X8_LC,213,Integrated
Integrated-SelectFromModel (L1-LR selector) + Naive Bayes,X8_LD,214,Integrated
Integrated-SelectFromModel (L1-LR selector) + Naive Bayes,X8_LE,215,Integrated
Integrated-SelectFromModel (L1-LR selector) + Naive Bayes,X8_LF,216,Integrated
Integrated-SelectFromModel (L1-LR selector) + Naive Bayes,X8_LG,217,Integrated
Integrated-SelectFromModel (L1-LR selector) + Naive Bayes,X8_LH,218,Integrated
Integrated-SelectFromModel (L1-LR selector) + Naive Bayes,X8_LI,219,Integrated
Integrated-SelectFromModel (L1-LR selector) + Naive Bayes,X8_LK,220,Integrated
Integrated-SelectFromModel (L1-LR selector) + Naive Bayes,X8_LL,221,Integrated
Integrated-SelectFromModel (L1-LR selector) + Naive Bayes,X8_LM,222,Integrated
Integrated-SelectFromModel (L1-LR selector) + Naive Bayes,X8_LN,223,Integrated
Integrated-SelectFromModel (L1-LR selector) + Naive Bayes,X8_LP,224,Integrated
Integrated-SelectFromModel (L1-LR selector) + Naive Bayes,X8_LQ,225,Integrated
Integrated-SelectFromModel (L1-LR selector) + Naive Bayes,X8_LR,226,Integrated
Integrated-SelectFromModel (L1-LR selector) + Naive Bayes,X8_LS,227,Integrated
Integrated-SelectFromModel (L1-LR selector) + Naive Bayes,X8_LT,228,Integrated
Integrated-SelectFromModel (L1-LR selector) + Naive Bayes,X8_LV,229,Integrated
Integrated-SelectFromModel (L1-LR selector) + Naive Bayes,X8_LW,230,Integrated
Integrated-SelectFromModel (L1-LR selector) + Naive Bayes,X8_LY,231,Integrated
Integrated-SelectFromModel (L1-LR selector) + Naive Bayes,X8_MA,232,Integrated
Integrated-SelectFromModel (L1-LR selector) + Naive Bayes,X8_MC,233,Integrated
Integrated-SelectFromModel (L1-LR selector) + Naive Bayes,X8_MD,234,Integrated
Integrated-SelectFromModel (L1-LR selector) + Naive Bayes,X8_ME,235,Integrated
Integrated-SelectFromModel (L1-LR selector) + Naive Bayes,X8_MF,236,Integrated
Integrated-SelectFromModel (L1-LR selector) + Naive Bayes,X8_MG,237,Integrated
Integrated-SelectFromModel (L1-LR selector) + Naive Bayes,X8_MH,238,Integrated
Integrated-SelectFromModel (L1-LR selector) + Naive Bayes,X8_MI,239,Integrated
Integrated-SelectFromModel (L1-LR selector) + Naive Bayes,X8_MK,240,Integrated
Integrated-SelectFromModel (L1-LR selector) + Naive Bayes,X8_ML,241,Integrated
Integrated-SelectFromModel (L1-LR selector) + Naive Bayes,X8_MM,242,Integrated
Integrated-SelectFromModel (L1-LR selector) + Naive Bayes,X8_MN,243,Integrated
Integrated-SelectFromModel (L1-LR selector) + Naive Bayes,X8_MP,244,Integrated
Integrated-SelectFromModel (L1-LR selector) + Naive Bayes,X8_MQ,245,Integrated
Integrated-SelectFromModel (L1-LR selector) + Naive Bayes,X8_MR,246,Integrated
Integrated-SelectFromModel (L1-LR selector) + Naive Bayes,X8_MS,247,Integrated
Integrated-SelectFromModel (L1-LR selector) + Naive Bayes,X8_MT,248,Integrated
Integrated-SelectFromModel (L1-LR selector) + Naive Bayes,X8_MV,249,Integrated
Integrated-SelectFromModel (L1-LR selector) + Naive Bayes,X8_MW,250,Integrated
Integrated-SelectFromModel (L1-LR selector) + Naive Bayes,X8_MY,251,Integrated
Integrated-SelectFromModel (L1-LR selector) + Naive Bayes,X8_NA,252,Integrated
Integrated-SelectFromModel (L1-LR selector) + Naive Bayes,X8_NC,253,Integrated
Integrated-SelectFromModel (L1-LR selector) + Naive Bayes,X8_ND,254,Integrated
Integrated-SelectFromModel (L1-LR selector) + Naive Bayes,X8_NE,255,Integrated
Integrated-SelectFromModel (L1-LR selector) + Naive Bayes,X8_NF,256,Integrated
Integrated-SelectFromModel (L1-LR selector) + Naive Bayes,X8_NG,257,Integrated
Integrated-SelectFromModel (L1-LR selector) + Naive Bayes,X8_NH,258,Integrated
Integrated-SelectFromModel (L1-LR selector) + Naive Bayes,X8_NI,259,Integrated
Integrated-SelectFromModel (L1-LR selector) + Naive Bayes,X8_NK,260,Integrated
Integrated-SelectFromModel (L1-LR selector) + Naive Bayes,X8_NL,261,Integrated
Integrated-SelectFromModel (L1-LR selector) + Naive Bayes,X8_NM,262,Integrated
Integrated-SelectFromModel (L1-LR selector) + Naive Bayes,X8_NN,263,Integrated
Integrated-SelectFromModel (L1-LR selector) + Naive Bayes,X8_NP,264,Integrated
Integrated-SelectFromModel (L1-LR selector) + Naive Bayes,X8_NQ,265,Integrated
Integrated-SelectFromModel (L1-LR selector) + Naive Bayes,X8_NR,266,Integrated
Integrated-SelectFromModel (L1-LR selector) + Naive Bayes,X8_NS,267,Integrated
Integrated-SelectFromModel (L1-LR selector) + Naive Bayes,X8_NT,268,Integrated
Integrated-SelectFromModel (L1-LR selector) + Naive Bayes,X8_NV,269,Integrated
Integrated-SelectFromModel (L1-LR selector) + Naive Bayes,X8_NW,270,Integrated
Integrated-SelectFromModel (L1-LR selector) + Naive Bayes,X8_NY,271,Integrated
Integrated-SelectFromModel (L1-LR selector) + Naive Bayes,X8_PA,272,Integrated
Integrated-SelectFromModel (L1-LR selector) + Naive Bayes,X8_PC,273,Integrated
Integrated-SelectFromModel (L1-LR selector) + Naive Bayes,X8_PD,274,Integrated
Integrated-SelectFromModel (L1-LR selector) + Naive Bayes,X8_PE,275,Integrated
Integrated-SelectFromModel (L1-LR selector) + Naive Bayes,X8_PF,276,Integrated
Integrated-SelectFromModel (L1-LR selector) + Naive Bayes,X8_PG,277,Integrated
Integrated-SelectFromModel (L1-LR selector) + Naive Bayes,X8_PH,278,Integrated
Integrated-SelectFromModel (L1-LR selector) + Naive Bayes,X8_PI,279,Integrated
Integrated-SelectFromModel (L1-LR selector) + Naive Bayes,X8_PK,280,Integrated
Integrated-SelectFromModel (L1-LR selector) + Naive Bayes,X8_PL,281,Integrated
Integrated-SelectFromModel (L1-LR selector) + Naive Bayes,X8_PM,282,Integrated
Integrated-SelectFromModel (L1-LR selector) + Naive Bayes,X8_PN,283,Integrated
Integrated-SelectFromModel (L1-LR selector) + Naive Bayes,X8_PP,284,Integrated
Integrated-SelectFromModel (L1-LR selector) + Naive Bayes,X8_PQ,285,Integrated
Integrated-SelectFromModel (L1-LR selector) + Naive Bayes,X8_PR,286,Integrated
Integrated-SelectFromModel (L1-LR selector) + Naive Bayes,X8_PS,287,Integrated
Integrated-SelectFromModel (L1-LR selector) + Naive Bayes,X8_PT,288,Integrated
Integrated-SelectFromModel (L1-LR selector) + Naive Bayes,X8_PV,289,Integrated
Integrated-SelectFromModel (L1-LR selector) + Naive Bayes,X8_PW,290,Integrated
Integrated-SelectFromModel (L1-LR selector) + Naive Bayes,X8_PY,291,Integrated
Integrated-SelectFromModel (L1-LR selector) + Naive Bayes,X8_QA,292,Integrated
Integrated-SelectFromModel (L1-LR selector) + Naive Bayes,X8_QC,293,Integrated
Integrated-SelectFromModel (L1-LR selector) + Naive Bayes,X8_QD,294,Integrated
Integrated-SelectFromModel (L1-LR selector) + Naive Bayes,X8_QE,295,Integrated
Integrated-SelectFromModel (L1-LR selector) + Naive Bayes,X8_QF,296,Integrated
Integrated-SelectFromModel (L1-LR selector) + Naive Bayes,X8_QG,297,Integrated
Integrated-SelectFromModel (L1-LR selector) + Naive Bayes,X8_QH,298,Integrated
Integrated-SelectFromModel (L1-LR selector) + Naive Bayes,X8_QI,299,Integrated
Integrated-SelectFromModel (L1-LR selector) + Naive Bayes,X8_QK,300,Integrated
Integrated-SelectFromModel (L1-LR selector) + Naive Bayes,X8_QL,301,Integrated
Integrated-SelectFromModel (L1-LR selector) + Naive Bayes,X8_QM,302,Integrated
Integrated-SelectFromModel (L1-LR selector) + Naive Bayes,X8_QN,303,Integrated
Integrated-SelectFromModel (L1-LR selector) + Naive Bayes,X8_QP,304,Integrated
Integrated-SelectFromModel (L1-LR selector) + Naive Bayes,X8_QQ,305,Integrated
Integrated-SelectFromModel (L1-LR selector) + Naive Bayes,X8_QR,306,Integrated
Integrated-SelectFromModel (L1-LR selector) + Naive Bayes,X8_QS,307,Integrated
Integrated-SelectFromModel (L1-LR selector) + Naive Bayes,X8_QT,308,Integrated
Integrated-SelectFromModel (L1-LR selector) + Naive Bayes,X8_QV,309,Integrated
Integrated-SelectFromModel (L1-LR selector) + Naive Bayes,X8_QW,310,Integrated
Integrated-SelectFromModel (L1-LR selector) + Naive Bayes,X8_QY,311,Integrated
Integrated-SelectFromModel (L1-LR selector) + Naive Bayes,X8_RA,312,Integrated
Integrated-SelectFromModel (L1-LR selector) + Naive Bayes,X8_RC,313,Integrated
Integrated-SelectFromModel (L1-LR selector) + Naive Bayes,X8_RD,314,Integrated
Integrated-SelectFromModel (L1-LR selector) + Naive Bayes,X8_RE,315,Integrated
Integrated-SelectFromModel (L1-LR selector) + Naive Bayes,X8_RF,316,Integrated
Integrated-SelectFromModel (L1-LR selector) + Naive Bayes,X8_RG,317,Integrated
Integrated-SelectFromModel (L1-LR selector) + Naive Bayes,X8_RH,318,Integrated
Integrated-SelectFromModel (L1-LR selector) + Naive Bayes,X8_RI,319,Integrated
Integrated-SelectFromModel (L1-LR selector) + Naive Bayes,X8_RK,320,Integrated
Integrated-SelectFromModel (L1-LR selector) + Naive Bayes,X8_RL,321,Integrated
Integrated-SelectFromModel (L1-LR selector) + Naive Bayes,X8_RM,322,Integrated
Integrated-SelectFromModel (L1-LR selector) + Naive Bayes,X8_RN,323,Integrated
Integrated-SelectFromModel (L1-LR selector) + Naive Bayes,X8_RP,324,Integrated
Integrated-SelectFromModel (L1-LR selector) + Naive Bayes,X8_RR,325,Integrated
Integrated-SelectFromModel (L1-LR selector) + Naive Bayes,X8_RS,326,Integrated
Integrated-SelectFromModel (L1-LR selector) + Naive Bayes,X8_RT,327,Integrated
Integrated-SelectFromModel (L1-LR selector) + Naive Bayes,X8_RV,328,Integrated
Integrated-SelectFromModel (L1-LR selector) + Naive Bayes,X8_RW,329,Integrated
Integrated-SelectFromModel (L1-LR selector) + Naive Bayes,X8_RY,330,Integrated
Integrated-SelectFromModel (L1-LR selector) + Naive Bayes,X8_SA,331,Integrated
Integrated-SelectFromModel (L1-LR selector) + Naive Bayes,X8_SC,332,Integrated
Integrated-SelectFromModel (L1-LR selector) + Naive Bayes,X8_SD,333,Integrated
Integrated-SelectFromModel (L1-LR selector) + Naive Bayes,X8_SE,334,Integrated
Integrated-SelectFromModel (L1-LR selector) + Naive Bayes,X8_SF,335,Integrated
Integrated-SelectFromModel (L1-LR selector) + Naive Bayes,X8_SG,336,Integrated
Integrated-SelectFromModel (L1-LR selector) + Naive Bayes,X8_SH,337,Integrated
Integrated-SelectFromModel (L1-LR selector) + Naive Bayes,X8_SI,338,Integrated
Integrated-SelectFromModel (L1-LR selector) + Naive Bayes,X8_SK,339,Integrated
Integrated-SelectFromModel (L1-LR selector) + Naive Bayes,X8_SL,340,Integrated
Integrated-SelectFromModel (L1-LR selector) + Naive Bayes,X8_SM,341,Integrated
Integrated-SelectFromModel (L1-LR selector) + Naive Bayes,X8_SN,342,Integrated
Integrated-SelectFromModel (L1-LR selector) + Naive Bayes,X8_SP,343,Integrated
Integrated-SelectFromModel (L1-LR selector) + Naive Bayes,X8_SR,344,Integrated
Integrated-SelectFromModel (L1-LR selector) + Naive Bayes,X8_SS,345,Integrated
Integrated-SelectFromModel (L1-LR selector) + Naive Bayes,X8_ST,346,Integrated
Integrated-SelectFromModel (L1-LR selector) + Naive Bayes,X8_SV,347,Integrated
Integrated-SelectFromModel (L1-LR selector) + Naive Bayes,X8_SW,348,Integrated
Integrated-SelectFromModel (L1-LR selector) + Naive Bayes,X8_SY,349,Integrated
Integrated-SelectFromModel (L1-LR selector) + Naive Bayes,X8_TA,350,Integrated
Integrated-SelectFromModel (L1-LR selector) + Naive Bayes,X8_TC,351,Integrated
Integrated-SelectFromModel (L1-LR selector) + Naive Bayes,X8_TD,352,Integrated
Integrated-SelectFromModel (L1-LR selector) + Naive Bayes,X8_TE,353,Integrated
Integrated-SelectFromModel (L1-LR selector) + Naive Bayes,X8_TF,354,Integrated
Integrated-SelectFromModel (L1-LR selector) + Naive Bayes,X8_TG,355,Integrated
Integrated-SelectFromModel (L1-LR selector) + Naive Bayes,X8_TH,356,Integrated
Integrated-SelectFromModel (L1-LR selector) + Naive Bayes,X8_TI,357,Integrated
Integrated-SelectFromModel (L1-LR selector) + Naive Bayes,X8_TK,358,Integrated
Integrated-SelectFromModel (L1-LR selector) + Naive Bayes,X8_TL,359,Integrated
Integrated-SelectFromModel (L1-LR selector) + Naive Bayes,X8_TM,360,Integrated
Integrated-SelectFromModel (L1-LR selector) + Naive Bayes,X8_TN,361,Integrated
Integrated-SelectFromModel (L1-LR selector) + Naive Bayes,X8_TP,362,Integrated
Integrated-SelectFromModel (L1-LR selector) + Naive Bayes,X8_TQ,363,Integrated
Integrated-SelectFromModel (L1-LR selector) + Naive Bayes,X8_TR,364,Integrated
Integrated-SelectFromModel (L1-LR selector) + Naive Bayes,X8_TS,365,Integrated
Integrated-SelectFromModel (L1-LR selector) + Naive Bayes,X8_TT,366,Integrated
Integrated-SelectFromModel (L1-LR selector) + Naive Bayes,X8_TV,367,Integrated
Integrated-SelectFromModel (L1-LR selector) + Naive Bayes,X8_TW,368,Integrated
Integrated-SelectFromModel (L1-LR selector) + Naive Bayes,X8_TY,369,Integrated
Integrated-SelectFromModel (L1-LR selector) + Naive Bayes,X8_VA,370,Integrated
Integrated-SelectFromModel (L1-LR selector) + Naive Bayes,X8_VC,371,Integrated
Integrated-SelectFromModel (L1-LR selector) + Naive Bayes,X8_VD,372,Integrated
Integrated-SelectFromModel (L1-LR selector) + Naive Bayes,X8_VE,373,Integrated
Integrated-SelectFromModel (L1-LR selector) + Naive Bayes,X8_VF,374,Integrated
Integrated-SelectFromModel (L1-LR selector) + Naive Bayes,X8_VG,375,Integrated
Integrated-SelectFromModel (L1-LR selector) + Naive Bayes,X8_VH,376,Integrated
Integrated-SelectFromModel (L1-LR selector) + Naive Bayes,X8_VI,377,Integrated
Integrated-SelectFromModel (L1-LR selector) + Naive Bayes,X8_VK,378,Integrated
Integrated-SelectFromModel (L1-LR selector) + Naive Bayes,X8_VL,379,Integrated
Integrated-SelectFromModel (L1-LR selector) + Naive Bayes,X8_VM,380,Integrated
Integrated-SelectFromModel (L1-LR selector) + Naive Bayes,X8_VP,381,Integrated
Integrated-SelectFromModel (L1-LR selector) + Naive Bayes,X8_VQ,382,Integrated
Integrated-SelectFromModel (L1-LR selector) + Naive Bayes,X8_VR,383,Integrated
Integrated-SelectFromModel (L1-LR selector) + Naive Bayes,X8_VS,384,Integrated
Integrated-SelectFromModel (L1-LR selector) + Naive Bayes,X8_VT,385,Integrated
Integrated-SelectFromModel (L1-LR selector) + Naive Bayes,X8_VV,386,Integrated
Integrated-SelectFromModel (L1-LR selector) + Naive Bayes,X8_VW,387,Integrated
Integrated-SelectFromModel (L1-LR selector) + Naive Bayes,X8_VY,388,Integrated
Integrated-SelectFromModel (L1-LR selector) + Naive Bayes,X8_WA,389,Integrated
Integrated-SelectFromModel (L1-LR selector) + Naive Bayes,X8_WC,390,Integrated
Integrated-SelectFromModel (L1-LR selector) + Naive Bayes,X8_WD,391,Integrated
Integrated-SelectFromModel (L1-LR selector) + Naive Bayes,X8_WE,392,Integrated
Integrated-SelectFromModel (L1-LR selector) + Naive Bayes,X8_WF,393,Integrated
Integrated-SelectFromModel (L1-LR selector) + Naive Bayes,X8_WG,394,Integrated
Integrated-SelectFromModel (L1-LR selector) + Naive Bayes,X8_WH,395,Integrated
Integrated-SelectFromModel (L1-LR selector) + Naive Bayes,X8_WI,396,Integrated
Integrated-SelectFromModel (L1-LR selector) + Naive Bayes,X8_WK,397,Integrated
Integrated-SelectFromModel (L1-LR selector) + Naive Bayes,X8_WL,398,Integrated
Integrated-SelectFromModel (L1-LR selector) + Naive Bayes,X8_WM,399,Integrated
Integrated-SelectFromModel (L1-LR selector) + Naive Bayes,X8_WN,400,Integrated
Integrated-SelectFromModel (L1-LR selector) + Naive Bayes,X8_WP,401,Integrated
Integrated-SelectFromModel (L1-LR selector) + Naive Bayes,X8_WQ,402,Integrated
Integrated-SelectFromModel (L1-LR selector) + Naive Bayes,X8_WR,403,Integrated
Integrated-SelectFromModel (L1-LR selector) + Naive Bayes,X8_WS,404,Integrated
Integrated-SelectFromModel (L1-LR selector) + Naive Bayes,X8_WT,405,Integrated
Integrated-SelectFromModel (L1-LR selector) + Naive Bayes,X8_WV,406,Integrated
Integrated-SelectFromModel (L1-LR selector) + Naive Bayes,X8_WW,407,Integrated
Integrated-SelectFromModel (L1-LR selector) + Naive Bayes,X8_WY,408,Integrated
Integrated-SelectFromModel (L1-LR selector) + Naive Bayes,X8_YA,409,Integrated
Integrated-SelectFromModel (L1-LR selector) + Naive Bayes,X8_YC,410,Integrated
Integrated-SelectFromModel (L1-LR selector) + Naive Bayes,X8_YD,411,Integrated
Integrated-SelectFromModel (L1-LR selector) + Naive Bayes,X8_YE,412,Integrated
Integrated-SelectFromModel (L1-LR selector) + Naive Bayes,X8_YF,413,Integrated
Integrated-SelectFromModel (L1-LR selector) + Naive Bayes,X8_YG,414,Integrated
Integrated-SelectFromModel (L1-LR selector) + Naive Bayes,X8_YH,415,Integrated
Integrated-SelectFromModel (L1-LR selector) + Naive Bayes,X8_YI,416,Integrated
Integrated-SelectFromModel (L1-LR selector) + Naive Bayes,X8_YK,417,Integrated
Integrated-SelectFromModel (L1-LR selector) + Naive Bayes,X8_YL,418,Integrated
Integrated-SelectFromModel (L1-LR selector) + Naive Bayes,X8_YM,419,Integrated
Integrated-SelectFromModel (L1-LR selector) + Naive Bayes,X8_YN,420,Integrated
Integrated-SelectFromModel (L1-LR selector) + Naive Bayes,X8_YP,421,Integrated
Integrated-SelectFromModel (L1-LR selector) + Naive Bayes,X8_YQ,422,Integrated
Integrated-SelectFromModel (L1-LR selector) + Naive Bayes,X8_YR,423,Integrated
Integrated-SelectFromModel (L1-LR selector) + Naive Bayes,X8_YS,424,Integrated
Integrated-SelectFromModel (L1-LR selector) + Naive Bayes,X8_YT,425,Integrated
Integrated-SelectFromModel (L1-LR selector) + Naive Bayes,X8_YW,426,Integrated
Integrated-SelectFromModel (L1-LR selector) + Naive Bayes,X8_YY,427,Integrated
Integrated-SelectFromModel (L1-LR selector) + Naive Bayes,acidic_group,428,Integrated
Integrated-SelectFromModel (L1-LR selector) + Naive Bayes,charged_group,429,Integrated
Integrated-SelectFromModel (L1-LR selector) + Naive Bayes,hydrophobic_moment,430,Integrated
Integrated-SelectFromModel (L1-LR selector) + Naive Bayes,instability_index,431,Integrated
Integrated-SelectFromModel (L1-LR selector) + Naive Bayes,isoelectric_point,432,Integrated
Integrated-SelectFromModel (L1-LR selector) + Naive Bayes,peptide_len,433,Integrated
Integrated-SelectFromModel (RF selector) + RF,X4_A,1,Integrated
Integrated-SelectFromModel (RF selector) + RF,X4_D,2,Integrated
Integrated-SelectFromModel (RF selector) + RF,X4_E,3,Integrated
Integrated-SelectFromModel (RF selector) + RF,X4_F,4,Integrated
Integrated-SelectFromModel (RF selector) + RF,X4_G,5,Integrated
Integrated-SelectFromModel (RF selector) + RF,X4_I,6,Integrated
Integrated-SelectFromModel (RF selector) + RF,X4_K,7,Integrated
Integrated-SelectFromModel (RF selector) + RF,X4_L,8,Integrated
Integrated-SelectFromModel (RF selector) + RF,X4_M,9,Integrated
Integrated-SelectFromModel (RF selector) + RF,X4_N,10,Integrated
Integrated-SelectFromModel (RF selector) + RF,X4_P,11,Integrated
Integrated-SelectFromModel (RF selector) + RF,X4_R,12,Integrated
Integrated-SelectFromModel (RF selector) + RF,X4_S,13,Integrated
Integrated-SelectFromModel (RF selector) + RF,X4_T,14,Integrated
Integrated-SelectFromModel (RF selector) + RF,X4_V,15,Integrated
Integrated-SelectFromModel (RF selector) + RF,X4_W,16,Integrated
Integrated-SelectFromModel (RF selector) + RF,X4_Y,17,Integrated
Integrated-SelectFromModel (RF selector) + RF,X5_A,18,Integrated
Integrated-SelectFromModel (RF selector) + RF,X5_C,19,Integrated
Integrated-SelectFromModel (RF selector) + RF,X5_D,20,Integrated
Integrated-SelectFromModel (RF selector) + RF,X5_E,21,Integrated
Integrated-SelectFromModel (RF selector) + RF,X5_F,22,Integrated
Integrated-SelectFromModel (RF selector) + RF,X5_G,23,Integrated
Integrated-SelectFromModel (RF selector) + RF,X5_H,24,Integrated
Integrated-SelectFromModel (RF selector) + RF,X5_I,25,Integrated
Integrated-SelectFromModel (RF selector) + RF,X5_K,26,Integrated
Integrated-SelectFromModel (RF selector) + RF,X5_L,27,Integrated
Integrated-SelectFromModel (RF selector) + RF,X5_M,28,Integrated
Integrated-SelectFromModel (RF selector) + RF,X5_N,29,Integrated
Integrated-SelectFromModel (RF selector) + RF,X5_P,30,Integrated
Integrated-SelectFromModel (RF selector) + RF,X5_Q,31,Integrated
Integrated-SelectFromModel (RF selector) + RF,X5_R,32,Integrated
Integrated-SelectFromModel (RF selector) + RF,X5_S,33,Integrated
Integrated-SelectFromModel (RF selector) + RF,X5_T,34,Integrated
Integrated-SelectFromModel (RF selector) + RF,X5_V,35,Integrated
Integrated-SelectFromModel (RF selector) + RF,X5_W,36,Integrated
Integrated-SelectFromModel (RF selector) + RF,X5_Y,37,Integrated
Integrated-SelectFromModel (RF selector) + RF,X8_AA,38,Integrated
Integrated-SelectFromModel (RF selector) + RF,X8_AC,39,Integrated
Integrated-SelectFromModel (RF selector) + RF,X8_AD,40,Integrated
Integrated-SelectFromModel (RF selector) + RF,X8_AE,41,Integrated
Integrated-SelectFromModel (RF selector) + RF,X8_AF,42,Integrated
Integrated-SelectFromModel (RF selector) + RF,X8_AG,43,Integrated
Integrated-SelectFromModel (RF selector) + RF,X8_AH,44,Integrated
Integrated-SelectFromModel (RF selector) + RF,X8_AI,45,Integrated
Integrated-SelectFromModel (RF selector) + RF,X8_AK,46,Integrated
Integrated-SelectFromModel (RF selector) + RF,X8_AL,47,Integrated
Integrated-SelectFromModel (RF selector) + RF,X8_AM,48,Integrated
Integrated-SelectFromModel (RF selector) + RF,X8_AN,49,Integrated
Integrated-SelectFromModel (RF selector) + RF,X8_AP,50,Integrated
Integrated-SelectFromModel (RF selector) + RF,X8_AQ,51,Integrated
Integrated-SelectFromModel (RF selector) + RF,X8_AR,52,Integrated
Integrated-SelectFromModel (RF selector) + RF,X8_AS,53,Integrated
Integrated-SelectFromModel (RF selector) + RF,X8_AT,54,Integrated
Integrated-SelectFromModel (RF selector) + RF,X8_AV,55,Integrated
Integrated-SelectFromModel (RF selector) + RF,X8_AW,56,Integrated
Integrated-SelectFromModel (RF selector) + RF,X8_AY,57,Integrated
Integrated-SelectFromModel (RF selector) + RF,X8_CF,58,Integrated
Integrated-SelectFromModel (RF selector) + RF,X8_CG,59,Integrated
Integrated-SelectFromModel (RF selector) + RF,X8_CS,60,Integrated
Integrated-SelectFromModel (RF selector) + RF,X8_DA,61,Integrated
Integrated-SelectFromModel (RF selector) + RF,X8_DD,62,Integrated
Integrated-SelectFromModel (RF selector) + RF,X8_DE,63,Integrated
Integrated-SelectFromModel (RF selector) + RF,X8_DF,64,Integrated
Integrated-SelectFromModel (RF selector) + RF,X8_DG,65,Integrated
Integrated-SelectFromModel (RF selector) + RF,X8_DI,66,Integrated
Integrated-SelectFromModel (RF selector) + RF,X8_DK,67,Integrated
Integrated-SelectFromModel (RF selector) + RF,X8_DL,68,Integrated
Integrated-SelectFromModel (RF selector) + RF,X8_DN,69,Integrated
Integrated-SelectFromModel (RF selector) + RF,X8_DP,70,Integrated
Integrated-SelectFromModel (RF selector) + RF,X8_DQ,71,Integrated
Integrated-SelectFromModel (RF selector) + RF,X8_DR,72,Integrated
Integrated-SelectFromModel (RF selector) + RF,X8_DS,73,Integrated
Integrated-SelectFromModel (RF selector) + RF,X8_DT,74,Integrated
Integrated-SelectFromModel (RF selector) + RF,X8_DV,75,Integrated
Integrated-SelectFromModel (RF selector) + RF,X8_DY,76,Integrated
Integrated-SelectFromModel (RF selector) + RF,X8_EA,77,Integrated
Integrated-SelectFromModel (RF selector) + RF,X8_ED,78,Integrated
Integrated-SelectFromModel (RF selector) + RF,X8_EE,79,Integrated
Integrated-SelectFromModel (RF selector) + RF,X8_EF,80,Integrated
Integrated-SelectFromModel (RF selector) + RF,X8_EG,81,Integrated
Integrated-SelectFromModel (RF selector) + RF,X8_EI,82,Integrated
Integrated-SelectFromModel (RF selector) + RF,X8_EK,83,Integrated
Integrated-SelectFromModel (RF selector) + RF,X8_EL,84,Integrated
Integrated-SelectFromModel (RF selector) + RF,X8_EM,85,Integrated
Integrated-SelectFromModel (RF selector) + RF,X8_EN,86,Integrated
Integrated-SelectFromModel (RF selector) + RF,X8_EP,87,Integrated
Integrated-SelectFromModel (RF selector) + RF,X8_ER,88,Integrated
Integrated-SelectFromModel (RF selector) + RF,X8_ES,89,Integrated
Integrated-SelectFromModel (RF selector) + RF,X8_ET,90,Integrated
Integrated-SelectFromModel (RF selector) + RF,X8_EV,91,Integrated
Integrated-SelectFromModel (RF selector) + RF,X8_EY,92,Integrated
Integrated-SelectFromModel (RF selector) + RF,X8_FA,93,Integrated
Integrated-SelectFromModel (RF selector) + RF,X8_FD,94,Integrated
Integrated-SelectFromModel (RF selector) + RF,X8_FF,95,Integrated
Integrated-SelectFromModel (RF selector) + RF,X8_FG,96,Integrated
Integrated-SelectFromModel (RF selector) + RF,X8_FI,97,Integrated
Integrated-SelectFromModel (RF selector) + RF,X8_FL,98,Integrated
Integrated-SelectFromModel (RF selector) + RF,X8_FN,99,Integrated
Integrated-SelectFromModel (RF selector) + RF,X8_FP,100,Integrated
Integrated-SelectFromModel (RF selector) + RF,X8_FS,101,Integrated
Integrated-SelectFromModel (RF selector) + RF,X8_FT,102,Integrated
Integrated-SelectFromModel (RF selector) + RF,X8_FV,103,Integrated
Integrated-SelectFromModel (RF selector) + RF,X8_FY,104,Integrated
Integrated-SelectFromModel (RF selector) + RF,X8_GA,105,Integrated
Integrated-SelectFromModel (RF selector) + RF,X8_GD,106,Integrated
Integrated-SelectFromModel (RF selector) + RF,X8_GE,107,Integrated
Integrated-SelectFromModel (RF selector) + RF,X8_GF,108,Integrated
Integrated-SelectFromModel (RF selector) + RF,X8_GG,109,Integrated
Integrated-SelectFromModel (RF selector) + RF,X8_GI,110,Integrated
Integrated-SelectFromModel (RF selector) + RF,X8_GK,111,Integrated
Integrated-SelectFromModel (RF selector) + RF,X8_GL,112,Integrated
Integrated-SelectFromModel (RF selector) + RF,X8_GM,113,Integrated
Integrated-SelectFromModel (RF selector) + RF,X8_GN,114,Integrated
Integrated-SelectFromModel (RF selector) + RF,X8_GP,115,Integrated
Integrated-SelectFromModel (RF selector) + RF,X8_GQ,116,Integrated
Integrated-SelectFromModel (RF selector) + RF,X8_GR,117,Integrated
Integrated-SelectFromModel (RF selector) + RF,X8_GS,118,Integrated
Integrated-SelectFromModel (RF selector) + RF,X8_GT,119,Integrated
Integrated-SelectFromModel (RF selector) + RF,X8_GV,120,Integrated
Integrated-SelectFromModel (RF selector) + RF,X8_HA,121,Integrated
Integrated-SelectFromModel (RF selector) + RF,X8_HR,122,Integrated
Integrated-SelectFromModel (RF selector) + RF,X8_HV,123,Integrated
Integrated-SelectFromModel (RF selector) + RF,X8_IA,124,Integrated
Integrated-SelectFromModel (RF selector) + RF,X8_IC,125,Integrated
Integrated-SelectFromModel (RF selector) + RF,X8_ID,126,Integrated
Integrated-SelectFromModel (RF selector) + RF,X8_IE,127,Integrated
Integrated-SelectFromModel (RF selector) + RF,X8_IF,128,Integrated
Integrated-SelectFromModel (RF selector) + RF,X8_IG,129,Integrated
Integrated-SelectFromModel (RF selector) + RF,X8_II,130,Integrated
Integrated-SelectFromModel (RF selector) + RF,X8_IL,131,Integrated
Integrated-SelectFromModel (RF selector) + RF,X8_IN,132,Integrated
Integrated-SelectFromModel (RF selector) + RF,X8_IP,133,Integrated
Integrated-SelectFromModel (RF selector) + RF,X8_IQ,134,Integrated
Integrated-SelectFromModel (RF selector) + RF,X8_IR,135,Integrated
Integrated-SelectFromModel (RF selector) + RF,X8_IS,136,Integrated
Integrated-SelectFromModel (RF selector) + RF,X8_IT,137,Integrated
Integrated-SelectFromModel (RF selector) + RF,X8_IV,138,Integrated
Integrated-SelectFromModel (RF selector) + RF,X8_IY,139,Integrated
Integrated-SelectFromModel (RF selector) + RF,X8_KA,140,Integrated
Integrated-SelectFromModel (RF selector) + RF,X8_KG,141,Integrated
Integrated-SelectFromModel (RF selector) + RF,X8_KI,142,Integrated
Integrated-SelectFromModel (RF selector) + RF,X8_KL,143,Integrated
Integrated-SelectFromModel (RF selector) + RF,X8_KP,144,Integrated
Integrated-SelectFromModel (RF selector) + RF,X8_KS,145,Integrated
Integrated-SelectFromModel (RF selector) + RF,X8_KT,146,Integrated
Integrated-SelectFromModel (RF selector) + RF,X8_KV,147,Integrated
Integrated-SelectFromModel (RF selector) + RF,X8_LA,148,Integrated
Integrated-SelectFromModel (RF selector) + RF,X8_LD,149,Integrated
Integrated-SelectFromModel (RF selector) + RF,X8_LE,150,Integrated
Integrated-SelectFromModel (RF selector) + RF,X8_LF,151,Integrated
Integrated-SelectFromModel (RF selector) + RF,X8_LG,152,Integrated
Integrated-SelectFromModel (RF selector) + RF,X8_LH,153,Integrated
Integrated-SelectFromModel (RF selector) + RF,X8_LI,154,Integrated
Integrated-SelectFromModel (RF selector) + RF,X8_LK,155,Integrated
Integrated-SelectFromModel (RF selector) + RF,X8_LL,156,Integrated
Integrated-SelectFromModel (RF selector) + RF,X8_LM,157,Integrated
Integrated-SelectFromModel (RF selector) + RF,X8_LN,158,Integrated
Integrated-SelectFromModel (RF selector) + RF,X8_LP,159,Integrated
Integrated-SelectFromModel (RF selector) + RF,X8_LQ,160,Integrated
Integrated-SelectFromModel (RF selector) + RF,X8_LR,161,Integrated
Integrated-SelectFromModel (RF selector) + RF,X8_LS,162,Integrated
Integrated-SelectFromModel (RF selector) + RF,X8_LT,163,Integrated
Integrated-SelectFromModel (RF selector) + RF,X8_LV,164,Integrated
Integrated-SelectFromModel (RF selector) + RF,X8_LW,165,Integrated
Integrated-SelectFromModel (RF selector) + RF,X8_LY,166,Integrated
Integrated-SelectFromModel (RF selector) + RF,X8_MA,167,Integrated
Integrated-SelectFromModel (RF selector) + RF,X8_MI,168,Integrated
Integrated-SelectFromModel (RF selector) + RF,X8_ML,169,Integrated
Integrated-SelectFromModel (RF selector) + RF,X8_MS,170,Integrated
Integrated-SelectFromModel (RF selector) + RF,X8_NA,171,Integrated
Integrated-SelectFromModel (RF selector) + RF,X8_ND,172,Integrated
Integrated-SelectFromModel (RF selector) + RF,X8_NG,173,Integrated
Integrated-SelectFromModel (RF selector) + RF,X8_NI,174,Integrated
Integrated-SelectFromModel (RF selector) + RF,X8_NL,175,Integrated
Integrated-SelectFromModel (RF selector) + RF,X8_NN,176,Integrated
Integrated-SelectFromModel (RF selector) + RF,X8_NP,177,Integrated
Integrated-SelectFromModel (RF selector) + RF,X8_NR,178,Integrated
Integrated-SelectFromModel (RF selector) + RF,X8_NS,179,Integrated
Integrated-SelectFromModel (RF selector) + RF,X8_NT,180,Integrated
Integrated-SelectFromModel (RF selector) + RF,X8_NV,181,Integrated
Integrated-SelectFromModel (RF selector) + RF,X8_NY,182,Integrated
Integrated-SelectFromModel (RF selector) + RF,X8_PA,183,Integrated
Integrated-SelectFromModel (RF selector) + RF,X8_PD,184,Integrated
Integrated-SelectFromModel (RF selector) + RF,X8_PE,185,Integrated
Integrated-SelectFromModel (RF selector) + RF,X8_PF,186,Integrated
Integrated-SelectFromModel (RF selector) + RF,X8_PG,187,Integrated
Integrated-SelectFromModel (RF selector) + RF,X8_PI,188,Integrated
Integrated-SelectFromModel (RF selector) + RF,X8_PK,189,Integrated
Integrated-SelectFromModel (RF selector) + RF,X8_PL,190,Integrated
Integrated-SelectFromModel (RF selector) + RF,X8_PM,191,Integrated
Integrated-SelectFromModel (RF selector) + RF,X8_PN,192,Integrated
Integrated-SelectFromModel (RF selector) + RF,X8_PP,193,Integrated
Integrated-SelectFromModel (RF selector) + RF,X8_PR,194,Integrated
Integrated-SelectFromModel (RF selector) + RF,X8_PS,195,Integrated
Integrated-SelectFromModel (RF selector) + RF,X8_PT,196,Integrated
Integrated-SelectFromModel (RF selector) + RF,X8_PV,197,Integrated
Integrated-SelectFromModel (RF selector) + RF,X8_QA,198,Integrated
Integrated-SelectFromModel (RF selector) + RF,X8_QE,199,Integrated
Integrated-SelectFromModel (RF selector) + RF,X8_QG,200,Integrated
Integrated-SelectFromModel (RF selector) + RF,X8_QL,201,Integrated
Integrated-SelectFromModel (RF selector) + RF,X8_QQ,202,Integrated
Integrated-SelectFromModel (RF selector) + RF,X8_QR,203,Integrated
Integrated-SelectFromModel (RF selector) + RF,X8_QS,204,Integrated
Integrated-SelectFromModel (RF selector) + RF,X8_QV,205,Integrated
Integrated-SelectFromModel (RF selector) + RF,X8_RA,206,Integrated
Integrated-SelectFromModel (RF selector) + RF,X8_RD,207,Integrated
Integrated-SelectFromModel (RF selector) + RF,X8_RE,208,Integrated
Integrated-SelectFromModel (RF selector) + RF,X8_RF,209,Integrated
Integrated-SelectFromModel (RF selector) + RF,X8_RG,210,Integrated
Integrated-SelectFromModel (RF selector) + RF,X8_RI,211,Integrated
Integrated-SelectFromModel (RF selector) + RF,X8_RL,212,Integrated
Integrated-SelectFromModel (RF selector) + RF,X8_RM,213,Integrated
Integrated-SelectFromModel (RF selector) + RF,X8_RP,214,Integrated
Integrated-SelectFromModel (RF selector) + RF,X8_RR,215,Integrated
Integrated-SelectFromModel (RF selector) + RF,X8_RS,216,Integrated
Integrated-SelectFromModel (RF selector) + RF,X8_RT,217,Integrated
Integrated-SelectFromModel (RF selector) + RF,X8_RV,218,Integrated
Integrated-SelectFromModel (RF selector) + RF,X8_RY,219,Integrated
Integrated-SelectFromModel (RF selector) + RF,X8_SA,220,Integrated
Integrated-SelectFromModel (RF selector) + RF,X8_SC,221,Integrated
Integrated-SelectFromModel (RF selector) + RF,X8_SD,222,Integrated
Integrated-SelectFromModel (RF selector) + RF,X8_SE,223,Integrated
Integrated-SelectFromModel (RF selector) + RF,X8_SF,224,Integrated
Integrated-SelectFromModel (RF selector) + RF,X8_SG,225,Integrated
Integrated-SelectFromModel (RF selector) + RF,X8_SI,226,Integrated
Integrated-SelectFromModel (RF selector) + RF,X8_SK,227,Integrated
Integrated-SelectFromModel (RF selector) + RF,X8_SL,228,Integrated
Integrated-SelectFromModel (RF selector) + RF,X8_SM,229,Integrated
Integrated-SelectFromModel (RF selector) + RF,X8_SN,230,Integrated
Integrated-SelectFromModel (RF selector) + RF,X8_SP,231,Integrated
Integrated-SelectFromModel (RF selector) + RF,X8_SR,232,Integrated
Integrated-SelectFromModel (RF selector) + RF,X8_SS,233,Integrated
Integrated-SelectFromModel (RF selector) + RF,X8_ST,234,Integrated
Integrated-SelectFromModel (RF selector) + RF,X8_SV,235,Integrated
Integrated-SelectFromModel (RF selector) + RF,X8_SY,236,Integrated
Integrated-SelectFromModel (RF selector) + RF,X8_TA,237,Integrated
Integrated-SelectFromModel (RF selector) + RF,X8_TD,238,Integrated
Integrated-SelectFromModel (RF selector) + RF,X8_TE,239,Integrated
Integrated-SelectFromModel (RF selector) + RF,X8_TF,240,Integrated
Integrated-SelectFromModel (RF selector) + RF,X8_TG,241,Integrated
Integrated-SelectFromModel (RF selector) + RF,X8_TH,242,Integrated
Integrated-SelectFromModel (RF selector) + RF,X8_TI,243,Integrated
Integrated-SelectFromModel (RF selector) + RF,X8_TK,244,Integrated
Integrated-SelectFromModel (RF selector) + RF,X8_TL,245,Integrated
Integrated-SelectFromModel (RF selector) + RF,X8_TM,246,Integrated
Integrated-SelectFromModel (RF selector) + RF,X8_TN,247,Integrated
Integrated-SelectFromModel (RF selector) + RF,X8_TP,248,Integrated
Integrated-SelectFromModel (RF selector) + RF,X8_TQ,249,Integrated
Integrated-SelectFromModel (RF selector) + RF,X8_TR,250,Integrated
Integrated-SelectFromModel (RF selector) + RF,X8_TS,251,Integrated
Integrated-SelectFromModel (RF selector) + RF,X8_TT,252,Integrated
Integrated-SelectFromModel (RF selector) + RF,X8_TV,253,Integrated
Integrated-SelectFromModel (RF selector) + RF,X8_TW,254,Integrated
Integrated-SelectFromModel (RF selector) + RF,X8_TY,255,Integrated
Integrated-SelectFromModel (RF selector) + RF,X8_VA,256,Integrated
Integrated-SelectFromModel (RF selector) + RF,X8_VC,257,Integrated
Integrated-SelectFromModel (RF selector) + RF,X8_VD,258,Integrated
Integrated-SelectFromModel (RF selector) + RF,X8_VE,259,Integrated
Integrated-SelectFromModel (RF selector) + RF,X8_VF,260,Integrated
Integrated-SelectFromModel (RF selector) + RF,X8_VG,261,Integrated
Integrated-SelectFromModel (RF selector) + RF,X8_VI,262,Integrated
Integrated-SelectFromModel (RF selector) + RF,X8_VK,263,Integrated
Integrated-SelectFromModel (RF selector) + RF,X8_VL,264,Integrated
Integrated-SelectFromModel (RF selector) + RF,X8_VN,265,Integrated
Integrated-SelectFromModel (RF selector) + RF,X8_VP,266,Integrated
Integrated-SelectFromModel (RF selector) + RF,X8_VQ,267,Integrated
Integrated-SelectFromModel (RF selector) + RF,X8_VR,268,Integrated
Integrated-SelectFromModel (RF selector) + RF,X8_VS,269,Integrated
Integrated-SelectFromModel (RF selector) + RF,X8_VT,270,Integrated
Integrated-SelectFromModel (RF selector) + RF,X8_VV,271,Integrated
Integrated-SelectFromModel (RF selector) + RF,X8_VY,272,Integrated
Integrated-SelectFromModel (RF selector) + RF,X8_WA,273,Integrated
Integrated-SelectFromModel (RF selector) + RF,X8_WS,274,Integrated
Integrated-SelectFromModel (RF selector) + RF,X8_YA,275,Integrated
Integrated-SelectFromModel (RF selector) + RF,X8_YE,276,Integrated
Integrated-SelectFromModel (RF selector) + RF,X8_YF,277,Integrated
Integrated-SelectFromModel (RF selector) + RF,X8_YG,278,Integrated
Integrated-SelectFromModel (RF selector) + RF,X8_YL,279,Integrated
Integrated-SelectFromModel (RF selector) + RF,X8_YN,280,Integrated
Integrated-SelectFromModel (RF selector) + RF,X8_YP,281,Integrated
Integrated-SelectFromModel (RF selector) + RF,X8_YS,282,Integrated
Integrated-SelectFromModel (RF selector) + RF,X8_YT,283,Integrated
Integrated-SelectFromModel (RF selector) + RF,X8_YV,284,Integrated
Integrated-SelectFromModel (RF selector) + RF,X8_YY,285,Integrated
Integrated-SelectFromModel (RF selector) + RF,acidic_group,286,Integrated
Integrated-SelectFromModel (RF selector) + RF,aliphatic_group,287,Integrated
Integrated-SelectFromModel (RF selector) + RF,aliphatic_index,288,Integrated
Integrated-SelectFromModel (RF selector) + RF,aromatic_group,289,Integrated
Integrated-SelectFromModel (RF selector) + RF,basic_group,290,Integrated
Integrated-SelectFromModel (RF selector) + RF,boman,291,Integrated
Integrated-SelectFromModel (RF selector) + RF,charge,292,Integrated
Integrated-SelectFromModel (RF selector) + RF,charged_group,293,Integrated
Integrated-SelectFromModel (RF selector) + RF,cruciani_prp1,294,Integrated
Integrated-SelectFromModel (RF selector) + RF,cruciani_prp2,295,Integrated
Integrated-SelectFromModel (RF selector) + RF,cruciani_prp3,296,Integrated
Integrated-SelectFromModel (RF selector) + RF,hydrophobic_eisenberg,297,Integrated
Integrated-SelectFromModel (RF selector) + RF,hydrophobic_engleman,298,Integrated
Integrated-SelectFromModel (RF selector) + RF,hydrophobic_hopp-woods,299,Integrated
Integrated-SelectFromModel (RF selector) + RF,hydrophobic_janin,300,Integrated
Integrated-SelectFromModel (RF selector) + RF,hydrophobic_kyte-doolittle,301,Integrated
Integrated-SelectFromModel (RF selector) + RF,hydrophobic_moment,302,Integrated
Integrated-SelectFromModel (RF selector) + RF,hydrophobic_roseman,303,Integrated
Integrated-SelectFromModel (RF selector) + RF,instability_index,304,Integrated
Integrated-SelectFromModel (RF selector) + RF,isoelectric_point,305,Integrated
Integrated-SelectFromModel (RF selector) + RF,non-polar_group,306,Integrated
Integrated-SelectFromModel (RF selector) + RF,peptide_len,307,Integrated
Integrated-SelectFromModel (RF selector) + RF,polar_group,308,Integrated
Integrated-SelectFromModel (RF selector) + RF,small_group,309,Integrated
Integrated-SelectFromModel (RF selector) + RF,tiny_group,310,Integrated
Integrated-SelectFromModel (RF selector) + LR,X4_A,1,Integrated
Integrated-SelectFromModel (RF selector) + LR,X4_D,2,Integrated
Integrated-SelectFromModel (RF selector) + LR,X4_E,3,Integrated
Integrated-SelectFromModel (RF selector) + LR,X4_F,4,Integrated
Integrated-SelectFromModel (RF selector) + LR,X4_G,5,Integrated
Integrated-SelectFromModel (RF selector) + LR,X4_I,6,Integrated
Integrated-SelectFromModel (RF selector) + LR,X4_K,7,Integrated
Integrated-SelectFromModel (RF selector) + LR,X4_L,8,Integrated
Integrated-SelectFromModel (RF selector) + LR,X4_M,9,Integrated
Integrated-SelectFromModel (RF selector) + LR,X4_N,10,Integrated
Integrated-SelectFromModel (RF selector) + LR,X4_P,11,Integrated
Integrated-SelectFromModel (RF selector) + LR,X4_R,12,Integrated
Integrated-SelectFromModel (RF selector) + LR,X4_S,13,Integrated
Integrated-SelectFromModel (RF selector) + LR,X4_T,14,Integrated
Integrated-SelectFromModel (RF selector) + LR,X4_V,15,Integrated
Integrated-SelectFromModel (RF selector) + LR,X4_W,16,Integrated
Integrated-SelectFromModel (RF selector) + LR,X4_Y,17,Integrated
Integrated-SelectFromModel (RF selector) + LR,X5_A,18,Integrated
Integrated-SelectFromModel (RF selector) + LR,X5_C,19,Integrated
Integrated-SelectFromModel (RF selector) + LR,X5_D,20,Integrated
Integrated-SelectFromModel (RF selector) + LR,X5_E,21,Integrated
Integrated-SelectFromModel (RF selector) + LR,X5_F,22,Integrated
Integrated-SelectFromModel (RF selector) + LR,X5_G,23,Integrated
Integrated-SelectFromModel (RF selector) + LR,X5_H,24,Integrated
Integrated-SelectFromModel (RF selector) + LR,X5_I,25,Integrated
Integrated-SelectFromModel (RF selector) + LR,X5_K,26,Integrated
Integrated-SelectFromModel (RF selector) + LR,X5_L,27,Integrated
Integrated-SelectFromModel (RF selector) + LR,X5_M,28,Integrated
Integrated-SelectFromModel (RF selector) + LR,X5_N,29,Integrated
Integrated-SelectFromModel (RF selector) + LR,X5_P,30,Integrated
Integrated-SelectFromModel (RF selector) + LR,X5_Q,31,Integrated
Integrated-SelectFromModel (RF selector) + LR,X5_R,32,Integrated
Integrated-SelectFromModel (RF selector) + LR,X5_S,33,Integrated
Integrated-SelectFromModel (RF selector) + LR,X5_T,34,Integrated
Integrated-SelectFromModel (RF selector) + LR,X5_V,35,Integrated
Integrated-SelectFromModel (RF selector) + LR,X5_W,36,Integrated
Integrated-SelectFromModel (RF selector) + LR,X5_Y,37,Integrated
Integrated-SelectFromModel (RF selector) + LR,X8_AA,38,Integrated
Integrated-SelectFromModel (RF selector) + LR,X8_AC,39,Integrated
Integrated-SelectFromModel (RF selector) + LR,X8_AD,40,Integrated
Integrated-SelectFromModel (RF selector) + LR,X8_AE,41,Integrated
Integrated-SelectFromModel (RF selector) + LR,X8_AF,42,Integrated
Integrated-SelectFromModel (RF selector) + LR,X8_AG,43,Integrated
Integrated-SelectFromModel (RF selector) + LR,X8_AH,44,Integrated
Integrated-SelectFromModel (RF selector) + LR,X8_AI,45,Integrated
Integrated-SelectFromModel (RF selector) + LR,X8_AK,46,Integrated
Integrated-SelectFromModel (RF selector) + LR,X8_AL,47,Integrated
Integrated-SelectFromModel (RF selector) + LR,X8_AM,48,Integrated
Integrated-SelectFromModel (RF selector) + LR,X8_AN,49,Integrated
Integrated-SelectFromModel (RF selector) + LR,X8_AP,50,Integrated
Integrated-SelectFromModel (RF selector) + LR,X8_AQ,51,Integrated
Integrated-SelectFromModel (RF selector) + LR,X8_AR,52,Integrated
Integrated-SelectFromModel (RF selector) + LR,X8_AS,53,Integrated
Integrated-SelectFromModel (RF selector) + LR,X8_AT,54,Integrated
Integrated-SelectFromModel (RF selector) + LR,X8_AV,55,Integrated
Integrated-SelectFromModel (RF selector) + LR,X8_AW,56,Integrated
Integrated-SelectFromModel (RF selector) + LR,X8_AY,57,Integrated
Integrated-SelectFromModel (RF selector) + LR,X8_CF,58,Integrated
Integrated-SelectFromModel (RF selector) + LR,X8_CG,59,Integrated
Integrated-SelectFromModel (RF selector) + LR,X8_CS,60,Integrated
Integrated-SelectFromModel (RF selector) + LR,X8_DA,61,Integrated
Integrated-SelectFromModel (RF selector) + LR,X8_DD,62,Integrated
Integrated-SelectFromModel (RF selector) + LR,X8_DE,63,Integrated
Integrated-SelectFromModel (RF selector) + LR,X8_DF,64,Integrated
Integrated-SelectFromModel (RF selector) + LR,X8_DG,65,Integrated
Integrated-SelectFromModel (RF selector) + LR,X8_DI,66,Integrated
Integrated-SelectFromModel (RF selector) + LR,X8_DK,67,Integrated
Integrated-SelectFromModel (RF selector) + LR,X8_DL,68,Integrated
Integrated-SelectFromModel (RF selector) + LR,X8_DN,69,Integrated
Integrated-SelectFromModel (RF selector) + LR,X8_DP,70,Integrated
Integrated-SelectFromModel (RF selector) + LR,X8_DQ,71,Integrated
Integrated-SelectFromModel (RF selector) + LR,X8_DR,72,Integrated
Integrated-SelectFromModel (RF selector) + LR,X8_DS,73,Integrated
Integrated-SelectFromModel (RF selector) + LR,X8_DT,74,Integrated
Integrated-SelectFromModel (RF selector) + LR,X8_DV,75,Integrated
Integrated-SelectFromModel (RF selector) + LR,X8_DY,76,Integrated
Integrated-SelectFromModel (RF selector) + LR,X8_EA,77,Integrated
Integrated-SelectFromModel (RF selector) + LR,X8_ED,78,Integrated
Integrated-SelectFromModel (RF selector) + LR,X8_EE,79,Integrated
Integrated-SelectFromModel (RF selector) + LR,X8_EF,80,Integrated
Integrated-SelectFromModel (RF selector) + LR,X8_EG,81,Integrated
Integrated-SelectFromModel (RF selector) + LR,X8_EI,82,Integrated
Integrated-SelectFromModel (RF selector) + LR,X8_EK,83,Integrated
Integrated-SelectFromModel (RF selector) + LR,X8_EL,84,Integrated
Integrated-SelectFromModel (RF selector) + LR,X8_EM,85,Integrated
Integrated-SelectFromModel (RF selector) + LR,X8_EN,86,Integrated
Integrated-SelectFromModel (RF selector) + LR,X8_EP,87,Integrated
Integrated-SelectFromModel (RF selector) + LR,X8_ER,88,Integrated
Integrated-SelectFromModel (RF selector) + LR,X8_ES,89,Integrated
Integrated-SelectFromModel (RF selector) + LR,X8_ET,90,Integrated
Integrated-SelectFromModel (RF selector) + LR,X8_EV,91,Integrated
Integrated-SelectFromModel (RF selector) + LR,X8_EY,92,Integrated
Integrated-SelectFromModel (RF selector) + LR,X8_FA,93,Integrated
Integrated-SelectFromModel (RF selector) + LR,X8_FD,94,Integrated
Integrated-SelectFromModel (RF selector) + LR,X8_FF,95,Integrated
Integrated-SelectFromModel (RF selector) + LR,X8_FG,96,Integrated
Integrated-SelectFromModel (RF selector) + LR,X8_FI,97,Integrated
Integrated-SelectFromModel (RF selector) + LR,X8_FL,98,Integrated
Integrated-SelectFromModel (RF selector) + LR,X8_FN,99,Integrated
Integrated-SelectFromModel (RF selector) + LR,X8_FP,100,Integrated
Integrated-SelectFromModel (RF selector) + LR,X8_FS,101,Integrated
Integrated-SelectFromModel (RF selector) + LR,X8_FT,102,Integrated
Integrated-SelectFromModel (RF selector) + LR,X8_FV,103,Integrated
Integrated-SelectFromModel (RF selector) + LR,X8_FY,104,Integrated
Integrated-SelectFromModel (RF selector) + LR,X8_GA,105,Integrated
Integrated-SelectFromModel (RF selector) + LR,X8_GD,106,Integrated
Integrated-SelectFromModel (RF selector) + LR,X8_GE,107,Integrated
Integrated-SelectFromModel (RF selector) + LR,X8_GF,108,Integrated
Integrated-SelectFromModel (RF selector) + LR,X8_GG,109,Integrated
Integrated-SelectFromModel (RF selector) + LR,X8_GI,110,Integrated
Integrated-SelectFromModel (RF selector) + LR,X8_GK,111,Integrated
Integrated-SelectFromModel (RF selector) + LR,X8_GL,112,Integrated
Integrated-SelectFromModel (RF selector) + LR,X8_GM,113,Integrated
Integrated-SelectFromModel (RF selector) + LR,X8_GN,114,Integrated
Integrated-SelectFromModel (RF selector) + LR,X8_GP,115,Integrated
Integrated-SelectFromModel (RF selector) + LR,X8_GQ,116,Integrated
Integrated-SelectFromModel (RF selector) + LR,X8_GR,117,Integrated
Integrated-SelectFromModel (RF selector) + LR,X8_GS,118,Integrated
Integrated-SelectFromModel (RF selector) + LR,X8_GT,119,Integrated
Integrated-SelectFromModel (RF selector) + LR,X8_GV,120,Integrated
Integrated-SelectFromModel (RF selector) + LR,X8_HA,121,Integrated
Integrated-SelectFromModel (RF selector) + LR,X8_HR,122,Integrated
Integrated-SelectFromModel (RF selector) + LR,X8_HV,123,Integrated
Integrated-SelectFromModel (RF selector) + LR,X8_IA,124,Integrated
Integrated-SelectFromModel (RF selector) + LR,X8_IC,125,Integrated
Integrated-SelectFromModel (RF selector) + LR,X8_ID,126,Integrated
Integrated-SelectFromModel (RF selector) + LR,X8_IE,127,Integrated
Integrated-SelectFromModel (RF selector) + LR,X8_IF,128,Integrated
Integrated-SelectFromModel (RF selector) + LR,X8_IG,129,Integrated
Integrated-SelectFromModel (RF selector) + LR,X8_II,130,Integrated
Integrated-SelectFromModel (RF selector) + LR,X8_IL,131,Integrated
Integrated-SelectFromModel (RF selector) + LR,X8_IN,132,Integrated
Integrated-SelectFromModel (RF selector) + LR,X8_IP,133,Integrated
Integrated-SelectFromModel (RF selector) + LR,X8_IQ,134,Integrated
Integrated-SelectFromModel (RF selector) + LR,X8_IR,135,Integrated
Integrated-SelectFromModel (RF selector) + LR,X8_IS,136,Integrated
Integrated-SelectFromModel (RF selector) + LR,X8_IT,137,Integrated
Integrated-SelectFromModel (RF selector) + LR,X8_IV,138,Integrated
Integrated-SelectFromModel (RF selector) + LR,X8_IY,139,Integrated
Integrated-SelectFromModel (RF selector) + LR,X8_KA,140,Integrated
Integrated-SelectFromModel (RF selector) + LR,X8_KG,141,Integrated
Integrated-SelectFromModel (RF selector) + LR,X8_KI,142,Integrated
Integrated-SelectFromModel (RF selector) + LR,X8_KL,143,Integrated
Integrated-SelectFromModel (RF selector) + LR,X8_KP,144,Integrated
Integrated-SelectFromModel (RF selector) + LR,X8_KS,145,Integrated
Integrated-SelectFromModel (RF selector) + LR,X8_KT,146,Integrated
Integrated-SelectFromModel (RF selector) + LR,X8_KV,147,Integrated
Integrated-SelectFromModel (RF selector) + LR,X8_LA,148,Integrated
Integrated-SelectFromModel (RF selector) + LR,X8_LD,149,Integrated
Integrated-SelectFromModel (RF selector) + LR,X8_LE,150,Integrated
Integrated-SelectFromModel (RF selector) + LR,X8_LF,151,Integrated
Integrated-SelectFromModel (RF selector) + LR,X8_LG,152,Integrated
Integrated-SelectFromModel (RF selector) + LR,X8_LH,153,Integrated
Integrated-SelectFromModel (RF selector) + LR,X8_LI,154,Integrated
Integrated-SelectFromModel (RF selector) + LR,X8_LK,155,Integrated
Integrated-SelectFromModel (RF selector) + LR,X8_LL,156,Integrated
Integrated-SelectFromModel (RF selector) + LR,X8_LM,157,Integrated
Integrated-SelectFromModel (RF selector) + LR,X8_LN,158,Integrated
Integrated-SelectFromModel (RF selector) + LR,X8_LP,159,Integrated
Integrated-SelectFromModel (RF selector) + LR,X8_LQ,160,Integrated
Integrated-SelectFromModel (RF selector) + LR,X8_LR,161,Integrated
Integrated-SelectFromModel (RF selector) + LR,X8_LS,162,Integrated
Integrated-SelectFromModel (RF selector) + LR,X8_LT,163,Integrated
Integrated-SelectFromModel (RF selector) + LR,X8_LV,164,Integrated
Integrated-SelectFromModel (RF selector) + LR,X8_LW,165,Integrated
Integrated-SelectFromModel (RF selector) + LR,X8_LY,166,Integrated
Integrated-SelectFromModel (RF selector) + LR,X8_MA,167,Integrated
Integrated-SelectFromModel (RF selector) + LR,X8_MI,168,Integrated
Integrated-SelectFromModel (RF selector) + LR,X8_ML,169,Integrated
Integrated-SelectFromModel (RF selector) + LR,X8_MS,170,Integrated
Integrated-SelectFromModel (RF selector) + LR,X8_NA,171,Integrated
Integrated-SelectFromModel (RF selector) + LR,X8_ND,172,Integrated
Integrated-SelectFromModel (RF selector) + LR,X8_NG,173,Integrated
Integrated-SelectFromModel (RF selector) + LR,X8_NI,174,Integrated
Integrated-SelectFromModel (RF selector) + LR,X8_NL,175,Integrated
Integrated-SelectFromModel (RF selector) + LR,X8_NN,176,Integrated
Integrated-SelectFromModel (RF selector) + LR,X8_NP,177,Integrated
Integrated-SelectFromModel (RF selector) + LR,X8_NR,178,Integrated
Integrated-SelectFromModel (RF selector) + LR,X8_NS,179,Integrated
Integrated-SelectFromModel (RF selector) + LR,X8_NT,180,Integrated
Integrated-SelectFromModel (RF selector) + LR,X8_NV,181,Integrated
Integrated-SelectFromModel (RF selector) + LR,X8_NY,182,Integrated
Integrated-SelectFromModel (RF selector) + LR,X8_PA,183,Integrated
Integrated-SelectFromModel (RF selector) + LR,X8_PD,184,Integrated
Integrated-SelectFromModel (RF selector) + LR,X8_PE,185,Integrated
Integrated-SelectFromModel (RF selector) + LR,X8_PF,186,Integrated
Integrated-SelectFromModel (RF selector) + LR,X8_PG,187,Integrated
Integrated-SelectFromModel (RF selector) + LR,X8_PI,188,Integrated
Integrated-SelectFromModel (RF selector) + LR,X8_PK,189,Integrated
Integrated-SelectFromModel (RF selector) + LR,X8_PL,190,Integrated
Integrated-SelectFromModel (RF selector) + LR,X8_PM,191,Integrated
Integrated-SelectFromModel (RF selector) + LR,X8_PN,192,Integrated
Integrated-SelectFromModel (RF selector) + LR,X8_PP,193,Integrated
Integrated-SelectFromModel (RF selector) + LR,X8_PR,194,Integrated
Integrated-SelectFromModel (RF selector) + LR,X8_PS,195,Integrated
Integrated-SelectFromModel (RF selector) + LR,X8_PT,196,Integrated
Integrated-SelectFromModel (RF selector) + LR,X8_PV,197,Integrated
Integrated-SelectFromModel (RF selector) + LR,X8_QA,198,Integrated
Integrated-SelectFromModel (RF selector) + LR,X8_QE,199,Integrated
Integrated-SelectFromModel (RF selector) + LR,X8_QG,200,Integrated
Integrated-SelectFromModel (RF selector) + LR,X8_QL,201,Integrated
Integrated-SelectFromModel (RF selector) + LR,X8_QQ,202,Integrated
Integrated-SelectFromModel (RF selector) + LR,X8_QR,203,Integrated
Integrated-SelectFromModel (RF selector) + LR,X8_QS,204,Integrated
Integrated-SelectFromModel (RF selector) + LR,X8_QV,205,Integrated
Integrated-SelectFromModel (RF selector) + LR,X8_RA,206,Integrated
Integrated-SelectFromModel (RF selector) + LR,X8_RD,207,Integrated
Integrated-SelectFromModel (RF selector) + LR,X8_RE,208,Integrated
Integrated-SelectFromModel (RF selector) + LR,X8_RF,209,Integrated
Integrated-SelectFromModel (RF selector) + LR,X8_RG,210,Integrated
Integrated-SelectFromModel (RF selector) + LR,X8_RI,211,Integrated
Integrated-SelectFromModel (RF selector) + LR,X8_RL,212,Integrated
Integrated-SelectFromModel (RF selector) + LR,X8_RM,213,Integrated
Integrated-SelectFromModel (RF selector) + LR,X8_RP,214,Integrated
Integrated-SelectFromModel (RF selector) + LR,X8_RR,215,Integrated
Integrated-SelectFromModel (RF selector) + LR,X8_RS,216,Integrated
Integrated-SelectFromModel (RF selector) + LR,X8_RT,217,Integrated
Integrated-SelectFromModel (RF selector) + LR,X8_RV,218,Integrated
Integrated-SelectFromModel (RF selector) + LR,X8_RY,219,Integrated
Integrated-SelectFromModel (RF selector) + LR,X8_SA,220,Integrated
Integrated-SelectFromModel (RF selector) + LR,X8_SC,221,Integrated
Integrated-SelectFromModel (RF selector) + LR,X8_SD,222,Integrated
Integrated-SelectFromModel (RF selector) + LR,X8_SE,223,Integrated
Integrated-SelectFromModel (RF selector) + LR,X8_SF,224,Integrated
Integrated-SelectFromModel (RF selector) + LR,X8_SG,225,Integrated
Integrated-SelectFromModel (RF selector) + LR,X8_SI,226,Integrated
Integrated-SelectFromModel (RF selector) + LR,X8_SK,227,Integrated
Integrated-SelectFromModel (RF selector) + LR,X8_SL,228,Integrated
Integrated-SelectFromModel (RF selector) + LR,X8_SM,229,Integrated
Integrated-SelectFromModel (RF selector) + LR,X8_SN,230,Integrated
Integrated-SelectFromModel (RF selector) + LR,X8_SP,231,Integrated
Integrated-SelectFromModel (RF selector) + LR,X8_SR,232,Integrated
Integrated-SelectFromModel (RF selector) + LR,X8_SS,233,Integrated
Integrated-SelectFromModel (RF selector) + LR,X8_ST,234,Integrated
Integrated-SelectFromModel (RF selector) + LR,X8_SV,235,Integrated
Integrated-SelectFromModel (RF selector) + LR,X8_SY,236,Integrated
Integrated-SelectFromModel (RF selector) + LR,X8_TA,237,Integrated
Integrated-SelectFromModel (RF selector) + LR,X8_TD,238,Integrated
Integrated-SelectFromModel (RF selector) + LR,X8_TE,239,Integrated
Integrated-SelectFromModel (RF selector) + LR,X8_TF,240,Integrated
Integrated-SelectFromModel (RF selector) + LR,X8_TG,241,Integrated
Integrated-SelectFromModel (RF selector) + LR,X8_TH,242,Integrated
Integrated-SelectFromModel (RF selector) + LR,X8_TI,243,Integrated
Integrated-SelectFromModel (RF selector) + LR,X8_TK,244,Integrated
Integrated-SelectFromModel (RF selector) + LR,X8_TL,245,Integrated
Integrated-SelectFromModel (RF selector) + LR,X8_TM,246,Integrated
Integrated-SelectFromModel (RF selector) + LR,X8_TN,247,Integrated
Integrated-SelectFromModel (RF selector) + LR,X8_TP,248,Integrated
Integrated-SelectFromModel (RF selector) + LR,X8_TQ,249,Integrated
Integrated-SelectFromModel (RF selector) + LR,X8_TR,250,Integrated
Integrated-SelectFromModel (RF selector) + LR,X8_TS,251,Integrated
Integrated-SelectFromModel (RF selector) + LR,X8_TT,252,Integrated
Integrated-SelectFromModel (RF selector) + LR,X8_TV,253,Integrated
Integrated-SelectFromModel (RF selector) + LR,X8_TW,254,Integrated
Integrated-SelectFromModel (RF selector) + LR,X8_TY,255,Integrated
Integrated-SelectFromModel (RF selector) + LR,X8_VA,256,Integrated
Integrated-SelectFromModel (RF selector) + LR,X8_VC,257,Integrated
Integrated-SelectFromModel (RF selector) + LR,X8_VD,258,Integrated
Integrated-SelectFromModel (RF selector) + LR,X8_VE,259,Integrated
Integrated-SelectFromModel (RF selector) + LR,X8_VF,260,Integrated
Integrated-SelectFromModel (RF selector) + LR,X8_VG,261,Integrated
Integrated-SelectFromModel (RF selector) + LR,X8_VI,262,Integrated
Integrated-SelectFromModel (RF selector) + LR,X8_VK,263,Integrated
Integrated-SelectFromModel (RF selector) + LR,X8_VL,264,Integrated
Integrated-SelectFromModel (RF selector) + LR,X8_VN,265,Integrated
Integrated-SelectFromModel (RF selector) + LR,X8_VP,266,Integrated
Integrated-SelectFromModel (RF selector) + LR,X8_VQ,267,Integrated
Integrated-SelectFromModel (RF selector) + LR,X8_VR,268,Integrated
Integrated-SelectFromModel (RF selector) + LR,X8_VS,269,Integrated
Integrated-SelectFromModel (RF selector) + LR,X8_VT,270,Integrated
Integrated-SelectFromModel (RF selector) + LR,X8_VV,271,Integrated
Integrated-SelectFromModel (RF selector) + LR,X8_VY,272,Integrated
Integrated-SelectFromModel (RF selector) + LR,X8_WA,273,Integrated
Integrated-SelectFromModel (RF selector) + LR,X8_WS,274,Integrated
Integrated-SelectFromModel (RF selector) + LR,X8_YA,275,Integrated
Integrated-SelectFromModel (RF selector) + LR,X8_YE,276,Integrated
Integrated-SelectFromModel (RF selector) + LR,X8_YF,277,Integrated
Integrated-SelectFromModel (RF selector) + LR,X8_YG,278,Integrated
Integrated-SelectFromModel (RF selector) + LR,X8_YL,279,Integrated
Integrated-SelectFromModel (RF selector) + LR,X8_YN,280,Integrated
Integrated-SelectFromModel (RF selector) + LR,X8_YP,281,Integrated
Integrated-SelectFromModel (RF selector) + LR,X8_YS,282,Integrated
Integrated-SelectFromModel (RF selector) + LR,X8_YT,283,Integrated
Integrated-SelectFromModel (RF selector) + LR,X8_YV,284,Integrated
Integrated-SelectFromModel (RF selector) + LR,X8_YY,285,Integrated
Integrated-SelectFromModel (RF selector) + LR,acidic_group,286,Integrated
Integrated-SelectFromModel (RF selector) + LR,aliphatic_group,287,Integrated
Integrated-SelectFromModel (RF selector) + LR,aliphatic_index,288,Integrated
Integrated-SelectFromModel (RF selector) + LR,aromatic_group,289,Integrated
Integrated-SelectFromModel (RF selector) + LR,basic_group,290,Integrated
Integrated-SelectFromModel (RF selector) + LR,boman,291,Integrated
Integrated-SelectFromModel (RF selector) + LR,charge,292,Integrated
Integrated-SelectFromModel (RF selector) + LR,charged_group,293,Integrated
Integrated-SelectFromModel (RF selector) + LR,cruciani_prp1,294,Integrated
Integrated-SelectFromModel (RF selector) + LR,cruciani_prp2,295,Integrated
Integrated-SelectFromModel (RF selector) + LR,cruciani_prp3,296,Integrated
Integrated-SelectFromModel (RF selector) + LR,hydrophobic_eisenberg,297,Integrated
Integrated-SelectFromModel (RF selector) + LR,hydrophobic_engleman,298,Integrated
Integrated-SelectFromModel (RF selector) + LR,hydrophobic_hopp-woods,299,Integrated
Integrated-SelectFromModel (RF selector) + LR,hydrophobic_janin,300,Integrated
Integrated-SelectFromModel (RF selector) + LR,hydrophobic_kyte-doolittle,301,Integrated
Integrated-SelectFromModel (RF selector) + LR,hydrophobic_moment,302,Integrated
Integrated-SelectFromModel (RF selector) + LR,hydrophobic_roseman,303,Integrated
Integrated-SelectFromModel (RF selector) + LR,instability_index,304,Integrated
Integrated-SelectFromModel (RF selector) + LR,isoelectric_point,305,Integrated
Integrated-SelectFromModel (RF selector) + LR,non-polar_group,306,Integrated
Integrated-SelectFromModel (RF selector) + LR,peptide_len,307,Integrated
Integrated-SelectFromModel (RF selector) + LR,polar_group,308,Integrated
Integrated-SelectFromModel (RF selector) + LR,small_group,309,Integrated
Integrated-SelectFromModel (RF selector) + LR,tiny_group,310,Integrated
Integrated-SelectFromModel (RF selector) + KNN,X4_A,1,Integrated
Integrated-SelectFromModel (RF selector) + KNN,X4_D,2,Integrated
Integrated-SelectFromModel (RF selector) + KNN,X4_E,3,Integrated
Integrated-SelectFromModel (RF selector) + KNN,X4_F,4,Integrated
Integrated-SelectFromModel (RF selector) + KNN,X4_G,5,Integrated
Integrated-SelectFromModel (RF selector) + KNN,X4_I,6,Integrated
Integrated-SelectFromModel (RF selector) + KNN,X4_K,7,Integrated
Integrated-SelectFromModel (RF selector) + KNN,X4_L,8,Integrated
Integrated-SelectFromModel (RF selector) + KNN,X4_M,9,Integrated
Integrated-SelectFromModel (RF selector) + KNN,X4_N,10,Integrated
Integrated-SelectFromModel (RF selector) + KNN,X4_P,11,Integrated
Integrated-SelectFromModel (RF selector) + KNN,X4_R,12,Integrated
Integrated-SelectFromModel (RF selector) + KNN,X4_S,13,Integrated
Integrated-SelectFromModel (RF selector) + KNN,X4_T,14,Integrated
Integrated-SelectFromModel (RF selector) + KNN,X4_V,15,Integrated
Integrated-SelectFromModel (RF selector) + KNN,X4_W,16,Integrated
Integrated-SelectFromModel (RF selector) + KNN,X4_Y,17,Integrated
Integrated-SelectFromModel (RF selector) + KNN,X5_A,18,Integrated
Integrated-SelectFromModel (RF selector) + KNN,X5_C,19,Integrated
Integrated-SelectFromModel (RF selector) + KNN,X5_D,20,Integrated
Integrated-SelectFromModel (RF selector) + KNN,X5_E,21,Integrated
Integrated-SelectFromModel (RF selector) + KNN,X5_F,22,Integrated
Integrated-SelectFromModel (RF selector) + KNN,X5_G,23,Integrated
Integrated-SelectFromModel (RF selector) + KNN,X5_H,24,Integrated
Integrated-SelectFromModel (RF selector) + KNN,X5_I,25,Integrated
Integrated-SelectFromModel (RF selector) + KNN,X5_K,26,Integrated
Integrated-SelectFromModel (RF selector) + KNN,X5_L,27,Integrated
Integrated-SelectFromModel (RF selector) + KNN,X5_M,28,Integrated
Integrated-SelectFromModel (RF selector) + KNN,X5_N,29,Integrated
Integrated-SelectFromModel (RF selector) + KNN,X5_P,30,Integrated
Integrated-SelectFromModel (RF selector) + KNN,X5_Q,31,Integrated
Integrated-SelectFromModel (RF selector) + KNN,X5_R,32,Integrated
Integrated-SelectFromModel (RF selector) + KNN,X5_S,33,Integrated
Integrated-SelectFromModel (RF selector) + KNN,X5_T,34,Integrated
Integrated-SelectFromModel (RF selector) + KNN,X5_V,35,Integrated
Integrated-SelectFromModel (RF selector) + KNN,X5_W,36,Integrated
Integrated-SelectFromModel (RF selector) + KNN,X5_Y,37,Integrated
Integrated-SelectFromModel (RF selector) + KNN,X8_AA,38,Integrated
Integrated-SelectFromModel (RF selector) + KNN,X8_AC,39,Integrated
Integrated-SelectFromModel (RF selector) + KNN,X8_AD,40,Integrated
Integrated-SelectFromModel (RF selector) + KNN,X8_AE,41,Integrated
Integrated-SelectFromModel (RF selector) + KNN,X8_AF,42,Integrated
Integrated-SelectFromModel (RF selector) + KNN,X8_AG,43,Integrated
Integrated-SelectFromModel (RF selector) + KNN,X8_AH,44,Integrated
Integrated-SelectFromModel (RF selector) + KNN,X8_AI,45,Integrated
Integrated-SelectFromModel (RF selector) + KNN,X8_AK,46,Integrated
Integrated-SelectFromModel (RF selector) + KNN,X8_AL,47,Integrated
Integrated-SelectFromModel (RF selector) + KNN,X8_AM,48,Integrated
Integrated-SelectFromModel (RF selector) + KNN,X8_AN,49,Integrated
Integrated-SelectFromModel (RF selector) + KNN,X8_AP,50,Integrated
Integrated-SelectFromModel (RF selector) + KNN,X8_AQ,51,Integrated
Integrated-SelectFromModel (RF selector) + KNN,X8_AR,52,Integrated
Integrated-SelectFromModel (RF selector) + KNN,X8_AS,53,Integrated
Integrated-SelectFromModel (RF selector) + KNN,X8_AT,54,Integrated
Integrated-SelectFromModel (RF selector) + KNN,X8_AV,55,Integrated
Integrated-SelectFromModel (RF selector) + KNN,X8_AW,56,Integrated
Integrated-SelectFromModel (RF selector) + KNN,X8_AY,57,Integrated
Integrated-SelectFromModel (RF selector) + KNN,X8_CF,58,Integrated
Integrated-SelectFromModel (RF selector) + KNN,X8_CG,59,Integrated
Integrated-SelectFromModel (RF selector) + KNN,X8_CS,60,Integrated
Integrated-SelectFromModel (RF selector) + KNN,X8_DA,61,Integrated
Integrated-SelectFromModel (RF selector) + KNN,X8_DD,62,Integrated
Integrated-SelectFromModel (RF selector) + KNN,X8_DE,63,Integrated
Integrated-SelectFromModel (RF selector) + KNN,X8_DF,64,Integrated
Integrated-SelectFromModel (RF selector) + KNN,X8_DG,65,Integrated
Integrated-SelectFromModel (RF selector) + KNN,X8_DI,66,Integrated
Integrated-SelectFromModel (RF selector) + KNN,X8_DK,67,Integrated
Integrated-SelectFromModel (RF selector) + KNN,X8_DL,68,Integrated
Integrated-SelectFromModel (RF selector) + KNN,X8_DN,69,Integrated
Integrated-SelectFromModel (RF selector) + KNN,X8_DP,70,Integrated
Integrated-SelectFromModel (RF selector) + KNN,X8_DQ,71,Integrated
Integrated-SelectFromModel (RF selector) + KNN,X8_DR,72,Integrated
Integrated-SelectFromModel (RF selector) + KNN,X8_DS,73,Integrated
Integrated-SelectFromModel (RF selector) + KNN,X8_DT,74,Integrated
Integrated-SelectFromModel (RF selector) + KNN,X8_DV,75,Integrated
Integrated-SelectFromModel (RF selector) + KNN,X8_DY,76,Integrated
Integrated-SelectFromModel (RF selector) + KNN,X8_EA,77,Integrated
Integrated-SelectFromModel (RF selector) + KNN,X8_ED,78,Integrated
Integrated-SelectFromModel (RF selector) + KNN,X8_EE,79,Integrated
Integrated-SelectFromModel (RF selector) + KNN,X8_EF,80,Integrated
Integrated-SelectFromModel (RF selector) + KNN,X8_EG,81,Integrated
Integrated-SelectFromModel (RF selector) + KNN,X8_EI,82,Integrated
Integrated-SelectFromModel (RF selector) + KNN,X8_EK,83,Integrated
Integrated-SelectFromModel (RF selector) + KNN,X8_EL,84,Integrated
Integrated-SelectFromModel (RF selector) + KNN,X8_EM,85,Integrated
Integrated-SelectFromModel (RF selector) + KNN,X8_EN,86,Integrated
Integrated-SelectFromModel (RF selector) + KNN,X8_EP,87,Integrated
Integrated-SelectFromModel (RF selector) + KNN,X8_ER,88,Integrated
Integrated-SelectFromModel (RF selector) + KNN,X8_ES,89,Integrated
Integrated-SelectFromModel (RF selector) + KNN,X8_ET,90,Integrated
Integrated-SelectFromModel (RF selector) + KNN,X8_EV,91,Integrated
Integrated-SelectFromModel (RF selector) + KNN,X8_EY,92,Integrated
Integrated-SelectFromModel (RF selector) + KNN,X8_FA,93,Integrated
Integrated-SelectFromModel (RF selector) + KNN,X8_FD,94,Integrated
Integrated-SelectFromModel (RF selector) + KNN,X8_FF,95,Integrated
Integrated-SelectFromModel (RF selector) + KNN,X8_FG,96,Integrated
Integrated-SelectFromModel (RF selector) + KNN,X8_FI,97,Integrated
Integrated-SelectFromModel (RF selector) + KNN,X8_FL,98,Integrated
Integrated-SelectFromModel (RF selector) + KNN,X8_FN,99,Integrated
Integrated-SelectFromModel (RF selector) + KNN,X8_FP,100,Integrated
Integrated-SelectFromModel (RF selector) + KNN,X8_FS,101,Integrated
Integrated-SelectFromModel (RF selector) + KNN,X8_FT,102,Integrated
Integrated-SelectFromModel (RF selector) + KNN,X8_FV,103,Integrated
Integrated-SelectFromModel (RF selector) + KNN,X8_FY,104,Integrated
Integrated-SelectFromModel (RF selector) + KNN,X8_GA,105,Integrated
Integrated-SelectFromModel (RF selector) + KNN,X8_GD,106,Integrated
Integrated-SelectFromModel (RF selector) + KNN,X8_GE,107,Integrated
Integrated-SelectFromModel (RF selector) + KNN,X8_GF,108,Integrated
Integrated-SelectFromModel (RF selector) + KNN,X8_GG,109,Integrated
Integrated-SelectFromModel (RF selector) + KNN,X8_GI,110,Integrated
Integrated-SelectFromModel (RF selector) + KNN,X8_GK,111,Integrated
Integrated-SelectFromModel (RF selector) + KNN,X8_GL,112,Integrated
Integrated-SelectFromModel (RF selector) + KNN,X8_GM,113,Integrated
Integrated-SelectFromModel (RF selector) + KNN,X8_GN,114,Integrated
Integrated-SelectFromModel (RF selector) + KNN,X8_GP,115,Integrated
Integrated-SelectFromModel (RF selector) + KNN,X8_GQ,116,Integrated
Integrated-SelectFromModel (RF selector) + KNN,X8_GR,117,Integrated
Integrated-SelectFromModel (RF selector) + KNN,X8_GS,118,Integrated
Integrated-SelectFromModel (RF selector) + KNN,X8_GT,119,Integrated
Integrated-SelectFromModel (RF selector) + KNN,X8_GV,120,Integrated
Integrated-SelectFromModel (RF selector) + KNN,X8_HA,121,Integrated
Integrated-SelectFromModel (RF selector) + KNN,X8_HR,122,Integrated
Integrated-SelectFromModel (RF selector) + KNN,X8_HV,123,Integrated
Integrated-SelectFromModel (RF selector) + KNN,X8_IA,124,Integrated
Integrated-SelectFromModel (RF selector) + KNN,X8_IC,125,Integrated
Integrated-SelectFromModel (RF selector) + KNN,X8_ID,126,Integrated
Integrated-SelectFromModel (RF selector) + KNN,X8_IE,127,Integrated
Integrated-SelectFromModel (RF selector) + KNN,X8_IF,128,Integrated
Integrated-SelectFromModel (RF selector) + KNN,X8_IG,129,Integrated
Integrated-SelectFromModel (RF selector) + KNN,X8_II,130,Integrated
Integrated-SelectFromModel (RF selector) + KNN,X8_IL,131,Integrated
Integrated-SelectFromModel (RF selector) + KNN,X8_IN,132,Integrated
Integrated-SelectFromModel (RF selector) + KNN,X8_IP,133,Integrated
Integrated-SelectFromModel (RF selector) + KNN,X8_IQ,134,Integrated
Integrated-SelectFromModel (RF selector) + KNN,X8_IR,135,Integrated
Integrated-SelectFromModel (RF selector) + KNN,X8_IS,136,Integrated
Integrated-SelectFromModel (RF selector) + KNN,X8_IT,137,Integrated
Integrated-SelectFromModel (RF selector) + KNN,X8_IV,138,Integrated
Integrated-SelectFromModel (RF selector) + KNN,X8_IY,139,Integrated
Integrated-SelectFromModel (RF selector) + KNN,X8_KA,140,Integrated
Integrated-SelectFromModel (RF selector) + KNN,X8_KG,141,Integrated
Integrated-SelectFromModel (RF selector) + KNN,X8_KI,142,Integrated
Integrated-SelectFromModel (RF selector) + KNN,X8_KL,143,Integrated
Integrated-SelectFromModel (RF selector) + KNN,X8_KP,144,Integrated
Integrated-SelectFromModel (RF selector) + KNN,X8_KS,145,Integrated
Integrated-SelectFromModel (RF selector) + KNN,X8_KT,146,Integrated
Integrated-SelectFromModel (RF selector) + KNN,X8_KV,147,Integrated
Integrated-SelectFromModel (RF selector) + KNN,X8_LA,148,Integrated
Integrated-SelectFromModel (RF selector) + KNN,X8_LD,149,Integrated
Integrated-SelectFromModel (RF selector) + KNN,X8_LE,150,Integrated
Integrated-SelectFromModel (RF selector) + KNN,X8_LF,151,Integrated
Integrated-SelectFromModel (RF selector) + KNN,X8_LG,152,Integrated
Integrated-SelectFromModel (RF selector) + KNN,X8_LH,153,Integrated
Integrated-SelectFromModel (RF selector) + KNN,X8_LI,154,Integrated
Integrated-SelectFromModel (RF selector) + KNN,X8_LK,155,Integrated
Integrated-SelectFromModel (RF selector) + KNN,X8_LL,156,Integrated
Integrated-SelectFromModel (RF selector) + KNN,X8_LM,157,Integrated
Integrated-SelectFromModel (RF selector) + KNN,X8_LN,158,Integrated
Integrated-SelectFromModel (RF selector) + KNN,X8_LP,159,Integrated
Integrated-SelectFromModel (RF selector) + KNN,X8_LQ,160,Integrated
Integrated-SelectFromModel (RF selector) + KNN,X8_LR,161,Integrated
Integrated-SelectFromModel (RF selector) + KNN,X8_LS,162,Integrated
Integrated-SelectFromModel (RF selector) + KNN,X8_LT,163,Integrated
Integrated-SelectFromModel (RF selector) + KNN,X8_LV,164,Integrated
Integrated-SelectFromModel (RF selector) + KNN,X8_LW,165,Integrated
Integrated-SelectFromModel (RF selector) + KNN,X8_LY,166,Integrated
Integrated-SelectFromModel (RF selector) + KNN,X8_MA,167,Integrated
Integrated-SelectFromModel (RF selector) + KNN,X8_MI,168,Integrated
Integrated-SelectFromModel (RF selector) + KNN,X8_ML,169,Integrated
Integrated-SelectFromModel (RF selector) + KNN,X8_MS,170,Integrated
Integrated-SelectFromModel (RF selector) + KNN,X8_NA,171,Integrated
Integrated-SelectFromModel (RF selector) + KNN,X8_ND,172,Integrated
Integrated-SelectFromModel (RF selector) + KNN,X8_NG,173,Integrated
Integrated-SelectFromModel (RF selector) + KNN,X8_NI,174,Integrated
Integrated-SelectFromModel (RF selector) + KNN,X8_NL,175,Integrated
Integrated-SelectFromModel (RF selector) + KNN,X8_NN,176,Integrated
Integrated-SelectFromModel (RF selector) + KNN,X8_NP,177,Integrated
Integrated-SelectFromModel (RF selector) + KNN,X8_NR,178,Integrated
Integrated-SelectFromModel (RF selector) + KNN,X8_NS,179,Integrated
Integrated-SelectFromModel (RF selector) + KNN,X8_NT,180,Integrated
Integrated-SelectFromModel (RF selector) + KNN,X8_NV,181,Integrated
Integrated-SelectFromModel (RF selector) + KNN,X8_NY,182,Integrated
Integrated-SelectFromModel (RF selector) + KNN,X8_PA,183,Integrated
Integrated-SelectFromModel (RF selector) + KNN,X8_PD,184,Integrated
Integrated-SelectFromModel (RF selector) + KNN,X8_PE,185,Integrated
Integrated-SelectFromModel (RF selector) + KNN,X8_PF,186,Integrated
Integrated-SelectFromModel (RF selector) + KNN,X8_PG,187,Integrated
Integrated-SelectFromModel (RF selector) + KNN,X8_PI,188,Integrated
Integrated-SelectFromModel (RF selector) + KNN,X8_PK,189,Integrated
Integrated-SelectFromModel (RF selector) + KNN,X8_PL,190,Integrated
Integrated-SelectFromModel (RF selector) + KNN,X8_PM,191,Integrated
Integrated-SelectFromModel (RF selector) + KNN,X8_PN,192,Integrated
Integrated-SelectFromModel (RF selector) + KNN,X8_PP,193,Integrated
Integrated-SelectFromModel (RF selector) + KNN,X8_PR,194,Integrated
Integrated-SelectFromModel (RF selector) + KNN,X8_PS,195,Integrated
Integrated-SelectFromModel (RF selector) + KNN,X8_PT,196,Integrated
Integrated-SelectFromModel (RF selector) + KNN,X8_PV,197,Integrated
Integrated-SelectFromModel (RF selector) + KNN,X8_QA,198,Integrated
Integrated-SelectFromModel (RF selector) + KNN,X8_QE,199,Integrated
Integrated-SelectFromModel (RF selector) + KNN,X8_QG,200,Integrated
Integrated-SelectFromModel (RF selector) + KNN,X8_QL,201,Integrated
Integrated-SelectFromModel (RF selector) + KNN,X8_QQ,202,Integrated
Integrated-SelectFromModel (RF selector) + KNN,X8_QR,203,Integrated
Integrated-SelectFromModel (RF selector) + KNN,X8_QS,204,Integrated
Integrated-SelectFromModel (RF selector) + KNN,X8_QV,205,Integrated
Integrated-SelectFromModel (RF selector) + KNN,X8_RA,206,Integrated
Integrated-SelectFromModel (RF selector) + KNN,X8_RD,207,Integrated
Integrated-SelectFromModel (RF selector) + KNN,X8_RE,208,Integrated
Integrated-SelectFromModel (RF selector) + KNN,X8_RF,209,Integrated
Integrated-SelectFromModel (RF selector) + KNN,X8_RG,210,Integrated
Integrated-SelectFromModel (RF selector) + KNN,X8_RI,211,Integrated
Integrated-SelectFromModel (RF selector) + KNN,X8_RL,212,Integrated
Integrated-SelectFromModel (RF selector) + KNN,X8_RM,213,Integrated
Integrated-SelectFromModel (RF selector) + KNN,X8_RP,214,Integrated
Integrated-SelectFromModel (RF selector) + KNN,X8_RR,215,Integrated
Integrated-SelectFromModel (RF selector) + KNN,X8_RS,216,Integrated
Integrated-SelectFromModel (RF selector) + KNN,X8_RT,217,Integrated
Integrated-SelectFromModel (RF selector) + KNN,X8_RV,218,Integrated
Integrated-SelectFromModel (RF selector) + KNN,X8_RY,219,Integrated
Integrated-SelectFromModel (RF selector) + KNN,X8_SA,220,Integrated
Integrated-SelectFromModel (RF selector) + KNN,X8_SC,221,Integrated
Integrated-SelectFromModel (RF selector) + KNN,X8_SD,222,Integrated
Integrated-SelectFromModel (RF selector) + KNN,X8_SE,223,Integrated
Integrated-SelectFromModel (RF selector) + KNN,X8_SF,224,Integrated
Integrated-SelectFromModel (RF selector) + KNN,X8_SG,225,Integrated
Integrated-SelectFromModel (RF selector) + KNN,X8_SI,226,Integrated
Integrated-SelectFromModel (RF selector) + KNN,X8_SK,227,Integrated
Integrated-SelectFromModel (RF selector) + KNN,X8_SL,228,Integrated
Integrated-SelectFromModel (RF selector) + KNN,X8_SM,229,Integrated
Integrated-SelectFromModel (RF selector) + KNN,X8_SN,230,Integrated
Integrated-SelectFromModel (RF selector) + KNN,X8_SP,231,Integrated
Integrated-SelectFromModel (RF selector) + KNN,X8_SR,232,Integrated
Integrated-SelectFromModel (RF selector) + KNN,X8_SS,233,Integrated
Integrated-SelectFromModel (RF selector) + KNN,X8_ST,234,Integrated
Integrated-SelectFromModel (RF selector) + KNN,X8_SV,235,Integrated
Integrated-SelectFromModel (RF selector) + KNN,X8_SY,236,Integrated
Integrated-SelectFromModel (RF selector) + KNN,X8_TA,237,Integrated
Integrated-SelectFromModel (RF selector) + KNN,X8_TD,238,Integrated
Integrated-SelectFromModel (RF selector) + KNN,X8_TE,239,Integrated
Integrated-SelectFromModel (RF selector) + KNN,X8_TF,240,Integrated
Integrated-SelectFromModel (RF selector) + KNN,X8_TG,241,Integrated
Integrated-SelectFromModel (RF selector) + KNN,X8_TH,242,Integrated
Integrated-SelectFromModel (RF selector) + KNN,X8_TI,243,Integrated
Integrated-SelectFromModel (RF selector) + KNN,X8_TK,244,Integrated
Integrated-SelectFromModel (RF selector) + KNN,X8_TL,245,Integrated
Integrated-SelectFromModel (RF selector) + KNN,X8_TM,246,Integrated
Integrated-SelectFromModel (RF selector) + KNN,X8_TN,247,Integrated
Integrated-SelectFromModel (RF selector) + KNN,X8_TP,248,Integrated
Integrated-SelectFromModel (RF selector) + KNN,X8_TQ,249,Integrated
Integrated-SelectFromModel (RF selector) + KNN,X8_TR,250,Integrated
Integrated-SelectFromModel (RF selector) + KNN,X8_TS,251,Integrated
Integrated-SelectFromModel (RF selector) + KNN,X8_TT,252,Integrated
Integrated-SelectFromModel (RF selector) + KNN,X8_TV,253,Integrated
Integrated-SelectFromModel (RF selector) + KNN,X8_TW,254,Integrated
Integrated-SelectFromModel (RF selector) + KNN,X8_TY,255,Integrated
Integrated-SelectFromModel (RF selector) + KNN,X8_VA,256,Integrated
Integrated-SelectFromModel (RF selector) + KNN,X8_VC,257,Integrated
Integrated-SelectFromModel (RF selector) + KNN,X8_VD,258,Integrated
Integrated-SelectFromModel (RF selector) + KNN,X8_VE,259,Integrated
Integrated-SelectFromModel (RF selector) + KNN,X8_VF,260,Integrated
Integrated-SelectFromModel (RF selector) + KNN,X8_VG,261,Integrated
Integrated-SelectFromModel (RF selector) + KNN,X8_VI,262,Integrated
Integrated-SelectFromModel (RF selector) + KNN,X8_VK,263,Integrated
Integrated-SelectFromModel (RF selector) + KNN,X8_VL,264,Integrated
Integrated-SelectFromModel (RF selector) + KNN,X8_VN,265,Integrated
Integrated-SelectFromModel (RF selector) + KNN,X8_VP,266,Integrated
Integrated-SelectFromModel (RF selector) + KNN,X8_VQ,267,Integrated
Integrated-SelectFromModel (RF selector) + KNN,X8_VR,268,Integrated
Integrated-SelectFromModel (RF selector) + KNN,X8_VS,269,Integrated
Integrated-SelectFromModel (RF selector) + KNN,X8_VT,270,Integrated
Integrated-SelectFromModel (RF selector) + KNN,X8_VV,271,Integrated
Integrated-SelectFromModel (RF selector) + KNN,X8_VY,272,Integrated
Integrated-SelectFromModel (RF selector) + KNN,X8_WA,273,Integrated
Integrated-SelectFromModel (RF selector) + KNN,X8_WS,274,Integrated
Integrated-SelectFromModel (RF selector) + KNN,X8_YA,275,Integrated
Integrated-SelectFromModel (RF selector) + KNN,X8_YE,276,Integrated
Integrated-SelectFromModel (RF selector) + KNN,X8_YF,277,Integrated
Integrated-SelectFromModel (RF selector) + KNN,X8_YG,278,Integrated
Integrated-SelectFromModel (RF selector) + KNN,X8_YL,279,Integrated
Integrated-SelectFromModel (RF selector) + KNN,X8_YN,280,Integrated
Integrated-SelectFromModel (RF selector) + KNN,X8_YP,281,Integrated
Integrated-SelectFromModel (RF selector) + KNN,X8_YS,282,Integrated
Integrated-SelectFromModel (RF selector) + KNN,X8_YT,283,Integrated
Integrated-SelectFromModel (RF selector) + KNN,X8_YV,284,Integrated
Integrated-SelectFromModel (RF selector) + KNN,X8_YY,285,Integrated
Integrated-SelectFromModel (RF selector) + KNN,acidic_group,286,Integrated
Integrated-SelectFromModel (RF selector) + KNN,aliphatic_group,287,Integrated
Integrated-SelectFromModel (RF selector) + KNN,aliphatic_index,288,Integrated
Integrated-SelectFromModel (RF selector) + KNN,aromatic_group,289,Integrated
Integrated-SelectFromModel (RF selector) + KNN,basic_group,290,Integrated
Integrated-SelectFromModel (RF selector) + KNN,boman,291,Integrated
Integrated-SelectFromModel (RF selector) + KNN,charge,292,Integrated
Integrated-SelectFromModel (RF selector) + KNN,charged_group,293,Integrated
Integrated-SelectFromModel (RF selector) + KNN,cruciani_prp1,294,Integrated
Integrated-SelectFromModel (RF selector) + KNN,cruciani_prp2,295,Integrated
Integrated-SelectFromModel (RF selector) + KNN,cruciani_prp3,296,Integrated
Integrated-SelectFromModel (RF selector) + KNN,hydrophobic_eisenberg,297,Integrated
Integrated-SelectFromModel (RF selector) + KNN,hydrophobic_engleman,298,Integrated
Integrated-SelectFromModel (RF selector) + KNN,hydrophobic_hopp-woods,299,Integrated
Integrated-SelectFromModel (RF selector) + KNN,hydrophobic_janin,300,Integrated
Integrated-SelectFromModel (RF selector) + KNN,hydrophobic_kyte-doolittle,301,Integrated
Integrated-SelectFromModel (RF selector) + KNN,hydrophobic_moment,302,Integrated
Integrated-SelectFromModel (RF selector) + KNN,hydrophobic_roseman,303,Integrated
Integrated-SelectFromModel (RF selector) + KNN,instability_index,304,Integrated
Integrated-SelectFromModel (RF selector) + KNN,isoelectric_point,305,Integrated
Integrated-SelectFromModel (RF selector) + KNN,non-polar_group,306,Integrated
Integrated-SelectFromModel (RF selector) + KNN,peptide_len,307,Integrated
Integrated-SelectFromModel (RF selector) + KNN,polar_group,308,Integrated
Integrated-SelectFromModel (RF selector) + KNN,small_group,309,Integrated
Integrated-SelectFromModel (RF selector) + KNN,tiny_group,310,Integrated
Integrated-RFECV (L1-LR) + LR,X4_A,1,Integrated
Integrated-RFECV (L1-LR) + LR,X4_C,2,Integrated
Integrated-RFECV (L1-LR) + LR,X4_D,3,Integrated
Integrated-RFECV (L1-LR) + LR,X4_E,4,Integrated
Integrated-RFECV (L1-LR) + LR,X4_F,5,Integrated
Integrated-RFECV (L1-LR) + LR,X4_G,6,Integrated
Integrated-RFECV (L1-LR) + LR,X4_H,7,Integrated
Integrated-RFECV (L1-LR) + LR,X4_I,8,Integrated
Integrated-RFECV (L1-LR) + LR,X4_K,9,Integrated
Integrated-RFECV (L1-LR) + LR,X4_L,10,Integrated
Integrated-RFECV (L1-LR) + LR,X4_M,11,Integrated
Integrated-RFECV (L1-LR) + LR,X4_N,12,Integrated
Integrated-RFECV (L1-LR) + LR,X4_P,13,Integrated
Integrated-RFECV (L1-LR) + LR,X4_Q,14,Integrated
Integrated-RFECV (L1-LR) + LR,X4_R,15,Integrated
Integrated-RFECV (L1-LR) + LR,X4_S,16,Integrated
Integrated-RFECV (L1-LR) + LR,X4_T,17,Integrated
Integrated-RFECV (L1-LR) + LR,X4_V,18,Integrated
Integrated-RFECV (L1-LR) + LR,X4_W,19,Integrated
Integrated-RFECV (L1-LR) + LR,X4_Y,20,Integrated
Integrated-RFECV (L1-LR) + LR,X5_A,21,Integrated
Integrated-RFECV (L1-LR) + LR,X5_C,22,Integrated
Integrated-RFECV (L1-LR) + LR,X5_D,23,Integrated
Integrated-RFECV (L1-LR) + LR,X5_E,24,Integrated
Integrated-RFECV (L1-LR) + LR,X5_F,25,Integrated
Integrated-RFECV (L1-LR) + LR,X5_G,26,Integrated
Integrated-RFECV (L1-LR) + LR,X5_H,27,Integrated
Integrated-RFECV (L1-LR) + LR,X5_I,28,Integrated
Integrated-RFECV (L1-LR) + LR,X5_K,29,Integrated
Integrated-RFECV (L1-LR) + LR,X5_L,30,Integrated
Integrated-RFECV (L1-LR) + LR,X5_M,31,Integrated
Integrated-RFECV (L1-LR) + LR,X5_N,32,Integrated
Integrated-RFECV (L1-LR) + LR,X5_P,33,Integrated
Integrated-RFECV (L1-LR) + LR,X5_Q,34,Integrated
Integrated-RFECV (L1-LR) + LR,X5_R,35,Integrated
Integrated-RFECV (L1-LR) + LR,X5_S,36,Integrated
Integrated-RFECV (L1-LR) + LR,X5_T,37,Integrated
Integrated-RFECV (L1-LR) + LR,X5_V,38,Integrated
Integrated-RFECV (L1-LR) + LR,X5_W,39,Integrated
Integrated-RFECV (L1-LR) + LR,X5_Y,40,Integrated
Integrated-RFECV (L1-LR) + LR,X8_AA,41,Integrated
Integrated-RFECV (L1-LR) + LR,X8_AC,42,Integrated
Integrated-RFECV (L1-LR) + LR,X8_AD,43,Integrated
Integrated-RFECV (L1-LR) + LR,X8_AE,44,Integrated
Integrated-RFECV (L1-LR) + LR,X8_AF,45,Integrated
Integrated-RFECV (L1-LR) + LR,X8_AG,46,Integrated
Integrated-RFECV (L1-LR) + LR,X8_AH,47,Integrated
Integrated-RFECV (L1-LR) + LR,X8_AK,48,Integrated
Integrated-RFECV (L1-LR) + LR,X8_AL,49,Integrated
Integrated-RFECV (L1-LR) + LR,X8_AM,50,Integrated
Integrated-RFECV (L1-LR) + LR,X8_AN,51,Integrated
Integrated-RFECV (L1-LR) + LR,X8_AP,52,Integrated
Integrated-RFECV (L1-LR) + LR,X8_AQ,53,Integrated
Integrated-RFECV (L1-LR) + LR,X8_AR,54,Integrated
Integrated-RFECV (L1-LR) + LR,X8_AS,55,Integrated
Integrated-RFECV (L1-LR) + LR,X8_AT,56,Integrated
Integrated-RFECV (L1-LR) + LR,X8_AV,57,Integrated
Integrated-RFECV (L1-LR) + LR,X8_AW,58,Integrated
Integrated-RFECV (L1-LR) + LR,X8_AY,59,Integrated
Integrated-RFECV (L1-LR) + LR,X8_CA,60,Integrated
Integrated-RFECV (L1-LR) + LR,X8_CC,61,Integrated
Integrated-RFECV (L1-LR) + LR,X8_CD,62,Integrated
Integrated-RFECV (L1-LR) + LR,X8_CE,63,Integrated
Integrated-RFECV (L1-LR) + LR,X8_CF,64,Integrated
Integrated-RFECV (L1-LR) + LR,X8_CG,65,Integrated
Integrated-RFECV (L1-LR) + LR,X8_CH,66,Integrated
Integrated-RFECV (L1-LR) + LR,X8_CI,67,Integrated
Integrated-RFECV (L1-LR) + LR,X8_CK,68,Integrated
Integrated-RFECV (L1-LR) + LR,X8_CL,69,Integrated
Integrated-RFECV (L1-LR) + LR,X8_CM,70,Integrated
Integrated-RFECV (L1-LR) + LR,X8_CN,71,Integrated
Integrated-RFECV (L1-LR) + LR,X8_CP,72,Integrated
Integrated-RFECV (L1-LR) + LR,X8_CQ,73,Integrated
Integrated-RFECV (L1-LR) + LR,X8_CR,74,Integrated
Integrated-RFECV (L1-LR) + LR,X8_CS,75,Integrated
Integrated-RFECV (L1-LR) + LR,X8_CT,76,Integrated
Integrated-RFECV (L1-LR) + LR,X8_CV,77,Integrated
Integrated-RFECV (L1-LR) + LR,X8_CW,78,Integrated
Integrated-RFECV (L1-LR) + LR,X8_CY,79,Integrated
Integrated-RFECV (L1-LR) + LR,X8_DA,80,Integrated
Integrated-RFECV (L1-LR) + LR,X8_DC,81,Integrated
Integrated-RFECV (L1-LR) + LR,X8_DD,82,Integrated
Integrated-RFECV (L1-LR) + LR,X8_DE,83,Integrated
Integrated-RFECV (L1-LR) + LR,X8_DF,84,Integrated
Integrated-RFECV (L1-LR) + LR,X8_DG,85,Integrated
Integrated-RFECV (L1-LR) + LR,X8_DH,86,Integrated
Integrated-RFECV (L1-LR) + LR,X8_DI,87,Integrated
Integrated-RFECV (L1-LR) + LR,X8_DK,88,Integrated
Integrated-RFECV (L1-LR) + LR,X8_DL,89,Integrated
Integrated-RFECV (L1-LR) + LR,X8_DM,90,Integrated
Integrated-RFECV (L1-LR) + LR,X8_DN,91,Integrated
Integrated-RFECV (L1-LR) + LR,X8_DP,92,Integrated
Integrated-RFECV (L1-LR) + LR,X8_DQ,93,Integrated
Integrated-RFECV (L1-LR) + LR,X8_DR,94,Integrated
Integrated-RFECV (L1-LR) + LR,X8_DS,95,Integrated
Integrated-RFECV (L1-LR) + LR,X8_DT,96,Integrated
Integrated-RFECV (L1-LR) + LR,X8_DV,97,Integrated
Integrated-RFECV (L1-LR) + LR,X8_DW,98,Integrated
Integrated-RFECV (L1-LR) + LR,X8_DY,99,Integrated
Integrated-RFECV (L1-LR) + LR,X8_EA,100,Integrated
Integrated-RFECV (L1-LR) + LR,X8_EC,101,Integrated
Integrated-RFECV (L1-LR) + LR,X8_ED,102,Integrated
Integrated-RFECV (L1-LR) + LR,X8_EE,103,Integrated
Integrated-RFECV (L1-LR) + LR,X8_EF,104,Integrated
Integrated-RFECV (L1-LR) + LR,X8_EG,105,Integrated
Integrated-RFECV (L1-LR) + LR,X8_EH,106,Integrated
Integrated-RFECV (L1-LR) + LR,X8_EI,107,Integrated
Integrated-RFECV (L1-LR) + LR,X8_EK,108,Integrated
Integrated-RFECV (L1-LR) + LR,X8_EL,109,Integrated
Integrated-RFECV (L1-LR) + LR,X8_EM,110,Integrated
Integrated-RFECV (L1-LR) + LR,X8_EN,111,Integrated
Integrated-RFECV (L1-LR) + LR,X8_EP,112,Integrated
Integrated-RFECV (L1-LR) + LR,X8_EQ,113,Integrated
Integrated-RFECV (L1-LR) + LR,X8_ER,114,Integrated
Integrated-RFECV (L1-LR) + LR,X8_ES,115,Integrated
Integrated-RFECV (L1-LR) + LR,X8_ET,116,Integrated
Integrated-RFECV (L1-LR) + LR,X8_EV,117,Integrated
Integrated-RFECV (L1-LR) + LR,X8_EW,118,Integrated
Integrated-RFECV (L1-LR) + LR,X8_EY,119,Integrated
Integrated-RFECV (L1-LR) + LR,X8_FA,120,Integrated
Integrated-RFECV (L1-LR) + LR,X8_FC,121,Integrated
Integrated-RFECV (L1-LR) + LR,X8_FD,122,Integrated
Integrated-RFECV (L1-LR) + LR,X8_FE,123,Integrated
Integrated-RFECV (L1-LR) + LR,X8_FF,124,Integrated
Integrated-RFECV (L1-LR) + LR,X8_FG,125,Integrated
Integrated-RFECV (L1-LR) + LR,X8_FH,126,Integrated
Integrated-RFECV (L1-LR) + LR,X8_FI,127,Integrated
Integrated-RFECV (L1-LR) + LR,X8_FK,128,Integrated
Integrated-RFECV (L1-LR) + LR,X8_FL,129,Integrated
Integrated-RFECV (L1-LR) + LR,X8_FM,130,Integrated
Integrated-RFECV (L1-LR) + LR,X8_FN,131,Integrated
Integrated-RFECV (L1-LR) + LR,X8_FP,132,Integrated
Integrated-RFECV (L1-LR) + LR,X8_FQ,133,Integrated
Integrated-RFECV (L1-LR) + LR,X8_FR,134,Integrated
Integrated-RFECV (L1-LR) + LR,X8_FS,135,Integrated
Integrated-RFECV (L1-LR) + LR,X8_FT,136,Integrated
Integrated-RFECV (L1-LR) + LR,X8_FV,137,Integrated
Integrated-RFECV (L1-LR) + LR,X8_FW,138,Integrated
Integrated-RFECV (L1-LR) + LR,X8_FY,139,Integrated
Integrated-RFECV (L1-LR) + LR,X8_GA,140,Integrated
Integrated-RFECV (L1-LR) + LR,X8_GC,141,Integrated
Integrated-RFECV (L1-LR) + LR,X8_GD,142,Integrated
Integrated-RFECV (L1-LR) + LR,X8_GE,143,Integrated
Integrated-RFECV (L1-LR) + LR,X8_GF,144,Integrated
Integrated-RFECV (L1-LR) + LR,X8_GG,145,Integrated
Integrated-RFECV (L1-LR) + LR,X8_GH,146,Integrated
Integrated-RFECV (L1-LR) + LR,X8_GI,147,Integrated
Integrated-RFECV (L1-LR) + LR,X8_GK,148,Integrated
Integrated-RFECV (L1-LR) + LR,X8_GL,149,Integrated
Integrated-RFECV (L1-LR) + LR,X8_GM,150,Integrated
Integrated-RFECV (L1-LR) + LR,X8_GN,151,Integrated
Integrated-RFECV (L1-LR) + LR,X8_GP,152,Integrated
Integrated-RFECV (L1-LR) + LR,X8_GQ,153,Integrated
Integrated-RFECV (L1-LR) + LR,X8_GR,154,Integrated
Integrated-RFECV (L1-LR) + LR,X8_GS,155,Integrated
Integrated-RFECV (L1-LR) + LR,X8_GT,156,Integrated
Integrated-RFECV (L1-LR) + LR,X8_GV,157,Integrated
Integrated-RFECV (L1-LR) + LR,X8_GW,158,Integrated
Integrated-RFECV (L1-LR) + LR,X8_GY,159,Integrated
Integrated-RFECV (L1-LR) + LR,X8_HA,160,Integrated
Integrated-RFECV (L1-LR) + LR,X8_HC,161,Integrated
Integrated-RFECV (L1-LR) + LR,X8_HD,162,Integrated
Integrated-RFECV (L1-LR) + LR,X8_HE,163,Integrated
Integrated-RFECV (L1-LR) + LR,X8_HF,164,Integrated
Integrated-RFECV (L1-LR) + LR,X8_HG,165,Integrated
Integrated-RFECV (L1-LR) + LR,X8_HH,166,Integrated
Integrated-RFECV (L1-LR) + LR,X8_HI,167,Integrated
Integrated-RFECV (L1-LR) + LR,X8_HK,168,Integrated
Integrated-RFECV (L1-LR) + LR,X8_HL,169,Integrated
Integrated-RFECV (L1-LR) + LR,X8_HM,170,Integrated
Integrated-RFECV (L1-LR) + LR,X8_HN,171,Integrated
Integrated-RFECV (L1-LR) + LR,X8_HP,172,Integrated
Integrated-RFECV (L1-LR) + LR,X8_HQ,173,Integrated
Integrated-RFECV (L1-LR) + LR,X8_HR,174,Integrated
Integrated-RFECV (L1-LR) + LR,X8_HS,175,Integrated
Integrated-RFECV (L1-LR) + LR,X8_HT,176,Integrated
Integrated-RFECV (L1-LR) + LR,X8_HV,177,Integrated
Integrated-RFECV (L1-LR) + LR,X8_HW,178,Integrated
Integrated-RFECV (L1-LR) + LR,X8_HY,179,Integrated
Integrated-RFECV (L1-LR) + LR,X8_IA,180,Integrated
Integrated-RFECV (L1-LR) + LR,X8_IC,181,Integrated
Integrated-RFECV (L1-LR) + LR,X8_ID,182,Integrated
Integrated-RFECV (L1-LR) + LR,X8_IE,183,Integrated
Integrated-RFECV (L1-LR) + LR,X8_IF,184,Integrated
Integrated-RFECV (L1-LR) + LR,X8_IG,185,Integrated
Integrated-RFECV (L1-LR) + LR,X8_IH,186,Integrated
Integrated-RFECV (L1-LR) + LR,X8_II,187,Integrated
Integrated-RFECV (L1-LR) + LR,X8_IK,188,Integrated
Integrated-RFECV (L1-LR) + LR,X8_IL,189,Integrated
Integrated-RFECV (L1-LR) + LR,X8_IM,190,Integrated
Integrated-RFECV (L1-LR) + LR,X8_IN,191,Integrated
Integrated-RFECV (L1-LR) + LR,X8_IP,192,Integrated
Integrated-RFECV (L1-LR) + LR,X8_IQ,193,Integrated
Integrated-RFECV (L1-LR) + LR,X8_IR,194,Integrated
Integrated-RFECV (L1-LR) + LR,X8_IS,195,Integrated
Integrated-RFECV (L1-LR) + LR,X8_IT,196,Integrated
Integrated-RFECV (L1-LR) + LR,X8_IV,197,Integrated
Integrated-RFECV (L1-LR) + LR,X8_IW,198,Integrated
Integrated-RFECV (L1-LR) + LR,X8_IY,199,Integrated
Integrated-RFECV (L1-LR) + LR,X8_KA,200,Integrated
Integrated-RFECV (L1-LR) + LR,X8_KC,201,Integrated
Integrated-RFECV (L1-LR) + LR,X8_KD,202,Integrated
Integrated-RFECV (L1-LR) + LR,X8_KE,203,Integrated
Integrated-RFECV (L1-LR) + LR,X8_KF,204,Integrated
Integrated-RFECV (L1-LR) + LR,X8_KG,205,Integrated
Integrated-RFECV (L1-LR) + LR,X8_KH,206,Integrated
Integrated-RFECV (L1-LR) + LR,X8_KI,207,Integrated
Integrated-RFECV (L1-LR) + LR,X8_KK,208,Integrated
Integrated-RFECV (L1-LR) + LR,X8_KL,209,Integrated
Integrated-RFECV (L1-LR) + LR,X8_KM,210,Integrated
Integrated-RFECV (L1-LR) + LR,X8_KN,211,Integrated
Integrated-RFECV (L1-LR) + LR,X8_KP,212,Integrated
Integrated-RFECV (L1-LR) + LR,X8_KQ,213,Integrated
Integrated-RFECV (L1-LR) + LR,X8_KR,214,Integrated
Integrated-RFECV (L1-LR) + LR,X8_KS,215,Integrated
Integrated-RFECV (L1-LR) + LR,X8_KT,216,Integrated
Integrated-RFECV (L1-LR) + LR,X8_KV,217,Integrated
Integrated-RFECV (L1-LR) + LR,X8_KW,218,Integrated
Integrated-RFECV (L1-LR) + LR,X8_KY,219,Integrated
Integrated-RFECV (L1-LR) + LR,X8_LA,220,Integrated
Integrated-RFECV (L1-LR) + LR,X8_LC,221,Integrated
Integrated-RFECV (L1-LR) + LR,X8_LD,222,Integrated
Integrated-RFECV (L1-LR) + LR,X8_LE,223,Integrated
Integrated-RFECV (L1-LR) + LR,X8_LF,224,Integrated
Integrated-RFECV (L1-LR) + LR,X8_LG,225,Integrated
Integrated-RFECV (L1-LR) + LR,X8_LH,226,Integrated
Integrated-RFECV (L1-LR) + LR,X8_LI,227,Integrated
Integrated-RFECV (L1-LR) + LR,X8_LK,228,Integrated
Integrated-RFECV (L1-LR) + LR,X8_LL,229,Integrated
Integrated-RFECV (L1-LR) + LR,X8_LM,230,Integrated
Integrated-RFECV (L1-LR) + LR,X8_LN,231,Integrated
Integrated-RFECV (L1-LR) + LR,X8_LP,232,Integrated
Integrated-RFECV (L1-LR) + LR,X8_LQ,233,Integrated
Integrated-RFECV (L1-LR) + LR,X8_LR,234,Integrated
Integrated-RFECV (L1-LR) + LR,X8_LS,235,Integrated
Integrated-RFECV (L1-LR) + LR,X8_LT,236,Integrated
Integrated-RFECV (L1-LR) + LR,X8_LV,237,Integrated
Integrated-RFECV (L1-LR) + LR,X8_LW,238,Integrated
Integrated-RFECV (L1-LR) + LR,X8_LY,239,Integrated
Integrated-RFECV (L1-LR) + LR,X8_MA,240,Integrated
Integrated-RFECV (L1-LR) + LR,X8_MC,241,Integrated
Integrated-RFECV (L1-LR) + LR,X8_MD,242,Integrated
Integrated-RFECV (L1-LR) + LR,X8_ME,243,Integrated
Integrated-RFECV (L1-LR) + LR,X8_MF,244,Integrated
Integrated-RFECV (L1-LR) + LR,X8_MG,245,Integrated
Integrated-RFECV (L1-LR) + LR,X8_MH,246,Integrated
Integrated-RFECV (L1-LR) + LR,X8_MI,247,Integrated
Integrated-RFECV (L1-LR) + LR,X8_MK,248,Integrated
Integrated-RFECV (L1-LR) + LR,X8_ML,249,Integrated
Integrated-RFECV (L1-LR) + LR,X8_MM,250,Integrated
Integrated-RFECV (L1-LR) + LR,X8_MN,251,Integrated
Integrated-RFECV (L1-LR) + LR,X8_MP,252,Integrated
Integrated-RFECV (L1-LR) + LR,X8_MQ,253,Integrated
Integrated-RFECV (L1-LR) + LR,X8_MR,254,Integrated
Integrated-RFECV (L1-LR) + LR,X8_MS,255,Integrated
Integrated-RFECV (L1-LR) + LR,X8_MT,256,Integrated
Integrated-RFECV (L1-LR) + LR,X8_MV,257,Integrated
Integrated-RFECV (L1-LR) + LR,X8_MW,258,Integrated
Integrated-RFECV (L1-LR) + LR,X8_MY,259,Integrated
Integrated-RFECV (L1-LR) + LR,X8_NA,260,Integrated
Integrated-RFECV (L1-LR) + LR,X8_NC,261,Integrated
Integrated-RFECV (L1-LR) + LR,X8_ND,262,Integrated
Integrated-RFECV (L1-LR) + LR,X8_NE,263,Integrated
Integrated-RFECV (L1-LR) + LR,X8_NF,264,Integrated
Integrated-RFECV (L1-LR) + LR,X8_NG,265,Integrated
Integrated-RFECV (L1-LR) + LR,X8_NH,266,Integrated
Integrated-RFECV (L1-LR) + LR,X8_NI,267,Integrated
Integrated-RFECV (L1-LR) + LR,X8_NK,268,Integrated
Integrated-RFECV (L1-LR) + LR,X8_NL,269,Integrated
Integrated-RFECV (L1-LR) + LR,X8_NM,270,Integrated
Integrated-RFECV (L1-LR) + LR,X8_NN,271,Integrated
Integrated-RFECV (L1-LR) + LR,X8_NP,272,Integrated
Integrated-RFECV (L1-LR) + LR,X8_NQ,273,Integrated
Integrated-RFECV (L1-LR) + LR,X8_NR,274,Integrated
Integrated-RFECV (L1-LR) + LR,X8_NS,275,Integrated
Integrated-RFECV (L1-LR) + LR,X8_NT,276,Integrated
Integrated-RFECV (L1-LR) + LR,X8_NV,277,Integrated
Integrated-RFECV (L1-LR) + LR,X8_NW,278,Integrated
Integrated-RFECV (L1-LR) + LR,X8_NY,279,Integrated
Integrated-RFECV (L1-LR) + LR,X8_PA,280,Integrated
Integrated-RFECV (L1-LR) + LR,X8_PC,281,Integrated
Integrated-RFECV (L1-LR) + LR,X8_PD,282,Integrated
Integrated-RFECV (L1-LR) + LR,X8_PE,283,Integrated
Integrated-RFECV (L1-LR) + LR,X8_PF,284,Integrated
Integrated-RFECV (L1-LR) + LR,X8_PG,285,Integrated
Integrated-RFECV (L1-LR) + LR,X8_PH,286,Integrated
Integrated-RFECV (L1-LR) + LR,X8_PI,287,Integrated
Integrated-RFECV (L1-LR) + LR,X8_PK,288,Integrated
Integrated-RFECV (L1-LR) + LR,X8_PL,289,Integrated
Integrated-RFECV (L1-LR) + LR,X8_PM,290,Integrated
Integrated-RFECV (L1-LR) + LR,X8_PN,291,Integrated
Integrated-RFECV (L1-LR) + LR,X8_PP,292,Integrated
Integrated-RFECV (L1-LR) + LR,X8_PQ,293,Integrated
Integrated-RFECV (L1-LR) + LR,X8_PR,294,Integrated
Integrated-RFECV (L1-LR) + LR,X8_PS,295,Integrated
Integrated-RFECV (L1-LR) + LR,X8_PT,296,Integrated
Integrated-RFECV (L1-LR) + LR,X8_PV,297,Integrated
Integrated-RFECV (L1-LR) + LR,X8_PW,298,Integrated
Integrated-RFECV (L1-LR) + LR,X8_PY,299,Integrated
Integrated-RFECV (L1-LR) + LR,X8_QA,300,Integrated
Integrated-RFECV (L1-LR) + LR,X8_QC,301,Integrated
Integrated-RFECV (L1-LR) + LR,X8_QD,302,Integrated
Integrated-RFECV (L1-LR) + LR,X8_QE,303,Integrated
Integrated-RFECV (L1-LR) + LR,X8_QF,304,Integrated
Integrated-RFECV (L1-LR) + LR,X8_QG,305,Integrated
Integrated-RFECV (L1-LR) + LR,X8_QH,306,Integrated
Integrated-RFECV (L1-LR) + LR,X8_QI,307,Integrated
Integrated-RFECV (L1-LR) + LR,X8_QK,308,Integrated
Integrated-RFECV (L1-LR) + LR,X8_QL,309,Integrated
Integrated-RFECV (L1-LR) + LR,X8_QM,310,Integrated
Integrated-RFECV (L1-LR) + LR,X8_QN,311,Integrated
Integrated-RFECV (L1-LR) + LR,X8_QP,312,Integrated
Integrated-RFECV (L1-LR) + LR,X8_QQ,313,Integrated
Integrated-RFECV (L1-LR) + LR,X8_QR,314,Integrated
Integrated-RFECV (L1-LR) + LR,X8_QS,315,Integrated
Integrated-RFECV (L1-LR) + LR,X8_QT,316,Integrated
Integrated-RFECV (L1-LR) + LR,X8_QV,317,Integrated
Integrated-RFECV (L1-LR) + LR,X8_QW,318,Integrated
Integrated-RFECV (L1-LR) + LR,X8_QY,319,Integrated
Integrated-RFECV (L1-LR) + LR,X8_RA,320,Integrated
Integrated-RFECV (L1-LR) + LR,X8_RC,321,Integrated
Integrated-RFECV (L1-LR) + LR,X8_RD,322,Integrated
Integrated-RFECV (L1-LR) + LR,X8_RE,323,Integrated
Integrated-RFECV (L1-LR) + LR,X8_RF,324,Integrated
Integrated-RFECV (L1-LR) + LR,X8_RG,325,Integrated
Integrated-RFECV (L1-LR) + LR,X8_RH,326,Integrated
Integrated-RFECV (L1-LR) + LR,X8_RI,327,Integrated
Integrated-RFECV (L1-LR) + LR,X8_RK,328,Integrated
Integrated-RFECV (L1-LR) + LR,X8_RL,329,Integrated
Integrated-RFECV (L1-LR) + LR,X8_RM,330,Integrated
Integrated-RFECV (L1-LR) + LR,X8_RN,331,Integrated
Integrated-RFECV (L1-LR) + LR,X8_RP,332,Integrated
Integrated-RFECV (L1-LR) + LR,X8_RQ,333,Integrated
Integrated-RFECV (L1-LR) + LR,X8_RR,334,Integrated
Integrated-RFECV (L1-LR) + LR,X8_RS,335,Integrated
Integrated-RFECV (L1-LR) + LR,X8_RT,336,Integrated
Integrated-RFECV (L1-LR) + LR,X8_RV,337,Integrated
Integrated-RFECV (L1-LR) + LR,X8_RW,338,Integrated
Integrated-RFECV (L1-LR) + LR,X8_RY,339,Integrated
Integrated-RFECV (L1-LR) + LR,X8_SA,340,Integrated
Integrated-RFECV (L1-LR) + LR,X8_SC,341,Integrated
Integrated-RFECV (L1-LR) + LR,X8_SD,342,Integrated
Integrated-RFECV (L1-LR) + LR,X8_SE,343,Integrated
Integrated-RFECV (L1-LR) + LR,X8_SF,344,Integrated
Integrated-RFECV (L1-LR) + LR,X8_SG,345,Integrated
Integrated-RFECV (L1-LR) + LR,X8_SH,346,Integrated
Integrated-RFECV (L1-LR) + LR,X8_SI,347,Integrated
Integrated-RFECV (L1-LR) + LR,X8_SK,348,Integrated
Integrated-RFECV (L1-LR) + LR,X8_SL,349,Integrated
Integrated-RFECV (L1-LR) + LR,X8_SM,350,Integrated
Integrated-RFECV (L1-LR) + LR,X8_SN,351,Integrated
Integrated-RFECV (L1-LR) + LR,X8_SP,352,Integrated
Integrated-RFECV (L1-LR) + LR,X8_SQ,353,Integrated
Integrated-RFECV (L1-LR) + LR,X8_SR,354,Integrated
Integrated-RFECV (L1-LR) + LR,X8_SS,355,Integrated
Integrated-RFECV (L1-LR) + LR,X8_ST,356,Integrated
Integrated-RFECV (L1-LR) + LR,X8_SV,357,Integrated
Integrated-RFECV (L1-LR) + LR,X8_SW,358,Integrated
Integrated-RFECV (L1-LR) + LR,X8_SY,359,Integrated
Integrated-RFECV (L1-LR) + LR,X8_TA,360,Integrated
Integrated-RFECV (L1-LR) + LR,X8_TC,361,Integrated
Integrated-RFECV (L1-LR) + LR,X8_TD,362,Integrated
Integrated-RFECV (L1-LR) + LR,X8_TE,363,Integrated
Integrated-RFECV (L1-LR) + LR,X8_TF,364,Integrated
Integrated-RFECV (L1-LR) + LR,X8_TG,365,Integrated
Integrated-RFECV (L1-LR) + LR,X8_TH,366,Integrated
Integrated-RFECV (L1-LR) + LR,X8_TI,367,Integrated
Integrated-RFECV (L1-LR) + LR,X8_TK,368,Integrated
Integrated-RFECV (L1-LR) + LR,X8_TL,369,Integrated
Integrated-RFECV (L1-LR) + LR,X8_TM,370,Integrated
Integrated-RFECV (L1-LR) + LR,X8_TN,371,Integrated
Integrated-RFECV (L1-LR) + LR,X8_TP,372,Integrated
Integrated-RFECV (L1-LR) + LR,X8_TQ,373,Integrated
Integrated-RFECV (L1-LR) + LR,X8_TR,374,Integrated
Integrated-RFECV (L1-LR) + LR,X8_TS,375,Integrated
Integrated-RFECV (L1-LR) + LR,X8_TT,376,Integrated
Integrated-RFECV (L1-LR) + LR,X8_TV,377,Integrated
Integrated-RFECV (L1-LR) + LR,X8_TW,378,Integrated
Integrated-RFECV (L1-LR) + LR,X8_TY,379,Integrated
Integrated-RFECV (L1-LR) + LR,X8_VA,380,Integrated
Integrated-RFECV (L1-LR) + LR,X8_VC,381,Integrated
Integrated-RFECV (L1-LR) + LR,X8_VD,382,Integrated
Integrated-RFECV (L1-LR) + LR,X8_VF,383,Integrated
Integrated-RFECV (L1-LR) + LR,X8_VG,384,Integrated
Integrated-RFECV (L1-LR) + LR,X8_VH,385,Integrated
Integrated-RFECV (L1-LR) + LR,X8_VI,386,Integrated
Integrated-RFECV (L1-LR) + LR,X8_VK,387,Integrated
Integrated-RFECV (L1-LR) + LR,X8_VL,388,Integrated
Integrated-RFECV (L1-LR) + LR,X8_VM,389,Integrated
Integrated-RFECV (L1-LR) + LR,X8_VN,390,Integrated
Integrated-RFECV (L1-LR) + LR,X8_VP,391,Integrated
Integrated-RFECV (L1-LR) + LR,X8_VQ,392,Integrated
Integrated-RFECV (L1-LR) + LR,X8_VR,393,Integrated
Integrated-RFECV (L1-LR) + LR,X8_VS,394,Integrated
Integrated-RFECV (L1-LR) + LR,X8_VT,395,Integrated
Integrated-RFECV (L1-LR) + LR,X8_VW,396,Integrated
Integrated-RFECV (L1-LR) + LR,X8_VY,397,Integrated
Integrated-RFECV (L1-LR) + LR,X8_WA,398,Integrated
Integrated-RFECV (L1-LR) + LR,X8_WC,399,Integrated
Integrated-RFECV (L1-LR) + LR,X8_WD,400,Integrated
Integrated-RFECV (L1-LR) + LR,X8_WE,401,Integrated
Integrated-RFECV (L1-LR) + LR,X8_WF,402,Integrated
Integrated-RFECV (L1-LR) + LR,X8_WG,403,Integrated
Integrated-RFECV (L1-LR) + LR,X8_WH,404,Integrated
Integrated-RFECV (L1-LR) + LR,X8_WI,405,Integrated
Integrated-RFECV (L1-LR) + LR,X8_WK,406,Integrated
Integrated-RFECV (L1-LR) + LR,X8_WL,407,Integrated
Integrated-RFECV (L1-LR) + LR,X8_WM,408,Integrated
Integrated-RFECV (L1-LR) + LR,X8_WN,409,Integrated
Integrated-RFECV (L1-LR) + LR,X8_WP,410,Integrated
Integrated-RFECV (L1-LR) + LR,X8_WQ,411,Integrated
Integrated-RFECV (L1-LR) + LR,X8_WR,412,Integrated
Integrated-RFECV (L1-LR) + LR,X8_WS,413,Integrated
Integrated-RFECV (L1-LR) + LR,X8_WT,414,Integrated
Integrated-RFECV (L1-LR) + LR,X8_WV,415,Integrated
Integrated-RFECV (L1-LR) + LR,X8_WW,416,Integrated
Integrated-RFECV (L1-LR) + LR,X8_WY,417,Integrated
Integrated-RFECV (L1-LR) + LR,X8_YA,418,Integrated
Integrated-RFECV (L1-LR) + LR,X8_YC,419,Integrated
Integrated-RFECV (L1-LR) + LR,X8_YD,420,Integrated
Integrated-RFECV (L1-LR) + LR,X8_YE,421,Integrated
Integrated-RFECV (L1-LR) + LR,X8_YF,422,Integrated
Integrated-RFECV (L1-LR) + LR,X8_YG,423,Integrated
Integrated-RFECV (L1-LR) + LR,X8_YH,424,Integrated
Integrated-RFECV (L1-LR) + LR,X8_YI,425,Integrated
Integrated-RFECV (L1-LR) + LR,X8_YK,426,Integrated
Integrated-RFECV (L1-LR) + LR,X8_YL,427,Integrated
Integrated-RFECV (L1-LR) + LR,X8_YM,428,Integrated
Integrated-RFECV (L1-LR) + LR,X8_YN,429,Integrated
Integrated-RFECV (L1-LR) + LR,X8_YP,430,Integrated
Integrated-RFECV (L1-LR) + LR,X8_YQ,431,Integrated
Integrated-RFECV (L1-LR) + LR,X8_YR,432,Integrated
Integrated-RFECV (L1-LR) + LR,X8_YS,433,Integrated
Integrated-RFECV (L1-LR) + LR,X8_YT,434,Integrated
Integrated-RFECV (L1-LR) + LR,X8_YV,435,Integrated
Integrated-RFECV (L1-LR) + LR,X8_YW,436,Integrated
Integrated-RFECV (L1-LR) + LR,X8_YY,437,Integrated
Integrated-RFECV (L1-LR) + LR,acidic_group,438,Integrated
Integrated-RFECV (L1-LR) + LR,aliphatic_group,439,Integrated
Integrated-RFECV (L1-LR) + LR,aromatic_group,440,Integrated
Integrated-RFECV (L1-LR) + LR,basic_group,441,Integrated
Integrated-RFECV (L1-LR) + LR,boman,442,Integrated
Integrated-RFECV (L1-LR) + LR,charge,443,Integrated
Integrated-RFECV (L1-LR) + LR,charged_group,444,Integrated
Integrated-RFECV (L1-LR) + LR,cruciani_prp1,445,Integrated
Integrated-RFECV (L1-LR) + LR,cruciani_prp2,446,Integrated
Integrated-RFECV (L1-LR) + LR,cruciani_prp3,447,Integrated
Integrated-RFECV (L1-LR) + LR,hydrophobic_kyte-doolittle,448,Integrated
Integrated-RFECV (L1-LR) + LR,hydrophobic_moment,449,Integrated
Integrated-RFECV (L1-LR) + LR,instability_index,450,Integrated
Integrated-RFECV (L1-LR) + LR,isoelectric_point,451,Integrated
Integrated-RFECV (L1-LR) + LR,non-polar_group,452,Integrated
Integrated-RFECV (L1-LR) + LR,peptide_len,453,Integrated
Integrated-RFECV (L1-LR) + LR,polar_group,454,Integrated
Integrated-RFECV (L1-LR) + LR,small_group,455,Integrated
Integrated-RFECV (L1-LR) + LR,tiny_group,456,Integrated
Integrated-RFECV (L1-LR) + KNN,X4_A,1,Integrated
Integrated-RFECV (L1-LR) + KNN,X4_C,2,Integrated
Integrated-RFECV (L1-LR) + KNN,X4_D,3,Integrated
Integrated-RFECV (L1-LR) + KNN,X4_E,4,Integrated
Integrated-RFECV (L1-LR) + KNN,X4_F,5,Integrated
Integrated-RFECV (L1-LR) + KNN,X4_G,6,Integrated
Integrated-RFECV (L1-LR) + KNN,X4_H,7,Integrated
Integrated-RFECV (L1-LR) + KNN,X4_I,8,Integrated
Integrated-RFECV (L1-LR) + KNN,X4_K,9,Integrated
Integrated-RFECV (L1-LR) + KNN,X4_L,10,Integrated
Integrated-RFECV (L1-LR) + KNN,X4_M,11,Integrated
Integrated-RFECV (L1-LR) + KNN,X4_N,12,Integrated
Integrated-RFECV (L1-LR) + KNN,X4_P,13,Integrated
Integrated-RFECV (L1-LR) + KNN,X4_Q,14,Integrated
Integrated-RFECV (L1-LR) + KNN,X4_R,15,Integrated
Integrated-RFECV (L1-LR) + KNN,X4_S,16,Integrated
Integrated-RFECV (L1-LR) + KNN,X4_T,17,Integrated
Integrated-RFECV (L1-LR) + KNN,X4_V,18,Integrated
Integrated-RFECV (L1-LR) + KNN,X4_W,19,Integrated
Integrated-RFECV (L1-LR) + KNN,X4_Y,20,Integrated
Integrated-RFECV (L1-LR) + KNN,X5_A,21,Integrated
Integrated-RFECV (L1-LR) + KNN,X5_C,22,Integrated
Integrated-RFECV (L1-LR) + KNN,X5_D,23,Integrated
Integrated-RFECV (L1-LR) + KNN,X5_E,24,Integrated
Integrated-RFECV (L1-LR) + KNN,X5_F,25,Integrated
Integrated-RFECV (L1-LR) + KNN,X5_G,26,Integrated
Integrated-RFECV (L1-LR) + KNN,X5_H,27,Integrated
Integrated-RFECV (L1-LR) + KNN,X5_I,28,Integrated
Integrated-RFECV (L1-LR) + KNN,X5_K,29,Integrated
Integrated-RFECV (L1-LR) + KNN,X5_L,30,Integrated
Integrated-RFECV (L1-LR) + KNN,X5_M,31,Integrated
Integrated-RFECV (L1-LR) + KNN,X5_N,32,Integrated
Integrated-RFECV (L1-LR) + KNN,X5_P,33,Integrated
Integrated-RFECV (L1-LR) + KNN,X5_Q,34,Integrated
Integrated-RFECV (L1-LR) + KNN,X5_R,35,Integrated
Integrated-RFECV (L1-LR) + KNN,X5_S,36,Integrated
Integrated-RFECV (L1-LR) + KNN,X5_T,37,Integrated
Integrated-RFECV (L1-LR) + KNN,X5_V,38,Integrated
Integrated-RFECV (L1-LR) + KNN,X5_W,39,Integrated
Integrated-RFECV (L1-LR) + KNN,X5_Y,40,Integrated
Integrated-RFECV (L1-LR) + KNN,X8_AA,41,Integrated
Integrated-RFECV (L1-LR) + KNN,X8_AC,42,Integrated
Integrated-RFECV (L1-LR) + KNN,X8_AD,43,Integrated
Integrated-RFECV (L1-LR) + KNN,X8_AE,44,Integrated
Integrated-RFECV (L1-LR) + KNN,X8_AF,45,Integrated
Integrated-RFECV (L1-LR) + KNN,X8_AG,46,Integrated
Integrated-RFECV (L1-LR) + KNN,X8_AH,47,Integrated
Integrated-RFECV (L1-LR) + KNN,X8_AK,48,Integrated
Integrated-RFECV (L1-LR) + KNN,X8_AL,49,Integrated
Integrated-RFECV (L1-LR) + KNN,X8_AM,50,Integrated
Integrated-RFECV (L1-LR) + KNN,X8_AN,51,Integrated
Integrated-RFECV (L1-LR) + KNN,X8_AP,52,Integrated
Integrated-RFECV (L1-LR) + KNN,X8_AQ,53,Integrated
Integrated-RFECV (L1-LR) + KNN,X8_AR,54,Integrated
Integrated-RFECV (L1-LR) + KNN,X8_AS,55,Integrated
Integrated-RFECV (L1-LR) + KNN,X8_AT,56,Integrated
Integrated-RFECV (L1-LR) + KNN,X8_AV,57,Integrated
Integrated-RFECV (L1-LR) + KNN,X8_AW,58,Integrated
Integrated-RFECV (L1-LR) + KNN,X8_AY,59,Integrated
Integrated-RFECV (L1-LR) + KNN,X8_CA,60,Integrated
Integrated-RFECV (L1-LR) + KNN,X8_CC,61,Integrated
Integrated-RFECV (L1-LR) + KNN,X8_CD,62,Integrated
Integrated-RFECV (L1-LR) + KNN,X8_CE,63,Integrated
Integrated-RFECV (L1-LR) + KNN,X8_CF,64,Integrated
Integrated-RFECV (L1-LR) + KNN,X8_CG,65,Integrated
Integrated-RFECV (L1-LR) + KNN,X8_CH,66,Integrated
Integrated-RFECV (L1-LR) + KNN,X8_CI,67,Integrated
Integrated-RFECV (L1-LR) + KNN,X8_CK,68,Integrated
Integrated-RFECV (L1-LR) + KNN,X8_CL,69,Integrated
Integrated-RFECV (L1-LR) + KNN,X8_CM,70,Integrated
Integrated-RFECV (L1-LR) + KNN,X8_CN,71,Integrated
Integrated-RFECV (L1-LR) + KNN,X8_CP,72,Integrated
Integrated-RFECV (L1-LR) + KNN,X8_CQ,73,Integrated
Integrated-RFECV (L1-LR) + KNN,X8_CR,74,Integrated
Integrated-RFECV (L1-LR) + KNN,X8_CS,75,Integrated
Integrated-RFECV (L1-LR) + KNN,X8_CT,76,Integrated
Integrated-RFECV (L1-LR) + KNN,X8_CV,77,Integrated
Integrated-RFECV (L1-LR) + KNN,X8_CW,78,Integrated
Integrated-RFECV (L1-LR) + KNN,X8_CY,79,Integrated
Integrated-RFECV (L1-LR) + KNN,X8_DA,80,Integrated
Integrated-RFECV (L1-LR) + KNN,X8_DC,81,Integrated
Integrated-RFECV (L1-LR) + KNN,X8_DD,82,Integrated
Integrated-RFECV (L1-LR) + KNN,X8_DE,83,Integrated
Integrated-RFECV (L1-LR) + KNN,X8_DF,84,Integrated
Integrated-RFECV (L1-LR) + KNN,X8_DG,85,Integrated
Integrated-RFECV (L1-LR) + KNN,X8_DH,86,Integrated
Integrated-RFECV (L1-LR) + KNN,X8_DI,87,Integrated
Integrated-RFECV (L1-LR) + KNN,X8_DK,88,Integrated
Integrated-RFECV (L1-LR) + KNN,X8_DL,89,Integrated
Integrated-RFECV (L1-LR) + KNN,X8_DM,90,Integrated
Integrated-RFECV (L1-LR) + KNN,X8_DN,91,Integrated
Integrated-RFECV (L1-LR) + KNN,X8_DP,92,Integrated
Integrated-RFECV (L1-LR) + KNN,X8_DQ,93,Integrated
Integrated-RFECV (L1-LR) + KNN,X8_DR,94,Integrated
Integrated-RFECV (L1-LR) + KNN,X8_DS,95,Integrated
Integrated-RFECV (L1-LR) + KNN,X8_DT,96,Integrated
Integrated-RFECV (L1-LR) + KNN,X8_DV,97,Integrated
Integrated-RFECV (L1-LR) + KNN,X8_DW,98,Integrated
Integrated-RFECV (L1-LR) + KNN,X8_DY,99,Integrated
Integrated-RFECV (L1-LR) + KNN,X8_EA,100,Integrated
Integrated-RFECV (L1-LR) + KNN,X8_EC,101,Integrated
Integrated-RFECV (L1-LR) + KNN,X8_ED,102,Integrated
Integrated-RFECV (L1-LR) + KNN,X8_EE,103,Integrated
Integrated-RFECV (L1-LR) + KNN,X8_EF,104,Integrated
Integrated-RFECV (L1-LR) + KNN,X8_EG,105,Integrated
Integrated-RFECV (L1-LR) + KNN,X8_EH,106,Integrated
Integrated-RFECV (L1-LR) + KNN,X8_EI,107,Integrated
Integrated-RFECV (L1-LR) + KNN,X8_EK,108,Integrated
Integrated-RFECV (L1-LR) + KNN,X8_EL,109,Integrated
Integrated-RFECV (L1-LR) + KNN,X8_EM,110,Integrated
Integrated-RFECV (L1-LR) + KNN,X8_EN,111,Integrated
Integrated-RFECV (L1-LR) + KNN,X8_EP,112,Integrated
Integrated-RFECV (L1-LR) + KNN,X8_EQ,113,Integrated
Integrated-RFECV (L1-LR) + KNN,X8_ER,114,Integrated
Integrated-RFECV (L1-LR) + KNN,X8_ES,115,Integrated
Integrated-RFECV (L1-LR) + KNN,X8_ET,116,Integrated
Integrated-RFECV (L1-LR) + KNN,X8_EV,117,Integrated
Integrated-RFECV (L1-LR) + KNN,X8_EW,118,Integrated
Integrated-RFECV (L1-LR) + KNN,X8_EY,119,Integrated
Integrated-RFECV (L1-LR) + KNN,X8_FA,120,Integrated
Integrated-RFECV (L1-LR) + KNN,X8_FC,121,Integrated
Integrated-RFECV (L1-LR) + KNN,X8_FD,122,Integrated
Integrated-RFECV (L1-LR) + KNN,X8_FE,123,Integrated
Integrated-RFECV (L1-LR) + KNN,X8_FF,124,Integrated
Integrated-RFECV (L1-LR) + KNN,X8_FG,125,Integrated
Integrated-RFECV (L1-LR) + KNN,X8_FH,126,Integrated
Integrated-RFECV (L1-LR) + KNN,X8_FI,127,Integrated
Integrated-RFECV (L1-LR) + KNN,X8_FK,128,Integrated
Integrated-RFECV (L1-LR) + KNN,X8_FL,129,Integrated
Integrated-RFECV (L1-LR) + KNN,X8_FM,130,Integrated
Integrated-RFECV (L1-LR) + KNN,X8_FN,131,Integrated
Integrated-RFECV (L1-LR) + KNN,X8_FP,132,Integrated
Integrated-RFECV (L1-LR) + KNN,X8_FQ,133,Integrated
Integrated-RFECV (L1-LR) + KNN,X8_FR,134,Integrated
Integrated-RFECV (L1-LR) + KNN,X8_FS,135,Integrated
Integrated-RFECV (L1-LR) + KNN,X8_FT,136,Integrated
Integrated-RFECV (L1-LR) + KNN,X8_FV,137,Integrated
Integrated-RFECV (L1-LR) + KNN,X8_FW,138,Integrated
Integrated-RFECV (L1-LR) + KNN,X8_FY,139,Integrated
Integrated-RFECV (L1-LR) + KNN,X8_GA,140,Integrated
Integrated-RFECV (L1-LR) + KNN,X8_GC,141,Integrated
Integrated-RFECV (L1-LR) + KNN,X8_GD,142,Integrated
Integrated-RFECV (L1-LR) + KNN,X8_GE,143,Integrated
Integrated-RFECV (L1-LR) + KNN,X8_GF,144,Integrated
Integrated-RFECV (L1-LR) + KNN,X8_GG,145,Integrated
Integrated-RFECV (L1-LR) + KNN,X8_GH,146,Integrated
Integrated-RFECV (L1-LR) + KNN,X8_GI,147,Integrated
Integrated-RFECV (L1-LR) + KNN,X8_GK,148,Integrated
Integrated-RFECV (L1-LR) + KNN,X8_GL,149,Integrated
Integrated-RFECV (L1-LR) + KNN,X8_GM,150,Integrated
Integrated-RFECV (L1-LR) + KNN,X8_GN,151,Integrated
Integrated-RFECV (L1-LR) + KNN,X8_GP,152,Integrated
Integrated-RFECV (L1-LR) + KNN,X8_GQ,153,Integrated
Integrated-RFECV (L1-LR) + KNN,X8_GR,154,Integrated
Integrated-RFECV (L1-LR) + KNN,X8_GS,155,Integrated
Integrated-RFECV (L1-LR) + KNN,X8_GT,156,Integrated
Integrated-RFECV (L1-LR) + KNN,X8_GV,157,Integrated
Integrated-RFECV (L1-LR) + KNN,X8_GW,158,Integrated
Integrated-RFECV (L1-LR) + KNN,X8_GY,159,Integrated
Integrated-RFECV (L1-LR) + KNN,X8_HA,160,Integrated
Integrated-RFECV (L1-LR) + KNN,X8_HC,161,Integrated
Integrated-RFECV (L1-LR) + KNN,X8_HD,162,Integrated
Integrated-RFECV (L1-LR) + KNN,X8_HE,163,Integrated
Integrated-RFECV (L1-LR) + KNN,X8_HF,164,Integrated
Integrated-RFECV (L1-LR) + KNN,X8_HG,165,Integrated
Integrated-RFECV (L1-LR) + KNN,X8_HH,166,Integrated
Integrated-RFECV (L1-LR) + KNN,X8_HI,167,Integrated
Integrated-RFECV (L1-LR) + KNN,X8_HK,168,Integrated
Integrated-RFECV (L1-LR) + KNN,X8_HL,169,Integrated
Integrated-RFECV (L1-LR) + KNN,X8_HM,170,Integrated
Integrated-RFECV (L1-LR) + KNN,X8_HN,171,Integrated
Integrated-RFECV (L1-LR) + KNN,X8_HP,172,Integrated
Integrated-RFECV (L1-LR) + KNN,X8_HQ,173,Integrated
Integrated-RFECV (L1-LR) + KNN,X8_HR,174,Integrated
Integrated-RFECV (L1-LR) + KNN,X8_HS,175,Integrated
Integrated-RFECV (L1-LR) + KNN,X8_HT,176,Integrated
Integrated-RFECV (L1-LR) + KNN,X8_HV,177,Integrated
Integrated-RFECV (L1-LR) + KNN,X8_HW,178,Integrated
Integrated-RFECV (L1-LR) + KNN,X8_HY,179,Integrated
Integrated-RFECV (L1-LR) + KNN,X8_IA,180,Integrated
Integrated-RFECV (L1-LR) + KNN,X8_IC,181,Integrated
Integrated-RFECV (L1-LR) + KNN,X8_ID,182,Integrated
Integrated-RFECV (L1-LR) + KNN,X8_IE,183,Integrated
Integrated-RFECV (L1-LR) + KNN,X8_IF,184,Integrated
Integrated-RFECV (L1-LR) + KNN,X8_IG,185,Integrated
Integrated-RFECV (L1-LR) + KNN,X8_IH,186,Integrated
Integrated-RFECV (L1-LR) + KNN,X8_II,187,Integrated
Integrated-RFECV (L1-LR) + KNN,X8_IK,188,Integrated
Integrated-RFECV (L1-LR) + KNN,X8_IL,189,Integrated
Integrated-RFECV (L1-LR) + KNN,X8_IM,190,Integrated
Integrated-RFECV (L1-LR) + KNN,X8_IN,191,Integrated
Integrated-RFECV (L1-LR) + KNN,X8_IP,192,Integrated
Integrated-RFECV (L1-LR) + KNN,X8_IQ,193,Integrated
Integrated-RFECV (L1-LR) + KNN,X8_IR,194,Integrated
Integrated-RFECV (L1-LR) + KNN,X8_IS,195,Integrated
Integrated-RFECV (L1-LR) + KNN,X8_IT,196,Integrated
Integrated-RFECV (L1-LR) + KNN,X8_IV,197,Integrated
Integrated-RFECV (L1-LR) + KNN,X8_IW,198,Integrated
Integrated-RFECV (L1-LR) + KNN,X8_IY,199,Integrated
Integrated-RFECV (L1-LR) + KNN,X8_KA,200,Integrated
Integrated-RFECV (L1-LR) + KNN,X8_KC,201,Integrated
Integrated-RFECV (L1-LR) + KNN,X8_KD,202,Integrated
Integrated-RFECV (L1-LR) + KNN,X8_KE,203,Integrated
Integrated-RFECV (L1-LR) + KNN,X8_KF,204,Integrated
Integrated-RFECV (L1-LR) + KNN,X8_KG,205,Integrated
Integrated-RFECV (L1-LR) + KNN,X8_KH,206,Integrated
Integrated-RFECV (L1-LR) + KNN,X8_KI,207,Integrated
Integrated-RFECV (L1-LR) + KNN,X8_KK,208,Integrated
Integrated-RFECV (L1-LR) + KNN,X8_KL,209,Integrated
Integrated-RFECV (L1-LR) + KNN,X8_KM,210,Integrated
Integrated-RFECV (L1-LR) + KNN,X8_KN,211,Integrated
Integrated-RFECV (L1-LR) + KNN,X8_KP,212,Integrated
Integrated-RFECV (L1-LR) + KNN,X8_KQ,213,Integrated
Integrated-RFECV (L1-LR) + KNN,X8_KR,214,Integrated
Integrated-RFECV (L1-LR) + KNN,X8_KS,215,Integrated
Integrated-RFECV (L1-LR) + KNN,X8_KT,216,Integrated
Integrated-RFECV (L1-LR) + KNN,X8_KV,217,Integrated
Integrated-RFECV (L1-LR) + KNN,X8_KW,218,Integrated
Integrated-RFECV (L1-LR) + KNN,X8_KY,219,Integrated
Integrated-RFECV (L1-LR) + KNN,X8_LA,220,Integrated
Integrated-RFECV (L1-LR) + KNN,X8_LC,221,Integrated
Integrated-RFECV (L1-LR) + KNN,X8_LD,222,Integrated
Integrated-RFECV (L1-LR) + KNN,X8_LE,223,Integrated
Integrated-RFECV (L1-LR) + KNN,X8_LF,224,Integrated
Integrated-RFECV (L1-LR) + KNN,X8_LG,225,Integrated
Integrated-RFECV (L1-LR) + KNN,X8_LH,226,Integrated
Integrated-RFECV (L1-LR) + KNN,X8_LI,227,Integrated
Integrated-RFECV (L1-LR) + KNN,X8_LK,228,Integrated
Integrated-RFECV (L1-LR) + KNN,X8_LL,229,Integrated
Integrated-RFECV (L1-LR) + KNN,X8_LM,230,Integrated
Integrated-RFECV (L1-LR) + KNN,X8_LN,231,Integrated
Integrated-RFECV (L1-LR) + KNN,X8_LP,232,Integrated
Integrated-RFECV (L1-LR) + KNN,X8_LQ,233,Integrated
Integrated-RFECV (L1-LR) + KNN,X8_LR,234,Integrated
Integrated-RFECV (L1-LR) + KNN,X8_LS,235,Integrated
Integrated-RFECV (L1-LR) + KNN,X8_LT,236,Integrated
Integrated-RFECV (L1-LR) + KNN,X8_LV,237,Integrated
Integrated-RFECV (L1-LR) + KNN,X8_LW,238,Integrated
Integrated-RFECV (L1-LR) + KNN,X8_LY,239,Integrated
Integrated-RFECV (L1-LR) + KNN,X8_MA,240,Integrated
Integrated-RFECV (L1-LR) + KNN,X8_MC,241,Integrated
Integrated-RFECV (L1-LR) + KNN,X8_MD,242,Integrated
Integrated-RFECV (L1-LR) + KNN,X8_ME,243,Integrated
Integrated-RFECV (L1-LR) + KNN,X8_MF,244,Integrated
Integrated-RFECV (L1-LR) + KNN,X8_MG,245,Integrated
Integrated-RFECV (L1-LR) + KNN,X8_MH,246,Integrated
Integrated-RFECV (L1-LR) + KNN,X8_MI,247,Integrated
Integrated-RFECV (L1-LR) + KNN,X8_MK,248,Integrated
Integrated-RFECV (L1-LR) + KNN,X8_ML,249,Integrated
Integrated-RFECV (L1-LR) + KNN,X8_MM,250,Integrated
Integrated-RFECV (L1-LR) + KNN,X8_MN,251,Integrated
Integrated-RFECV (L1-LR) + KNN,X8_MP,252,Integrated
Integrated-RFECV (L1-LR) + KNN,X8_MQ,253,Integrated
Integrated-RFECV (L1-LR) + KNN,X8_MR,254,Integrated
Integrated-RFECV (L1-LR) + KNN,X8_MS,255,Integrated
Integrated-RFECV (L1-LR) + KNN,X8_MT,256,Integrated
Integrated-RFECV (L1-LR) + KNN,X8_MV,257,Integrated
Integrated-RFECV (L1-LR) + KNN,X8_MW,258,Integrated
Integrated-RFECV (L1-LR) + KNN,X8_MY,259,Integrated
Integrated-RFECV (L1-LR) + KNN,X8_NA,260,Integrated
Integrated-RFECV (L1-LR) + KNN,X8_NC,261,Integrated
Integrated-RFECV (L1-LR) + KNN,X8_ND,262,Integrated
Integrated-RFECV (L1-LR) + KNN,X8_NE,263,Integrated
Integrated-RFECV (L1-LR) + KNN,X8_NF,264,Integrated
Integrated-RFECV (L1-LR) + KNN,X8_NG,265,Integrated
Integrated-RFECV (L1-LR) + KNN,X8_NH,266,Integrated
Integrated-RFECV (L1-LR) + KNN,X8_NI,267,Integrated
Integrated-RFECV (L1-LR) + KNN,X8_NK,268,Integrated
Integrated-RFECV (L1-LR) + KNN,X8_NL,269,Integrated
Integrated-RFECV (L1-LR) + KNN,X8_NM,270,Integrated
Integrated-RFECV (L1-LR) + KNN,X8_NN,271,Integrated
Integrated-RFECV (L1-LR) + KNN,X8_NP,272,Integrated
Integrated-RFECV (L1-LR) + KNN,X8_NQ,273,Integrated
Integrated-RFECV (L1-LR) + KNN,X8_NR,274,Integrated
Integrated-RFECV (L1-LR) + KNN,X8_NS,275,Integrated
Integrated-RFECV (L1-LR) + KNN,X8_NT,276,Integrated
Integrated-RFECV (L1-LR) + KNN,X8_NV,277,Integrated
Integrated-RFECV (L1-LR) + KNN,X8_NW,278,Integrated
Integrated-RFECV (L1-LR) + KNN,X8_NY,279,Integrated
Integrated-RFECV (L1-LR) + KNN,X8_PA,280,Integrated
Integrated-RFECV (L1-LR) + KNN,X8_PC,281,Integrated
Integrated-RFECV (L1-LR) + KNN,X8_PD,282,Integrated
Integrated-RFECV (L1-LR) + KNN,X8_PE,283,Integrated
Integrated-RFECV (L1-LR) + KNN,X8_PF,284,Integrated
Integrated-RFECV (L1-LR) + KNN,X8_PG,285,Integrated
Integrated-RFECV (L1-LR) + KNN,X8_PH,286,Integrated
Integrated-RFECV (L1-LR) + KNN,X8_PI,287,Integrated
Integrated-RFECV (L1-LR) + KNN,X8_PK,288,Integrated
Integrated-RFECV (L1-LR) + KNN,X8_PL,289,Integrated
Integrated-RFECV (L1-LR) + KNN,X8_PM,290,Integrated
Integrated-RFECV (L1-LR) + KNN,X8_PN,291,Integrated
Integrated-RFECV (L1-LR) + KNN,X8_PP,292,Integrated
Integrated-RFECV (L1-LR) + KNN,X8_PQ,293,Integrated
Integrated-RFECV (L1-LR) + KNN,X8_PR,294,Integrated
Integrated-RFECV (L1-LR) + KNN,X8_PS,295,Integrated
Integrated-RFECV (L1-LR) + KNN,X8_PT,296,Integrated
Integrated-RFECV (L1-LR) + KNN,X8_PV,297,Integrated
Integrated-RFECV (L1-LR) + KNN,X8_PW,298,Integrated
Integrated-RFECV (L1-LR) + KNN,X8_PY,299,Integrated
Integrated-RFECV (L1-LR) + KNN,X8_QA,300,Integrated
Integrated-RFECV (L1-LR) + KNN,X8_QC,301,Integrated
Integrated-RFECV (L1-LR) + KNN,X8_QD,302,Integrated
Integrated-RFECV (L1-LR) + KNN,X8_QE,303,Integrated
Integrated-RFECV (L1-LR) + KNN,X8_QF,304,Integrated
Integrated-RFECV (L1-LR) + KNN,X8_QG,305,Integrated
Integrated-RFECV (L1-LR) + KNN,X8_QH,306,Integrated
Integrated-RFECV (L1-LR) + KNN,X8_QI,307,Integrated
Integrated-RFECV (L1-LR) + KNN,X8_QK,308,Integrated
Integrated-RFECV (L1-LR) + KNN,X8_QL,309,Integrated
Integrated-RFECV (L1-LR) + KNN,X8_QM,310,Integrated
Integrated-RFECV (L1-LR) + KNN,X8_QN,311,Integrated
Integrated-RFECV (L1-LR) + KNN,X8_QP,312,Integrated
Integrated-RFECV (L1-LR) + KNN,X8_QQ,313,Integrated
Integrated-RFECV (L1-LR) + KNN,X8_QR,314,Integrated
Integrated-RFECV (L1-LR) + KNN,X8_QS,315,Integrated
Integrated-RFECV (L1-LR) + KNN,X8_QT,316,Integrated
Integrated-RFECV (L1-LR) + KNN,X8_QV,317,Integrated
Integrated-RFECV (L1-LR) + KNN,X8_QW,318,Integrated
Integrated-RFECV (L1-LR) + KNN,X8_QY,319,Integrated
Integrated-RFECV (L1-LR) + KNN,X8_RA,320,Integrated
Integrated-RFECV (L1-LR) + KNN,X8_RC,321,Integrated
Integrated-RFECV (L1-LR) + KNN,X8_RD,322,Integrated
Integrated-RFECV (L1-LR) + KNN,X8_RE,323,Integrated
Integrated-RFECV (L1-LR) + KNN,X8_RF,324,Integrated
Integrated-RFECV (L1-LR) + KNN,X8_RG,325,Integrated
Integrated-RFECV (L1-LR) + KNN,X8_RH,326,Integrated
Integrated-RFECV (L1-LR) + KNN,X8_RI,327,Integrated
Integrated-RFECV (L1-LR) + KNN,X8_RK,328,Integrated
Integrated-RFECV (L1-LR) + KNN,X8_RL,329,Integrated
Integrated-RFECV (L1-LR) + KNN,X8_RM,330,Integrated
Integrated-RFECV (L1-LR) + KNN,X8_RN,331,Integrated
Integrated-RFECV (L1-LR) + KNN,X8_RP,332,Integrated
Integrated-RFECV (L1-LR) + KNN,X8_RQ,333,Integrated
Integrated-RFECV (L1-LR) + KNN,X8_RR,334,Integrated
Integrated-RFECV (L1-LR) + KNN,X8_RS,335,Integrated
Integrated-RFECV (L1-LR) + KNN,X8_RT,336,Integrated
Integrated-RFECV (L1-LR) + KNN,X8_RV,337,Integrated
Integrated-RFECV (L1-LR) + KNN,X8_RW,338,Integrated
Integrated-RFECV (L1-LR) + KNN,X8_RY,339,Integrated
Integrated-RFECV (L1-LR) + KNN,X8_SA,340,Integrated
Integrated-RFECV (L1-LR) + KNN,X8_SC,341,Integrated
Integrated-RFECV (L1-LR) + KNN,X8_SD,342,Integrated
Integrated-RFECV (L1-LR) + KNN,X8_SE,343,Integrated
Integrated-RFECV (L1-LR) + KNN,X8_SF,344,Integrated
Integrated-RFECV (L1-LR) + KNN,X8_SG,345,Integrated
Integrated-RFECV (L1-LR) + KNN,X8_SH,346,Integrated
Integrated-RFECV (L1-LR) + KNN,X8_SI,347,Integrated
Integrated-RFECV (L1-LR) + KNN,X8_SK,348,Integrated
Integrated-RFECV (L1-LR) + KNN,X8_SL,349,Integrated
Integrated-RFECV (L1-LR) + KNN,X8_SM,350,Integrated
Integrated-RFECV (L1-LR) + KNN,X8_SN,351,Integrated
Integrated-RFECV (L1-LR) + KNN,X8_SP,352,Integrated
Integrated-RFECV (L1-LR) + KNN,X8_SQ,353,Integrated
Integrated-RFECV (L1-LR) + KNN,X8_SR,354,Integrated
Integrated-RFECV (L1-LR) + KNN,X8_SS,355,Integrated
Integrated-RFECV (L1-LR) + KNN,X8_ST,356,Integrated
Integrated-RFECV (L1-LR) + KNN,X8_SV,357,Integrated
Integrated-RFECV (L1-LR) + KNN,X8_SW,358,Integrated
Integrated-RFECV (L1-LR) + KNN,X8_SY,359,Integrated
Integrated-RFECV (L1-LR) + KNN,X8_TA,360,Integrated
Integrated-RFECV (L1-LR) + KNN,X8_TC,361,Integrated
Integrated-RFECV (L1-LR) + KNN,X8_TD,362,Integrated
Integrated-RFECV (L1-LR) + KNN,X8_TE,363,Integrated
Integrated-RFECV (L1-LR) + KNN,X8_TF,364,Integrated
Integrated-RFECV (L1-LR) + KNN,X8_TG,365,Integrated
Integrated-RFECV (L1-LR) + KNN,X8_TH,366,Integrated
Integrated-RFECV (L1-LR) + KNN,X8_TI,367,Integrated
Integrated-RFECV (L1-LR) + KNN,X8_TK,368,Integrated
Integrated-RFECV (L1-LR) + KNN,X8_TL,369,Integrated
Integrated-RFECV (L1-LR) + KNN,X8_TM,370,Integrated
Integrated-RFECV (L1-LR) + KNN,X8_TN,371,Integrated
Integrated-RFECV (L1-LR) + KNN,X8_TP,372,Integrated
Integrated-RFECV (L1-LR) + KNN,X8_TQ,373,Integrated
Integrated-RFECV (L1-LR) + KNN,X8_TR,374,Integrated
Integrated-RFECV (L1-LR) + KNN,X8_TS,375,Integrated
Integrated-RFECV (L1-LR) + KNN,X8_TT,376,Integrated
Integrated-RFECV (L1-LR) + KNN,X8_TV,377,Integrated
Integrated-RFECV (L1-LR) + KNN,X8_TW,378,Integrated
Integrated-RFECV (L1-LR) + KNN,X8_TY,379,Integrated
Integrated-RFECV (L1-LR) + KNN,X8_VA,380,Integrated
Integrated-RFECV (L1-LR) + KNN,X8_VC,381,Integrated
Integrated-RFECV (L1-LR) + KNN,X8_VD,382,Integrated
Integrated-RFECV (L1-LR) + KNN,X8_VF,383,Integrated
Integrated-RFECV (L1-LR) + KNN,X8_VG,384,Integrated
Integrated-RFECV (L1-LR) + KNN,X8_VH,385,Integrated
Integrated-RFECV (L1-LR) + KNN,X8_VI,386,Integrated
Integrated-RFECV (L1-LR) + KNN,X8_VK,387,Integrated
Integrated-RFECV (L1-LR) + KNN,X8_VL,388,Integrated
Integrated-RFECV (L1-LR) + KNN,X8_VM,389,Integrated
Integrated-RFECV (L1-LR) + KNN,X8_VN,390,Integrated
Integrated-RFECV (L1-LR) + KNN,X8_VP,391,Integrated
Integrated-RFECV (L1-LR) + KNN,X8_VQ,392,Integrated
Integrated-RFECV (L1-LR) + KNN,X8_VR,393,Integrated
Integrated-RFECV (L1-LR) + KNN,X8_VS,394,Integrated
Integrated-RFECV (L1-LR) + KNN,X8_VT,395,Integrated
Integrated-RFECV (L1-LR) + KNN,X8_VW,396,Integrated
Integrated-RFECV (L1-LR) + KNN,X8_VY,397,Integrated
Integrated-RFECV (L1-LR) + KNN,X8_WA,398,Integrated
Integrated-RFECV (L1-LR) + KNN,X8_WC,399,Integrated
Integrated-RFECV (L1-LR) + KNN,X8_WD,400,Integrated
Integrated-RFECV (L1-LR) + KNN,X8_WE,401,Integrated
Integrated-RFECV (L1-LR) + KNN,X8_WF,402,Integrated
Integrated-RFECV (L1-LR) + KNN,X8_WG,403,Integrated
Integrated-RFECV (L1-LR) + KNN,X8_WH,404,Integrated
Integrated-RFECV (L1-LR) + KNN,X8_WI,405,Integrated
Integrated-RFECV (L1-LR) + KNN,X8_WK,406,Integrated
Integrated-RFECV (L1-LR) + KNN,X8_WL,407,Integrated
Integrated-RFECV (L1-LR) + KNN,X8_WM,408,Integrated
Integrated-RFECV (L1-LR) + KNN,X8_WN,409,Integrated
Integrated-RFECV (L1-LR) + KNN,X8_WP,410,Integrated
Integrated-RFECV (L1-LR) + KNN,X8_WQ,411,Integrated
Integrated-RFECV (L1-LR) + KNN,X8_WR,412,Integrated
Integrated-RFECV (L1-LR) + KNN,X8_WS,413,Integrated
Integrated-RFECV (L1-LR) + KNN,X8_WT,414,Integrated
Integrated-RFECV (L1-LR) + KNN,X8_WV,415,Integrated
Integrated-RFECV (L1-LR) + KNN,X8_WW,416,Integrated
Integrated-RFECV (L1-LR) + KNN,X8_WY,417,Integrated
Integrated-RFECV (L1-LR) + KNN,X8_YA,418,Integrated
Integrated-RFECV (L1-LR) + KNN,X8_YC,419,Integrated
Integrated-RFECV (L1-LR) + KNN,X8_YD,420,Integrated
Integrated-RFECV (L1-LR) + KNN,X8_YE,421,Integrated
Integrated-RFECV (L1-LR) + KNN,X8_YF,422,Integrated
Integrated-RFECV (L1-LR) + KNN,X8_YG,423,Integrated
Integrated-RFECV (L1-LR) + KNN,X8_YH,424,Integrated
Integrated-RFECV (L1-LR) + KNN,X8_YI,425,Integrated
Integrated-RFECV (L1-LR) + KNN,X8_YK,426,Integrated
Integrated-RFECV (L1-LR) + KNN,X8_YL,427,Integrated
Integrated-RFECV (L1-LR) + KNN,X8_YM,428,Integrated
Integrated-RFECV (L1-LR) + KNN,X8_YN,429,Integrated
Integrated-RFECV (L1-LR) + KNN,X8_YP,430,Integrated
Integrated-RFECV (L1-LR) + KNN,X8_YQ,431,Integrated
Integrated-RFECV (L1-LR) + KNN,X8_YR,432,Integrated
Integrated-RFECV (L1-LR) + KNN,X8_YS,433,Integrated
Integrated-RFECV (L1-LR) + KNN,X8_YT,434,Integrated
Integrated-RFECV (L1-LR) + KNN,X8_YV,435,Integrated
Integrated-RFECV (L1-LR) + KNN,X8_YW,436,Integrated
Integrated-RFECV (L1-LR) + KNN,X8_YY,437,Integrated
Integrated-RFECV (L1-LR) + KNN,acidic_group,438,Integrated
Integrated-RFECV (L1-LR) + KNN,aliphatic_group,439,Integrated
Integrated-RFECV (L1-LR) + KNN,aromatic_group,440,Integrated
Integrated-RFECV (L1-LR) + KNN,basic_group,441,Integrated
Integrated-RFECV (L1-LR) + KNN,boman,442,Integrated
Integrated-RFECV (L1-LR) + KNN,charge,443,Integrated
Integrated-RFECV (L1-LR) + KNN,charged_group,444,Integrated
Integrated-RFECV (L1-LR) + KNN,cruciani_prp1,445,Integrated
Integrated-RFECV (L1-LR) + KNN,cruciani_prp2,446,Integrated
Integrated-RFECV (L1-LR) + KNN,cruciani_prp3,447,Integrated
Integrated-RFECV (L1-LR) + KNN,hydrophobic_kyte-doolittle,448,Integrated
Integrated-RFECV (L1-LR) + KNN,hydrophobic_moment,449,Integrated
Integrated-RFECV (L1-LR) + KNN,instability_index,450,Integrated
Integrated-RFECV (L1-LR) + KNN,isoelectric_point,451,Integrated
Integrated-RFECV (L1-LR) + KNN,non-polar_group,452,Integrated
Integrated-RFECV (L1-LR) + KNN,peptide_len,453,Integrated
Integrated-RFECV (L1-LR) + KNN,polar_group,454,Integrated
Integrated-RFECV (L1-LR) + KNN,small_group,455,Integrated
Integrated-RFECV (L1-LR) + KNN,tiny_group,456,Integrated
Integrated-RFECV (L1-LR) + Naive Bayes,X4_A,1,Integrated
Integrated-RFECV (L1-LR) + Naive Bayes,X4_C,2,Integrated
Integrated-RFECV (L1-LR) + Naive Bayes,X4_D,3,Integrated
Integrated-RFECV (L1-LR) + Naive Bayes,X4_E,4,Integrated
Integrated-RFECV (L1-LR) + Naive Bayes,X4_F,5,Integrated
Integrated-RFECV (L1-LR) + Naive Bayes,X4_G,6,Integrated
Integrated-RFECV (L1-LR) + Naive Bayes,X4_H,7,Integrated
Integrated-RFECV (L1-LR) + Naive Bayes,X4_I,8,Integrated
Integrated-RFECV (L1-LR) + Naive Bayes,X4_K,9,Integrated
Integrated-RFECV (L1-LR) + Naive Bayes,X4_L,10,Integrated
Integrated-RFECV (L1-LR) + Naive Bayes,X4_M,11,Integrated
Integrated-RFECV (L1-LR) + Naive Bayes,X4_N,12,Integrated
Integrated-RFECV (L1-LR) + Naive Bayes,X4_P,13,Integrated
Integrated-RFECV (L1-LR) + Naive Bayes,X4_Q,14,Integrated
Integrated-RFECV (L1-LR) + Naive Bayes,X4_R,15,Integrated
Integrated-RFECV (L1-LR) + Naive Bayes,X4_S,16,Integrated
Integrated-RFECV (L1-LR) + Naive Bayes,X4_T,17,Integrated
Integrated-RFECV (L1-LR) + Naive Bayes,X4_V,18,Integrated
Integrated-RFECV (L1-LR) + Naive Bayes,X4_W,19,Integrated
Integrated-RFECV (L1-LR) + Naive Bayes,X4_Y,20,Integrated
Integrated-RFECV (L1-LR) + Naive Bayes,X5_A,21,Integrated
Integrated-RFECV (L1-LR) + Naive Bayes,X5_C,22,Integrated
Integrated-RFECV (L1-LR) + Naive Bayes,X5_D,23,Integrated
Integrated-RFECV (L1-LR) + Naive Bayes,X5_E,24,Integrated
Integrated-RFECV (L1-LR) + Naive Bayes,X5_F,25,Integrated
Integrated-RFECV (L1-LR) + Naive Bayes,X5_G,26,Integrated
Integrated-RFECV (L1-LR) + Naive Bayes,X5_H,27,Integrated
Integrated-RFECV (L1-LR) + Naive Bayes,X5_I,28,Integrated
Integrated-RFECV (L1-LR) + Naive Bayes,X5_K,29,Integrated
Integrated-RFECV (L1-LR) + Naive Bayes,X5_L,30,Integrated
Integrated-RFECV (L1-LR) + Naive Bayes,X5_M,31,Integrated
Integrated-RFECV (L1-LR) + Naive Bayes,X5_N,32,Integrated
Integrated-RFECV (L1-LR) + Naive Bayes,X5_P,33,Integrated
Integrated-RFECV (L1-LR) + Naive Bayes,X5_Q,34,Integrated
Integrated-RFECV (L1-LR) + Naive Bayes,X5_R,35,Integrated
Integrated-RFECV (L1-LR) + Naive Bayes,X5_S,36,Integrated
Integrated-RFECV (L1-LR) + Naive Bayes,X5_T,37,Integrated
Integrated-RFECV (L1-LR) + Naive Bayes,X5_V,38,Integrated
Integrated-RFECV (L1-LR) + Naive Bayes,X5_W,39,Integrated
Integrated-RFECV (L1-LR) + Naive Bayes,X5_Y,40,Integrated
Integrated-RFECV (L1-LR) + Naive Bayes,X8_AA,41,Integrated
Integrated-RFECV (L1-LR) + Naive Bayes,X8_AC,42,Integrated
Integrated-RFECV (L1-LR) + Naive Bayes,X8_AD,43,Integrated
Integrated-RFECV (L1-LR) + Naive Bayes,X8_AE,44,Integrated
Integrated-RFECV (L1-LR) + Naive Bayes,X8_AF,45,Integrated
Integrated-RFECV (L1-LR) + Naive Bayes,X8_AG,46,Integrated
Integrated-RFECV (L1-LR) + Naive Bayes,X8_AH,47,Integrated
Integrated-RFECV (L1-LR) + Naive Bayes,X8_AK,48,Integrated
Integrated-RFECV (L1-LR) + Naive Bayes,X8_AL,49,Integrated
Integrated-RFECV (L1-LR) + Naive Bayes,X8_AM,50,Integrated
Integrated-RFECV (L1-LR) + Naive Bayes,X8_AN,51,Integrated
Integrated-RFECV (L1-LR) + Naive Bayes,X8_AP,52,Integrated
Integrated-RFECV (L1-LR) + Naive Bayes,X8_AQ,53,Integrated
Integrated-RFECV (L1-LR) + Naive Bayes,X8_AR,54,Integrated
Integrated-RFECV (L1-LR) + Naive Bayes,X8_AS,55,Integrated
Integrated-RFECV (L1-LR) + Naive Bayes,X8_AT,56,Integrated
Integrated-RFECV (L1-LR) + Naive Bayes,X8_AV,57,Integrated
Integrated-RFECV (L1-LR) + Naive Bayes,X8_AW,58,Integrated
Integrated-RFECV (L1-LR) + Naive Bayes,X8_AY,59,Integrated
Integrated-RFECV (L1-LR) + Naive Bayes,X8_CA,60,Integrated
Integrated-RFECV (L1-LR) + Naive Bayes,X8_CC,61,Integrated
Integrated-RFECV (L1-LR) + Naive Bayes,X8_CD,62,Integrated
Integrated-RFECV (L1-LR) + Naive Bayes,X8_CE,63,Integrated
Integrated-RFECV (L1-LR) + Naive Bayes,X8_CF,64,Integrated
Integrated-RFECV (L1-LR) + Naive Bayes,X8_CG,65,Integrated
Integrated-RFECV (L1-LR) + Naive Bayes,X8_CH,66,Integrated
Integrated-RFECV (L1-LR) + Naive Bayes,X8_CI,67,Integrated
Integrated-RFECV (L1-LR) + Naive Bayes,X8_CK,68,Integrated
Integrated-RFECV (L1-LR) + Naive Bayes,X8_CL,69,Integrated
Integrated-RFECV (L1-LR) + Naive Bayes,X8_CM,70,Integrated
Integrated-RFECV (L1-LR) + Naive Bayes,X8_CN,71,Integrated
Integrated-RFECV (L1-LR) + Naive Bayes,X8_CP,72,Integrated
Integrated-RFECV (L1-LR) + Naive Bayes,X8_CQ,73,Integrated
Integrated-RFECV (L1-LR) + Naive Bayes,X8_CR,74,Integrated
Integrated-RFECV (L1-LR) + Naive Bayes,X8_CS,75,Integrated
Integrated-RFECV (L1-LR) + Naive Bayes,X8_CT,76,Integrated
Integrated-RFECV (L1-LR) + Naive Bayes,X8_CV,77,Integrated
Integrated-RFECV (L1-LR) + Naive Bayes,X8_CW,78,Integrated
Integrated-RFECV (L1-LR) + Naive Bayes,X8_CY,79,Integrated
Integrated-RFECV (L1-LR) + Naive Bayes,X8_DA,80,Integrated
Integrated-RFECV (L1-LR) + Naive Bayes,X8_DC,81,Integrated
Integrated-RFECV (L1-LR) + Naive Bayes,X8_DD,82,Integrated
Integrated-RFECV (L1-LR) + Naive Bayes,X8_DE,83,Integrated
Integrated-RFECV (L1-LR) + Naive Bayes,X8_DF,84,Integrated
Integrated-RFECV (L1-LR) + Naive Bayes,X8_DG,85,Integrated
Integrated-RFECV (L1-LR) + Naive Bayes,X8_DH,86,Integrated
Integrated-RFECV (L1-LR) + Naive Bayes,X8_DI,87,Integrated
Integrated-RFECV (L1-LR) + Naive Bayes,X8_DK,88,Integrated
Integrated-RFECV (L1-LR) + Naive Bayes,X8_DL,89,Integrated
Integrated-RFECV (L1-LR) + Naive Bayes,X8_DM,90,Integrated
Integrated-RFECV (L1-LR) + Naive Bayes,X8_DN,91,Integrated
Integrated-RFECV (L1-LR) + Naive Bayes,X8_DP,92,Integrated
Integrated-RFECV (L1-LR) + Naive Bayes,X8_DQ,93,Integrated
Integrated-RFECV (L1-LR) + Naive Bayes,X8_DR,94,Integrated
Integrated-RFECV (L1-LR) + Naive Bayes,X8_DS,95,Integrated
Integrated-RFECV (L1-LR) + Naive Bayes,X8_DT,96,Integrated
Integrated-RFECV (L1-LR) + Naive Bayes,X8_DV,97,Integrated
Integrated-RFECV (L1-LR) + Naive Bayes,X8_DW,98,Integrated
Integrated-RFECV (L1-LR) + Naive Bayes,X8_DY,99,Integrated
Integrated-RFECV (L1-LR) + Naive Bayes,X8_EA,100,Integrated
Integrated-RFECV (L1-LR) + Naive Bayes,X8_EC,101,Integrated
Integrated-RFECV (L1-LR) + Naive Bayes,X8_ED,102,Integrated
Integrated-RFECV (L1-LR) + Naive Bayes,X8_EE,103,Integrated
Integrated-RFECV (L1-LR) + Naive Bayes,X8_EF,104,Integrated
Integrated-RFECV (L1-LR) + Naive Bayes,X8_EG,105,Integrated
Integrated-RFECV (L1-LR) + Naive Bayes,X8_EH,106,Integrated
Integrated-RFECV (L1-LR) + Naive Bayes,X8_EI,107,Integrated
Integrated-RFECV (L1-LR) + Naive Bayes,X8_EK,108,Integrated
Integrated-RFECV (L1-LR) + Naive Bayes,X8_EL,109,Integrated
Integrated-RFECV (L1-LR) + Naive Bayes,X8_EM,110,Integrated
Integrated-RFECV (L1-LR) + Naive Bayes,X8_EN,111,Integrated
Integrated-RFECV (L1-LR) + Naive Bayes,X8_EP,112,Integrated
Integrated-RFECV (L1-LR) + Naive Bayes,X8_EQ,113,Integrated
Integrated-RFECV (L1-LR) + Naive Bayes,X8_ER,114,Integrated
Integrated-RFECV (L1-LR) + Naive Bayes,X8_ES,115,Integrated
Integrated-RFECV (L1-LR) + Naive Bayes,X8_ET,116,Integrated
Integrated-RFECV (L1-LR) + Naive Bayes,X8_EV,117,Integrated
Integrated-RFECV (L1-LR) + Naive Bayes,X8_EW,118,Integrated
Integrated-RFECV (L1-LR) + Naive Bayes,X8_EY,119,Integrated
Integrated-RFECV (L1-LR) + Naive Bayes,X8_FA,120,Integrated
Integrated-RFECV (L1-LR) + Naive Bayes,X8_FC,121,Integrated
Integrated-RFECV (L1-LR) + Naive Bayes,X8_FD,122,Integrated
Integrated-RFECV (L1-LR) + Naive Bayes,X8_FE,123,Integrated
Integrated-RFECV (L1-LR) + Naive Bayes,X8_FF,124,Integrated
Integrated-RFECV (L1-LR) + Naive Bayes,X8_FG,125,Integrated
Integrated-RFECV (L1-LR) + Naive Bayes,X8_FH,126,Integrated
Integrated-RFECV (L1-LR) + Naive Bayes,X8_FI,127,Integrated
Integrated-RFECV (L1-LR) + Naive Bayes,X8_FK,128,Integrated
Integrated-RFECV (L1-LR) + Naive Bayes,X8_FL,129,Integrated
Integrated-RFECV (L1-LR) + Naive Bayes,X8_FM,130,Integrated
Integrated-RFECV (L1-LR) + Naive Bayes,X8_FN,131,Integrated
Integrated-RFECV (L1-LR) + Naive Bayes,X8_FP,132,Integrated
Integrated-RFECV (L1-LR) + Naive Bayes,X8_FQ,133,Integrated
Integrated-RFECV (L1-LR) + Naive Bayes,X8_FR,134,Integrated
Integrated-RFECV (L1-LR) + Naive Bayes,X8_FS,135,Integrated
Integrated-RFECV (L1-LR) + Naive Bayes,X8_FT,136,Integrated
Integrated-RFECV (L1-LR) + Naive Bayes,X8_FV,137,Integrated
Integrated-RFECV (L1-LR) + Naive Bayes,X8_FW,138,Integrated
Integrated-RFECV (L1-LR) + Naive Bayes,X8_FY,139,Integrated
Integrated-RFECV (L1-LR) + Naive Bayes,X8_GA,140,Integrated
Integrated-RFECV (L1-LR) + Naive Bayes,X8_GC,141,Integrated
Integrated-RFECV (L1-LR) + Naive Bayes,X8_GD,142,Integrated
Integrated-RFECV (L1-LR) + Naive Bayes,X8_GE,143,Integrated
Integrated-RFECV (L1-LR) + Naive Bayes,X8_GF,144,Integrated
Integrated-RFECV (L1-LR) + Naive Bayes,X8_GG,145,Integrated
Integrated-RFECV (L1-LR) + Naive Bayes,X8_GH,146,Integrated
Integrated-RFECV (L1-LR) + Naive Bayes,X8_GI,147,Integrated
Integrated-RFECV (L1-LR) + Naive Bayes,X8_GK,148,Integrated
Integrated-RFECV (L1-LR) + Naive Bayes,X8_GL,149,Integrated
Integrated-RFECV (L1-LR) + Naive Bayes,X8_GM,150,Integrated
Integrated-RFECV (L1-LR) + Naive Bayes,X8_GN,151,Integrated
Integrated-RFECV (L1-LR) + Naive Bayes,X8_GP,152,Integrated
Integrated-RFECV (L1-LR) + Naive Bayes,X8_GQ,153,Integrated
Integrated-RFECV (L1-LR) + Naive Bayes,X8_GR,154,Integrated
Integrated-RFECV (L1-LR) + Naive Bayes,X8_GS,155,Integrated
Integrated-RFECV (L1-LR) + Naive Bayes,X8_GT,156,Integrated
Integrated-RFECV (L1-LR) + Naive Bayes,X8_GV,157,Integrated
Integrated-RFECV (L1-LR) + Naive Bayes,X8_GW,158,Integrated
Integrated-RFECV (L1-LR) + Naive Bayes,X8_GY,159,Integrated
Integrated-RFECV (L1-LR) + Naive Bayes,X8_HA,160,Integrated
Integrated-RFECV (L1-LR) + Naive Bayes,X8_HC,161,Integrated
Integrated-RFECV (L1-LR) + Naive Bayes,X8_HD,162,Integrated
Integrated-RFECV (L1-LR) + Naive Bayes,X8_HE,163,Integrated
Integrated-RFECV (L1-LR) + Naive Bayes,X8_HF,164,Integrated
Integrated-RFECV (L1-LR) + Naive Bayes,X8_HG,165,Integrated
Integrated-RFECV (L1-LR) + Naive Bayes,X8_HH,166,Integrated
Integrated-RFECV (L1-LR) + Naive Bayes,X8_HI,167,Integrated
Integrated-RFECV (L1-LR) + Naive Bayes,X8_HK,168,Integrated
Integrated-RFECV (L1-LR) + Naive Bayes,X8_HL,169,Integrated
Integrated-RFECV (L1-LR) + Naive Bayes,X8_HM,170,Integrated
Integrated-RFECV (L1-LR) + Naive Bayes,X8_HN,171,Integrated
Integrated-RFECV (L1-LR) + Naive Bayes,X8_HP,172,Integrated
Integrated-RFECV (L1-LR) + Naive Bayes,X8_HQ,173,Integrated
Integrated-RFECV (L1-LR) + Naive Bayes,X8_HR,174,Integrated
Integrated-RFECV (L1-LR) + Naive Bayes,X8_HS,175,Integrated
Integrated-RFECV (L1-LR) + Naive Bayes,X8_HT,176,Integrated
Integrated-RFECV (L1-LR) + Naive Bayes,X8_HV,177,Integrated
Integrated-RFECV (L1-LR) + Naive Bayes,X8_HW,178,Integrated
Integrated-RFECV (L1-LR) + Naive Bayes,X8_HY,179,Integrated
Integrated-RFECV (L1-LR) + Naive Bayes,X8_IA,180,Integrated
Integrated-RFECV (L1-LR) + Naive Bayes,X8_IC,181,Integrated
Integrated-RFECV (L1-LR) + Naive Bayes,X8_ID,182,Integrated
Integrated-RFECV (L1-LR) + Naive Bayes,X8_IE,183,Integrated
Integrated-RFECV (L1-LR) + Naive Bayes,X8_IF,184,Integrated
Integrated-RFECV (L1-LR) + Naive Bayes,X8_IG,185,Integrated
Integrated-RFECV (L1-LR) + Naive Bayes,X8_IH,186,Integrated
Integrated-RFECV (L1-LR) + Naive Bayes,X8_II,187,Integrated
Integrated-RFECV (L1-LR) + Naive Bayes,X8_IK,188,Integrated
Integrated-RFECV (L1-LR) + Naive Bayes,X8_IL,189,Integrated
Integrated-RFECV (L1-LR) + Naive Bayes,X8_IM,190,Integrated
Integrated-RFECV (L1-LR) + Naive Bayes,X8_IN,191,Integrated
Integrated-RFECV (L1-LR) + Naive Bayes,X8_IP,192,Integrated
Integrated-RFECV (L1-LR) + Naive Bayes,X8_IQ,193,Integrated
Integrated-RFECV (L1-LR) + Naive Bayes,X8_IR,194,Integrated
Integrated-RFECV (L1-LR) + Naive Bayes,X8_IS,195,Integrated
Integrated-RFECV (L1-LR) + Naive Bayes,X8_IT,196,Integrated
Integrated-RFECV (L1-LR) + Naive Bayes,X8_IV,197,Integrated
Integrated-RFECV (L1-LR) + Naive Bayes,X8_IW,198,Integrated
Integrated-RFECV (L1-LR) + Naive Bayes,X8_IY,199,Integrated
Integrated-RFECV (L1-LR) + Naive Bayes,X8_KA,200,Integrated
Integrated-RFECV (L1-LR) + Naive Bayes,X8_KC,201,Integrated
Integrated-RFECV (L1-LR) + Naive Bayes,X8_KD,202,Integrated
Integrated-RFECV (L1-LR) + Naive Bayes,X8_KE,203,Integrated
Integrated-RFECV (L1-LR) + Naive Bayes,X8_KF,204,Integrated
Integrated-RFECV (L1-LR) + Naive Bayes,X8_KG,205,Integrated
Integrated-RFECV (L1-LR) + Naive Bayes,X8_KH,206,Integrated
Integrated-RFECV (L1-LR) + Naive Bayes,X8_KI,207,Integrated
Integrated-RFECV (L1-LR) + Naive Bayes,X8_KK,208,Integrated
Integrated-RFECV (L1-LR) + Naive Bayes,X8_KL,209,Integrated
Integrated-RFECV (L1-LR) + Naive Bayes,X8_KM,210,Integrated
Integrated-RFECV (L1-LR) + Naive Bayes,X8_KN,211,Integrated
Integrated-RFECV (L1-LR) + Naive Bayes,X8_KP,212,Integrated
Integrated-RFECV (L1-LR) + Naive Bayes,X8_KQ,213,Integrated
Integrated-RFECV (L1-LR) + Naive Bayes,X8_KR,214,Integrated
Integrated-RFECV (L1-LR) + Naive Bayes,X8_KS,215,Integrated
Integrated-RFECV (L1-LR) + Naive Bayes,X8_KT,216,Integrated
Integrated-RFECV (L1-LR) + Naive Bayes,X8_KV,217,Integrated
Integrated-RFECV (L1-LR) + Naive Bayes,X8_KW,218,Integrated
Integrated-RFECV (L1-LR) + Naive Bayes,X8_KY,219,Integrated
Integrated-RFECV (L1-LR) + Naive Bayes,X8_LA,220,Integrated
Integrated-RFECV (L1-LR) + Naive Bayes,X8_LC,221,Integrated
Integrated-RFECV (L1-LR) + Naive Bayes,X8_LD,222,Integrated
Integrated-RFECV (L1-LR) + Naive Bayes,X8_LE,223,Integrated
Integrated-RFECV (L1-LR) + Naive Bayes,X8_LF,224,Integrated
Integrated-RFECV (L1-LR) + Naive Bayes,X8_LG,225,Integrated
Integrated-RFECV (L1-LR) + Naive Bayes,X8_LH,226,Integrated
Integrated-RFECV (L1-LR) + Naive Bayes,X8_LI,227,Integrated
Integrated-RFECV (L1-LR) + Naive Bayes,X8_LK,228,Integrated
Integrated-RFECV (L1-LR) + Naive Bayes,X8_LL,229,Integrated
Integrated-RFECV (L1-LR) + Naive Bayes,X8_LM,230,Integrated
Integrated-RFECV (L1-LR) + Naive Bayes,X8_LN,231,Integrated
Integrated-RFECV (L1-LR) + Naive Bayes,X8_LP,232,Integrated
Integrated-RFECV (L1-LR) + Naive Bayes,X8_LQ,233,Integrated
Integrated-RFECV (L1-LR) + Naive Bayes,X8_LR,234,Integrated
Integrated-RFECV (L1-LR) + Naive Bayes,X8_LS,235,Integrated
Integrated-RFECV (L1-LR) + Naive Bayes,X8_LT,236,Integrated
Integrated-RFECV (L1-LR) + Naive Bayes,X8_LV,237,Integrated
Integrated-RFECV (L1-LR) + Naive Bayes,X8_LW,238,Integrated
Integrated-RFECV (L1-LR) + Naive Bayes,X8_LY,239,Integrated
Integrated-RFECV (L1-LR) + Naive Bayes,X8_MA,240,Integrated
Integrated-RFECV (L1-LR) + Naive Bayes,X8_MC,241,Integrated
Integrated-RFECV (L1-LR) + Naive Bayes,X8_MD,242,Integrated
Integrated-RFECV (L1-LR) + Naive Bayes,X8_ME,243,Integrated
Integrated-RFECV (L1-LR) + Naive Bayes,X8_MF,244,Integrated
Integrated-RFECV (L1-LR) + Naive Bayes,X8_MG,245,Integrated
Integrated-RFECV (L1-LR) + Naive Bayes,X8_MH,246,Integrated
Integrated-RFECV (L1-LR) + Naive Bayes,X8_MI,247,Integrated
Integrated-RFECV (L1-LR) + Naive Bayes,X8_MK,248,Integrated
Integrated-RFECV (L1-LR) + Naive Bayes,X8_ML,249,Integrated
Integrated-RFECV (L1-LR) + Naive Bayes,X8_MM,250,Integrated
Integrated-RFECV (L1-LR) + Naive Bayes,X8_MN,251,Integrated
Integrated-RFECV (L1-LR) + Naive Bayes,X8_MP,252,Integrated
Integrated-RFECV (L1-LR) + Naive Bayes,X8_MQ,253,Integrated
Integrated-RFECV (L1-LR) + Naive Bayes,X8_MR,254,Integrated
Integrated-RFECV (L1-LR) + Naive Bayes,X8_MS,255,Integrated
Integrated-RFECV (L1-LR) + Naive Bayes,X8_MT,256,Integrated
Integrated-RFECV (L1-LR) + Naive Bayes,X8_MV,257,Integrated
Integrated-RFECV (L1-LR) + Naive Bayes,X8_MW,258,Integrated
Integrated-RFECV (L1-LR) + Naive Bayes,X8_MY,259,Integrated
Integrated-RFECV (L1-LR) + Naive Bayes,X8_NA,260,Integrated
Integrated-RFECV (L1-LR) + Naive Bayes,X8_NC,261,Integrated
Integrated-RFECV (L1-LR) + Naive Bayes,X8_ND,262,Integrated
Integrated-RFECV (L1-LR) + Naive Bayes,X8_NE,263,Integrated
Integrated-RFECV (L1-LR) + Naive Bayes,X8_NF,264,Integrated
Integrated-RFECV (L1-LR) + Naive Bayes,X8_NG,265,Integrated
Integrated-RFECV (L1-LR) + Naive Bayes,X8_NH,266,Integrated
Integrated-RFECV (L1-LR) + Naive Bayes,X8_NI,267,Integrated
Integrated-RFECV (L1-LR) + Naive Bayes,X8_NK,268,Integrated
Integrated-RFECV (L1-LR) + Naive Bayes,X8_NL,269,Integrated
Integrated-RFECV (L1-LR) + Naive Bayes,X8_NM,270,Integrated
Integrated-RFECV (L1-LR) + Naive Bayes,X8_NN,271,Integrated
Integrated-RFECV (L1-LR) + Naive Bayes,X8_NP,272,Integrated
Integrated-RFECV (L1-LR) + Naive Bayes,X8_NQ,273,Integrated
Integrated-RFECV (L1-LR) + Naive Bayes,X8_NR,274,Integrated
Integrated-RFECV (L1-LR) + Naive Bayes,X8_NS,275,Integrated
Integrated-RFECV (L1-LR) + Naive Bayes,X8_NT,276,Integrated
Integrated-RFECV (L1-LR) + Naive Bayes,X8_NV,277,Integrated
Integrated-RFECV (L1-LR) + Naive Bayes,X8_NW,278,Integrated
Integrated-RFECV (L1-LR) + Naive Bayes,X8_NY,279,Integrated
Integrated-RFECV (L1-LR) + Naive Bayes,X8_PA,280,Integrated
Integrated-RFECV (L1-LR) + Naive Bayes,X8_PC,281,Integrated
Integrated-RFECV (L1-LR) + Naive Bayes,X8_PD,282,Integrated
Integrated-RFECV (L1-LR) + Naive Bayes,X8_PE,283,Integrated
Integrated-RFECV (L1-LR) + Naive Bayes,X8_PF,284,Integrated
Integrated-RFECV (L1-LR) + Naive Bayes,X8_PG,285,Integrated
Integrated-RFECV (L1-LR) + Naive Bayes,X8_PH,286,Integrated
Integrated-RFECV (L1-LR) + Naive Bayes,X8_PI,287,Integrated
Integrated-RFECV (L1-LR) + Naive Bayes,X8_PK,288,Integrated
Integrated-RFECV (L1-LR) + Naive Bayes,X8_PL,289,Integrated
Integrated-RFECV (L1-LR) + Naive Bayes,X8_PM,290,Integrated
Integrated-RFECV (L1-LR) + Naive Bayes,X8_PN,291,Integrated
Integrated-RFECV (L1-LR) + Naive Bayes,X8_PP,292,Integrated
Integrated-RFECV (L1-LR) + Naive Bayes,X8_PQ,293,Integrated
Integrated-RFECV (L1-LR) + Naive Bayes,X8_PR,294,Integrated
Integrated-RFECV (L1-LR) + Naive Bayes,X8_PS,295,Integrated
Integrated-RFECV (L1-LR) + Naive Bayes,X8_PT,296,Integrated
Integrated-RFECV (L1-LR) + Naive Bayes,X8_PV,297,Integrated
Integrated-RFECV (L1-LR) + Naive Bayes,X8_PW,298,Integrated
Integrated-RFECV (L1-LR) + Naive Bayes,X8_PY,299,Integrated
Integrated-RFECV (L1-LR) + Naive Bayes,X8_QA,300,Integrated
Integrated-RFECV (L1-LR) + Naive Bayes,X8_QC,301,Integrated
Integrated-RFECV (L1-LR) + Naive Bayes,X8_QD,302,Integrated
Integrated-RFECV (L1-LR) + Naive Bayes,X8_QE,303,Integrated
Integrated-RFECV (L1-LR) + Naive Bayes,X8_QF,304,Integrated
Integrated-RFECV (L1-LR) + Naive Bayes,X8_QG,305,Integrated
Integrated-RFECV (L1-LR) + Naive Bayes,X8_QH,306,Integrated
Integrated-RFECV (L1-LR) + Naive Bayes,X8_QI,307,Integrated
Integrated-RFECV (L1-LR) + Naive Bayes,X8_QK,308,Integrated
Integrated-RFECV (L1-LR) + Naive Bayes,X8_QL,309,Integrated
Integrated-RFECV (L1-LR) + Naive Bayes,X8_QM,310,Integrated
Integrated-RFECV (L1-LR) + Naive Bayes,X8_QN,311,Integrated
Integrated-RFECV (L1-LR) + Naive Bayes,X8_QP,312,Integrated
Integrated-RFECV (L1-LR) + Naive Bayes,X8_QQ,313,Integrated
Integrated-RFECV (L1-LR) + Naive Bayes,X8_QR,314,Integrated
Integrated-RFECV (L1-LR) + Naive Bayes,X8_QS,315,Integrated
Integrated-RFECV (L1-LR) + Naive Bayes,X8_QT,316,Integrated
Integrated-RFECV (L1-LR) + Naive Bayes,X8_QV,317,Integrated
Integrated-RFECV (L1-LR) + Naive Bayes,X8_QW,318,Integrated
Integrated-RFECV (L1-LR) + Naive Bayes,X8_QY,319,Integrated
Integrated-RFECV (L1-LR) + Naive Bayes,X8_RA,320,Integrated
Integrated-RFECV (L1-LR) + Naive Bayes,X8_RC,321,Integrated
Integrated-RFECV (L1-LR) + Naive Bayes,X8_RD,322,Integrated
Integrated-RFECV (L1-LR) + Naive Bayes,X8_RE,323,Integrated
Integrated-RFECV (L1-LR) + Naive Bayes,X8_RF,324,Integrated
Integrated-RFECV (L1-LR) + Naive Bayes,X8_RG,325,Integrated
Integrated-RFECV (L1-LR) + Naive Bayes,X8_RH,326,Integrated
Integrated-RFECV (L1-LR) + Naive Bayes,X8_RI,327,Integrated
Integrated-RFECV (L1-LR) + Naive Bayes,X8_RK,328,Integrated
Integrated-RFECV (L1-LR) + Naive Bayes,X8_RL,329,Integrated
Integrated-RFECV (L1-LR) + Naive Bayes,X8_RM,330,Integrated
Integrated-RFECV (L1-LR) + Naive Bayes,X8_RN,331,Integrated
Integrated-RFECV (L1-LR) + Naive Bayes,X8_RP,332,Integrated
Integrated-RFECV (L1-LR) + Naive Bayes,X8_RQ,333,Integrated
Integrated-RFECV (L1-LR) + Naive Bayes,X8_RR,334,Integrated
Integrated-RFECV (L1-LR) + Naive Bayes,X8_RS,335,Integrated
Integrated-RFECV (L1-LR) + Naive Bayes,X8_RT,336,Integrated
Integrated-RFECV (L1-LR) + Naive Bayes,X8_RV,337,Integrated
Integrated-RFECV (L1-LR) + Naive Bayes,X8_RW,338,Integrated
Integrated-RFECV (L1-LR) + Naive Bayes,X8_RY,339,Integrated
Integrated-RFECV (L1-LR) + Naive Bayes,X8_SA,340,Integrated
Integrated-RFECV (L1-LR) + Naive Bayes,X8_SC,341,Integrated
Integrated-RFECV (L1-LR) + Naive Bayes,X8_SD,342,Integrated
Integrated-RFECV (L1-LR) + Naive Bayes,X8_SE,343,Integrated
Integrated-RFECV (L1-LR) + Naive Bayes,X8_SF,344,Integrated
Integrated-RFECV (L1-LR) + Naive Bayes,X8_SG,345,Integrated
Integrated-RFECV (L1-LR) + Naive Bayes,X8_SH,346,Integrated
Integrated-RFECV (L1-LR) + Naive Bayes,X8_SI,347,Integrated
Integrated-RFECV (L1-LR) + Naive Bayes,X8_SK,348,Integrated
Integrated-RFECV (L1-LR) + Naive Bayes,X8_SL,349,Integrated
Integrated-RFECV (L1-LR) + Naive Bayes,X8_SM,350,Integrated
Integrated-RFECV (L1-LR) + Naive Bayes,X8_SN,351,Integrated
Integrated-RFECV (L1-LR) + Naive Bayes,X8_SP,352,Integrated
Integrated-RFECV (L1-LR) + Naive Bayes,X8_SQ,353,Integrated
Integrated-RFECV (L1-LR) + Naive Bayes,X8_SR,354,Integrated
Integrated-RFECV (L1-LR) + Naive Bayes,X8_SS,355,Integrated
Integrated-RFECV (L1-LR) + Naive Bayes,X8_ST,356,Integrated
Integrated-RFECV (L1-LR) + Naive Bayes,X8_SV,357,Integrated
Integrated-RFECV (L1-LR) + Naive Bayes,X8_SW,358,Integrated
Integrated-RFECV (L1-LR) + Naive Bayes,X8_SY,359,Integrated
Integrated-RFECV (L1-LR) + Naive Bayes,X8_TA,360,Integrated
Integrated-RFECV (L1-LR) + Naive Bayes,X8_TC,361,Integrated
Integrated-RFECV (L1-LR) + Naive Bayes,X8_TD,362,Integrated
Integrated-RFECV (L1-LR) + Naive Bayes,X8_TE,363,Integrated
Integrated-RFECV (L1-LR) + Naive Bayes,X8_TF,364,Integrated
Integrated-RFECV (L1-LR) + Naive Bayes,X8_TG,365,Integrated
Integrated-RFECV (L1-LR) + Naive Bayes,X8_TH,366,Integrated
Integrated-RFECV (L1-LR) + Naive Bayes,X8_TI,367,Integrated
Integrated-RFECV (L1-LR) + Naive Bayes,X8_TK,368,Integrated
Integrated-RFECV (L1-LR) + Naive Bayes,X8_TL,369,Integrated
Integrated-RFECV (L1-LR) + Naive Bayes,X8_TM,370,Integrated
Integrated-RFECV (L1-LR) + Naive Bayes,X8_TN,371,Integrated
Integrated-RFECV (L1-LR) + Naive Bayes,X8_TP,372,Integrated
Integrated-RFECV (L1-LR) + Naive Bayes,X8_TQ,373,Integrated
Integrated-RFECV (L1-LR) + Naive Bayes,X8_TR,374,Integrated
Integrated-RFECV (L1-LR) + Naive Bayes,X8_TS,375,Integrated
Integrated-RFECV (L1-LR) + Naive Bayes,X8_TT,376,Integrated
Integrated-RFECV (L1-LR) + Naive Bayes,X8_TV,377,Integrated
Integrated-RFECV (L1-LR) + Naive Bayes,X8_TW,378,Integrated
Integrated-RFECV (L1-LR) + Naive Bayes,X8_TY,379,Integrated
Integrated-RFECV (L1-LR) + Naive Bayes,X8_VA,380,Integrated
Integrated-RFECV (L1-LR) + Naive Bayes,X8_VC,381,Integrated
Integrated-RFECV (L1-LR) + Naive Bayes,X8_VD,382,Integrated
Integrated-RFECV (L1-LR) + Naive Bayes,X8_VF,383,Integrated
Integrated-RFECV (L1-LR) + Naive Bayes,X8_VG,384,Integrated
Integrated-RFECV (L1-LR) + Naive Bayes,X8_VH,385,Integrated
Integrated-RFECV (L1-LR) + Naive Bayes,X8_VI,386,Integrated
Integrated-RFECV (L1-LR) + Naive Bayes,X8_VK,387,Integrated
Integrated-RFECV (L1-LR) + Naive Bayes,X8_VL,388,Integrated
Integrated-RFECV (L1-LR) + Naive Bayes,X8_VM,389,Integrated
Integrated-RFECV (L1-LR) + Naive Bayes,X8_VN,390,Integrated
Integrated-RFECV (L1-LR) + Naive Bayes,X8_VP,391,Integrated
Integrated-RFECV (L1-LR) + Naive Bayes,X8_VQ,392,Integrated
Integrated-RFECV (L1-LR) + Naive Bayes,X8_VR,393,Integrated
Integrated-RFECV (L1-LR) + Naive Bayes,X8_VS,394,Integrated
Integrated-RFECV (L1-LR) + Naive Bayes,X8_VT,395,Integrated
Integrated-RFECV (L1-LR) + Naive Bayes,X8_VW,396,Integrated
Integrated-RFECV (L1-LR) + Naive Bayes,X8_VY,397,Integrated
Integrated-RFECV (L1-LR) + Naive Bayes,X8_WA,398,Integrated
Integrated-RFECV (L1-LR) + Naive Bayes,X8_WC,399,Integrated
Integrated-RFECV (L1-LR) + Naive Bayes,X8_WD,400,Integrated
Integrated-RFECV (L1-LR) + Naive Bayes,X8_WE,401,Integrated
Integrated-RFECV (L1-LR) + Naive Bayes,X8_WF,402,Integrated
Integrated-RFECV (L1-LR) + Naive Bayes,X8_WG,403,Integrated
Integrated-RFECV (L1-LR) + Naive Bayes,X8_WH,404,Integrated
Integrated-RFECV (L1-LR) + Naive Bayes,X8_WI,405,Integrated
Integrated-RFECV (L1-LR) + Naive Bayes,X8_WK,406,Integrated
Integrated-RFECV (L1-LR) + Naive Bayes,X8_WL,407,Integrated
Integrated-RFECV (L1-LR) + Naive Bayes,X8_WM,408,Integrated
Integrated-RFECV (L1-LR) + Naive Bayes,X8_WN,409,Integrated
Integrated-RFECV (L1-LR) + Naive Bayes,X8_WP,410,Integrated
Integrated-RFECV (L1-LR) + Naive Bayes,X8_WQ,411,Integrated
Integrated-RFECV (L1-LR) + Naive Bayes,X8_WR,412,Integrated
Integrated-RFECV (L1-LR) + Naive Bayes,X8_WS,413,Integrated
Integrated-RFECV (L1-LR) + Naive Bayes,X8_WT,414,Integrated
Integrated-RFECV (L1-LR) + Naive Bayes,X8_WV,415,Integrated
Integrated-RFECV (L1-LR) + Naive Bayes,X8_WW,416,Integrated
Integrated-RFECV (L1-LR) + Naive Bayes,X8_WY,417,Integrated
Integrated-RFECV (L1-LR) + Naive Bayes,X8_YA,418,Integrated
Integrated-RFECV (L1-LR) + Naive Bayes,X8_YC,419,Integrated
Integrated-RFECV (L1-LR) + Naive Bayes,X8_YD,420,Integrated
Integrated-RFECV (L1-LR) + Naive Bayes,X8_YE,421,Integrated
Integrated-RFECV (L1-LR) + Naive Bayes,X8_YF,422,Integrated
Integrated-RFECV (L1-LR) + Naive Bayes,X8_YG,423,Integrated
Integrated-RFECV (L1-LR) + Naive Bayes,X8_YH,424,Integrated
Integrated-RFECV (L1-LR) + Naive Bayes,X8_YI,425,Integrated
Integrated-RFECV (L1-LR) + Naive Bayes,X8_YK,426,Integrated
Integrated-RFECV (L1-LR) + Naive Bayes,X8_YL,427,Integrated
Integrated-RFECV (L1-LR) + Naive Bayes,X8_YM,428,Integrated
Integrated-RFECV (L1-LR) + Naive Bayes,X8_YN,429,Integrated
Integrated-RFECV (L1-LR) + Naive Bayes,X8_YP,430,Integrated
Integrated-RFECV (L1-LR) + Naive Bayes,X8_YQ,431,Integrated
Integrated-RFECV (L1-LR) + Naive Bayes,X8_YR,432,Integrated
Integrated-RFECV (L1-LR) + Naive Bayes,X8_YS,433,Integrated
Integrated-RFECV (L1-LR) + Naive Bayes,X8_YT,434,Integrated
Integrated-RFECV (L1-LR) + Naive Bayes,X8_YV,435,Integrated
Integrated-RFECV (L1-LR) + Naive Bayes,X8_YW,436,Integrated
Integrated-RFECV (L1-LR) + Naive Bayes,X8_YY,437,Integrated
Integrated-RFECV (L1-LR) + Naive Bayes,acidic_group,438,Integrated
Integrated-RFECV (L1-LR) + Naive Bayes,aliphatic_group,439,Integrated
Integrated-RFECV (L1-LR) + Naive Bayes,aromatic_group,440,Integrated
Integrated-RFECV (L1-LR) + Naive Bayes,basic_group,441,Integrated
Integrated-RFECV (L1-LR) + Naive Bayes,boman,442,Integrated
Integrated-RFECV (L1-LR) + Naive Bayes,charge,443,Integrated
Integrated-RFECV (L1-LR) + Naive Bayes,charged_group,444,Integrated
Integrated-RFECV (L1-LR) + Naive Bayes,cruciani_prp1,445,Integrated
Integrated-RFECV (L1-LR) + Naive Bayes,cruciani_prp2,446,Integrated
Integrated-RFECV (L1-LR) + Naive Bayes,cruciani_prp3,447,Integrated
Integrated-RFECV (L1-LR) + Naive Bayes,hydrophobic_kyte-doolittle,448,Integrated
Integrated-RFECV (L1-LR) + Naive Bayes,hydrophobic_moment,449,Integrated
Integrated-RFECV (L1-LR) + Naive Bayes,instability_index,450,Integrated
Integrated-RFECV (L1-LR) + Naive Bayes,isoelectric_point,451,Integrated
Integrated-RFECV (L1-LR) + Naive Bayes,non-polar_group,452,Integrated
Integrated-RFECV (L1-LR) + Naive Bayes,peptide_len,453,Integrated
Integrated-RFECV (L1-LR) + Naive Bayes,polar_group,454,Integrated
Integrated-RFECV (L1-LR) + Naive Bayes,small_group,455,Integrated
Integrated-RFECV (L1-LR) + Naive Bayes,tiny_group,456,Integrated
