Model_A,Model_B,W,p_value,z,r_effect,p_adj
Random Forest (All),Logistic Regression (All),303.0,2.172643650460552e-14,7.639974737582574,0.7639974737582574,1.449153314857188e-11
Random Forest (All),SVM (All),3.0,4.265842540306607e-18,8.671468069931041,0.8671468069931041,4.032484450422398e-15
Random Forest (All),K-Neighbors (All),0.0,3.8965598450959084e-18,8.681770230106196,0.8681770230106196,4.032484450422398e-15
Random Forest (All),Decision Tree (All),100.0,7.557766781982981e-17,8.337968549587554,0.8337968549587554,5.630536252577321e-14
Random Forest (All),Naive Bayes (All),0.0,3.896340037647931e-18,8.681776644898465,0.8681776644898465,4.032484450422398e-15
Random Forest (All),Random Forest (MW - inCV),943.5,5.396584841461558e-08,5.437722793648443,0.5437722793648443,2.5040153664381628e-05
Random Forest (All),Random Forest (Wilcoxon - inCV),809.0,3.63108494394693e-09,5.900178510212285,0.5900178510212285,1.811911387029518e-06
Random Forest (All),Random Forest (Kruskal - inCV),963.0,7.843715470225356e-08,5.370687215521645,0.5370687215521646,3.6002654008334385e-05
Random Forest (All),Random Forest (Chi-square - inCV),1119.5,2.2330405306375468e-06,4.731102202910154,0.47311022029101546,0.0009043814149082064
Random Forest (All),Random Forest (KS - inCV),712.0,4.554741295400237e-10,6.233724395356835,0.6233724395356834,2.4550055582207276e-07
Random Forest (All),Logistic Regression (MW - inCV),1100.5,9.68622576810524e-07,4.897908215601641,0.48979082156016407,0.00040972734999085165
Random Forest (All),Logistic Regression (Wilcoxon - inCV),1162.0,2.7798856136196153e-06,4.686447150011272,0.4686447150011272,0.0011091743598342265
Random Forest (All),Logistic Regression (Kruskal - inCV),1412.0,0.00012978168504656416,3.8268725165656794,0.3826872516565679,0.042568392695273044
Random Forest (All),Logistic Regression (Chi-square - inCV),808.0,3.5559873800421057e-09,5.903625566862608,0.5903625566862608,1.777993690021053e-06
Random Forest (All),Logistic Regression (KS - inCV),727.5,6.393648221235024e-10,6.180407172723024,0.6180407172723024,3.426995446581973e-07
Random Forest (All),SVM (MW - inCV),740.5,8.478273899169492e-10,6.135704284075654,0.6135704284075654,4.5104417143581696e-07
Random Forest (All),SVM (Wilcoxon - inCV),655.0,1.2787141638278257e-10,6.4296817098467205,0.6429681709846721,7.186373600712381e-08
Random Forest (All),SVM (Kruskal - inCV),673.0,1.917631930089947e-10,6.3677964305329855,0.6367796430532986,1.0662033531300105e-07
Random Forest (All),SVM (Chi-square - inCV),662.5,1.5145837660887602e-10,6.403898948092702,0.6403898948092702,8.481669090097057e-08
Random Forest (All),SVM (KS - inCV),274.0,9.967579141863275e-15,7.739669222958039,0.7739669222958039,6.807856553892616e-12
Random Forest (All),K-Neighbors (MW - inCV),272.0,9.440889460237573e-15,7.746568767813615,0.7746568767813615,6.4575683908025e-12
Random Forest (All),K-Neighbors (Wilcoxon - inCV),144.0,2.6856761209405393e-16,8.186663550557418,0.8186663550557418,1.9686005966494154e-13
Random Forest (All),K-Neighbors (Kruskal - inCV),412.0,3.725407650063557e-13,7.265180394540354,0.7265180394540354,2.3581830424902316e-10
Random Forest (All),K-Neighbors (Chi-square - inCV),593.5,3.1125762301146575e-11,6.6411440634851315,0.6641144063485132,1.8239696708471892e-08
Random Forest (All),K-Neighbors (KS - inCV),160.0,4.235061152808317e-16,8.131644263439552,0.8131644263439552,3.074654396938838e-13
Random Forest (All),Decision Tree (MW - inCV),225.0,2.612356687765252e-15,7.908152983471869,0.7908152983471869,1.823424968060146e-12
Random Forest (All),Decision Tree (Wilcoxon - inCV),289.5,1.5133534506859627e-14,7.686397905214086,0.7686397905214086,1.0230269326637108e-11
Random Forest (All),Decision Tree (Kruskal - inCV),607.0,4.260963777218884e-11,6.594707050037103,0.6594707050037103,2.4798809183413902e-08
Random Forest (All),Decision Tree (Chi-square - inCV),324.0,3.797351804308381e-14,7.567752980777719,0.7567752980777719,2.502454839039223e-11
Random Forest (All),Decision Tree (KS - inCV),281.0,1.2040812669310325e-14,7.715606649961248,0.7715606649961247,8.17571180246171e-12
Random Forest (All),Naive Bayes (MW - inCV),638.0,8.690357504246774e-11,6.4881381557320426,0.6488138155732043,4.970884492429155e-08
Random Forest (All),Naive Bayes (Wilcoxon - inCV),812.5,3.905662183905536e-09,5.888139995938504,0.5888139995938504,1.945019767584957e-06
Random Forest (All),Naive Bayes (Kruskal - inCV),924.5,3.732741489297776e-08,5.503051110486457,0.5503051110486457,1.7469230169913594e-05
Random Forest (All),Naive Bayes (Chi-square - inCV),1852.5,0.020762336159853848,2.312278582819208,0.2312278582819208,1.0
Random Forest (All),Naive Bayes (KS - inCV),1196.0,4.887475338167408e-06,4.569560728083816,0.45695607280838163,0.0018963404312089542
Random Forest (All),Integrated-SelectFromModel (L1-LR selector) + LR,68.0,2.9641054725688535e-17,8.447970382778427,0.8447970382778427,2.2764330029328793e-14
Random Forest (All),Integrated-SelectFromModel (L1-LR selector) + SVM,4.0,4.396866285628059e-18,8.668023335361992,0.8668023335361992,4.032484450422398e-15
Random Forest (All),Integrated-SelectFromModel (L1-LR selector) + KNN,1.0,4.0161556854627e-18,8.67833190526259,0.8678331905262591,4.032484450422398e-15
Random Forest (All),Integrated-SelectFromModel (L1-LR selector) + Naive Bayes,0.0,3.8965598450959084e-18,8.681770230106196,0.8681770230106196,4.032484450422398e-15
Random Forest (All),Integrated-SelectFromModel (RF selector) + RF,2256.0,0.35500629069466805,0.9249223677449208,0.09249223677449207,1.0
Random Forest (All),Integrated-SelectFromModel (RF selector) + LR,165.5,4.948622935558681e-16,8.11275144591932,0.8112751445919321,3.587751628280044e-13
Random Forest (All),Integrated-SelectFromModel (RF selector) + KNN,0.0,3.896120241954008e-18,8.681783059704948,0.8681783059704948,4.032484450422398e-15
Random Forest (All),Integrated-RFECV (L1-LR) + LR,74.0,3.535912186167528e-17,8.427346645281911,0.8427346645281911,2.7049728224181588e-14
Random Forest (All),Integrated-RFECV (L1-LR) + KNN,3.0,4.2663227307182344e-18,8.671455255575378,0.8671455255575378,4.032484450422398e-15
Random Forest (All),Integrated-RFECV (L1-LR) + Naive Bayes,0.0,3.896340037647931e-18,8.681776644898465,0.8681776644898465,4.032484450422398e-15
Logistic Regression (All),SVM (All),304.0,2.2316273269543266e-14,7.63652512012653,0.7636525120126529,1.4862637997515814e-11
Logistic Regression (All),K-Neighbors (All),34.0,1.082004916926409e-17,8.56486718542358,0.856486718542358,8.645219286242008e-15
Logistic Regression (All),Decision Tree (All),2010.0,0.07660396229407983,1.7707399111873454,0.17707399111873454,1.0
Logistic Regression (All),Naive Bayes (All),18.0,6.702036285672441e-18,8.619886751984335,0.8619886751984336,5.542584008251109e-15
Logistic Regression (All),Random Forest (MW - inCV),836.0,6.34718198782625e-09,-5.807343533653001,-0.5807343533653001,3.1291607199983414e-06
Logistic Regression (All),Random Forest (Wilcoxon - inCV),884.5,1.694739625366548e-08,-5.640584409092805,-0.5640584409092805,8.117802805505765e-06
Logistic Regression (All),Random Forest (Kruskal - inCV),1134.0,1.729355089934721e-06,-4.782723992911113,-0.4782723992911113,0.0007090355868732356
Logistic Regression (All),Random Forest (Chi-square - inCV),742.5,1.47626137629853e-09,-6.0469362485749105,-0.604693624857491,7.676559156752356e-07
Logistic Regression (All),Random Forest (KS - inCV),934.0,4.4907454816668145e-08,-5.470378868132061,-0.5470378868132061,2.0881966489750687e-05
Logistic Regression (All),Logistic Regression (MW - inCV),966.5,8.385021505194042e-08,-5.358641146949794,-0.5358641146949794,3.840339849378871e-05
Logistic Regression (All),Logistic Regression (Wilcoxon - inCV),952.5,6.417009869609996e-08,-5.406773806489517,-0.5406773806489518,2.964658559759818e-05
Logistic Regression (All),Logistic Regression (Kruskal - inCV),825.0,5.060920778087016e-09,-5.845156553000947,-0.5845156553000946,2.500094864374986e-06
Logistic Regression (All),Logistic Regression (Chi-square - inCV),1221.0,7.339688148445011e-06,-4.483592160273059,-0.4483592160273059,0.0027964211845575493
Logistic Regression (All),Logistic Regression (KS - inCV),1245.5,1.0857902705500339e-05,-4.39934313857128,-0.439934313857128,0.004049997709151626
Logistic Regression (All),SVM (MW - inCV),1336.0,4.3478147180144075e-05,-4.088174280391756,-0.40881742803917553,0.015304307807410714
Logistic Regression (All),SVM (Wilcoxon - inCV),1330.5,6.479104746688377e-05,-3.994645775371553,-0.3994645775371553,0.02215891658744464
Logistic Regression (All),SVM (Kruskal - inCV),1600.5,0.0014791754136411882,-3.1787383640391944,-0.3178738364039194,0.38606478296035013
Logistic Regression (All),SVM (Chi-square - inCV),1555.5,0.0013304752192458275,-3.209323894458132,-0.3209323894458132,0.3499149826616526
Logistic Regression (All),SVM (KS - inCV),2052.0,0.10387869510238197,-1.6263336593628503,-0.16263336593628502,1.0
Logistic Regression (All),K-Neighbors (MW - inCV),1979.0,0.060473133870732866,-1.8773281388510499,-0.187732813885105,1.0
Logistic Regression (All),K-Neighbors (Wilcoxon - inCV),2117.5,0.16117866750070586,-1.4011184090281685,-0.14011184090281686,1.0
Logistic Regression (All),K-Neighbors (Kruskal - inCV),1804.0,0.013173873148242077,-2.4790340439492247,-0.24790340439492248,1.0
Logistic Regression (All),K-Neighbors (Chi-square - inCV),1440.0,0.00019103760680317213,-3.7305824553129594,-0.37305824553129596,0.06094099657021191
Logistic Regression (All),K-Neighbors (KS - inCV),2310.5,0.46080477876848813,-0.7375223137765357,-0.07375223137765356,1.0
Logistic Regression (All),Decision Tree (MW - inCV),2230.0,0.31043612856352854,-1.0143073277675088,-0.10143073277675088,1.0
Logistic Regression (All),Decision Tree (Wilcoxon - inCV),2141.0,0.18672863768033388,-1.3203186910600793,-0.13203186910600792,1.0
Logistic Regression (All),Decision Tree (Kruskal - inCV),1628.0,0.0020411116352110213,-3.0841842212473307,-0.3084184221247331,0.5082367971675443
Logistic Regression (All),Decision Tree (Chi-square - inCV),2186.0,0.2437793945162675,-1.165592121982575,-0.11655921219825749,1.0
Logistic Regression (All),Decision Tree (KS - inCV),2137.5,0.1827439460471304,-1.3323538302489861,-0.13323538302489862,1.0
Logistic Regression (All),Naive Bayes (MW - inCV),1134.5,1.7442730611187345e-06,-4.780997760205834,-0.47809977602058334,0.0007134076819975624
Logistic Regression (All),Naive Bayes (Wilcoxon - inCV),1082.0,6.994723923938481e-07,-4.961510081249204,-0.4961510081249204,0.00030147260112174857
Logistic Regression (All),Naive Bayes (Kruskal - inCV),1027.0,2.5962393705345903e-07,-5.150622032807695,-0.5150622032807695,0.00011527302805173581
Logistic Regression (All),Naive Bayes (Chi-square - inCV),541.0,9.000287549430994e-12,-6.821646570477076,-0.6821646570477076,5.409172817208027e-09
Logistic Regression (All),Naive Bayes (KS - inCV),864.0,1.1227347285082555e-08,-5.711061785020337,-0.5711061785020337,5.422808738694875e-06
Logistic Regression (All),Integrated-SelectFromModel (L1-LR selector) + LR,39.0,1.2557842568601566e-17,8.54768819264416,0.854768819264416,9.970926999469644e-15
Logistic Regression (All),Integrated-SelectFromModel (L1-LR selector) + SVM,67.0,2.8782421504419467e-17,8.451402465584566,0.8451402465584567,2.213368213689857e-14
Logistic Regression (All),Integrated-SelectFromModel (L1-LR selector) + KNN,56.0,2.080101296156224e-17,8.489230311387844,0.8489230311387844,1.6266392135941673e-14
Logistic Regression (All),Integrated-SelectFromModel (L1-LR selector) + Naive Bayes,3.0,4.266082629108708e-18,8.671461662746108,0.8671461662746107,4.032484450422398e-15
Logistic Regression (All),Integrated-SelectFromModel (RF selector) + RF,302.5,2.1437295519171982e-14,-7.641699550140152,-0.7641699550140152,1.4320113406806883e-11
Logistic Regression (All),Integrated-SelectFromModel (RF selector) + LR,1202.5,5.436657183409176e-06,4.547191325330611,0.4547191325330611,0.0020931130156125327
Logistic Regression (All),Integrated-SelectFromModel (RF selector) + KNN,21.0,7.333806979251821e-18,8.609565408390463,0.8609565408390463,5.96238507413173e-15
Logistic Regression (All),Integrated-RFECV (L1-LR) + LR,44.0,1.4572882814901543e-17,8.530490239997262,0.8530490239997262,1.1512577423772219e-14
Logistic Regression (All),Integrated-RFECV (L1-LR) + KNN,19.0,6.906672275406012e-18,8.616442058077675,0.8616442058077676,5.6496579212821174e-15
Logistic Regression (All),Integrated-RFECV (L1-LR) + Naive Bayes,3.0,4.266082629108708e-18,8.671461662746108,0.8671461662746107,4.032484450422398e-15
SVM (All),K-Neighbors (All),277.5,1.0955796251717346e-14,7.727640795805662,0.7727640795805663,7.460897247419513e-12
SVM (All),Decision Tree (All),814.5,4.071574850013602e-09,-5.881258990534187,-0.5881258990534187,2.0235727004567605e-06
SVM (All),Naive Bayes (All),536.5,8.080443785991894e-12,6.837114003319048,0.6837114003319048,4.872507602953112e-09
SVM (All),Random Forest (MW - inCV),75.0,3.641486100962876e-17,-8.423902091089598,-0.8423902091089598,2.7820953811356372e-14
SVM (All),Random Forest (Wilcoxon - inCV),60.0,2.3410567064063736e-17,-8.475483264226812,-0.8475483264226812,1.816660004171346e-14
SVM (All),Random Forest (Kruskal - inCV),89.0,5.486029315183748e-17,-8.375777885126531,-0.8375777885126532,4.114521986387811e-14
SVM (All),Random Forest (Chi-square - inCV),49.0,1.690539915320395e-17,-8.513298603076674,-0.8513298603076673,1.3236927536958693e-14
SVM (All),Random Forest (KS - inCV),123.0,1.4705985781821357e-16,-8.258868478974765,-0.8258868478974766,1.0882429478547804e-13
SVM (All),Logistic Regression (MW - inCV),85.0,4.881102137205527e-17,-8.38952501611092,-0.8389525016110919,3.690113215727378e-14
SVM (All),Logistic Regression (Wilcoxon - inCV),79.5,4.1542662132564066e-17,-8.408460682175534,-0.8408460682175534,3.161396588288126e-14
SVM (All),Logistic Regression (Kruskal - inCV),43.0,1.4146020223499638e-17,-8.533928567381382,-0.8533928567381383,1.1189501996788213e-14
SVM (All),Logistic Regression (Chi-square - inCV),121.0,1.3878931932178966e-16,-8.265775676046493,-0.8265775676046493,1.0284288561744614e-13
SVM (All),Logistic Regression (KS - inCV),151.0,3.2793460288037097e-16,-8.162583178721627,-0.8162583178721627,2.3970822141499724e-13
SVM (All),SVM (MW - inCV),139.0,2.3281022293705063e-16,-8.203849138506035,-0.8203849138506035,1.7088270363579516e-13
SVM (All),SVM (Wilcoxon - inCV),152.5,3.4215513369062605e-16,-8.157455828410916,-0.8157455828410916,2.4943109246046637e-13
SVM (All),SVM (Kruskal - inCV),182.5,7.993510643976433e-16,-8.054299750822635,-0.8054299750822634,5.763321174307009e-13
SVM (All),SVM (Chi-square - inCV),204.0,2.2546999024004203e-15,-7.926466191235296,-0.7926466191235295,1.5918181310946967e-12
SVM (All),SVM (KS - inCV),359.5,9.642919636723724e-14,-7.44570345179844,-0.744570345179844,6.238969004960249e-11
SVM (All),K-Neighbors (MW - inCV),220.5,2.306837838596694e-15,-7.923625456700399,-0.7923625456700398,1.6263206762106692e-12
SVM (All),K-Neighbors (Wilcoxon - inCV),262.0,7.199382493919608e-15,-7.780929121081317,-0.7780929121081317,4.96757392080453e-12
SVM (All),K-Neighbors (Kruskal - inCV),200.0,1.3051196164570922e-15,-7.994111168074824,-0.7994111168074823,9.31855406150364e-13
SVM (All),K-Neighbors (Chi-square - inCV),118.0,1.2730465598263484e-16,-8.27607235868947,-0.827607235868947,9.458735939509768e-14
SVM (All),K-Neighbors (KS - inCV),442.0,7.948450449428452e-13,-7.1620412330160015,-0.7162041233016001,4.943936179544497e-10
SVM (All),Decision Tree (MW - inCV),353.5,8.246023974843692e-14,-7.466333431346254,-0.7466333431346255,5.3599155836483995e-11
SVM (All),Decision Tree (Wilcoxon - inCV),331.0,4.5687496558876386e-14,-7.543684706872474,-0.7543684706872474,2.9879622749505154e-11
SVM (All),Decision Tree (Kruskal - inCV),151.0,3.2791822354992785e-16,-8.162589209896614,-0.8162589209896615,2.3970822141499724e-13
SVM (All),Decision Tree (Chi-square - inCV),308.0,2.4827473446751545e-14,-7.622777442917176,-0.7622777442917176,1.6510269842089777e-11
SVM (All),Decision Tree (KS - inCV),330.0,4.4497819455800645e-14,-7.5471230317160805,-0.7547123031716081,2.9146071743549426e-11
SVM (All),Naive Bayes (MW - inCV),82.0,4.470873721337643e-17,-8.399840005884826,-0.8399840005884827,3.393393154495271e-14
SVM (All),Naive Bayes (Wilcoxon - inCV),80.0,4.216257074401254e-17,-8.406722877312959,-0.8406722877312959,3.204355376544953e-14
SVM (All),Naive Bayes (Kruskal - inCV),82.5,4.5368019299557624e-17,-8.398120840922509,-0.8398120840922509,3.438532517188153e-14
SVM (All),Naive Bayes (Chi-square - inCV),27.0,8.777880718979924e-18,-8.588935459328823,-0.8588935459328824,7.057416098059859e-15
SVM (All),Naive Bayes (KS - inCV),61.0,2.4113504335006795e-17,-8.472038674467255,-0.8472038674467255,1.866385235529526e-14
SVM (All),Integrated-SelectFromModel (L1-LR selector) + LR,1952.0,0.048819853943380426,-1.9701615910997305,-0.19701615910997305,1.0
SVM (All),Integrated-SelectFromModel (L1-LR selector) + SVM,1628.5,0.0020529226171961345,3.082467332598716,0.3082467332598716,0.5091248090646413
SVM (All),Integrated-SelectFromModel (L1-LR selector) + KNN,454.5,1.0866808565980747e-12,7.119056848816741,0.711905684881674,6.737421310908062e-10
SVM (All),Integrated-SelectFromModel (L1-LR selector) + Naive Bayes,192.0,1.043614413674568e-15,8.021617787147767,0.8021617787147767,7.482715346046652e-13
SVM (All),Integrated-SelectFromModel (RF selector) + RF,9.0,5.11254534956045e-18,-8.650831698441399,-0.8650831698441399,4.406767235058269e-15
SVM (All),Integrated-SelectFromModel (RF selector) + LR,770.5,1.6138807694207539e-09,-6.0325543101208945,-0.6032554310120894,8.343763577905297e-07
SVM (All),Integrated-SelectFromModel (RF selector) + KNN,475.5,1.830039780176053e-12,7.04685718054071,0.704685718054071,1.1273045045884486e-09
SVM (All),Integrated-RFECV (L1-LR) + LR,1857.5,0.021727949169060897,-2.2950903121029658,-0.2295090312102966,1.0
SVM (All),Integrated-RFECV (L1-LR) + KNN,487.0,2.4293250940101785e-12,7.007316386407398,0.7007316386407398,1.4916056077222497e-09
SVM (All),Integrated-RFECV (L1-LR) + Naive Bayes,223.0,2.471593423277959e-15,7.9150471830922955,0.7915047183092295,1.7396746326743948e-12
K-Neighbors (All),Decision Tree (All),42.0,1.3732250242604873e-17,-8.537360586674728,-0.8537360586674728,1.0875942192143059e-14
K-Neighbors (All),Naive Bayes (All),1449.0,0.00021590761228138384,-3.6996375317205015,-0.36996375317205016,0.06844271309319867
K-Neighbors (All),Random Forest (MW - inCV),3.0,4.2663227307182344e-18,-8.671455255575378,-0.8671455255575378,4.032484450422398e-15
K-Neighbors (All),Random Forest (Wilcoxon - inCV),0.0,3.8965598450959084e-18,-8.681770230106196,-0.8681770230106196,4.032484450422398e-15
K-Neighbors (All),Random Forest (Kruskal - inCV),0.0,3.8965598450959084e-18,-8.681770230106196,-0.8681770230106196,4.032484450422398e-15
K-Neighbors (All),Random Forest (Chi-square - inCV),0.0,3.8965598450959084e-18,-8.681770230106196,-0.8681770230106196,4.032484450422398e-15
K-Neighbors (All),Random Forest (KS - inCV),3.0,4.2663227307182344e-18,-8.671455255575378,-0.8671455255575378,4.032484450422398e-15
K-Neighbors (All),Logistic Regression (MW - inCV),1.0,4.0161556854627e-18,-8.67833190526259,-0.8678331905262591,4.032484450422398e-15
K-Neighbors (All),Logistic Regression (Wilcoxon - inCV),1.0,4.015929308708381e-18,-8.678338317514347,-0.8678338317514347,4.032484450422398e-15
K-Neighbors (All),Logistic Regression (Kruskal - inCV),0.0,3.896340037647931e-18,-8.681776644898465,-0.8681776644898465,4.032484450422398e-15
K-Neighbors (All),Logistic Regression (Chi-square - inCV),2.0,4.139373908714419e-18,-8.674893580418985,-0.8674893580418985,4.032484450422398e-15
K-Neighbors (All),Logistic Regression (KS - inCV),6.0,4.670683307897806e-18,-8.661140281044558,-0.8661140281044558,4.14710104944116e-15
K-Neighbors (All),SVM (MW - inCV),7.0,4.813431763854939e-18,-8.657708353209635,-0.8657708353209635,4.2163296657743306e-15
K-Neighbors (All),SVM (Wilcoxon - inCV),5.0,4.531351781913917e-18,-8.66459141008177,-0.8664591410081769,4.073456349228268e-15
K-Neighbors (All),SVM (Kruskal - inCV),5.0,4.531861061109546e-18,-8.664578605888165,-0.8664578605888165,4.073456349228268e-15
K-Neighbors (All),SVM (Chi-square - inCV),8.0,4.9610417082651575e-18,-8.654263631357347,-0.8654263631357347,4.3059428057803595e-15
K-Neighbors (All),SVM (KS - inCV),25.0,8.267341267699856e-18,-8.595818460295506,-0.8595818460295506,6.6717444030337845e-15
K-Neighbors (All),K-Neighbors (MW - inCV),5.0,4.531861061109546e-18,-8.664578605888165,-0.8664578605888165,4.073456349228268e-15
K-Neighbors (All),K-Neighbors (Wilcoxon - inCV),5.0,4.531861061109546e-18,-8.664578605888165,-0.8664578605888165,4.073456349228268e-15
K-Neighbors (All),K-Neighbors (Kruskal - inCV),6.0,4.670683307897806e-18,-8.661140281044558,-0.8661140281044558,4.14710104944116e-15
K-Neighbors (All),K-Neighbors (Chi-square - inCV),0.0,3.896340037647931e-18,-8.681776644898465,-0.8681776644898465,4.032484450422398e-15
K-Neighbors (All),K-Neighbors (KS - inCV),15.0,6.1237029421042094e-18,-8.630214487548272,-0.8630214487548272,5.107168253714911e-15
K-Neighbors (All),Decision Tree (MW - inCV),10.0,5.26890956269266e-18,-8.647393371057284,-0.8647393371057284,4.510186585664917e-15
K-Neighbors (All),Decision Tree (Wilcoxon - inCV),7.0,4.813701823147399e-18,-8.657701956200953,-0.8657701956200953,4.2163296657743306e-15
K-Neighbors (All),Decision Tree (Kruskal - inCV),2.0,4.138907641956126e-18,-8.674906399855676,-0.8674906399855675,4.032484450422398e-15
K-Neighbors (All),Decision Tree (Chi-square - inCV),7.0,4.813701823147399e-18,-8.657701956200953,-0.8657701956200953,4.2163296657743306e-15
K-Neighbors (All),Decision Tree (KS - inCV),19.0,6.906672275406012e-18,-8.616442058077675,-0.8616442058077676,5.6496579212821174e-15
K-Neighbors (All),Naive Bayes (MW - inCV),1.0,4.0161556854627e-18,-8.67833190526259,-0.8678331905262591,4.032484450422398e-15
K-Neighbors (All),Naive Bayes (Wilcoxon - inCV),0.0,3.8965598450959084e-18,-8.681770230106196,-0.8681770230106196,4.032484450422398e-15
K-Neighbors (All),Naive Bayes (Kruskal - inCV),2.0,4.139140769112086e-18,-8.674899990130227,-0.8674899990130227,4.032484450422398e-15
K-Neighbors (All),Naive Bayes (Chi-square - inCV),0.0,3.8965598450959084e-18,-8.681770230106196,-0.8681770230106196,4.032484450422398e-15
K-Neighbors (All),Naive Bayes (KS - inCV),1.0,4.015929308708381e-18,-8.678338317514347,-0.8678338317514347,4.032484450422398e-15
K-Neighbors (All),Integrated-SelectFromModel (L1-LR selector) + LR,320.0,3.415364059158846e-14,-7.581517483821549,-0.7581517483821549,2.2643863712223147e-11
K-Neighbors (All),Integrated-SelectFromModel (L1-LR selector) + SVM,759.5,1.2761827201233061e-09,-6.070366996660689,-0.6070366996660689,6.699959280647358e-07
K-Neighbors (All),Integrated-SelectFromModel (L1-LR selector) + KNN,2157.5,0.2063789076242799,-1.2635853136634398,-0.12635853136634398,1.0
K-Neighbors (All),Integrated-SelectFromModel (L1-LR selector) + Naive Bayes,2201.0,0.265271786694969,1.1140172493284786,0.11140172493284786,1.0
K-Neighbors (All),Integrated-SelectFromModel (RF selector) + RF,1.0,4.015702944049438e-18,-8.678344729780314,-0.8678344729780314,4.032484450422398e-15
K-Neighbors (All),Integrated-SelectFromModel (RF selector) + LR,98.0,7.131837179827792e-17,-8.344826727090656,-0.8344826727090655,5.327204435136702e-14
K-Neighbors (All),Integrated-SelectFromModel (RF selector) + KNN,2156.5,0.20514583257862307,-1.2670264495957904,-0.12670264495957903,1.0
K-Neighbors (All),Integrated-RFECV (L1-LR) + LR,276.5,1.066387139942349e-14,-7.73107912318978,-0.773107912318978,7.27276029440682e-12
K-Neighbors (All),Integrated-RFECV (L1-LR) + KNN,1902.5,0.0323257816870792,-2.1403587966135817,-0.21403587966135817,1.0
K-Neighbors (All),Integrated-RFECV (L1-LR) + Naive Bayes,2493.5,0.91375160473248,0.10830771273299095,0.010830771273299095,1.0
Decision Tree (All),Naive Bayes (All),72.0,4.979460579307799e-17,8.387179108412994,0.8387179108412994,3.7545132767980805e-14
Decision Tree (All),Random Forest (MW - inCV),300.0,2.0051816294452508e-14,-7.650295387654371,-0.7650295387654371,1.343471691728318e-11
Decision Tree (All),Random Forest (Wilcoxon - inCV),375.5,1.4606862037063098e-13,-7.3906901730042724,-0.7390690173004273,9.362998565757447e-11
Decision Tree (All),Random Forest (Kruskal - inCV),535.0,7.79471807746837e-12,-6.842271494395225,-0.6842271494395226,4.708009718790895e-09
Decision Tree (All),Random Forest (Chi-square - inCV),294.0,1.7079003674309875e-14,-7.67090272608591,-0.7670902726085911,1.1460011465461925e-11
Decision Tree (All),Random Forest (KS - inCV),348.0,7.141720656089377e-14,-7.485238715225329,-0.7485238715225329,4.6492601471141845e-11
Decision Tree (All),Logistic Regression (MW - inCV),549.0,1.0895679495801035e-11,-6.794144951153539,-0.6794144951153539,6.493824979497417e-09
Decision Tree (All),Logistic Regression (Wilcoxon - inCV),579.0,2.21673252351026e-11,-6.690985089494024,-0.6690985089494024,1.3056554563475432e-08
Decision Tree (All),Logistic Regression (Kruskal - inCV),431.0,6.027550091104126e-13,-7.199857542343517,-0.7199857542343517,3.779273907122287e-10
Decision Tree (All),Logistic Regression (Chi-square - inCV),679.0,2.1933689736638538e-10,-6.347152351082203,-0.6347152351082203,1.212933042436111e-07
Decision Tree (All),Logistic Regression (KS - inCV),646.0,1.0427682691442775e-10,-6.460617154758105,-0.6460617154758105,5.9020684033566104e-08
Decision Tree (All),SVM (MW - inCV),702.0,3.6555940241267413e-10,-6.268066189894494,-0.6268066189894494,1.9920025588085252e-07
Decision Tree (All),SVM (Wilcoxon - inCV),759.0,1.262626828973254e-09,-6.0720816738089285,-0.6072081673808929,6.654043388689048e-07
Decision Tree (All),SVM (Kruskal - inCV),865.0,1.1455600575474856e-08,-5.707636109441013,-0.5707636109441012,5.521599477378881e-06
Decision Tree (All),SVM (Chi-square - inCV),862.0,1.0781614845699078e-08,-5.717951114458076,-0.5717951114458076,5.239864815009752e-06
Decision Tree (All),SVM (KS - inCV),1269.0,2.561713794395525e-05,-4.20929267723383,-0.420929267723383,0.00917093538393598
Decision Tree (All),K-Neighbors (MW - inCV),1360.0,6.184525486338901e-05,-4.0056573219098555,-0.40056573219098557,0.021398458182732595
Decision Tree (All),K-Neighbors (Wilcoxon - inCV),1502.5,0.0004386089155503805,-3.5156923479399245,-0.35156923479399244,0.13114406574956378
Decision Tree (All),K-Neighbors (Kruskal - inCV),1098.0,9.271749973399563e-07,-4.906496802455034,-0.4906496802455034,0.00039312219887214145
Decision Tree (All),K-Neighbors (Chi-square - inCV),853.0,8.983249162340646e-09,-5.748887633990762,-0.5748887633990762,4.374842342059894e-06
Decision Tree (All),K-Neighbors (KS - inCV),1509.0,0.0004770222417899159,-3.4933380411041175,-0.34933380411041176,0.14167423627855202
Decision Tree (All),Decision Tree (MW - inCV),1489.0,0.0003678901391887721,-3.5621071699464584,-0.35621071699464585,0.11294227273095304
Decision Tree (All),Decision Tree (Wilcoxon - inCV),1318.0,3.3238200767841116e-05,-4.150064219035197,-0.41500642190351966,0.011799561272583596
Decision Tree (All),Decision Tree (Kruskal - inCV),1019.0,2.241226114927465e-07,-5.178128692528964,-0.5178128692528964,0.00010018280733725769
Decision Tree (All),Decision Tree (Chi-square - inCV),1335.0,4.283894223243218e-05,-4.091609587100662,-0.40916095871006625,0.015122146608048559
Decision Tree (All),Decision Tree (KS - inCV),1271.0,1.620245930578649e-05,-4.311672097131947,-0.43116720971319467,0.005930100105917856
Decision Tree (All),Naive Bayes (MW - inCV),792.5,2.5706398135332456e-09,-5.956902192984787,-0.5956902192984787,1.3033143854613556e-06
Decision Tree (All),Naive Bayes (Wilcoxon - inCV),801.5,3.104750913847273e-09,-5.925961625109497,-0.5925961625109497,1.5616897096651784e-06
Decision Tree (All),Naive Bayes (Kruskal - inCV),540.0,1.4410072727439454e-11,-6.753721004901848,-0.6753721004901848,8.559583200099035e-09
Decision Tree (All),Naive Bayes (Chi-square - inCV),365.0,1.1127180638567001e-13,-7.426781662189856,-0.7426781662189856,7.165904331237148e-11
Decision Tree (All),Naive Bayes (KS - inCV),428.5,5.659094744226784e-13,-7.208453360803813,-0.7208453360803813,3.559570594118647e-10
Decision Tree (All),Integrated-SelectFromModel (L1-LR selector) + LR,1174.0,3.3977958250752524e-06,4.6451802959436925,0.4645180295943693,0.0013455271467298
Decision Tree (All),Integrated-SelectFromModel (L1-LR selector) + SVM,465.0,1.4111310946189513e-12,7.082954411283499,0.7082954411283499,8.720790164745119e-10
Decision Tree (All),Integrated-SelectFromModel (L1-LR selector) + KNN,87.0,5.175535327228704e-17,8.382635968712439,0.8382635968712439,3.8920025660759854e-14
Decision Tree (All),Integrated-SelectFromModel (L1-LR selector) + Naive Bayes,9.0,5.112831740936498e-18,8.650825306513738,0.8650825306513739,4.406767235058269e-15
Decision Tree (All),Integrated-SelectFromModel (RF selector) + RF,98.0,7.131465107278048e-17,-8.3448328929401,-0.83448328929401,5.327204435136702e-14
Decision Tree (All),Integrated-SelectFromModel (RF selector) + LR,2375.5,0.6072299933627311,0.5140314631601398,0.05140314631601398,1.0
Decision Tree (All),Integrated-SelectFromModel (RF selector) + KNN,77.0,3.861843481183515e-17,8.417019217148502,0.8417019217148501,2.942724732661838e-14
Decision Tree (All),Integrated-RFECV (L1-LR) + LR,1289.0,2.139846003986823e-05,4.2497757868496295,0.42497757868496294,0.007724844074392431
Decision Tree (All),Integrated-RFECV (L1-LR) + KNN,59.0,2.2729077743192642e-17,8.478921594151444,0.8478921594151444,1.7683222484203875e-14
Decision Tree (All),Integrated-RFECV (L1-LR) + Naive Bayes,13.0,5.766881583747939e-18,8.637078388904927,0.8637078388904926,4.866976275995499e-15
Naive Bayes (All),Random Forest (MW - inCV),1.0,4.015702944049438e-18,-8.678344729780314,-0.8678344729780314,4.032484450422398e-15
Naive Bayes (All),Random Forest (Wilcoxon - inCV),0.0,3.896340037647931e-18,-8.681776644898465,-0.8681776644898465,4.032484450422398e-15
Naive Bayes (All),Random Forest (Kruskal - inCV),6.0,4.670158839460766e-18,-8.661153080157133,-0.8661153080157133,4.14710104944116e-15
Naive Bayes (All),Random Forest (Chi-square - inCV),0.0,3.896340037647931e-18,-8.681776644898465,-0.8681776644898465,4.032484450422398e-15
Naive Bayes (All),Random Forest (KS - inCV),1.0,4.015929308708381e-18,-8.678338317514347,-0.8678338317514347,4.032484450422398e-15
Naive Bayes (All),Logistic Regression (MW - inCV),5.0,4.531097162656583e-18,-8.66459781219986,-0.866459781219986,4.073456349228268e-15
Naive Bayes (All),Logistic Regression (Wilcoxon - inCV),2.0,4.139140769112086e-18,-8.674899990130227,-0.8674899990130227,4.032484450422398e-15
Naive Bayes (All),Logistic Regression (Kruskal - inCV),0.0,3.8965598450959084e-18,-8.681770230106196,-0.8681770230106196,4.032484450422398e-15
Naive Bayes (All),Logistic Regression (Chi-square - inCV),3.0,4.2663227307182344e-18,-8.671455255575378,-0.8671455255575378,4.032484450422398e-15
Naive Bayes (All),Logistic Regression (KS - inCV),14.0,5.94331234302936e-18,-8.633633682295706,-0.8633633682295706,4.9861608393083445e-15
Naive Bayes (All),SVM (MW - inCV),8.0,4.9607636011294465e-18,-8.654270025825518,-0.8654270025825518,4.3059428057803595e-15
Naive Bayes (All),SVM (Wilcoxon - inCV),7.0,4.8131617189204686e-18,-8.657714750232495,-0.8657714750232495,4.2163296657743306e-15
Naive Bayes (All),SVM (Kruskal - inCV),6.0,6.84126346925329e-18,-8.617532023292146,-0.8617532023292146,5.6029947813184444e-15
Naive Bayes (All),SVM (Chi-square - inCV),18.0,6.702036285672441e-18,-8.619886751984335,-0.8619886751984336,5.542584008251109e-15
Naive Bayes (All),SVM (KS - inCV),37.0,1.183206743062059e-17,-8.554558531686087,-0.8554558531686087,9.41832567477399e-15
Naive Bayes (All),K-Neighbors (MW - inCV),9.0,5.112831740936498e-18,-8.650825306513738,-0.8650825306513739,4.406767235058269e-15
Naive Bayes (All),K-Neighbors (Wilcoxon - inCV),0.0,3.896340037647931e-18,-8.681776644898465,-0.8681776644898465,4.032484450422398e-15
Naive Bayes (All),K-Neighbors (Kruskal - inCV),22.0,7.556629054981239e-18,-8.606133442447863,-0.8606133442447863,6.135982792644765e-15
Naive Bayes (All),K-Neighbors (Chi-square - inCV),9.0,5.11254534956045e-18,-8.650831698441399,-0.8650831698441399,4.406767235058269e-15
Naive Bayes (All),K-Neighbors (KS - inCV),17.0,6.5033869066614105e-18,-8.623331450986143,-0.8623331450986143,5.404314519435632e-15
Naive Bayes (All),Decision Tree (MW - inCV),12.0,5.595935169606226e-18,-8.640516716289044,-0.8640516716289044,4.739492218793972e-15
Naive Bayes (All),Decision Tree (Wilcoxon - inCV),2.0,4.139140769112086e-18,-8.674899990130227,-0.8674899990130227,4.032484450422398e-15
Naive Bayes (All),Decision Tree (Kruskal - inCV),4.0,4.396866285628059e-18,-8.668023335361992,-0.8668023335361992,4.032484450422398e-15
Naive Bayes (All),Decision Tree (Chi-square - inCV),13.0,5.7672036158171394e-18,-8.637072007139313,-0.8637072007139313,4.866976275995499e-15
Naive Bayes (All),Decision Tree (KS - inCV),14.0,5.942980738150589e-18,-8.633640061520808,-0.8633640061520808,4.9861608393083445e-15
Naive Bayes (All),Naive Bayes (MW - inCV),3.0,4.266082629108708e-18,-8.671461662746108,-0.8671461662746107,4.032484450422398e-15
Naive Bayes (All),Naive Bayes (Wilcoxon - inCV),2.0,4.138907641956126e-18,-8.674906399855676,-0.8674906399855675,4.032484450422398e-15
Naive Bayes (All),Naive Bayes (Kruskal - inCV),0.0,3.896120241954008e-18,-8.681783059704948,-0.8681783059704948,4.032484450422398e-15
Naive Bayes (All),Naive Bayes (Chi-square - inCV),0.0,3.8965598450959084e-18,-8.681770230106196,-0.8681770230106196,4.032484450422398e-15
Naive Bayes (All),Naive Bayes (KS - inCV),3.0,4.2663227307182344e-18,-8.671455255575378,-0.8671455255575378,4.032484450422398e-15
Naive Bayes (All),Integrated-SelectFromModel (L1-LR selector) + LR,321.5,3.553541877413617e-14,-7.576371185032091,-0.7576371185032091,2.3488911809704008e-11
Naive Bayes (All),Integrated-SelectFromModel (L1-LR selector) + SVM,1141.5,1.965632451148964e-06,-4.756925935927535,-0.4756925935927535,0.0007980467751664794
Naive Bayes (All),Integrated-SelectFromModel (L1-LR selector) + KNN,1947.5,0.04707364512548302,1.9856369986291347,0.19856369986291347,1.0
Naive Bayes (All),Integrated-SelectFromModel (L1-LR selector) + Naive Bayes,657.0,1.33773273795991e-10,6.422819282070701,0.6422819282070701,7.504680659955096e-08
Naive Bayes (All),Integrated-SelectFromModel (RF selector) + RF,0.0,3.8965598450959084e-18,-8.681770230106196,-0.8681770230106196,4.032484450422398e-15
Naive Bayes (All),Integrated-SelectFromModel (RF selector) + LR,59.0,2.2729077743192642e-17,-8.478921594151444,-0.8478921594151444,1.7683222484203875e-14
Naive Bayes (All),Integrated-SelectFromModel (RF selector) + KNN,1821.5,0.015568936247260556,2.418866889239127,0.2418866889239127,1.0
Naive Bayes (All),Integrated-RFECV (L1-LR) + LR,329.0,4.333676013901911e-14,-7.550566935523574,-0.7550566935523574,2.8428914651196537e-11
Naive Bayes (All),Integrated-RFECV (L1-LR) + KNN,2165.0,0.21579136199294846,1.2377969436983092,0.12377969436983091,1.0
Naive Bayes (All),Integrated-RFECV (L1-LR) + Naive Bayes,919.5,3.385159033462275e-08,5.520250930458892,0.5520250930458892,1.601180222827656e-05
Random Forest (MW - inCV),Random Forest (Wilcoxon - inCV),2211.0,0.2803005744945415,1.0796443713994615,0.10796443713994615,1.0
Random Forest (MW - inCV),Random Forest (Kruskal - inCV),1968.5,0.05569276889400972,1.9134320168608023,0.19134320168608024,1.0
Random Forest (MW - inCV),Random Forest (Chi-square - inCV),2186.0,0.24377591077574523,-1.1656007344034454,-0.11656007344034454,1.0
Random Forest (MW - inCV),Random Forest (KS - inCV),2243.0,0.3322392623265288,0.9696133373360695,0.09696133373360695,1.0
Random Forest (MW - inCV),Logistic Regression (MW - inCV),2358.0,0.5658317267963462,0.5742010974141489,0.05742010974141489,1.0
Random Forest (MW - inCV),Logistic Regression (Wilcoxon - inCV),2422.0,0.7232281806822703,-0.35414772056417504,-0.03541477205641751,1.0
Random Forest (MW - inCV),Logistic Regression (Kruskal - inCV),2326.0,0.49383078338107955,-0.684228666131784,-0.0684228666131784,1.0
Random Forest (MW - inCV),Logistic Regression (Chi-square - inCV),1992.5,0.06711266353318956,1.830918801884599,0.1830918801884599,1.0
Random Forest (MW - inCV),Logistic Regression (KS - inCV),1804.5,0.013237234309338548,2.4773222020527137,0.24773222020527136,1.0
Random Forest (MW - inCV),SVM (MW - inCV),1601.5,0.0014967680672990727,3.1753094163181936,0.3175309416318194,0.3891596974977589
Random Forest (MW - inCV),SVM (Wilcoxon - inCV),1509.5,0.00048008885546310773,3.4916266183686337,0.3491626618368634,0.14167423627855202
Random Forest (MW - inCV),SVM (Kruskal - inCV),1565.5,0.0009700310498200669,3.29907756268788,0.329907756268788,0.26578850765069834
Random Forest (MW - inCV),SVM (Chi-square - inCV),1561.0,0.0009178753022536008,3.314559843638198,0.3314559843638198,0.25700508463100824
Random Forest (MW - inCV),SVM (KS - inCV),803.5,3.23737697281034e-09,5.919084965260225,0.5919084965260225,1.6219258633779804e-06
Random Forest (MW - inCV),K-Neighbors (MW - inCV),627.0,6.757394583978987e-11,6.5259453750563505,0.652594537505635,3.8855018857879176e-08
Random Forest (MW - inCV),K-Neighbors (Wilcoxon - inCV),627.5,6.834908696533525e-11,6.524235852638585,0.6524235852638585,3.9232375918102433e-08
Random Forest (MW - inCV),K-Neighbors (Kruskal - inCV),967.0,8.464979781231099e-08,5.356925938860902,0.5356925938860903,3.868495760022612e-05
Random Forest (MW - inCV),K-Neighbors (Chi-square - inCV),1570.0,0.0010248931212651225,3.283602651832885,0.32836026518328854,0.27979582210537846
Random Forest (MW - inCV),K-Neighbors (KS - inCV),429.0,5.730971651613787e-13,7.2067341971117544,0.7206734197111755,3.5990501972134585e-10
Random Forest (MW - inCV),Decision Tree (MW - inCV),545.0,9.903138128990388e-12,6.807903311260967,0.6807903311260967,5.922076601136252e-09
Random Forest (MW - inCV),Decision Tree (Wilcoxon - inCV),763.5,1.390169021370798e-09,6.056613687124216,0.6056613687124216,7.256682291555566e-07
Random Forest (MW - inCV),Decision Tree (Kruskal - inCV),1223.0,7.580485302025567e-06,4.476702254121901,0.4476702254121901,0.0028730039294676897
Random Forest (MW - inCV),Decision Tree (Chi-square - inCV),762.0,1.3463066050123733e-09,6.061771178200393,0.6061771178200394,7.041183544214713e-07
Random Forest (MW - inCV),Decision Tree (KS - inCV),556.0,1.287186588098089e-11,6.770071621607541,0.6770071621607541,7.65876019918363e-09
Random Forest (MW - inCV),Naive Bayes (MW - inCV),1871.0,0.024533746935239246,2.248666109213305,0.2248666109213305,1.0
Random Forest (MW - inCV),Naive Bayes (Wilcoxon - inCV),2032.5,0.09038316112877552,1.6933799903010232,0.16933799903010233,1.0
Random Forest (MW - inCV),Naive Bayes (Kruskal - inCV),2187.0,0.24517160339785438,1.1621572319223263,0.11621572319223264,1.0
Random Forest (MW - inCV),Naive Bayes (Chi-square - inCV),1898.0,0.031096842819856547,-2.1558312698421136,-0.21558312698421137,1.0
Random Forest (MW - inCV),Naive Bayes (KS - inCV),2376.5,0.6096354620310583,0.5105938801551183,0.05105938801551183,1.0
Random Forest (MW - inCV),Integrated-SelectFromModel (L1-LR selector) + LR,207.0,1.5859665225287448e-15,7.970060543183295,0.7970060543183295,1.1260362309954089e-12
Random Forest (MW - inCV),Integrated-SelectFromModel (L1-LR selector) + SVM,22.0,7.55704804907942e-18,8.606127083546857,0.8606127083546857,6.135982792644765e-15
Random Forest (MW - inCV),Integrated-SelectFromModel (L1-LR selector) + KNN,5.0,4.531351781913917e-18,8.66459141008177,0.8664591410081769,4.073456349228268e-15
Random Forest (MW - inCV),Integrated-SelectFromModel (L1-LR selector) + Naive Bayes,0.0,3.896340037647931e-18,8.681776644898465,0.8681776644898465,4.032484450422398e-15
Random Forest (MW - inCV),Integrated-SelectFromModel (RF selector) + RF,921.0,3.486028087835861e-08,-5.515089349122522,-0.5515089349122522,1.6419192293706904e-05
Random Forest (MW - inCV),Integrated-SelectFromModel (RF selector) + LR,474.0,1.763389930747961e-12,7.05201988604044,0.7052019886040439,1.088011587271492e-09
Random Forest (MW - inCV),Integrated-SelectFromModel (RF selector) + KNN,2.0,4.139140769112086e-18,8.674899990130227,0.8674899990130227,4.032484450422398e-15
Random Forest (MW - inCV),Integrated-RFECV (L1-LR) + LR,223.0,2.471825795841644e-15,7.915035486511204,0.7915035486511204,1.7396746326743948e-12
Random Forest (MW - inCV),Integrated-RFECV (L1-LR) + KNN,6.0,4.670421066702361e-18,8.661146680593756,0.8661146680593756,4.14710104944116e-15
Random Forest (MW - inCV),Integrated-RFECV (L1-LR) + Naive Bayes,1.0,4.0161556854627e-18,8.67833190526259,0.8678331905262591,4.032484450422398e-15
Random Forest (Wilcoxon - inCV),Random Forest (Kruskal - inCV),2181.0,0.23689313163335202,1.1827881159002547,0.11827881159002547,1.0
Random Forest (Wilcoxon - inCV),Random Forest (Chi-square - inCV),1796.0,0.012191520112846195,-2.506551775306944,-0.2506551775306944,1.0
Random Forest (Wilcoxon - inCV),Random Forest (KS - inCV),2512.0,0.9643477185249077,-0.0446983881008817,-0.00446983881008817,1.0
Random Forest (Wilcoxon - inCV),Logistic Regression (MW - inCV),2518.0,0.9807980646328592,-0.024068380607331352,-0.0024068380607331352,1.0
Random Forest (Wilcoxon - inCV),Logistic Regression (Wilcoxon - inCV),2441.0,0.7727185287974927,-0.2888207806938041,-0.028882078069380413,1.0
Random Forest (Wilcoxon - inCV),Logistic Regression (Kruskal - inCV),2095.5,0.13973896503805247,-1.4767637937856501,-0.147676379378565,1.0
Random Forest (Wilcoxon - inCV),Logistic Regression (Chi-square - inCV),2250.5,0.3452604825661437,0.9438222616860561,0.09438222616860562,1.0
Random Forest (Wilcoxon - inCV),Logistic Regression (KS - inCV),2131.5,0.1760611172086355,-1.3529828253441172,-0.13529828253441173,1.0
Random Forest (Wilcoxon - inCV),SVM (MW - inCV),1859.0,0.022025310250770203,2.2899311137877802,0.22899311137877804,1.0
Random Forest (Wilcoxon - inCV),SVM (Wilcoxon - inCV),1554.5,0.0008471566417276404,3.3369090542021493,0.33369090542021496,0.24143964289237752
Random Forest (Wilcoxon - inCV),SVM (Kruskal - inCV),1769.0,0.00933919810963375,2.599381264299642,0.25993812642996417,1.0
Random Forest (Wilcoxon - inCV),SVM (Chi-square - inCV),1717.0,0.005466556664207296,2.778172631848209,0.2778172631848209,1.0
Random Forest (Wilcoxon - inCV),SVM (KS - inCV),968.5,8.709881163223256e-08,5.351768436352371,0.5351768436352371,3.9717058104298045e-05
Random Forest (Wilcoxon - inCV),K-Neighbors (MW - inCV),899.0,2.2612416987679262e-08,5.590724457457522,0.5590724457457522,1.076351048613533e-05
Random Forest (Wilcoxon - inCV),K-Neighbors (Wilcoxon - inCV),500.0,3.3399418585954267e-12,6.962623241946314,0.6962623241946314,2.0407044756018057e-09
Random Forest (Wilcoxon - inCV),K-Neighbors (Kruskal - inCV),1183.0,3.94545151756842e-06,4.614235349486629,0.4614235349486629,0.001550562446404389
Random Forest (Wilcoxon - inCV),K-Neighbors (Chi-square - inCV),1768.0,0.009246007304064182,2.602821522489805,0.2602821522489805,1.0
Random Forest (Wilcoxon - inCV),K-Neighbors (KS - inCV),609.0,4.463000234984911e-11,6.5878304003498895,0.658783040034989,2.5930031365262333e-08
Random Forest (Wilcoxon - inCV),Decision Tree (MW - inCV),766.5,1.4820298649684236e-09,6.046307639981529,0.6046307639981529,7.691521824913597e-07
Random Forest (Wilcoxon - inCV),Decision Tree (Wilcoxon - inCV),730.0,6.751787566947394e-10,6.171797654492175,0.6171797654492175,3.6054545607499086e-07
Random Forest (Wilcoxon - inCV),Decision Tree (Kruskal - inCV),1411.5,0.00012888454326291155,3.828580371081766,0.38285803710817656,0.042403014733497904
Random Forest (Wilcoxon - inCV),Decision Tree (Chi-square - inCV),862.0,1.078241887339943e-08,5.717938439788574,0.5717938439788574,5.239864815009752e-06
Random Forest (Wilcoxon - inCV),Decision Tree (KS - inCV),748.0,9.96774596986402e-10,6.109925819635909,0.6109925819635909,5.28290536402793e-07
Random Forest (Wilcoxon - inCV),Naive Bayes (MW - inCV),1950.5,0.048230790389017494,1.9753292989346523,0.19753292989346521,1.0
Random Forest (Wilcoxon - inCV),Naive Bayes (Wilcoxon - inCV),2132.5,0.17716117833060785,1.3495474868920054,0.13495474868920054,1.0
Random Forest (Wilcoxon - inCV),Naive Bayes (Kruskal - inCV),2369.0,0.5916960445370663,0.5363798645647533,0.05363798645647533,1.0
Random Forest (Wilcoxon - inCV),Naive Bayes (Chi-square - inCV),1658.5,0.0028889562020643885,-2.9793128796967676,-0.2979312879696768,0.6933494884954532
Random Forest (Wilcoxon - inCV),Naive Bayes (KS - inCV),2174.5,0.22815064229397797,-1.2051364194934187,-0.12051364194934186,1.0
Random Forest (Wilcoxon - inCV),Integrated-SelectFromModel (L1-LR selector) + LR,196.0,1.1671180636159054e-15,8.007870394476365,0.8007870394476365,8.356565335489883e-13
Random Forest (Wilcoxon - inCV),Integrated-SelectFromModel (L1-LR selector) + SVM,13.0,5.766559568715046e-18,8.637084770684686,0.8637084770684685,4.866976275995499e-15
Random Forest (Wilcoxon - inCV),Integrated-SelectFromModel (L1-LR selector) + KNN,1.0,4.0161556854627e-18,8.67833190526259,0.8678331905262591,4.032484450422398e-15
Random Forest (Wilcoxon - inCV),Integrated-SelectFromModel (L1-LR selector) + Naive Bayes,0.0,3.896340037647931e-18,8.681776644898465,0.8681776644898465,4.032484450422398e-15
Random Forest (Wilcoxon - inCV),Integrated-SelectFromModel (RF selector) + RF,798.5,2.915443280119705e-09,-5.9362897735517155,-0.5936289773551715,1.4752142997405708e-06
Random Forest (Wilcoxon - inCV),Integrated-SelectFromModel (RF selector) + LR,497.0,3.104116568054999e-12,6.9729279349917155,0.6972927934991715,1.8997193396496593e-09
Random Forest (Wilcoxon - inCV),Integrated-SelectFromModel (RF selector) + KNN,0.0,3.896340037647931e-18,8.681776644898465,0.8681776644898465,4.032484450422398e-15
Random Forest (Wilcoxon - inCV),Integrated-RFECV (L1-LR) + LR,224.0,2.5410751389795508e-15,7.911597156586567,0.7911597156586567,1.7787525972856855e-12
Random Forest (Wilcoxon - inCV),Integrated-RFECV (L1-LR) + KNN,0.0,3.8965598450959084e-18,8.681770230106196,0.8681770230106196,4.032484450422398e-15
Random Forest (Wilcoxon - inCV),Integrated-RFECV (L1-LR) + Naive Bayes,0.0,3.896120241954008e-18,8.681783059704948,0.8681783059704948,4.032484450422398e-15
Random Forest (Kruskal - inCV),Random Forest (Chi-square - inCV),1585.0,0.001229079322701742,-3.2320444577868983,-0.32320444577868984,0.32939325848406686
Random Forest (Kruskal - inCV),Random Forest (KS - inCV),1962.5,0.07364954312450456,-1.7887844068886718,-0.17887844068886719,1.0
Random Forest (Kruskal - inCV),Logistic Regression (MW - inCV),2218.5,0.2919506748081868,-1.0538520152696547,-0.10538520152696547,1.0
Random Forest (Kruskal - inCV),Logistic Regression (Wilcoxon - inCV),2163.0,0.2132517564117422,-1.244673593385522,-0.1244673593385522,1.0
Random Forest (Kruskal - inCV),Logistic Regression (Kruskal - inCV),1616.0,0.001775381361078324,-3.125441901493781,-0.31254419014937806,0.45449762843605096
Random Forest (Kruskal - inCV),Logistic Regression (Chi-square - inCV),2452.5,0.8031443241743796,-0.24927984047977164,-0.024927984047977164,1.0
Random Forest (Kruskal - inCV),Logistic Regression (KS - inCV),2481.0,0.8797497049886835,-0.15128651668396734,-0.015128651668396734,1.0
Random Forest (Kruskal - inCV),SVM (MW - inCV),2253.0,0.34967233229783024,0.9352250484801513,0.09352250484801514,1.0
Random Forest (Kruskal - inCV),SVM (Wilcoxon - inCV),2045.5,0.133850651027323,1.4990885907486524,0.14990885907486523,1.0
Random Forest (Kruskal - inCV),SVM (Kruskal - inCV),2021.0,0.08310951149944827,1.732922123295722,0.1732922123295722,1.0
Random Forest (Kruskal - inCV),SVM (Chi-square - inCV),2208.5,0.2764929567551211,1.088231421147174,0.1088231421147174,1.0
Random Forest (Kruskal - inCV),SVM (KS - inCV),1437.0,0.0001833582963023545,3.740905722092637,0.37409057220926367,0.058858013113055795
Random Forest (Kruskal - inCV),K-Neighbors (MW - inCV),1424.0,0.0001533373864359854,3.7856012470238203,0.37856012470238204,0.049681313205259266
Random Forest (Kruskal - inCV),K-Neighbors (Wilcoxon - inCV),1151.0,2.309289109908409e-06,4.724282769920085,0.47242827699200846,0.0009306435112930887
Random Forest (Kruskal - inCV),K-Neighbors (Kruskal - inCV),1122.0,1.4072121765744886e-06,4.823980448617619,0.4823980448617619,0.0005797714167486894
Random Forest (Kruskal - inCV),K-Neighbors (Chi-square - inCV),2276.0,0.3919187494866655,-0.8561428860579972,-0.08561428860579971,1.0
Random Forest (Kruskal - inCV),K-Neighbors (KS - inCV),1097.5,9.190691492181066e-07,4.908219594014008,0.4908219594014008,0.00039060438841769527
Random Forest (Kruskal - inCV),Decision Tree (MW - inCV),1114.0,1.2253917631551945e-06,4.851487108338889,0.4851487108338889,0.0005097629734725609
Random Forest (Kruskal - inCV),Decision Tree (Wilcoxon - inCV),1121.0,2.2913587052842535e-06,4.7258667522983036,0.47258667522983033,0.0009257089169348384
Random Forest (Kruskal - inCV),Decision Tree (Kruskal - inCV),1472.0,0.00029396142583395927,3.620564085812083,0.3620564085812083,0.09171596486019529
Random Forest (Kruskal - inCV),Decision Tree (Chi-square - inCV),1265.0,1.4756471299208479e-05,4.332292503988937,0.43322925039889365,0.00543038143810872
Random Forest (Kruskal - inCV),Decision Tree (KS - inCV),1110.5,1.153198153874397e-06,4.863514084835199,0.4863514084835199,0.0004831900264733723
Random Forest (Kruskal - inCV),Naive Bayes (MW - inCV),2318.5,0.4776950794773782,0.7100146048204092,0.07100146048204092,1.0
Random Forest (Kruskal - inCV),Naive Bayes (Wilcoxon - inCV),2458.5,0.8191416520803798,0.2286491089330518,0.02286491089330518,1.0
Random Forest (Kruskal - inCV),Naive Bayes (Kruskal - inCV),2360.5,0.5716615744421354,-0.5656061084355704,-0.056560610843557034,1.0
Random Forest (Kruskal - inCV),Naive Bayes (Chi-square - inCV),1439.5,0.00018972980424382,-3.7323126486736267,-0.3732312648673627,0.0607135373580224
Random Forest (Kruskal - inCV),Naive Bayes (KS - inCV),1875.5,0.0255358515275934,-2.233198586193938,-0.2233198586193938,1.0
Random Forest (Kruskal - inCV),Integrated-SelectFromModel (L1-LR selector) + LR,292.0,1.6186995407842902e-14,7.677779375773125,0.7677779375773125,1.0890954551918898e-11
Random Forest (Kruskal - inCV),Integrated-SelectFromModel (L1-LR selector) + SVM,47.0,1.593120599115462e-17,8.52017525784491,0.852017525784491,1.2521927909047531e-14
Random Forest (Kruskal - inCV),Integrated-SelectFromModel (L1-LR selector) + KNN,6.0,4.670683307897806e-18,8.661140281044558,0.8661140281044558,4.14710104944116e-15
Random Forest (Kruskal - inCV),Integrated-SelectFromModel (L1-LR selector) + Naive Bayes,0.0,3.8965598450959084e-18,8.681770230106196,0.8681770230106196,4.032484450422398e-15
Random Forest (Kruskal - inCV),Integrated-SelectFromModel (RF selector) + RF,923.5,3.660514485504941e-08,-5.506493511608303,-0.5506493511608304,1.7204418081873222e-05
Random Forest (Kruskal - inCV),Integrated-SelectFromModel (RF selector) + LR,676.0,2.05088461068701e-10,6.357481425515924,0.6357481425515924,1.1361900743206035e-07
Random Forest (Kruskal - inCV),Integrated-SelectFromModel (RF selector) + KNN,2.0,4.138907641956126e-18,8.674906399855676,0.8674906399855675,4.032484450422398e-15
Random Forest (Kruskal - inCV),Integrated-RFECV (L1-LR) + LR,324.5,3.847588158800513e-14,7.566044999160688,0.7566044999160688,2.5317130084907376e-11
Random Forest (Kruskal - inCV),Integrated-RFECV (L1-LR) + KNN,0.0,3.896340037647931e-18,8.681776644898465,0.8681776644898465,4.032484450422398e-15
Random Forest (Kruskal - inCV),Integrated-RFECV (L1-LR) + Naive Bayes,0.0,3.896340037647931e-18,8.681776644898465,0.8681776644898465,4.032484450422398e-15
Random Forest (Chi-square - inCV),Random Forest (KS - inCV),1681.0,0.003708344940027617,2.901961177447271,0.2901961177447271,0.8751694058465176
Random Forest (Chi-square - inCV),Logistic Regression (MW - inCV),2147.5,0.19429714072095938,1.297971464646977,0.1297971464646977,1.0
Random Forest (Chi-square - inCV),Logistic Regression (Wilcoxon - inCV),2179.5,0.23485517980805637,1.187944744464982,0.1187944744464982,1.0
Random Forest (Chi-square - inCV),Logistic Regression (Kruskal - inCV),2505.5,0.9465439416314745,-0.06704743353039468,-0.0067047433530394674,1.0
Random Forest (Chi-square - inCV),Logistic Regression (Chi-square - inCV),1760.5,0.008573388170302359,2.62861293857635,0.262861293857635,1.0
Random Forest (Chi-square - inCV),Logistic Regression (KS - inCV),1618.0,0.0018172537599262602,3.118579067247571,0.3118579067247571,0.4615824550212701
Random Forest (Chi-square - inCV),SVM (MW - inCV),1519.0,0.0005422450413772334,3.458970127282186,0.3458970127282186,0.1594200421649066
Random Forest (Chi-square - inCV),SVM (Wilcoxon - inCV),1276.5,1.764596800989005e-05,4.292767598321878,0.42927675983218777,0.006440778323609868
Random Forest (Chi-square - inCV),SVM (Kruskal - inCV),1191.0,4.5021585907578994e-06,4.5867422866597085,0.45867422866597085,0.0017513396918048228
Random Forest (Chi-square - inCV),SVM (Chi-square - inCV),1188.5,4.320621516663183e-06,4.595331339684568,0.45953313396845685,0.0016936836345319678
Random Forest (Chi-square - inCV),SVM (KS - inCV),643.5,9.850843428390505e-11,6.469222533196046,0.6469222533196046,5.595279067325807e-08
Random Forest (Chi-square - inCV),K-Neighbors (MW - inCV),695.0,3.1309252952724896e-10,6.292153060407863,0.6292153060407862,1.7126161365140517e-07
Random Forest (Chi-square - inCV),K-Neighbors (Wilcoxon - inCV),527.5,6.507901478730902e-12,6.868064024459656,0.6868064024459656,3.937280394632196e-09
Random Forest (Chi-square - inCV),K-Neighbors (Kruskal - inCV),683.5,2.424915210532517e-10,6.331689234589698,0.6331689234589698,1.3337033657928844e-07
Random Forest (Chi-square - inCV),K-Neighbors (Chi-square - inCV),1130.0,1.614859321973685e-06,4.796470244866693,0.47964702448666935,0.0006637071813311846
Random Forest (Chi-square - inCV),K-Neighbors (KS - inCV),358.5,9.39454458032053e-14,7.449147285766267,0.7449147285766267,6.087664888047704e-11
Random Forest (Chi-square - inCV),Decision Tree (MW - inCV),616.0,5.246516957318068e-11,6.5637669762816495,0.656376697628165,3.037634468162919e-08
Random Forest (Chi-square - inCV),Decision Tree (Wilcoxon - inCV),702.0,3.655050566621147e-10,6.268089346762107,0.6268089346762107,1.9920025588085252e-07
Random Forest (Chi-square - inCV),Decision Tree (Kruskal - inCV),1088.0,7.777072317111981e-07,4.94088010170139,0.49408801017013904,0.000333636402404104
Random Forest (Chi-square - inCV),Decision Tree (Chi-square - inCV),587.5,2.7054170161560387e-11,6.661774073519254,0.6661774073519254,1.5880797884835948e-08
Random Forest (Chi-square - inCV),Decision Tree (KS - inCV),546.0,1.0143608481353597e-11,6.804449893169925,0.6804449893169925,6.0557342633680976e-09
Random Forest (Chi-square - inCV),Naive Bayes (MW - inCV),1721.0,0.005702349617764902,2.764423387162223,0.2764423387162223,1.0
Random Forest (Chi-square - inCV),Naive Bayes (Wilcoxon - inCV),1848.5,0.020016939964945843,2.3260301940159986,0.23260301940159986,1.0
Random Forest (Chi-square - inCV),Naive Bayes (Kruskal - inCV),1963.5,0.053529607373980104,1.9306236791865956,0.19306236791865955,1.0
Random Forest (Chi-square - inCV),Naive Bayes (Chi-square - inCV),2070.5,0.11811824435758557,-1.5627209507468907,-0.15627209507468906,1.0
Random Forest (Chi-square - inCV),Naive Bayes (KS - inCV),2366.0,0.5845886622800198,0.5466944580170641,0.05466944580170641,1.0
Random Forest (Chi-square - inCV),Integrated-SelectFromModel (L1-LR selector) + LR,180.0,7.451905794850834e-16,8.062877715757187,0.8062877715757187,5.387727889677153e-13
Random Forest (Chi-square - inCV),Integrated-SelectFromModel (L1-LR selector) + SVM,7.0,4.8131617189204686e-18,8.657714750232495,0.8657714750232495,4.2163296657743306e-15
Random Forest (Chi-square - inCV),Integrated-SelectFromModel (L1-LR selector) + KNN,2.0,4.139140769112086e-18,8.674899990130227,0.8674899990130227,4.032484450422398e-15
Random Forest (Chi-square - inCV),Integrated-SelectFromModel (L1-LR selector) + Naive Bayes,0.0,3.8965598450959084e-18,8.681770230106196,0.8681770230106196,4.032484450422398e-15
Random Forest (Chi-square - inCV),Integrated-SelectFromModel (RF selector) + RF,1248.5,1.1385154231215742e-05,-4.3890411207512035,-0.43890411207512037,0.004235277374012256
Random Forest (Chi-square - inCV),Integrated-SelectFromModel (RF selector) + LR,436.0,6.836502224859028e-13,7.182665905422926,0.7182665905422926,4.272813890536893e-10
Random Forest (Chi-square - inCV),Integrated-SelectFromModel (RF selector) + KNN,0.0,3.896340037647931e-18,8.681776644898465,0.8681776644898465,4.032484450422398e-15
Random Forest (Chi-square - inCV),Integrated-RFECV (L1-LR) + LR,196.5,1.18354168174307e-15,8.006151229514048,0.8006151229514048,8.46232302446295e-13
Random Forest (Chi-square - inCV),Integrated-RFECV (L1-LR) + KNN,2.0,4.139373908714419e-18,8.674893580418985,0.8674893580418985,4.032484450422398e-15
Random Forest (Chi-square - inCV),Integrated-RFECV (L1-LR) + Naive Bayes,0.0,3.896120241954008e-18,8.681783059704948,0.8681783059704948,4.032484450422398e-15
Random Forest (KS - inCV),Logistic Regression (MW - inCV),2400.0,0.7934957424806817,-0.261773925775726,-0.0261773925775726,1.0
Random Forest (KS - inCV),Logistic Regression (Wilcoxon - inCV),2455.5,0.8111331416632065,-0.23896445946240616,-0.023896445946240616,1.0
Random Forest (KS - inCV),Logistic Regression (Kruskal - inCV),2152.5,0.2002700272753689,-1.2807826286719297,-0.12807826286719298,1.0
Random Forest (KS - inCV),Logistic Regression (Chi-square - inCV),2239.0,0.32542698444490603,0.9833667180075032,0.09833667180075031,1.0
Random Forest (KS - inCV),Logistic Regression (KS - inCV),2092.5,0.13699371217295242,1.4870798899597824,0.14870798899597823,1.0
Random Forest (KS - inCV),SVM (MW - inCV),1958.0,0.051231797823484054,1.9495330672683984,0.19495330672683983,1.0
Random Forest (KS - inCV),SVM (Wilcoxon - inCV),1794.0,0.011956654290515545,2.513421032030991,0.2513421032030991,1.0
Random Forest (KS - inCV),SVM (Kruskal - inCV),1682.5,0.003769958913270108,2.896795101896182,0.28967951018961824,0.8859403446184754
Random Forest (KS - inCV),SVM (Chi-square - inCV),1696.0,0.0043666484470602914,2.8503839319253803,0.28503839319253804,1.0
Random Forest (KS - inCV),SVM (KS - inCV),787.5,2.313037195744567e-09,5.974142386082724,0.5974142386082724,1.1773359326339845e-06
Random Forest (KS - inCV),K-Neighbors (MW - inCV),1000.5,2.6545953315919624e-07,5.146451869895036,0.5146451869895036,0.00011759857318952393
Random Forest (KS - inCV),K-Neighbors (Wilcoxon - inCV),755.0,3.2281456244032303e-09,5.919554648776445,0.5919554648776445,1.6205291034504216e-06
Random Forest (KS - inCV),K-Neighbors (Kruskal - inCV),1218.5,7.049734673279261e-06,4.492181365729808,0.44921813657298076,0.0026929986451926778
Random Forest (KS - inCV),K-Neighbors (Chi-square - inCV),1867.0,0.023671295916462803,2.262422762074408,0.2262422762074408,1.0
Random Forest (KS - inCV),K-Neighbors (KS - inCV),439.5,7.464667913606019e-13,7.170642356088415,0.7170642356088415,4.6504881101765496e-10
Random Forest (KS - inCV),Decision Tree (MW - inCV),899.5,2.2837399400687592e-08,5.589005292495205,0.5589005292495205,1.0847764715326606e-05
Random Forest (KS - inCV),Decision Tree (Wilcoxon - inCV),1016.0,2.1207195839800424e-07,5.1884321890020795,0.5188432189002079,9.52203093207039e-05
Random Forest (KS - inCV),Decision Tree (Kruskal - inCV),1468.5,0.00028058460906691985,3.6325955653775357,0.36325955653775355,0.08782298263794591
Random Forest (KS - inCV),Decision Tree (Chi-square - inCV),890.0,1.8912544265443717e-08,5.621665273033262,0.5621665273033262,9.040196158882096e-06
Random Forest (KS - inCV),Decision Tree (KS - inCV),788.0,2.338247701339031e-09,5.972374666213319,0.5972374666213318,1.1878298322802276e-06
Random Forest (KS - inCV),Naive Bayes (MW - inCV),2083.5,0.12900868587853034,1.5180226617266273,0.15180226617266274,1.0
Random Forest (KS - inCV),Naive Bayes (Wilcoxon - inCV),2203.5,0.26897666529711006,1.1054222539940026,0.11054222539940026,1.0
Random Forest (KS - inCV),Naive Bayes (Kruskal - inCV),2338.0,0.5202441365870454,0.6429691211434525,0.06429691211434525,1.0
Random Forest (KS - inCV),Naive Bayes (Chi-square - inCV),1701.5,0.004633504573309213,-2.8314667850581685,-0.2831466785058169,1.0
Random Forest (KS - inCV),Naive Bayes (KS - inCV),2217.5,0.36878348955932116,-0.8987544079375177,-0.08987544079375177,1.0
Random Forest (KS - inCV),Integrated-SelectFromModel (L1-LR selector) + LR,243.0,4.286172892421098e-15,7.8462630905577395,0.7846263090557739,2.978890160232663e-12
Random Forest (KS - inCV),Integrated-SelectFromModel (L1-LR selector) + SVM,36.0,1.148391949753198e-17,8.558003182418066,0.8558003182418066,9.16416775903052e-15
Random Forest (KS - inCV),Integrated-SelectFromModel (L1-LR selector) + KNN,8.0,4.9610417082651575e-18,8.654263631357347,0.8654263631357347,4.3059428057803595e-15
Random Forest (KS - inCV),Integrated-SelectFromModel (L1-LR selector) + Naive Bayes,0.0,3.8965598450959084e-18,8.681770230106196,0.8681770230106196,4.032484450422398e-15
Random Forest (KS - inCV),Integrated-SelectFromModel (RF selector) + RF,628.0,1.1440228353508879e-10,-6.446579945051339,-0.644657994505134,6.463729019732516e-08
Random Forest (KS - inCV),Integrated-SelectFromModel (RF selector) + LR,570.0,1.793208358637633e-11,6.7219399693852075,0.6721939969385208,1.0615793483134787e-08
Random Forest (KS - inCV),Integrated-SelectFromModel (RF selector) + KNN,1.0,4.0161556854627e-18,8.67833190526259,0.8678331905262591,4.032484450422398e-15
Random Forest (KS - inCV),Integrated-RFECV (L1-LR) + LR,254.0,5.7894162859964276e-15,7.808453028375349,0.780845302837535,4.006276069909528e-12
Random Forest (KS - inCV),Integrated-RFECV (L1-LR) + KNN,3.0,4.266082629108708e-18,8.671461662746108,0.8671461662746107,4.032484450422398e-15
Random Forest (KS - inCV),Integrated-RFECV (L1-LR) + Naive Bayes,0.0,3.896340037647931e-18,8.681776644898465,0.8681776644898465,4.032484450422398e-15
Logistic Regression (MW - inCV),Logistic Regression (Wilcoxon - inCV),1982.0,0.660421716818891,0.0,0.0,1.0
Logistic Regression (MW - inCV),Logistic Regression (Kruskal - inCV),2006.0,0.07434226938577658,-1.7845011421185109,-0.17845011421185109,1.0
Logistic Regression (MW - inCV),Logistic Regression (Chi-square - inCV),1956.5,0.07033910124232985,1.8097207614968025,0.18097207614968025,1.0
Logistic Regression (MW - inCV),Logistic Regression (KS - inCV),1935.5,0.04267202945641787,2.026905974110785,0.2026905974110785,1.0
Logistic Regression (MW - inCV),SVM (MW - inCV),1651.0,0.0026548354633360327,3.005111456266487,0.3005111456266487,0.6424701821273199
Logistic Regression (MW - inCV),SVM (Wilcoxon - inCV),1544.5,0.0007481909430376036,3.3712824911052284,0.33712824911052286,0.21547899159482983
Logistic Regression (MW - inCV),SVM (Kruskal - inCV),1835.0,0.017670750967036335,2.37244589504156,0.237244589504156,1.0
Logistic Regression (MW - inCV),SVM (Chi-square - inCV),1656.5,0.0028247750142203,2.986189539546038,0.2986189539546038,0.6807707784270923
Logistic Regression (MW - inCV),SVM (KS - inCV),1156.0,2.512766860769476e-06,4.707091056783549,0.4707091056783549,0.00100761951116856
Logistic Regression (MW - inCV),K-Neighbors (MW - inCV),917.5,3.2553892937632075e-08,5.527115353851763,0.5527115353851764,1.5430545252437604e-05
Logistic Regression (MW - inCV),K-Neighbors (Wilcoxon - inCV),836.0,6.3476698383716015e-09,5.807330660851234,0.5807330660851233,3.1291607199983414e-06
Logistic Regression (MW - inCV),K-Neighbors (Kruskal - inCV),1402.0,0.00011281225702231442,3.8612416523647415,0.38612416523647414,0.0375664815884307
Logistic Regression (MW - inCV),K-Neighbors (Chi-square - inCV),1752.5,0.007904785630512938,2.656109866781019,0.2656109866781019,1.0
Logistic Regression (MW - inCV),K-Neighbors (KS - inCV),866.0,1.9556375613164484e-08,5.615880528747292,0.5615880528747292,9.328391167479458e-06
Logistic Regression (MW - inCV),Decision Tree (MW - inCV),1049.0,3.8755465794938497e-07,5.074971218958469,0.5074971218958468,0.0001697489401818306
Logistic Regression (MW - inCV),Decision Tree (Wilcoxon - inCV),1168.0,3.0738780398820374e-06,4.665820602717743,0.46658206027177435,0.001223403459873051
Logistic Regression (MW - inCV),Decision Tree (Kruskal - inCV),1564.5,0.0009582082415105433,3.302518332784907,0.33025183327849067,0.2635072664153994
Logistic Regression (MW - inCV),Decision Tree (Chi-square - inCV),1050.0,3.9462404168719033e-07,5.071532891574351,0.5071532891574351,0.000172056082175615
Logistic Regression (MW - inCV),Decision Tree (KS - inCV),1029.5,2.717692105999516e-07,5.142041399137908,0.5142041399137909,0.0001201219910851786
Logistic Regression (MW - inCV),Naive Bayes (MW - inCV),1803.0,0.019002593555990804,2.3454800882915534,0.23454800882915533,1.0
Logistic Regression (MW - inCV),Naive Bayes (Wilcoxon - inCV),2024.5,0.08527208320310403,1.7208828557511606,0.17208828557511607,1.0
Logistic Regression (MW - inCV),Naive Bayes (Kruskal - inCV),2462.0,0.8285081881123639,-0.21661526541196532,-0.021661526541196532,1.0
Logistic Regression (MW - inCV),Naive Bayes (Chi-square - inCV),1582.5,0.0011926756928106034,-3.2406259539690745,-0.32406259539690746,0.3208297613660523
Logistic Regression (MW - inCV),Naive Bayes (KS - inCV),2081.0,0.12685450410362023,-1.526624126524394,-0.1526624126524394,1.0
Logistic Regression (MW - inCV),Integrated-SelectFromModel (L1-LR selector) + LR,290.0,1.5336779359861173e-14,7.684690093912213,0.7684690093912213,1.0352326067906292e-11
Logistic Regression (MW - inCV),Integrated-SelectFromModel (L1-LR selector) + SVM,82.5,4.536322582042418e-17,8.398133251391371,0.8398133251391371,3.438532517188153e-14
Logistic Regression (MW - inCV),Integrated-SelectFromModel (L1-LR selector) + KNN,0.0,3.8965598450959084e-18,8.681770230106196,0.8681770230106196,4.032484450422398e-15
Logistic Regression (MW - inCV),Integrated-SelectFromModel (L1-LR selector) + Naive Bayes,3.0,4.2663227307182344e-18,8.671455255575378,0.8671455255575378,4.032484450422398e-15
Logistic Regression (MW - inCV),Integrated-SelectFromModel (RF selector) + RF,1189.5,4.392364082214208e-06,-4.591896400095465,-0.45918964000954654,0.0017174143561457555
Logistic Regression (MW - inCV),Integrated-SelectFromModel (RF selector) + LR,587.0,2.6742123753601295e-11,6.6634784704210785,0.6663478470421078,1.572436876711756e-08
Logistic Regression (MW - inCV),Integrated-SelectFromModel (RF selector) + KNN,5.0,4.531861061109546e-18,8.664578605888165,0.8664578605888165,4.073456349228268e-15
Logistic Regression (MW - inCV),Integrated-RFECV (L1-LR) + LR,292.0,1.6182696213846804e-14,7.677813413738689,0.7677813413738689,1.0890954551918898e-11
Logistic Regression (MW - inCV),Integrated-RFECV (L1-LR) + KNN,2.0,4.139373908714419e-18,8.674893580418985,0.8674893580418985,4.032484450422398e-15
Logistic Regression (MW - inCV),Integrated-RFECV (L1-LR) + Naive Bayes,1.0,4.0161556854627e-18,8.67833190526259,0.8678331905262591,4.032484450422398e-15
Logistic Regression (Wilcoxon - inCV),Logistic Regression (Kruskal - inCV),2042.5,0.09711622230846356,-1.6589978660519562,-0.1658997866051956,1.0
Logistic Regression (Wilcoxon - inCV),Logistic Regression (Chi-square - inCV),2101.0,0.19176372005412234,1.3053793098682869,0.1305379309868287,1.0
Logistic Regression (Wilcoxon - inCV),Logistic Regression (KS - inCV),2001.0,0.09804603628180629,1.6544011337056497,0.16544011337056497,1.0
Logistic Regression (Wilcoxon - inCV),SVM (MW - inCV),1691.5,0.004158772022963903,2.8658606974099787,0.2865860697409979,0.9731526533735534
Logistic Regression (Wilcoxon - inCV),SVM (Wilcoxon - inCV),1361.0,6.275039200860062e-05,4.002221946620084,0.4002221946620084,0.021648885242967215
Logistic Regression (Wilcoxon - inCV),SVM (Kruskal - inCV),1819.0,0.015204924583294775,2.42746092679275,0.242746092679275,1.0
Logistic Regression (Wilcoxon - inCV),SVM (Chi-square - inCV),1672.5,0.00337678770670981,2.93117842654777,0.293117842654777,0.8036754741969347
Logistic Regression (Wilcoxon - inCV),SVM (KS - inCV),1190.5,4.465537343464406e-06,4.588447894105742,0.45884478941057416,0.0017415595639511182
Logistic Regression (Wilcoxon - inCV),K-Neighbors (MW - inCV),1021.0,2.3254496223335135e-07,5.171240564784048,0.5171240564784048,0.00010348250819384135
Logistic Regression (Wilcoxon - inCV),K-Neighbors (Wilcoxon - inCV),681.5,2.3192069270932038e-10,6.33856121606577,0.633856121606577,1.2778830168283552e-07
Logistic Regression (Wilcoxon - inCV),K-Neighbors (Kruskal - inCV),1382.5,8.555131994636105e-05,3.928291938896199,0.3928291938896199,0.029001897461816396
Logistic Regression (Wilcoxon - inCV),K-Neighbors (Chi-square - inCV),1786.0,0.011055996900768344,2.540923936863352,0.2540923936863352,1.0
Logistic Regression (Wilcoxon - inCV),K-Neighbors (KS - inCV),929.0,4.074993886855655e-08,5.487570505052651,0.5487570505052651,1.9030221451615908e-05
Logistic Regression (Wilcoxon - inCV),Decision Tree (MW - inCV),1088.5,7.845797136632063e-07,4.939164586200435,0.49391645862004346,0.0003358001174478523
Logistic Regression (Wilcoxon - inCV),Decision Tree (Wilcoxon - inCV),1070.5,5.701866253067731e-07,5.001050875382514,0.5001050875382514,0.0002468908087578328
Logistic Regression (Wilcoxon - inCV),Decision Tree (Kruskal - inCV),1501.0,0.0004301745747590023,3.5208446398529682,0.3520844639852968,0.12948127674078497
Logistic Regression (Wilcoxon - inCV),Decision Tree (Chi-square - inCV),1037.5,3.1455312109015714e-07,5.114511983875828,0.5114511983875828,0.0001387179264007593
Logistic Regression (Wilcoxon - inCV),Decision Tree (KS - inCV),1047.0,3.7378071523534583e-07,5.081847873726704,0.5081847873726704,0.00016446351470355216
Logistic Regression (Wilcoxon - inCV),Naive Bayes (MW - inCV),1879.0,0.02633949417448882,2.2211693372404464,0.22211693372404465,1.0
Logistic Regression (Wilcoxon - inCV),Naive Bayes (Wilcoxon - inCV),1989.0,0.06533646806242663,1.8429489247748159,0.1842948924774816,1.0
Logistic Regression (Wilcoxon - inCV),Naive Bayes (Kruskal - inCV),2412.5,0.6988950948698415,-0.38681240233035086,-0.03868124023303508,1.0
Logistic Regression (Wilcoxon - inCV),Naive Bayes (Chi-square - inCV),1553.0,0.001989663284970584,-3.0917709214451112,-0.3091770921445111,0.497415821242646
Logistic Regression (Wilcoxon - inCV),Naive Bayes (KS - inCV),2151.0,0.19846494747797094,-1.285937292127071,-0.12859372921270712,1.0
Logistic Regression (Wilcoxon - inCV),Integrated-SelectFromModel (L1-LR selector) + LR,263.0,7.397379074504311e-15,7.777496542875377,0.7777496542875377,5.089396803258966e-12
Logistic Regression (Wilcoxon - inCV),Integrated-SelectFromModel (L1-LR selector) + SVM,76.0,3.74976980662222e-17,8.42046998543264,0.8420469985432639,2.8610743624527543e-14
Logistic Regression (Wilcoxon - inCV),Integrated-SelectFromModel (L1-LR selector) + KNN,1.0,4.015929308708381e-18,8.678338317514347,0.8678338317514347,4.032484450422398e-15
Logistic Regression (Wilcoxon - inCV),Integrated-SelectFromModel (L1-LR selector) + Naive Bayes,4.0,4.3971135541818935e-18,8.668016930731772,0.8668016930731772,4.032484450422398e-15
Logistic Regression (Wilcoxon - inCV),Integrated-SelectFromModel (RF selector) + RF,1259.5,1.3538449652978993e-05,-4.351216164743525,-0.43512161647435244,0.004995687921949248
Logistic Regression (Wilcoxon - inCV),Integrated-SelectFromModel (RF selector) + LR,543.5,9.555376176858136e-12,6.813045711630219,0.6813045711630219,5.7236703299380235e-09
Logistic Regression (Wilcoxon - inCV),Integrated-SelectFromModel (RF selector) + KNN,3.0,6.24289116856645e-18,8.628009469828097,0.8628009469828097,5.1940854522472864e-15
Logistic Regression (Wilcoxon - inCV),Integrated-RFECV (L1-LR) + LR,267.0,8.246248576180102e-15,7.763737496863285,0.7763737496863284,5.66517277183573e-12
Logistic Regression (Wilcoxon - inCV),Integrated-RFECV (L1-LR) + KNN,3.0,4.2663227307182344e-18,8.671455255575378,0.8671455255575378,4.032484450422398e-15
Logistic Regression (Wilcoxon - inCV),Integrated-RFECV (L1-LR) + Naive Bayes,1.0,4.0161556854627e-18,8.67833190526259,0.8678331905262591,4.032484450422398e-15
Logistic Regression (Kruskal - inCV),Logistic Regression (Chi-square - inCV),1558.0,0.0008845433101442544,3.3248871474908066,0.33248871474908065,0.25032575677082397
Logistic Regression (Kruskal - inCV),Logistic Regression (KS - inCV),1393.0,9.9333009134752e-05,3.8922153577658665,0.38922153577658664,0.03337589106927667
Logistic Regression (Kruskal - inCV),SVM (MW - inCV),1613.0,0.0017140987708973428,3.135759208224711,0.3135759208224711,0.4405233841206171
Logistic Regression (Kruskal - inCV),SVM (Wilcoxon - inCV),1383.0,8.616067496647353e-05,3.926584379081766,0.3926584379081766,0.029122308138668052
Logistic Regression (Kruskal - inCV),SVM (Kruskal - inCV),1079.5,6.691127146154255e-07,4.970120595413917,0.4970120595413917,0.0002890566927138638
Logistic Regression (Kruskal - inCV),SVM (Chi-square - inCV),1473.0,0.0002978925963158196,3.6171257533469254,0.36171257533469253,0.09264459745421989
Logistic Regression (Kruskal - inCV),SVM (KS - inCV),847.5,8.031174398637743e-09,5.767802710303676,0.5767802710303676,3.927244280933856e-06
Logistic Regression (Kruskal - inCV),K-Neighbors (MW - inCV),800.5,3.040436910313071e-09,5.929399955034131,0.5929399955034131,1.5354206397081009e-06
Logistic Regression (Kruskal - inCV),K-Neighbors (Wilcoxon - inCV),705.5,3.948722233446643e-10,6.256041297874514,0.6256041297874514,2.1401440506965643e-07
Logistic Regression (Kruskal - inCV),K-Neighbors (Kruskal - inCV),817.0,4.288267933686458e-09,5.872671850491015,0.5872671850491015,2.1269808951084833e-06
Logistic Regression (Kruskal - inCV),K-Neighbors (Chi-square - inCV),1480.5,0.00032899101762261126,3.5913329527114635,0.35913329527114635,0.10165822444538689
Logistic Regression (Kruskal - inCV),K-Neighbors (KS - inCV),516.5,4.9887586898968446e-12,6.905895858923057,0.6905895858923057,3.0331652834572814e-09
Logistic Regression (Kruskal - inCV),Decision Tree (MW - inCV),693.0,2.995505171390211e-10,6.299011113486952,0.6299011113486952,1.6415368339218358e-07
Logistic Regression (Kruskal - inCV),Decision Tree (Wilcoxon - inCV),773.0,1.702114134219739e-09,6.023949576975092,0.6023949576975092,8.782908932573854e-07
Logistic Regression (Kruskal - inCV),Decision Tree (Kruskal - inCV),946.5,5.7173250771322084e-08,5.427423837204405,0.5427423837204405,2.6471215107122125e-05
Logistic Regression (Kruskal - inCV),Decision Tree (Chi-square - inCV),705.5,3.948605259587757e-10,6.2560459203562075,0.6256045920356208,2.1401440506965643e-07
Logistic Regression (Kruskal - inCV),Decision Tree (KS - inCV),774.0,1.7385746388192254e-09,6.020520146492839,0.6020520146492838,8.936273643530818e-07
Logistic Regression (Kruskal - inCV),Naive Bayes (MW - inCV),1397.0,0.00010513134695797622,3.8784332892853337,0.38784332892853335,0.035113869883964054
Logistic Regression (Kruskal - inCV),Naive Bayes (Wilcoxon - inCV),1586.0,0.001243992496906281,3.2285965703404287,0.32285965703404285,0.33214599667397704
Logistic Regression (Kruskal - inCV),Naive Bayes (Kruskal - inCV),1731.5,0.009457873315672145,2.595044280782697,0.25950442807826973,1.0
Logistic Regression (Kruskal - inCV),Naive Bayes (Chi-square - inCV),1912.5,0.03520580273363966,-2.10598330314149,-0.21059833031414898,1.0
Logistic Regression (Kruskal - inCV),Naive Bayes (KS - inCV),2395.0,0.6548869367111301,0.4469835507393565,0.04469835507393565,1.0
Logistic Regression (Kruskal - inCV),Integrated-SelectFromModel (L1-LR selector) + LR,205.0,1.5003056702036536e-15,7.976919531154231,0.7976919531154232,1.0682176371850014e-12
Logistic Regression (Kruskal - inCV),Integrated-SelectFromModel (L1-LR selector) + SVM,23.0,7.785699529644542e-18,8.602707827827004,0.8602707827827004,6.306416619012079e-15
Logistic Regression (Kruskal - inCV),Integrated-SelectFromModel (L1-LR selector) + KNN,1.0,4.015929308708381e-18,8.678338317514347,0.8678338317514347,4.032484450422398e-15
Logistic Regression (Kruskal - inCV),Integrated-SelectFromModel (L1-LR selector) + Naive Bayes,0.0,3.8965598450959084e-18,8.681770230106196,0.8681770230106196,4.032484450422398e-15
Logistic Regression (Kruskal - inCV),Integrated-SelectFromModel (RF selector) + RF,1482.5,0.000832967152610076,-3.341600966612808,-0.3341600966612808,0.23822860564648174
Logistic Regression (Kruskal - inCV),Integrated-SelectFromModel (RF selector) + LR,433.5,6.419029192607749e-13,7.191272350879367,0.7191272350879367,4.018312274572451e-10
Logistic Regression (Kruskal - inCV),Integrated-SelectFromModel (RF selector) + KNN,0.0,3.896340037647931e-18,8.681776644898465,0.8681776644898465,4.032484450422398e-15
Logistic Regression (Kruskal - inCV),Integrated-RFECV (L1-LR) + LR,215.5,2.0085367614630505e-15,7.940817093620992,0.7940817093620992,1.4240525638773028e-12
Logistic Regression (Kruskal - inCV),Integrated-RFECV (L1-LR) + KNN,0.0,3.896120241954008e-18,8.681783059704948,0.8681783059704948,4.032484450422398e-15
Logistic Regression (Kruskal - inCV),Integrated-RFECV (L1-LR) + Naive Bayes,0.0,3.8965598450959084e-18,8.681770230106196,0.8681770230106196,4.032484450422398e-15
Logistic Regression (Chi-square - inCV),Logistic Regression (KS - inCV),2150.0,0.2566473076313651,1.1343510872952551,0.11343510872952552,1.0
Logistic Regression (Chi-square - inCV),SVM (MW - inCV),2172.0,0.22484929718447788,1.2137340506268508,0.12137340506268508,1.0
Logistic Regression (Chi-square - inCV),SVM (Wilcoxon - inCV),1949.5,0.0478429964372615,1.9787603336988173,0.19787603336988174,1.0
Logistic Regression (Chi-square - inCV),SVM (Kruskal - inCV),1997.0,0.06945638909595307,1.81543954160378,0.181543954160378,1.0
Logistic Regression (Chi-square - inCV),SVM (Chi-square - inCV),1823.5,0.015865784468248753,2.4119884421318893,0.24119884421318893,1.0
Logistic Regression (Chi-square - inCV),SVM (KS - inCV),1241.5,1.0189796081978479e-05,4.413106240575515,0.4413106240575515,0.003810983734659951
Logistic Regression (Chi-square - inCV),K-Neighbors (MW - inCV),1249.5,1.1567019256583549e-05,4.3855930593098895,0.43855930593098896,0.004291364144192496
Logistic Regression (Chi-square - inCV),K-Neighbors (Wilcoxon - inCV),1106.0,1.768623109217527e-06,4.7782103442231465,0.47782103442231466,0.000721598228560751
Logistic Regression (Chi-square - inCV),K-Neighbors (Kruskal - inCV),1572.5,0.001056585127466197,3.2750092532154307,0.32750092532154307,0.28739115467080556
Logistic Regression (Chi-square - inCV),K-Neighbors (Chi-square - inCV),2108.0,0.1516337301624581,1.4337846379711672,0.14337846379711672,1.0
Logistic Regression (Chi-square - inCV),K-Neighbors (KS - inCV),1011.5,1.951320400169461e-07,5.203916186017652,0.5203916186017652,8.780941800762575e-05
Logistic Regression (Chi-square - inCV),Decision Tree (MW - inCV),1235.0,9.187923597864792e-06,4.435452157336691,0.4435452157336691,0.003454659272797162
Logistic Regression (Chi-square - inCV),Decision Tree (Wilcoxon - inCV),1300.0,2.5317093116828093e-05,4.211954157678639,0.42119541576786385,0.009088836428941285
Logistic Regression (Chi-square - inCV),Decision Tree (Kruskal - inCV),1829.5,0.01678615480143411,2.3913584625840754,0.23913584625840753,1.0
Logistic Regression (Chi-square - inCV),Decision Tree (Chi-square - inCV),1221.5,7.399307295779614e-06,4.481866368334331,0.4481866368334331,0.0028117367723962533
Logistic Regression (Chi-square - inCV),Decision Tree (KS - inCV),1224.0,7.70345978455985e-06,4.473263926737783,0.4473263926737783,0.0029119077985636237
Logistic Regression (Chi-square - inCV),Naive Bayes (MW - inCV),2322.5,0.4862642410667044,0.6962628386516899,0.06962628386516899,1.0
Logistic Regression (Chi-square - inCV),Naive Bayes (Wilcoxon - inCV),2371.5,0.7179161053759295,0.36124526707603766,0.036124526707603764,1.0
Logistic Regression (Chi-square - inCV),Naive Bayes (Kruskal - inCV),2273.5,0.38718117195859525,-0.8647406149874064,-0.08647406149874064,1.0
Logistic Regression (Chi-square - inCV),Naive Bayes (Chi-square - inCV),1084.5,1.2144889582406153e-06,-4.853259021978282,-0.4853259021978282,0.0005064418955863366
Logistic Regression (Chi-square - inCV),Naive Bayes (KS - inCV),1583.0,0.001849748156426898,-3.113352704786006,-0.3113352704786006,0.4678917081884326
Logistic Regression (Chi-square - inCV),Integrated-SelectFromModel (L1-LR selector) + LR,354.0,8.352999165435769e-14,7.46463632835947,0.746463632835947,5.4210964583678144e-11
Logistic Regression (Chi-square - inCV),Integrated-SelectFromModel (L1-LR selector) + SVM,86.0,5.026192737828208e-17,8.3860804898643,0.83860804898643,3.7847231315846405e-14
Logistic Regression (Chi-square - inCV),Integrated-SelectFromModel (L1-LR selector) + KNN,5.0,4.531861061109546e-18,8.664578605888165,0.8664578605888165,4.073456349228268e-15
Logistic Regression (Chi-square - inCV),Integrated-SelectFromModel (L1-LR selector) + Naive Bayes,3.0,4.265842540306607e-18,8.671468069931041,0.8671468069931041,4.032484450422398e-15
Logistic Regression (Chi-square - inCV),Integrated-SelectFromModel (RF selector) + RF,919.5,3.385159033462275e-08,-5.520250930458892,-0.5520250930458892,1.601180222827656e-05
Logistic Regression (Chi-square - inCV),Integrated-SelectFromModel (RF selector) + LR,711.5,4.505527740196928e-10,6.235425140073,0.6235425140073,2.4329849797063413e-07
Logistic Regression (Chi-square - inCV),Integrated-SelectFromModel (RF selector) + KNN,5.0,4.531606414731291e-18,8.664585007977873,0.8664585007977873,4.073456349228268e-15
Logistic Regression (Chi-square - inCV),Integrated-RFECV (L1-LR) + LR,362.0,1.6435995904229603e-13,7.3749879162479965,0.7374987916247997,1.0502601382802716e-10
Logistic Regression (Chi-square - inCV),Integrated-RFECV (L1-LR) + KNN,7.0,4.813701823147399e-18,8.657701956200953,0.8657701956200953,4.2163296657743306e-15
Logistic Regression (Chi-square - inCV),Integrated-RFECV (L1-LR) + Naive Bayes,1.0,4.0161556854627e-18,8.67833190526259,0.8678331905262591,4.032484450422398e-15
Logistic Regression (KS - inCV),SVM (MW - inCV),2229.0,0.3087970558609272,1.017749417682929,0.1017749417682929,1.0
Logistic Regression (KS - inCV),SVM (Wilcoxon - inCV),2041.5,0.09642534493848659,1.6624362035981783,0.16624362035981782,1.0
Logistic Regression (KS - inCV),SVM (Kruskal - inCV),2015.5,0.07980275411951472,1.751831685397708,0.1751831685397708,1.0
Logistic Regression (KS - inCV),SVM (Chi-square - inCV),2010.5,0.076889321879107,1.7690272817495512,0.17690272817495512,1.0
Logistic Regression (KS - inCV),SVM (KS - inCV),1112.0,1.1834692834911426e-06,4.858385311990737,0.4858385311990737,0.0004946901604992975
Logistic Regression (KS - inCV),K-Neighbors (MW - inCV),1366.0,6.747068695679413e-05,3.9850332160709154,0.39850332160709157,0.0230075042522668
Logistic Regression (KS - inCV),K-Neighbors (Wilcoxon - inCV),1214.0,6.5550452441221575e-06,4.507647200578965,0.45076472005789653,0.0025171373737429086
Logistic Regression (KS - inCV),K-Neighbors (Kruskal - inCV),1560.5,0.0009122710205789358,3.316271662645541,0.33162716626455413,0.25634815678268097
Logistic Regression (KS - inCV),K-Neighbors (Chi-square - inCV),2216.5,0.2888146380236888,1.0607255655014505,0.10607255655014505,1.0
Logistic Regression (KS - inCV),K-Neighbors (KS - inCV),991.5,1.3444093476966165e-07,5.272686731221563,0.5272686731221563,6.06328615811174e-05
Logistic Regression (KS - inCV),Decision Tree (MW - inCV),1171.0,3.231974180368765e-06,4.655498717956634,0.46554987179566343,0.0012830937496063999
Logistic Regression (KS - inCV),Decision Tree (Wilcoxon - inCV),1316.5,3.249678975609677e-05,4.1552247841442576,0.41552247841442574,0.01156885715317045
Logistic Regression (KS - inCV),Decision Tree (Kruskal - inCV),1794.0,0.01745924847509157,2.376890958314294,0.23768909583142941,1.0
Logistic Regression (KS - inCV),Decision Tree (Chi-square - inCV),1286.0,2.0434964969944978e-05,4.260084481228348,0.4260084481228348,0.007397457319120082
Logistic Regression (KS - inCV),Decision Tree (KS - inCV),1181.5,3.8484559166356375e-06,4.619403080140965,0.4619403080140965,0.0015162916311544411
Logistic Regression (KS - inCV),Naive Bayes (MW - inCV),2387.5,0.6363770193058389,-0.4727703646373983,-0.04727703646373983,1.0
Logistic Regression (KS - inCV),Naive Bayes (Wilcoxon - inCV),2512.0,0.9643477975008695,-0.044698289020263085,-0.004469828902026308,1.0
Logistic Regression (KS - inCV),Naive Bayes (Kruskal - inCV),2256.0,0.3550116234546917,-0.9249121165298988,-0.09249121165298987,1.0
Logistic Regression (KS - inCV),Naive Bayes (Chi-square - inCV),1138.5,1.8675287423783717e-06,-4.767255007836346,-0.4767255007836346,0.0007600841981479973
Logistic Regression (KS - inCV),Naive Bayes (KS - inCV),1500.0,0.00042460548041963457,-3.524298588930657,-0.3524298588930657,0.12823085508672963
Logistic Regression (KS - inCV),Integrated-SelectFromModel (L1-LR selector) + LR,398.0,2.606063160441888e-13,7.31332774969997,0.7313327749699969,1.652244043720157e-10
Logistic Regression (KS - inCV),Integrated-SelectFromModel (L1-LR selector) + SVM,137.0,2.1985544951392952e-16,8.21072579327427,0.8210725793274269,1.6159375539273818e-13
Logistic Regression (KS - inCV),Integrated-SelectFromModel (L1-LR selector) + KNN,10.0,5.26890956269266e-18,8.647393371057284,0.8647393371057284,4.510186585664917e-15
Logistic Regression (KS - inCV),Integrated-SelectFromModel (L1-LR selector) + Naive Bayes,6.0,4.670683307897806e-18,8.661140281044558,0.8661140281044558,4.14710104944116e-15
Logistic Regression (KS - inCV),Integrated-SelectFromModel (RF selector) + RF,776.5,1.8330879423963386e-09,-6.011946526000417,-0.6011946526000417,9.385410265069253e-07
Logistic Regression (KS - inCV),Integrated-SelectFromModel (RF selector) + LR,766.5,1.4819887909274754e-09,6.046312107501217,0.6046312107501217,7.691521824913597e-07
Logistic Regression (KS - inCV),Integrated-SelectFromModel (RF selector) + KNN,15.0,6.12472726248735e-18,8.630195357452102,0.8630195357452102,5.107168253714911e-15
Logistic Regression (KS - inCV),Integrated-RFECV (L1-LR) + LR,417.5,4.283900094752638e-13,7.246274962029113,0.7246274962029113,2.7031409597889144e-10
Logistic Regression (KS - inCV),Integrated-RFECV (L1-LR) + KNN,14.0,5.942980738150589e-18,8.633640061520808,0.8633640061520808,4.9861608393083445e-15
Logistic Regression (KS - inCV),Integrated-RFECV (L1-LR) + Naive Bayes,4.0,4.396866285628059e-18,8.668023335361992,0.8668023335361992,4.032484450422398e-15
SVM (MW - inCV),SVM (Wilcoxon - inCV),2000.0,0.5883324292155845,0.0,0.0,1.0
SVM (MW - inCV),SVM (Kruskal - inCV),2377.5,0.6120462152717612,0.5071547880676964,0.050715478806769645,1.0
SVM (MW - inCV),SVM (Chi-square - inCV),2303.5,0.5494437833971755,0.5985938121871893,0.059859381218718935,1.0
SVM (MW - inCV),SVM (KS - inCV),1479.0,0.0003225229600251774,3.596503730752651,0.3596503730752651,0.099982117607805
SVM (MW - inCV),K-Neighbors (MW - inCV),1131.0,2.7194014238011686e-06,4.690949461723505,0.4690949461723505,0.0010877605695204674
SVM (MW - inCV),K-Neighbors (Wilcoxon - inCV),1252.5,1.2127957811788828e-05,4.375274829098831,0.4375274829098831,0.004487344390361867
SVM (MW - inCV),K-Neighbors (Kruskal - inCV),1840.5,0.01859559147072927,2.353540311392996,0.2353540311392996,1.0
SVM (MW - inCV),K-Neighbors (Chi-square - inCV),2359.5,0.5693259794502096,0.5690444434412577,0.05690444434412577,1.0
SVM (MW - inCV),K-Neighbors (KS - inCV),1180.0,3.7539335773428187e-06,4.6245605826494955,0.46245605826494957,0.0014828037630504134
SVM (MW - inCV),Decision Tree (MW - inCV),1457.0,0.00024053127395652597,3.6721363595108447,0.36721363595108447,0.07600788257026221
SVM (MW - inCV),Decision Tree (Wilcoxon - inCV),1547.0,0.0007718931012113296,3.3626816970470736,0.33626816970470735,0.2215333200476516
SVM (MW - inCV),Decision Tree (Kruskal - inCV),2023.0,0.08434038384173659,1.7260390714904204,0.17260390714904203,1.0
SVM (MW - inCV),Decision Tree (Chi-square - inCV),1457.5,0.00024215747852435594,3.6704144825461826,0.36704144825461826,0.07627960573517212
SVM (MW - inCV),Decision Tree (KS - inCV),1493.5,0.0003901813406049438,3.5466373172616446,0.35466373172616444,0.1193954902251128
SVM (MW - inCV),Naive Bayes (MW - inCV),2484.5,0.8892506513738627,-0.1392524648389263,-0.013925246483892631,1.0
SVM (MW - inCV),Naive Bayes (Wilcoxon - inCV),2262.0,0.36584654080443146,-0.904280770179169,-0.0904280770179169,1.0
SVM (MW - inCV),Naive Bayes (Kruskal - inCV),2131.0,0.1755118854328731,-1.3547039922408188,-0.13547039922408188,1.0
SVM (MW - inCV),Naive Bayes (Chi-square - inCV),1281.0,1.8918603161653043e-05,-4.27728558665739,-0.427728558665739,0.006886371550841708
SVM (MW - inCV),Naive Bayes (KS - inCV),1617.0,0.0017962053714068683,-3.122010491969277,-0.3122010491969277,0.45803236970875144
SVM (MW - inCV),Integrated-SelectFromModel (L1-LR selector) + LR,380.0,1.6407673248400797e-13,7.375217688343412,0.7375217688343412,1.050091087897651e-10
SVM (MW - inCV),Integrated-SelectFromModel (L1-LR selector) + SVM,87.0,7.761310929091005e-17,8.334824682018406,0.8334824682018406,5.774415331243708e-14
SVM (MW - inCV),Integrated-SelectFromModel (L1-LR selector) + KNN,5.0,4.531861061109546e-18,8.664578605888165,0.8664578605888165,4.073456349228268e-15
SVM (MW - inCV),Integrated-SelectFromModel (L1-LR selector) + Naive Bayes,6.0,4.670421066702361e-18,8.661146680593756,0.8661146680593756,4.14710104944116e-15
SVM (MW - inCV),Integrated-SelectFromModel (RF selector) + RF,765.5,1.450703808040657e-09,-6.049750442506905,-0.6049750442506905,7.558166839891823e-07
SVM (MW - inCV),Integrated-SelectFromModel (RF selector) + LR,845.0,7.632035535760606e-09,5.776390005318582,0.5776390005318582,3.7396974125226967e-06
SVM (MW - inCV),Integrated-SelectFromModel (RF selector) + KNN,13.0,5.7672036158171394e-18,8.637072007139313,0.8637072007139313,4.866976275995499e-15
SVM (MW - inCV),Integrated-RFECV (L1-LR) + LR,391.0,2.1779823152008558e-13,7.337390637708246,0.7337390637708247,1.3830187701525434e-10
SVM (MW - inCV),Integrated-RFECV (L1-LR) + KNN,18.0,6.702409068617996e-18,8.61988038292128,0.8619880382921281,5.542584008251109e-15
SVM (MW - inCV),Integrated-RFECV (L1-LR) + Naive Bayes,10.0,5.26890956269266e-18,8.647393371057284,0.8647393371057284,4.510186585664917e-15
SVM (Wilcoxon - inCV),SVM (Kruskal - inCV),2521.0,0.9890267601691283,-0.013753350184886673,-0.0013753350184886673,1.0
SVM (Wilcoxon - inCV),SVM (Chi-square - inCV),2453.0,0.9387933502855741,0.07678655050954494,0.0076786550509544945,1.0
SVM (Wilcoxon - inCV),SVM (KS - inCV),1733.0,0.006465968694240839,2.7231653487152006,0.2723165348715201,1.0
SVM (Wilcoxon - inCV),K-Neighbors (MW - inCV),1561.0,0.0009178833430421566,3.314557394557691,0.3314557394557691,0.25700508463100824
SVM (Wilcoxon - inCV),K-Neighbors (Wilcoxon - inCV),1121.0,1.3831654456950014e-06,4.827415214188415,0.48274152141884147,0.0005726304945177306
SVM (Wilcoxon - inCV),K-Neighbors (Kruskal - inCV),2021.0,0.08311042195516831,1.7329170015955742,0.17329170015955742,1.0
SVM (Wilcoxon - inCV),K-Neighbors (Chi-square - inCV),2426.0,0.8642046353784705,-0.17102432934034636,-0.017102432934034635,1.0
SVM (Wilcoxon - inCV),K-Neighbors (KS - inCV),1363.0,6.460325535698146e-05,3.9953334682706534,0.3995333468270653,0.02215891658744464
SVM (Wilcoxon - inCV),Decision Tree (MW - inCV),1639.5,0.002329598301932683,3.044638898636669,0.3044638898636669,0.5684219856715746
SVM (Wilcoxon - inCV),Decision Tree (Wilcoxon - inCV),1581.5,0.001178371487902393,3.24406428389371,0.324406428389371,0.3181603017336461
SVM (Wilcoxon - inCV),Decision Tree (Kruskal - inCV),2199.0,0.26233161784448233,1.120897211854078,0.1120897211854078,1.0
SVM (Wilcoxon - inCV),Decision Tree (Chi-square - inCV),1623.0,0.0019262658649652643,3.1013713004746193,0.3101371300474619,0.48349273210628135
SVM (Wilcoxon - inCV),Decision Tree (KS - inCV),1608.0,0.001616302965514433,3.1529485408908657,0.3152948540890866,0.4170061651027237
SVM (Wilcoxon - inCV),Naive Bayes (MW - inCV),2293.5,0.4260475094781242,-0.7959733775531466,-0.07959733775531466,1.0
SVM (Wilcoxon - inCV),Naive Bayes (Wilcoxon - inCV),2152.0,0.19966700613861754,-1.2825008523620829,-0.1282500852362083,1.0
SVM (Wilcoxon - inCV),Naive Bayes (Kruskal - inCV),1992.0,0.06685682993287655,-1.8326352662439422,-0.1832635266243942,1.0
SVM (Wilcoxon - inCV),Naive Bayes (Chi-square - inCV),1118.0,1.3132551688377787e-06,-4.837737353002112,-0.48377373530021117,0.0005450008950676782
SVM (Wilcoxon - inCV),Naive Bayes (KS - inCV),1509.0,0.00047701763056751524,-3.493340622264095,-0.3493340622264095,0.14167423627855202
SVM (Wilcoxon - inCV),Integrated-SelectFromModel (L1-LR selector) + LR,328.0,4.22055015010088e-14,7.554010844424463,0.7554010844424462,2.772901448616278e-11
SVM (Wilcoxon - inCV),Integrated-SelectFromModel (L1-LR selector) + SVM,92.0,5.988251570620909e-17,8.36545670663847,0.836545670663847,4.485200426395061e-14
SVM (Wilcoxon - inCV),Integrated-SelectFromModel (L1-LR selector) + KNN,2.0,4.139140769112086e-18,8.674899990130227,0.8674899990130227,4.032484450422398e-15
SVM (Wilcoxon - inCV),Integrated-SelectFromModel (L1-LR selector) + Naive Bayes,7.0,4.813701823147399e-18,8.657701956200953,0.8657701956200953,4.2163296657743306e-15
SVM (Wilcoxon - inCV),Integrated-SelectFromModel (RF selector) + RF,664.0,1.5664831354826774e-10,-6.398755629418687,-0.6398755629418688,8.756640727348167e-08
SVM (Wilcoxon - inCV),Integrated-SelectFromModel (RF selector) + LR,881.0,1.580293970889439e-08,5.6526102194903265,0.5652610219490326,7.601213999978202e-06
SVM (Wilcoxon - inCV),Integrated-SelectFromModel (RF selector) + KNN,13.0,5.7672036158171394e-18,8.637072007139313,0.8637072007139313,4.866976275995499e-15
SVM (Wilcoxon - inCV),Integrated-RFECV (L1-LR) + LR,341.0,5.944117791371819e-14,7.509307006914157,0.7509307006914157,3.8755647999744264e-11
SVM (Wilcoxon - inCV),Integrated-RFECV (L1-LR) + KNN,18.0,6.702036285672441e-18,8.619886751984335,0.8619886751984336,5.542584008251109e-15
SVM (Wilcoxon - inCV),Integrated-RFECV (L1-LR) + Naive Bayes,8.0,4.9610417082651575e-18,8.654263631357347,0.8654263631357347,4.3059428057803595e-15
SVM (Kruskal - inCV),SVM (Chi-square - inCV),2446.0,0.7859066294659427,-0.27162987037411956,-0.027162987037411955,1.0
SVM (Kruskal - inCV),SVM (KS - inCV),1775.5,0.009965050380512208,2.5770397033098726,0.25770397033098724,1.0
SVM (Kruskal - inCV),K-Neighbors (MW - inCV),1754.5,0.008067510839369867,2.649231249463076,0.2649231249463076,1.0
SVM (Kruskal - inCV),K-Neighbors (Wilcoxon - inCV),1586.0,0.0012440340007009926,3.2285870281464235,0.32285870281464235,0.33214599667397704
SVM (Kruskal - inCV),K-Neighbors (Kruskal - inCV),1829.5,0.01678615480143411,2.3913584625840754,0.23913584625840753,1.0
SVM (Kruskal - inCV),K-Neighbors (Chi-square - inCV),2399.0,0.6648482308519452,-0.43322925039889354,-0.043322925039889354,1.0
SVM (Kruskal - inCV),K-Neighbors (KS - inCV),1435.0,0.00017840296209577653,3.74778515619922,0.37477851561992204,0.05744575379484004
SVM (Kruskal - inCV),Decision Tree (MW - inCV),1561.0,0.0009178913838781615,3.3145549454826124,0.33145549454826123,0.25700508463100824
SVM (Kruskal - inCV),Decision Tree (Wilcoxon - inCV),1530.0,0.0006236019763130658,3.4211357471976127,0.3421135747197613,0.18271537905972826
SVM (Kruskal - inCV),Decision Tree (Kruskal - inCV),2188.5,0.247272470899062,1.156999729413795,0.1156999729413795,1.0
SVM (Kruskal - inCV),Decision Tree (Chi-square - inCV),1661.5,0.002987726480740654,2.9689978899228606,0.2968997889922861,0.7140666288970163
SVM (Kruskal - inCV),Decision Tree (KS - inCV),1619.5,0.0018493743406657415,3.1134123476499016,0.31134123476499015,0.4678917081884326
SVM (Kruskal - inCV),Naive Bayes (MW - inCV),2363.0,0.5775215365287132,0.5570086246642392,0.05570086246642392,1.0
SVM (Kruskal - inCV),Naive Bayes (Wilcoxon - inCV),2195.0,0.2565217633236675,-1.1346505518768284,-0.11346505518768284,1.0
SVM (Kruskal - inCV),Naive Bayes (Kruskal - inCV),1937.0,0.04320311755139815,-2.021740983344166,-0.2021740983344166,1.0
SVM (Kruskal - inCV),Naive Bayes (Chi-square - inCV),1121.5,1.395151466093435e-06,-4.825696049226098,-0.48256960492260975,0.0005761975554965887
SVM (Kruskal - inCV),Naive Bayes (KS - inCV),1390.0,9.52002126992173e-05,-3.9025102314551496,-0.39025102314551496,0.03208247167963623
SVM (Kruskal - inCV),Integrated-SelectFromModel (L1-LR selector) + LR,417.0,4.229889533865334e-13,7.247994125721172,0.7247994125721172,2.6732901854028913e-10
SVM (Kruskal - inCV),Integrated-SelectFromModel (L1-LR selector) + SVM,95.0,6.535762171680692e-17,8.355135543407235,0.8355135543407235,4.888750104417158e-14
SVM (Kruskal - inCV),Integrated-SelectFromModel (L1-LR selector) + KNN,6.0,4.670158839460766e-18,8.661153080157133,0.8661153080157133,4.14710104944116e-15
SVM (Kruskal - inCV),Integrated-SelectFromModel (L1-LR selector) + Naive Bayes,2.0,4.139373908714419e-18,8.674893580418985,0.8674893580418985,4.032484450422398e-15
SVM (Kruskal - inCV),Integrated-SelectFromModel (RF selector) + RF,696.5,3.236879971107057e-10,-6.286986267196236,-0.6286986267196236,1.767336464224453e-07
SVM (Kruskal - inCV),Integrated-SelectFromModel (RF selector) + LR,972.5,9.397372401907904e-08,5.338007207996805,0.5338007207996804,4.266407070466188e-05
SVM (Kruskal - inCV),Integrated-SelectFromModel (RF selector) + KNN,8.0,4.9607636011294465e-18,8.654270025825518,0.8654270025825518,4.3059428057803595e-15
SVM (Kruskal - inCV),Integrated-RFECV (L1-LR) + LR,477.5,1.922667091231309e-12,7.039980520691438,0.7039980520691438,1.182440261107255e-09
SVM (Kruskal - inCV),Integrated-RFECV (L1-LR) + KNN,14.0,5.94331234302936e-18,8.633633682295706,0.8633633682295706,4.9861608393083445e-15
SVM (Kruskal - inCV),Integrated-RFECV (L1-LR) + Naive Bayes,2.0,4.139373908714419e-18,8.674893580418985,0.8674893580418985,4.032484450422398e-15
SVM (Chi-square - inCV),SVM (KS - inCV),1416.0,0.0001372239120965916,3.8131191562186326,0.3813119156218633,0.044872219255585453
SVM (Chi-square - inCV),K-Neighbors (MW - inCV),1731.5,0.006365843689604744,2.7283168111034075,0.27283168111034073,1.0
SVM (Chi-square - inCV),K-Neighbors (Wilcoxon - inCV),1562.5,0.0009349946216397531,3.3093901072137717,0.33093901072137716,0.25899351019421163
SVM (Chi-square - inCV),K-Neighbors (Kruskal - inCV),2014.5,0.07921335365345916,1.7552687234635034,0.17552687234635034,1.0
SVM (Chi-square - inCV),K-Neighbors (Chi-square - inCV),2400.5,0.6685979556120256,-0.428073024504598,-0.0428073024504598,1.0
SVM (Chi-square - inCV),K-Neighbors (KS - inCV),1269.5,1.5828625627943764e-05,4.316829599640477,0.4316829599640477,0.005809105605455361
SVM (Chi-square - inCV),Decision Tree (MW - inCV),1677.0,0.0035488972053328593,2.9157016217322367,0.2915701621732237,0.8410886376638876
SVM (Chi-square - inCV),Decision Tree (Wilcoxon - inCV),1633.0,0.0021621768279533595,3.067001623558017,0.3067001623558017,0.5297333228485731
SVM (Chi-square - inCV),Decision Tree (Kruskal - inCV),2082.5,0.1281441932069573,1.5214609916512631,0.1521460991651263,1.0
SVM (Chi-square - inCV),Decision Tree (Chi-square - inCV),1607.5,0.0016068100016868414,3.154667705853184,0.31546677058531836,0.41616379043689194
SVM (Chi-square - inCV),Decision Tree (KS - inCV),1630.5,0.002100860467014837,3.0755906625873415,0.30755906625873414,0.5168116748856498
SVM (Chi-square - inCV),Naive Bayes (MW - inCV),2202.5,0.2674899775837021,-1.1088614006949884,-0.11088614006949885,1.0
SVM (Chi-square - inCV),Naive Bayes (Wilcoxon - inCV),2109.5,0.15311173305594825,-1.4286260836861013,-0.14286260836861014,1.0
SVM (Chi-square - inCV),Naive Bayes (Kruskal - inCV),1968.5,0.05569276889400972,-1.9134320168608023,-0.19134320168608024,1.0
SVM (Chi-square - inCV),Naive Bayes (Chi-square - inCV),1062.0,4.89753561729358e-07,-5.0302841133206035,-0.5030284113320603,0.00021255304579054137
SVM (Chi-square - inCV),Naive Bayes (KS - inCV),1495.0,0.0003978813965289106,-3.541485055857977,-0.3541485055857977,0.12095594454478882
SVM (Chi-square - inCV),Integrated-SelectFromModel (L1-LR selector) + LR,448.0,9.238460412207423e-13,7.141400700170522,0.7141400700170523,5.737083915980809e-10
SVM (Chi-square - inCV),Integrated-SelectFromModel (L1-LR selector) + SVM,88.0,5.328692110533706e-17,8.379203835096062,0.8379203835096062,4.001847775010813e-14
SVM (Chi-square - inCV),Integrated-SelectFromModel (L1-LR selector) + KNN,2.0,4.139373908714419e-18,8.674893580418985,0.8674893580418985,4.032484450422398e-15
SVM (Chi-square - inCV),Integrated-SelectFromModel (L1-LR selector) + Naive Bayes,5.0,4.531606414731291e-18,8.664585007977873,0.8664585007977873,4.073456349228268e-15
SVM (Chi-square - inCV),Integrated-SelectFromModel (RF selector) + RF,673.5,1.9393566212063969e-10,-6.366067855462855,-0.6366067855462856,1.0763429247695502e-07
SVM (Chi-square - inCV),Integrated-SelectFromModel (RF selector) + LR,1048.5,3.8405837259657625e-07,5.076694133724497,0.5076694133724498,0.00016860162556989698
SVM (Chi-square - inCV),Integrated-SelectFromModel (RF selector) + KNN,14.0,5.942980738150589e-18,8.633640061520808,0.8633640061520808,4.9861608393083445e-15
SVM (Chi-square - inCV),Integrated-RFECV (L1-LR) + LR,500.0,3.3401858883436174e-12,6.962612952839362,0.6962612952839362,2.0407044756018057e-09
SVM (Chi-square - inCV),Integrated-RFECV (L1-LR) + KNN,20.0,7.117077537219981e-18,8.613003733234068,0.8613003733234068,5.8068902831494025e-15
SVM (Chi-square - inCV),Integrated-RFECV (L1-LR) + Naive Bayes,7.0,4.8131617189204686e-18,8.657714750232495,0.8657714750232495,4.2163296657743306e-15
SVM (KS - inCV),K-Neighbors (MW - inCV),2440.0,0.7700895004907338,0.2922578276500473,0.029225782765004732,1.0
SVM (KS - inCV),K-Neighbors (Wilcoxon - inCV),2165.0,0.2157910227871398,1.237797858282553,0.1237797858282553,1.0
SVM (KS - inCV),K-Neighbors (Kruskal - inCV),2227.5,0.38767173742875183,-0.8638473777905248,-0.08638473777905248,1.0
SVM (KS - inCV),K-Neighbors (Chi-square - inCV),1645.0,0.0024803707467484005,-3.025725862373645,-0.3025725862373645,0.6027300914598613
SVM (KS - inCV),K-Neighbors (KS - inCV),2057.0,0.10758660109711453,1.6091360268078023,0.16091360268078023,1.0
SVM (KS - inCV),Decision Tree (MW - inCV),2321.0,0.4830417013415824,0.7014187863601136,0.07014187863601136,1.0
SVM (KS - inCV),Decision Tree (Wilcoxon - inCV),2262.0,0.3658472492089394,0.904279433868487,0.0904279433868487,1.0
SVM (KS - inCV),Decision Tree (Kruskal - inCV),2267.0,0.37502986235992897,-0.8870910869251908,-0.08870910869251908,1.0
SVM (KS - inCV),Decision Tree (Chi-square - inCV),2237.5,0.3228984737356344,0.9885191229339834,0.09885191229339833,1.0
SVM (KS - inCV),Decision Tree (KS - inCV),2319.0,0.4787618075737914,0.7082954411283499,0.07082954411283499,1.0
SVM (KS - inCV),Naive Bayes (MW - inCV),1630.0,0.00208881256716354,-3.077305282548882,-0.3077305282548882,0.5159367040893944
SVM (KS - inCV),Naive Bayes (Wilcoxon - inCV),1534.0,0.0006558855138874389,-3.407384955313902,-0.34073849553139024,0.19151857005513218
SVM (KS - inCV),Naive Bayes (Kruskal - inCV),1358.5,6.0510316278486e-05,-4.010811857087454,-0.4010811857087454,0.021057590064913128
SVM (KS - inCV),Naive Bayes (Chi-square - inCV),643.0,9.740017486066715e-11,-6.470932136910458,-0.6470932136910459,5.542069949571961e-08
SVM (KS - inCV),Naive Bayes (KS - inCV),760.5,1.3035760286868953e-09,-6.066955565883544,-0.6066955565883544,6.830738390319332e-07
SVM (KS - inCV),Integrated-SelectFromModel (L1-LR selector) + LR,619.0,5.6223836477769627e-11,6.553447151913825,0.6553447151913825,3.23849298111953e-08
SVM (KS - inCV),Integrated-SelectFromModel (L1-LR selector) + SVM,216.5,2.064889576998255e-15,7.937384631021335,0.7937384631021336,1.4598769309377663e-12
SVM (KS - inCV),Integrated-SelectFromModel (L1-LR selector) + KNN,17.0,6.5033869066614105e-18,8.623331450986143,0.8623331450986143,5.404314519435632e-15
SVM (KS - inCV),Integrated-SelectFromModel (L1-LR selector) + Naive Bayes,18.0,6.702036285672441e-18,8.619886751984335,0.8619886751984336,5.542584008251109e-15
SVM (KS - inCV),Integrated-SelectFromModel (RF selector) + RF,244.0,4.404818758815001e-15,-7.842836353026936,-0.7842836353026936,3.0569442186176106e-12
SVM (KS - inCV),Integrated-SelectFromModel (RF selector) + LR,1371.0,0.00011654322913996614,3.853285782641674,0.38532857826416744,0.038575808845328796
SVM (KS - inCV),Integrated-SelectFromModel (RF selector) + KNN,26.0,8.519072542858556e-18,8.59237378417243,0.859237378417243,6.8578533970011376e-15
SVM (KS - inCV),Integrated-RFECV (L1-LR) + LR,685.0,2.5075552925101713e-10,6.3265177122358045,0.6326517712235804,1.376647855588084e-07
SVM (KS - inCV),Integrated-RFECV (L1-LR) + KNN,46.0,1.546509748022851e-17,8.523613585229025,0.8523613585229025,1.2171031716939839e-14
SVM (KS - inCV),Integrated-RFECV (L1-LR) + Naive Bayes,23.0,7.78699366986276e-18,8.602688758703248,0.8602688758703249,6.306416619012079e-15
K-Neighbors (MW - inCV),K-Neighbors (Wilcoxon - inCV),1863.5,0.28337321764838286,1.0727724656138116,0.10727724656138116,1.0
K-Neighbors (MW - inCV),K-Neighbors (Kruskal - inCV),2254.0,0.35144675848024676,-0.931786721096033,-0.0931786721096033,1.0
K-Neighbors (MW - inCV),K-Neighbors (Chi-square - inCV),1519.5,0.0008530490868147901,-3.3349820397496526,-0.33349820397496527,0.24226594065540039
K-Neighbors (MW - inCV),K-Neighbors (KS - inCV),2190.0,0.249385912207975,1.1518422269052648,0.11518422269052649,1.0
K-Neighbors (MW - inCV),Decision Tree (MW - inCV),2349.5,0.5462247303547011,0.6034269017735518,0.060342690177355184,1.0
K-Neighbors (MW - inCV),Decision Tree (Wilcoxon - inCV),2349.0,0.5450810565346931,0.6051474081350141,0.06051474081350141,1.0
K-Neighbors (MW - inCV),Decision Tree (Kruskal - inCV),2118.0,0.16169360297069757,-1.399398211347811,-0.1399398211347811,1.0
K-Neighbors (MW - inCV),Decision Tree (Chi-square - inCV),2350.0,0.5473681071069316,0.6017086259952876,0.060170862599528765,1.0
K-Neighbors (MW - inCV),Decision Tree (KS - inCV),2369.5,0.5928845029291008,0.5346606983321739,0.05346606983321739,1.0
K-Neighbors (MW - inCV),Naive Bayes (MW - inCV),1421.5,0.00014812366996085234,-3.794194268374437,-0.3794194268374437,0.04814019273727701
K-Neighbors (MW - inCV),Naive Bayes (Wilcoxon - inCV),1323.5,3.609332177027712e-05,-4.131162561785337,-0.4131162561785337,0.0127770359066781
K-Neighbors (MW - inCV),Naive Bayes (Kruskal - inCV),1224.5,7.765420050811736e-06,-4.4715513709388555,-0.44715513709388555,0.0029275633591560246
K-Neighbors (MW - inCV),Naive Bayes (Chi-square - inCV),616.0,5.2463462317148854e-11,-6.563771826129404,-0.6563771826129404,3.037634468162919e-08
K-Neighbors (MW - inCV),Naive Bayes (KS - inCV),863.0,1.1002970803981985e-08,-5.714495890073861,-0.5714495890073861,5.32543786912728e-06
K-Neighbors (MW - inCV),Integrated-SelectFromModel (L1-LR selector) + LR,543.0,9.440814002144474e-12,6.814779981272341,0.6814779981272341,5.664488401286684e-09
K-Neighbors (MW - inCV),Integrated-SelectFromModel (L1-LR selector) + SVM,189.0,9.594894835736411e-16,8.031932769300125,0.8031932769300125,6.889134492058743e-13
K-Neighbors (MW - inCV),Integrated-SelectFromModel (L1-LR selector) + KNN,20.0,7.1162871117027e-18,8.613016461212235,0.8613016461212235,5.8068902831494025e-15
K-Neighbors (MW - inCV),Integrated-SelectFromModel (L1-LR selector) + Naive Bayes,1.0,4.015702944049438e-18,8.678344729780314,0.8678344729780314,4.032484450422398e-15
K-Neighbors (MW - inCV),Integrated-SelectFromModel (RF selector) + RF,236.0,3.5367021133790672e-15,-7.870343012748204,-0.7870343012748204,2.461544670911831e-12
K-Neighbors (MW - inCV),Integrated-SelectFromModel (RF selector) + LR,1371.0,7.253010112412317e-05,3.9678298012724076,0.3967829801272408,0.024660234382201877
K-Neighbors (MW - inCV),Integrated-SelectFromModel (RF selector) + KNN,12.0,5.59562245430221e-18,8.640523100609322,0.8640523100609322,4.739492218793972e-15
K-Neighbors (MW - inCV),Integrated-RFECV (L1-LR) + LR,600.0,3.62174852591438e-11,6.6187802144275425,0.6618780214427542,2.115101139133998e-08
K-Neighbors (MW - inCV),Integrated-RFECV (L1-LR) + KNN,18.0,6.702409068617996e-18,8.61988038292128,0.8619880382921281,5.542584008251109e-15
K-Neighbors (MW - inCV),Integrated-RFECV (L1-LR) + Naive Bayes,6.0,4.670421066702361e-18,8.661146680593756,0.8661146680593756,4.14710104944116e-15
K-Neighbors (Wilcoxon - inCV),K-Neighbors (Kruskal - inCV),1875.5,0.02553617782567438,-2.2331936359847733,-0.22331936359847732,1.0
K-Neighbors (Wilcoxon - inCV),K-Neighbors (Chi-square - inCV),1259.0,2.193820965577669e-05,-4.244192370130791,-0.4244192370130791,0.007897755476079609
K-Neighbors (Wilcoxon - inCV),K-Neighbors (KS - inCV),2427.0,0.7361498185437078,0.33695633261429103,0.0336956332614291,1.0
K-Neighbors (Wilcoxon - inCV),Decision Tree (MW - inCV),2485.5,0.8919682978989251,-0.13581403202310716,-0.013581403202310716,1.0
K-Neighbors (Wilcoxon - inCV),Decision Tree (Wilcoxon - inCV),2431.0,0.7465414992825228,-0.3232030129157485,-0.03232030129157485,1.0
K-Neighbors (Wilcoxon - inCV),Decision Tree (Kruskal - inCV),1931.0,0.04111519352419053,-2.0423664661662126,-0.20423664661662128,1.0
K-Neighbors (Wilcoxon - inCV),Decision Tree (Chi-square - inCV),2458.5,0.8191416520803798,0.2286491089330518,0.02286491089330518,1.0
K-Neighbors (Wilcoxon - inCV),Decision Tree (KS - inCV),2489.5,0.9028510076114852,0.12206062213619621,0.012206062213619622,1.0
K-Neighbors (Wilcoxon - inCV),Naive Bayes (MW - inCV),1202.0,5.39235108510015e-06,-4.548913851404927,-0.45489138514049265,0.002081447518848658
K-Neighbors (Wilcoxon - inCV),Naive Bayes (Wilcoxon - inCV),1101.5,9.85765086521299e-07,-4.894459031292263,-0.4894459031292263,0.00041599286651198815
K-Neighbors (Wilcoxon - inCV),Naive Bayes (Kruskal - inCV),1049.5,3.910662285524039e-07,-5.073255803799861,-0.5073255803799861,0.00017089594187740052
K-Neighbors (Wilcoxon - inCV),Naive Bayes (Chi-square - inCV),418.5,4.393440369295934e-13,-7.242852689480419,-0.7242852689480419,2.7678674326564385e-10
K-Neighbors (Wilcoxon - inCV),Naive Bayes (KS - inCV),703.5,3.778506531634551e-10,-6.262913330171307,-0.6262913330171307,2.0517290466775612e-07
K-Neighbors (Wilcoxon - inCV),Integrated-SelectFromModel (L1-LR selector) + LR,509.0,4.158920566083622e-12,6.931673128065416,0.6931673128065416,2.5327826247449256e-09
K-Neighbors (Wilcoxon - inCV),Integrated-SelectFromModel (L1-LR selector) + SVM,132.0,1.9049631606617146e-16,8.22791743019486,0.8227917430194861,1.407767775729007e-13
K-Neighbors (Wilcoxon - inCV),Integrated-SelectFromModel (L1-LR selector) + KNN,11.0,5.429992686030886e-18,8.643955043673165,0.8643955043673165,4.620923775812284e-15
K-Neighbors (Wilcoxon - inCV),Integrated-SelectFromModel (L1-LR selector) + Naive Bayes,0.0,3.8965598450959084e-18,8.681770230106196,0.8681770230106196,4.032484450422398e-15
K-Neighbors (Wilcoxon - inCV),Integrated-SelectFromModel (RF selector) + RF,135.0,2.0762237175488676e-16,-8.21759637621933,-0.8217596376219329,1.5322531035510642e-13
K-Neighbors (Wilcoxon - inCV),Integrated-SelectFromModel (RF selector) + LR,1433.5,0.00017477471147482455,3.7529371127397826,0.37529371127397826,0.05645223180636833
K-Neighbors (Wilcoxon - inCV),Integrated-SelectFromModel (RF selector) + KNN,0.0,3.8965598450959084e-18,8.681770230106196,0.8681770230106196,4.032484450422398e-15
K-Neighbors (Wilcoxon - inCV),Integrated-RFECV (L1-LR) + LR,576.0,2.0658034603212294e-11,6.701295120188902,0.6701295120188903,1.2188240415895253e-08
K-Neighbors (Wilcoxon - inCV),Integrated-RFECV (L1-LR) + KNN,2.0,4.138907641956126e-18,8.674906399855676,0.8674906399855675,4.032484450422398e-15
K-Neighbors (Wilcoxon - inCV),Integrated-RFECV (L1-LR) + Naive Bayes,0.0,3.8965598450959084e-18,8.681770230106196,0.8681770230106196,4.032484450422398e-15
K-Neighbors (Kruskal - inCV),K-Neighbors (Chi-square - inCV),1936.0,0.04284910813267284,-2.025177821978459,-0.20251778219784589,1.0
K-Neighbors (Kruskal - inCV),K-Neighbors (KS - inCV),1912.0,0.03505700284046831,2.1076993584863497,0.21076993584863496,1.0
K-Neighbors (Kruskal - inCV),Decision Tree (MW - inCV),1945.0,0.04612677691134919,1.994231356288661,0.1994231356288661,1.0
K-Neighbors (Kruskal - inCV),Decision Tree (Wilcoxon - inCV),1878.5,0.037346030076477826,2.081961022958115,0.2081961022958115,1.0
K-Neighbors (Kruskal - inCV),Decision Tree (Kruskal - inCV),2460.0,0.8231531690921039,0.22349127996768323,0.022349127996768324,1.0
K-Neighbors (Kruskal - inCV),Decision Tree (Chi-square - inCV),2047.5,0.10063093271199756,1.6418025390135105,0.16418025390135105,1.0
K-Neighbors (Kruskal - inCV),Decision Tree (KS - inCV),2030.0,0.08876013541372316,1.7019745702535434,0.17019745702535433,1.0
K-Neighbors (Kruskal - inCV),Naive Bayes (MW - inCV),1901.5,0.03204901891539142,-2.1437987080103102,-0.21437987080103102,1.0
K-Neighbors (Kruskal - inCV),Naive Bayes (Wilcoxon - inCV),1732.0,0.006399101601110843,-2.7265976448708282,-0.27265976448708285,1.0
K-Neighbors (Kruskal - inCV),Naive Bayes (Kruskal - inCV),1501.0,0.00043017035462054805,-3.52084724133704,-0.352084724133704,0.12948127674078497
K-Neighbors (Kruskal - inCV),Naive Bayes (Chi-square - inCV),823.0,4.85574381419746e-09,-5.8520418557000635,-0.5852041855700063,2.403593188027743e-06
K-Neighbors (Kruskal - inCV),Naive Bayes (KS - inCV),1105.5,1.0570301319593306e-06,-4.880712934292737,-0.48807129342927374,0.0004450096855548782
K-Neighbors (Kruskal - inCV),Integrated-SelectFromModel (L1-LR selector) + LR,496.0,3.0291241298266755e-12,6.976366262375835,0.6976366262375835,1.856853091583752e-09
K-Neighbors (Kruskal - inCV),Integrated-SelectFromModel (L1-LR selector) + SVM,120.0,1.3489339428091349e-16,8.269171248873429,0.8269171248873428,1.000908985564378e-13
K-Neighbors (Kruskal - inCV),Integrated-SelectFromModel (L1-LR selector) + KNN,24.0,8.023842397878198e-18,8.599250433859643,0.8599250433859643,6.483264657485584e-15
K-Neighbors (Kruskal - inCV),Integrated-SelectFromModel (L1-LR selector) + Naive Bayes,0.0,3.896340037647931e-18,8.681776644898465,0.8681776644898465,4.032484450422398e-15
K-Neighbors (Kruskal - inCV),Integrated-SelectFromModel (RF selector) + RF,389.0,2.0688930578387922e-13,-7.344267292476483,-0.7344267292476483,1.3158159847854718e-10
K-Neighbors (Kruskal - inCV),Integrated-SelectFromModel (RF selector) + LR,1200.5,5.261749634611661e-06,4.554071350102664,0.45540713501026636,0.002036297108594713
K-Neighbors (Kruskal - inCV),Integrated-SelectFromModel (RF selector) + KNN,8.0,4.9610417082651575e-18,8.654263631357347,0.8654263631357347,4.3059428057803595e-15
K-Neighbors (Kruskal - inCV),Integrated-RFECV (L1-LR) + LR,563.0,1.519835877394086e-11,6.745993343155785,0.6745993343155785,9.01262675294693e-09
K-Neighbors (Kruskal - inCV),Integrated-RFECV (L1-LR) + KNN,17.0,6.503748926324486e-18,8.623325079368454,0.8623325079368455,5.404314519435632e-15
K-Neighbors (Kruskal - inCV),Integrated-RFECV (L1-LR) + Naive Bayes,1.0,4.0161556854627e-18,8.67833190526259,0.8678331905262591,4.032484450422398e-15
K-Neighbors (Chi-square - inCV),K-Neighbors (KS - inCV),1235.5,9.261672570180184e-06,4.433729713822111,0.4433729713822111,0.003473127213817569
K-Neighbors (Chi-square - inCV),Decision Tree (MW - inCV),1448.5,0.00021444744975762038,3.7013594290032463,0.37013594290032464,0.06819428902292328
K-Neighbors (Chi-square - inCV),Decision Tree (Wilcoxon - inCV),1468.0,0.0002787175549222436,3.634317415672719,0.3634317415672719,0.0875173122455845
K-Neighbors (Chi-square - inCV),Decision Tree (Kruskal - inCV),1984.5,0.06310996882946451,1.8584159511158893,0.18584159511158893,1.0
K-Neighbors (Chi-square - inCV),Decision Tree (Chi-square - inCV),1482.5,0.00033777768692971487,3.584458946432637,0.3584458946432637,0.10403552757435218
K-Neighbors (Chi-square - inCV),Decision Tree (KS - inCV),1541.0,0.0007161666168364097,3.3833141459723124,0.33833141459723126,0.20768831888255881
K-Neighbors (Chi-square - inCV),Naive Bayes (MW - inCV),2255.0,0.35322687865831415,-0.9283483937119149,-0.0928348393711915,1.0
K-Neighbors (Chi-square - inCV),Naive Bayes (Wilcoxon - inCV),2137.0,0.18218025767678303,-1.3340720107586215,-0.13340720107586215,1.0
K-Neighbors (Chi-square - inCV),Naive Bayes (Kruskal - inCV),1942.5,0.06308619027544929,-1.8585835521060305,-0.18585835521060307,1.0
K-Neighbors (Chi-square - inCV),Naive Bayes (Chi-square - inCV),932.0,4.319732166440816e-08,-5.477255522900298,-0.5477255522900297,2.0129951895614205e-05
K-Neighbors (Chi-square - inCV),Naive Bayes (KS - inCV),1496.0,0.0004031106990863153,-3.5380388782576313,-0.3538038878257631,0.12214254182315354
K-Neighbors (Chi-square - inCV),Integrated-SelectFromModel (L1-LR selector) + LR,363.5,1.0700814634082726e-13,7.4319501320998995,0.7431950132099899,6.902025438983358e-11
K-Neighbors (Chi-square - inCV),Integrated-SelectFromModel (L1-LR selector) + SVM,47.0,1.593120599115462e-17,8.52017525784491,0.852017525784491,1.2521927909047531e-14
K-Neighbors (Chi-square - inCV),Integrated-SelectFromModel (L1-LR selector) + KNN,3.0,4.2663227307182344e-18,8.671455255575378,0.8671455255575378,4.032484450422398e-15
K-Neighbors (Chi-square - inCV),Integrated-SelectFromModel (L1-LR selector) + Naive Bayes,0.0,3.896120241954008e-18,8.681783059704948,0.8681783059704948,4.032484450422398e-15
K-Neighbors (Chi-square - inCV),Integrated-SelectFromModel (RF selector) + RF,612.0,7.903297966900578e-11,-6.502429659920045,-0.6502429659920045,4.5285897350340314e-08
K-Neighbors (Chi-square - inCV),Integrated-SelectFromModel (RF selector) + LR,959.0,7.267995055888034e-08,5.384416705087644,0.5384416705087645,3.3432777257084955e-05
K-Neighbors (Chi-square - inCV),Integrated-SelectFromModel (RF selector) + KNN,1.0,4.015929308708381e-18,8.678338317514347,0.8678338317514347,4.032484450422398e-15
K-Neighbors (Chi-square - inCV),Integrated-RFECV (L1-LR) + LR,374.0,1.4050901268777188e-13,7.395847667891225,0.7395847667891224,9.020678614554955e-11
K-Neighbors (Chi-square - inCV),Integrated-RFECV (L1-LR) + KNN,2.0,4.139373908714419e-18,8.674893580418985,0.8674893580418985,4.032484450422398e-15
K-Neighbors (Chi-square - inCV),Integrated-RFECV (L1-LR) + Naive Bayes,0.0,3.896340037647931e-18,8.681776644898465,0.8681776644898465,4.032484450422398e-15
K-Neighbors (KS - inCV),Decision Tree (MW - inCV),2446.0,0.7859080185068336,-0.2716280640462142,-0.02716280640462142,1.0
K-Neighbors (KS - inCV),Decision Tree (Wilcoxon - inCV),2467.5,0.8432766828945477,-0.1977039706665483,-0.01977039706665483,1.0
K-Neighbors (KS - inCV),Decision Tree (Kruskal - inCV),1896.0,0.03056315927477788,-2.162714316573431,-0.21627143165734308,1.0
K-Neighbors (KS - inCV),Decision Tree (Chi-square - inCV),2387.0,0.6351503627893812,-0.4744902307848553,-0.04744902307848553,1.0
K-Neighbors (KS - inCV),Decision Tree (KS - inCV),2303.0,0.4452793271408456,-0.7633086792742411,-0.0763308679274241,1.0
K-Neighbors (KS - inCV),Naive Bayes (MW - inCV),1361.5,6.3210413622274e-05,-4.000493911421529,-0.4000493911421529,0.021744382286062257
K-Neighbors (KS - inCV),Naive Bayes (Wilcoxon - inCV),1281.5,1.906546521798574e-05,-4.275563261284397,-0.4275563261284397,0.006920763874128824
K-Neighbors (KS - inCV),Naive Bayes (Kruskal - inCV),1018.5,2.2207149722075627e-07,-5.179844031463565,-0.5179844031463565,9.948803075489881e-05
K-Neighbors (KS - inCV),Naive Bayes (Chi-square - inCV),538.5,8.477425607861699e-12,-6.830237348550812,-0.6830237348550812,5.103410215932742e-09
K-Neighbors (KS - inCV),Naive Bayes (KS - inCV),654.0,1.2502257583212637e-10,-6.433105782387601,-0.6433105782387601,7.050832087228654e-08
K-Neighbors (KS - inCV),Integrated-SelectFromModel (L1-LR selector) + LR,680.0,2.242910086053898e-10,6.343714023698086,0.6343714023698086,1.2380863675017518e-07
K-Neighbors (KS - inCV),Integrated-SelectFromModel (L1-LR selector) + SVM,247.5,4.848114966851639e-15,7.830790617329208,0.7830790617329207,3.359743672028186e-12
K-Neighbors (KS - inCV),Integrated-SelectFromModel (L1-LR selector) + KNN,11.0,5.430296382634715e-18,8.643948656826526,0.8643948656826526,4.620923775812284e-15
K-Neighbors (KS - inCV),Integrated-SelectFromModel (L1-LR selector) + Naive Bayes,9.0,5.112258973385463e-18,8.650838090383226,0.8650838090383226,4.406767235058269e-15
K-Neighbors (KS - inCV),Integrated-SelectFromModel (RF selector) + RF,169.0,5.464146754116382e-16,-8.100705302441527,-0.8100705302441528,3.95604224998026e-13
K-Neighbors (KS - inCV),Integrated-SelectFromModel (RF selector) + LR,1591.0,0.0013209095591830166,3.2113977767664017,0.32113977767664015,0.34872012362431637
K-Neighbors (KS - inCV),Integrated-SelectFromModel (RF selector) + KNN,11.0,5.429992686030886e-18,8.643955043673165,0.8643955043673165,4.620923775812284e-15
K-Neighbors (KS - inCV),Integrated-RFECV (L1-LR) + LR,773.0,1.7021609690509306e-09,6.023945125998439,0.6023945125998439,8.782908932573854e-07
K-Neighbors (KS - inCV),Integrated-RFECV (L1-LR) + KNN,28.0,9.044445868078013e-18,8.585497134485216,0.8585497134485216,7.262690032066644e-15
K-Neighbors (KS - inCV),Integrated-RFECV (L1-LR) + Naive Bayes,10.0,5.26890956269266e-18,8.647393371057284,0.8647393371057284,4.510186585664917e-15
Decision Tree (MW - inCV),Decision Tree (Wilcoxon - inCV),2072.0,0.9337590256385978,0.0,0.0,1.0
Decision Tree (MW - inCV),Decision Tree (Kruskal - inCV),1708.0,0.00496774927609623,-2.809117624034637,-0.2809117624034637,1.0
Decision Tree (MW - inCV),Decision Tree (Chi-square - inCV),2418.0,0.8423041071949486,-0.1989471232503718,-0.01989471232503718,1.0
Decision Tree (MW - inCV),Decision Tree (KS - inCV),2413.0,0.7001664418723865,-0.3850957969733901,-0.03850957969733901,1.0
Decision Tree (MW - inCV),Naive Bayes (MW - inCV),1393.5,0.00010005011864337965,-3.8904703097252065,-0.38904703097252064,0.03351678974553218
Decision Tree (MW - inCV),Naive Bayes (Wilcoxon - inCV),1326.5,6.107876143036487e-05,-4.008603914278952,-0.4008603914278952,0.02119433021633661
Decision Tree (MW - inCV),Naive Bayes (Kruskal - inCV),985.5,1.201201775278114e-07,-5.293312830111779,-0.5293312830111778,5.4294320242570755e-05
Decision Tree (MW - inCV),Naive Bayes (Chi-square - inCV),654.0,1.2501475331965698e-10,-6.43311528899325,-0.643311528899325,7.050832087228654e-08
Decision Tree (MW - inCV),Naive Bayes (KS - inCV),750.5,1.0518949468826738e-09,-6.101329975770356,-0.6101329975770355,5.564524269009344e-07
Decision Tree (MW - inCV),Integrated-SelectFromModel (L1-LR selector) + LR,667.5,1.6951133058425602e-10,6.386693115999562,0.6386693115999562,9.458732246601486e-08
Decision Tree (MW - inCV),Integrated-SelectFromModel (L1-LR selector) + SVM,203.0,1.4190703440363424e-15,7.983790286854096,0.7983790286854096,1.0117971552979123e-12
Decision Tree (MW - inCV),Integrated-SelectFromModel (L1-LR selector) + KNN,38.0,1.21899591074438e-17,8.551120204301972,0.8551120204301972,9.691017490417821e-15
Decision Tree (MW - inCV),Integrated-SelectFromModel (L1-LR selector) + Naive Bayes,0.0,3.8965598450959084e-18,8.681770230106196,0.8681770230106196,4.032484450422398e-15
Decision Tree (MW - inCV),Integrated-SelectFromModel (RF selector) + RF,223.0,2.4711287395943107e-15,-7.915070576410042,-0.7915070576410043,1.7396746326743948e-12
Decision Tree (MW - inCV),Integrated-SelectFromModel (RF selector) + LR,1577.0,0.0011159526216491537,3.2595343601440567,0.3259534360144057,0.30242316046692064
Decision Tree (MW - inCV),Integrated-SelectFromModel (RF selector) + KNN,9.0,5.112831740936498e-18,8.650825306513738,0.8650825306513739,4.406767235058269e-15
Decision Tree (MW - inCV),Integrated-RFECV (L1-LR) + LR,781.0,2.0169190930532754e-09,5.996438527249587,0.5996438527249587,1.0306456565502237e-06
Decision Tree (MW - inCV),Integrated-RFECV (L1-LR) + KNN,32.0,1.0191841052420208e-17,8.571756502116605,0.8571756502116605,8.163664682988587e-15
Decision Tree (MW - inCV),Integrated-RFECV (L1-LR) + Naive Bayes,3.0,4.266082629108708e-18,8.671461662746108,0.8671461662746107,4.032484450422398e-15
Decision Tree (Wilcoxon - inCV),Decision Tree (Kruskal - inCV),1819.5,0.015277061136037013,-2.4257435541694443,-0.24257435541694444,1.0
Decision Tree (Wilcoxon - inCV),Decision Tree (Chi-square - inCV),2333.0,0.6201611963573535,-0.49562190320209926,-0.04956219032020993,1.0
Decision Tree (Wilcoxon - inCV),Decision Tree (KS - inCV),2479.0,0.8743280351734852,0.1581634102616184,0.01581634102616184,1.0
Decision Tree (Wilcoxon - inCV),Naive Bayes (MW - inCV),1354.0,5.66644448655076e-05,-4.026287316700807,-0.4026287316700807,0.019832555702927662
Decision Tree (Wilcoxon - inCV),Naive Bayes (Wilcoxon - inCV),1307.5,2.836973150943289e-05,-4.186172869424357,-0.4186172869424357,0.010127994148867543
Decision Tree (Wilcoxon - inCV),Naive Bayes (Kruskal - inCV),1019.5,2.2617812448939796e-07,-5.1764248254109795,-0.5176424825410979,0.0001008754435222715
Decision Tree (Wilcoxon - inCV),Naive Bayes (Chi-square - inCV),571.5,1.8579363628329356e-11,-6.716772544874909,-0.6716772544874909,1.098040390434265e-08
Decision Tree (Wilcoxon - inCV),Naive Bayes (KS - inCV),746.0,9.547157079561572e-10,-6.116802494728353,-0.6116802494728353,5.069540409247194e-07
Decision Tree (Wilcoxon - inCV),Integrated-SelectFromModel (L1-LR selector) + LR,616.0,5.246516957318068e-11,6.5637669762816495,0.656376697628165,3.037634468162919e-08
Decision Tree (Wilcoxon - inCV),Integrated-SelectFromModel (L1-LR selector) + SVM,184.0,8.339250355331123e-16,8.049118458882615,0.8049118458882616,6.004260255838409e-13
Decision Tree (Wilcoxon - inCV),Integrated-SelectFromModel (L1-LR selector) + KNN,36.0,1.1484549237468879e-17,8.55799685907021,0.8557996859070209,9.16416775903052e-15
Decision Tree (Wilcoxon - inCV),Integrated-SelectFromModel (L1-LR selector) + Naive Bayes,1.0,4.015929308708381e-18,8.678338317514347,0.8678338317514347,4.032484450422398e-15
Decision Tree (Wilcoxon - inCV),Integrated-SelectFromModel (RF selector) + RF,310.5,2.6536744145907056e-14,-7.6141816181055875,-0.7614181618105588,1.7620398112882285e-11
Decision Tree (Wilcoxon - inCV),Integrated-SelectFromModel (RF selector) + LR,1586.0,0.0012440236246669427,3.2285894136869926,0.32285894136869925,0.33214599667397704
Decision Tree (Wilcoxon - inCV),Integrated-SelectFromModel (RF selector) + KNN,10.0,5.269204481546392e-18,8.647386981670133,0.8647386981670133,4.510186585664917e-15
Decision Tree (Wilcoxon - inCV),Integrated-RFECV (L1-LR) + LR,727.5,6.394203108289241e-10,6.1803934729524705,0.618039347295247,3.426995446581973e-07
Decision Tree (Wilcoxon - inCV),Integrated-RFECV (L1-LR) + KNN,39.0,1.2558529561088617e-17,8.547681876917855,0.8547681876917854,9.970926999469644e-15
Decision Tree (Wilcoxon - inCV),Integrated-RFECV (L1-LR) + Naive Bayes,1.0,4.0161556854627e-18,8.67833190526259,0.8678331905262591,4.032484450422398e-15
Decision Tree (Kruskal - inCV),Decision Tree (Chi-square - inCV),1818.5,0.015133088237210785,2.429178296879511,0.24291782968795111,1.0
Decision Tree (Kruskal - inCV),Decision Tree (KS - inCV),1750.0,0.007705617769611685,2.6647037226916073,0.2664703722691607,1.0
Decision Tree (Kruskal - inCV),Naive Bayes (MW - inCV),1986.0,0.06384492973543733,-1.853261198720525,-0.1853261198720525,1.0
Decision Tree (Kruskal - inCV),Naive Bayes (Wilcoxon - inCV),1827.0,0.023715463976186957,-2.261707776188119,-0.2261707776188119,1.0
Decision Tree (Kruskal - inCV),Naive Bayes (Kruskal - inCV),1563.5,0.0009465355035614295,-3.3059542225371517,-0.3305954222537152,0.2612437989829545
Decision Tree (Kruskal - inCV),Naive Bayes (Chi-square - inCV),883.5,1.6613016871795767e-08,-5.644014401030031,-0.5644014401030031,7.974248098461968e-06
Decision Tree (Kruskal - inCV),Naive Bayes (KS - inCV),1215.5,6.716200775869554e-06,-4.502489709502787,-0.4502489709502787,0.0025723048971580393
Decision Tree (Kruskal - inCV),Integrated-SelectFromModel (L1-LR selector) + LR,388.0,2.0164615770355652e-13,7.347700190786909,0.7347700190786909,1.284486024571655e-10
Decision Tree (Kruskal - inCV),Integrated-SelectFromModel (L1-LR selector) + SVM,85.0,4.8816168731894246e-17,8.389512618399651,0.8389512618399652,3.690113215727378e-14
Decision Tree (Kruskal - inCV),Integrated-SelectFromModel (L1-LR selector) + KNN,6.0,4.670683307897806e-18,8.661140281044558,0.8661140281044558,4.14710104944116e-15
Decision Tree (Kruskal - inCV),Integrated-SelectFromModel (L1-LR selector) + Naive Bayes,1.0,4.0161556854627e-18,8.67833190526259,0.8678331905262591,4.032484450422398e-15
Decision Tree (Kruskal - inCV),Integrated-SelectFromModel (RF selector) + RF,605.0,4.0674832922726395e-11,-6.601598333104655,-0.6601598333104655,2.3713427593949487e-08
Decision Tree (Kruskal - inCV),Integrated-SelectFromModel (RF selector) + LR,1083.5,7.182881810492495e-07,4.956352586362251,0.4956352586362251,0.0003088639178511773
Decision Tree (Kruskal - inCV),Integrated-SelectFromModel (RF selector) + KNN,0.0,3.8965598450959084e-18,8.681770230106196,0.8681770230106196,4.032484450422398e-15
Decision Tree (Kruskal - inCV),Integrated-RFECV (L1-LR) + LR,458.0,1.185729361676675e-12,7.107022702972327,0.7107022702972328,7.339664748778618e-10
Decision Tree (Kruskal - inCV),Integrated-RFECV (L1-LR) + KNN,18.0,6.702409068617996e-18,8.61988038292128,0.8619880382921281,5.542584008251109e-15
Decision Tree (Kruskal - inCV),Integrated-RFECV (L1-LR) + Naive Bayes,0.0,5.697220948724935e-18,8.63846720071851,0.863846720071851,4.8141517016725705e-15
Decision Tree (Chi-square - inCV),Decision Tree (KS - inCV),2487.5,0.8974071293712386,0.1289374674434503,0.012893746744345031,1.0
Decision Tree (Chi-square - inCV),Naive Bayes (MW - inCV),1494.0,0.00039273891990899084,-3.5449155330258675,-0.35449155330258675,0.1197853705722422
Decision Tree (Chi-square - inCV),Naive Bayes (Wilcoxon - inCV),1505.0,0.0004530336131755067,-3.507091340478542,-0.3507091340478542,0.135004016726301
Decision Tree (Chi-square - inCV),Naive Bayes (Kruskal - inCV),1093.0,8.492327159283297e-07,-4.923699366189433,-0.49236993661894324,0.0003626223697013968
Decision Tree (Chi-square - inCV),Naive Bayes (Chi-square - inCV),523.5,5.909586515640368e-12,-6.881812259312585,-0.6881812259312585,3.581209428478063e-09
Decision Tree (Chi-square - inCV),Naive Bayes (KS - inCV),776.0,1.8140917480157586e-09,-6.013634594822738,-0.6013634594822739,9.306290667320841e-07
Decision Tree (Chi-square - inCV),Integrated-SelectFromModel (L1-LR selector) + LR,639.0,8.891992200502534e-11,6.484680655041697,0.6484680655041697,5.077327546486947e-08
Decision Tree (Chi-square - inCV),Integrated-SelectFromModel (L1-LR selector) + SVM,181.5,7.773047194269997e-16,8.05772022468101,0.805772022468101,5.612140074262938e-13
Decision Tree (Chi-square - inCV),Integrated-SelectFromModel (L1-LR selector) + KNN,25.0,8.267798584515514e-18,8.595812109016036,0.8595812109016036,6.6717444030337845e-15
Decision Tree (Chi-square - inCV),Integrated-SelectFromModel (L1-LR selector) + Naive Bayes,3.0,4.2663227307182344e-18,8.671455255575378,0.8671455255575378,4.032484450422398e-15
Decision Tree (Chi-square - inCV),Integrated-SelectFromModel (RF selector) + RF,322.5,3.649066669837285e-14,-7.57292725451198,-0.7572927254511981,2.4083840020926082e-11
Decision Tree (Chi-square - inCV),Integrated-SelectFromModel (RF selector) + LR,1559.0,0.000895577131804837,3.3214291613432794,0.33214291613432795,0.25255275116896403
Decision Tree (Chi-square - inCV),Integrated-SelectFromModel (RF selector) + KNN,6.0,4.670158839460766e-18,8.661153080157133,0.8661153080157133,4.14710104944116e-15
Decision Tree (Chi-square - inCV),Integrated-RFECV (L1-LR) + LR,759.0,1.262626828973254e-09,6.0720816738089285,0.6072081673808929,6.654043388689048e-07
Decision Tree (Chi-square - inCV),Integrated-RFECV (L1-LR) + KNN,20.0,7.11668231406785e-18,8.613010097216101,0.8613010097216101,5.8068902831494025e-15
Decision Tree (Chi-square - inCV),Integrated-RFECV (L1-LR) + Naive Bayes,0.0,3.8965598450959084e-18,8.681770230106196,0.8681770230106196,4.032484450422398e-15
Decision Tree (KS - inCV),Naive Bayes (MW - inCV),1417.5,0.00014012177978958343,-3.807953205163232,-0.3807953205163232,0.045679700211404196
Decision Tree (KS - inCV),Naive Bayes (Wilcoxon - inCV),1403.0,0.0001144079825767423,-3.857809025908032,-0.3857809025908032,0.03798345021547844
Decision Tree (KS - inCV),Naive Bayes (Kruskal - inCV),1095.0,8.796504717263661e-07,-4.91681179222894,-0.491681179222894,0.000374731100955432
Decision Tree (KS - inCV),Naive Bayes (Chi-square - inCV),671.0,1.8337052431829566e-10,-6.37465897015515,-0.637465897015515,1.0213738204529069e-07
Decision Tree (KS - inCV),Naive Bayes (KS - inCV),692.5,4.925928644190446e-10,-6.221446266309539,-0.6221446266309539,2.65014961057446e-07
Decision Tree (KS - inCV),Integrated-SelectFromModel (L1-LR selector) + LR,642.0,9.52050317382243e-11,6.4743752480888785,0.6474375248088878,5.426686809078785e-08
Decision Tree (KS - inCV),Integrated-SelectFromModel (L1-LR selector) + SVM,223.0,2.4719419898046462e-15,7.915029638240105,0.7915029638240105,1.7396746326743948e-12
Decision Tree (KS - inCV),Integrated-SelectFromModel (L1-LR selector) + KNN,48.0,1.6412062569258175e-17,8.51673063761309,0.851673063761309,1.286705705429841e-14
Decision Tree (KS - inCV),Integrated-SelectFromModel (L1-LR selector) + Naive Bayes,2.0,4.139140769112086e-18,8.674899990130227,0.8674899990130227,4.032484450422398e-15
Decision Tree (KS - inCV),Integrated-SelectFromModel (RF selector) + RF,281.0,1.2040812669310325e-14,-7.715606649961248,-0.7715606649961247,8.17571180246171e-12
Decision Tree (KS - inCV),Integrated-SelectFromModel (RF selector) + LR,1409.5,0.00012533101753382412,3.835457030931037,0.3835457030931037,0.04135923578616196
Decision Tree (KS - inCV),Integrated-SelectFromModel (RF selector) + KNN,33.0,1.0501310308139819e-17,8.568311841222563,0.8568311841222563,8.401048246511856e-15
Decision Tree (KS - inCV),Integrated-RFECV (L1-LR) + LR,737.5,7.945390334696643e-10,6.146014740286176,0.6146014740286175,4.234893048393311e-07
Decision Tree (KS - inCV),Integrated-RFECV (L1-LR) + KNN,45.0,1.5013268321137124e-17,8.527045612143908,0.8527045612143909,1.184417893870768e-14
Decision Tree (KS - inCV),Integrated-RFECV (L1-LR) + Naive Bayes,4.0,4.3971135541818935e-18,8.668016930731772,0.8668016930731772,4.032484450422398e-15
Naive Bayes (MW - inCV),Naive Bayes (Wilcoxon - inCV),1628.0,0.06570224615456137,-1.840449675364359,-0.1840449675364359,1.0
Naive Bayes (MW - inCV),Naive Bayes (Kruskal - inCV),1971.0,0.05680100249683283,-1.9048390006068059,-0.19048390006068058,1.0
Naive Bayes (MW - inCV),Naive Bayes (Chi-square - inCV),400.0,7.097515624187686e-13,-7.177543352880794,-0.7177543352880794,4.4288497494931157e-10
Naive Bayes (MW - inCV),Naive Bayes (KS - inCV),1155.5,2.4917116750022843e-06,-4.708806748820034,-0.47088067488200336,0.0010016680933509184
Naive Bayes (MW - inCV),Integrated-SelectFromModel (L1-LR selector) + LR,284.0,1.3055060419538932e-14,7.705285974521976,0.7705285974521976,8.838275904027858e-12
Naive Bayes (MW - inCV),Integrated-SelectFromModel (L1-LR selector) + SVM,58.0,2.2067169275631347e-17,8.48235992407608,0.848235992407608,1.721239203499245e-14
Naive Bayes (MW - inCV),Integrated-SelectFromModel (L1-LR selector) + KNN,6.0,4.670683307897806e-18,8.661140281044558,0.8661140281044558,4.14710104944116e-15
Naive Bayes (MW - inCV),Integrated-SelectFromModel (L1-LR selector) + Naive Bayes,3.0,4.265842540306607e-18,8.671468069931041,0.8671468069931041,4.032484450422398e-15
Naive Bayes (MW - inCV),Integrated-SelectFromModel (RF selector) + RF,801.0,3.0721023829496955e-09,-5.927698309577027,-0.5927698309577026,1.5483396010066465e-06
Naive Bayes (MW - inCV),Integrated-SelectFromModel (RF selector) + LR,753.5,1.1220652671572713e-09,6.091001461492005,0.6091001461492005,5.924504610590393e-07
Naive Bayes (MW - inCV),Integrated-SelectFromModel (RF selector) + KNN,11.0,5.429992686030886e-18,8.643955043673165,0.8643955043673165,4.620923775812284e-15
Naive Bayes (MW - inCV),Integrated-RFECV (L1-LR) + LR,290.0,1.5338139797462845e-14,7.684678737711243,0.7684678737711244,1.0352326067906292e-11
Naive Bayes (MW - inCV),Integrated-RFECV (L1-LR) + KNN,2.0,4.139373908714419e-18,8.674893580418985,0.8674893580418985,4.032484450422398e-15
Naive Bayes (MW - inCV),Integrated-RFECV (L1-LR) + Naive Bayes,0.0,3.8965598450959084e-18,8.681770230106196,0.8681770230106196,4.032484450422398e-15
Naive Bayes (Wilcoxon - inCV),Naive Bayes (Kruskal - inCV),2163.0,0.21325040364443415,-1.2446772720588235,-0.12446772720588235,1.0
Naive Bayes (Wilcoxon - inCV),Naive Bayes (Chi-square - inCV),554.5,3.3551823715169206e-11,-6.630074170139132,-0.6630074170139132,1.9627816873373984e-08
Naive Bayes (Wilcoxon - inCV),Naive Bayes (KS - inCV),1502.0,0.0006835634047015276,-3.3960881543705588,-0.3396088154370559,0.19891695076814453
Naive Bayes (Wilcoxon - inCV),Integrated-SelectFromModel (L1-LR selector) + LR,262.0,7.199382493919608e-15,7.780929121081317,0.7780929121081317,4.96757392080453e-12
Naive Bayes (Wilcoxon - inCV),Integrated-SelectFromModel (L1-LR selector) + SVM,58.0,2.2069547466224186e-17,8.482347389177024,0.8482347389177024,1.721239203499245e-14
Naive Bayes (Wilcoxon - inCV),Integrated-SelectFromModel (L1-LR selector) + KNN,1.0,4.015702944049438e-18,8.678344729780314,0.8678344729780314,4.032484450422398e-15
Naive Bayes (Wilcoxon - inCV),Integrated-SelectFromModel (L1-LR selector) + Naive Bayes,3.0,4.2663227307182344e-18,8.671455255575378,0.8671455255575378,4.032484450422398e-15
Naive Bayes (Wilcoxon - inCV),Integrated-SelectFromModel (RF selector) + RF,956.0,6.861688684513816e-08,-5.394755596128976,-0.5394755596128976,3.163238483560869e-05
Naive Bayes (Wilcoxon - inCV),Integrated-SelectFromModel (RF selector) + LR,724.0,5.924627865238482e-10,6.192423043335152,0.6192423043335152,3.1815251636330645e-07
Naive Bayes (Wilcoxon - inCV),Integrated-SelectFromModel (RF selector) + KNN,4.0,4.396866285628059e-18,8.668023335361992,0.8668023335361992,4.032484450422398e-15
Naive Bayes (Wilcoxon - inCV),Integrated-RFECV (L1-LR) + LR,262.0,1.1271965731250883e-14,7.724017159799725,0.7724017159799725,7.6649366972506e-12
Naive Bayes (Wilcoxon - inCV),Integrated-RFECV (L1-LR) + KNN,0.0,3.896340037647931e-18,8.681776644898465,0.8681776644898465,4.032484450422398e-15
Naive Bayes (Wilcoxon - inCV),Integrated-RFECV (L1-LR) + Naive Bayes,0.0,3.896340037647931e-18,8.681776644898465,0.8681776644898465,4.032484450422398e-15
Naive Bayes (Kruskal - inCV),Naive Bayes (Chi-square - inCV),969.5,8.877138911983972e-08,-5.3483261495543175,-0.5348326149554318,4.039098204952707e-05
Naive Bayes (Kruskal - inCV),Naive Bayes (KS - inCV),1558.5,0.0013796616953100855,-3.1988725017693067,-0.31988725017693065,0.36147136417124237
Naive Bayes (Kruskal - inCV),Integrated-SelectFromModel (L1-LR selector) + LR,233.0,3.2566151039783314e-15,7.880658010143681,0.7880658010143681,2.269860727472897e-12
Naive Bayes (Kruskal - inCV),Integrated-SelectFromModel (L1-LR selector) + SVM,43.0,2.094939549951444e-17,8.488404129055148,0.8488404129055148,1.6361477885120778e-14
Naive Bayes (Kruskal - inCV),Integrated-SelectFromModel (L1-LR selector) + KNN,3.0,4.265602464311227e-18,8.671474477130175,0.8671474477130175,4.032484450422398e-15
Naive Bayes (Kruskal - inCV),Integrated-SelectFromModel (L1-LR selector) + Naive Bayes,1.0,4.0161556854627e-18,8.67833190526259,0.8678331905262591,4.032484450422398e-15
Naive Bayes (Kruskal - inCV),Integrated-SelectFromModel (RF selector) + RF,1057.5,4.517037049037092e-07,-5.045767805573307,-0.5045767805573307,0.0001964911116331135
Naive Bayes (Kruskal - inCV),Integrated-SelectFromModel (RF selector) + LR,645.0,1.0191415729283498e-10,6.464084139337524,0.6464084139337525,5.778532718503744e-08
Naive Bayes (Kruskal - inCV),Integrated-SelectFromModel (RF selector) + KNN,2.0,4.139373908714419e-18,8.674893580418985,0.8674893580418985,4.032484450422398e-15
Naive Bayes (Kruskal - inCV),Integrated-RFECV (L1-LR) + LR,256.0,6.114697274470501e-15,7.801559070142955,0.7801559070142955,4.225255816659116e-12
Naive Bayes (Kruskal - inCV),Integrated-RFECV (L1-LR) + KNN,3.0,4.265602464311227e-18,8.671474477130175,0.8671474477130175,4.032484450422398e-15
Naive Bayes (Kruskal - inCV),Integrated-RFECV (L1-LR) + Naive Bayes,0.0,3.896340037647931e-18,8.681776644898465,0.8681776644898465,4.032484450422398e-15
Naive Bayes (Chi-square - inCV),Naive Bayes (KS - inCV),1357.5,5.963056710602853e-05,4.014267983474684,0.4014267983474684,0.020811067920003957
Naive Bayes (Chi-square - inCV),Integrated-SelectFromModel (L1-LR selector) + LR,148.5,3.053595796948327e-16,8.171191065896558,0.8171191065896558,2.2352321233661752e-13
Naive Bayes (Chi-square - inCV),Integrated-SelectFromModel (L1-LR selector) + SVM,17.0,6.503748926324486e-18,8.623325079368454,0.8623325079368455,5.404314519435632e-15
Naive Bayes (Chi-square - inCV),Integrated-SelectFromModel (L1-LR selector) + KNN,0.0,3.896120241954008e-18,8.681783059704948,0.8681783059704948,4.032484450422398e-15
Naive Bayes (Chi-square - inCV),Integrated-SelectFromModel (L1-LR selector) + Naive Bayes,1.0,4.0161556854627e-18,8.67833190526259,0.8678331905262591,4.032484450422398e-15
Naive Bayes (Chi-square - inCV),Integrated-SelectFromModel (RF selector) + RF,2000.0,0.09733938196388281,-1.6578914314560833,-0.16578914314560833,1.0
Naive Bayes (Chi-square - inCV),Integrated-SelectFromModel (RF selector) + LR,372.5,1.3515191037459239e-13,7.401010631254047,0.7401010631254047,8.69026783708629e-11
Naive Bayes (Chi-square - inCV),Integrated-SelectFromModel (RF selector) + KNN,0.0,3.896340037647931e-18,8.681776644898465,0.8681776644898465,4.032484450422398e-15
Naive Bayes (Chi-square - inCV),Integrated-RFECV (L1-LR) + LR,135.0,2.0762237175488676e-16,8.21759637621933,0.8217596376219329,1.5322531035510642e-13
Naive Bayes (Chi-square - inCV),Integrated-RFECV (L1-LR) + KNN,0.0,3.896340037647931e-18,8.681776644898465,0.8681776644898465,4.032484450422398e-15
Naive Bayes (Chi-square - inCV),Integrated-RFECV (L1-LR) + Naive Bayes,0.0,3.8965598450959084e-18,8.681770230106196,0.8681770230106196,4.032484450422398e-15
Naive Bayes (KS - inCV),Integrated-SelectFromModel (L1-LR selector) + LR,200.0,2.0149560935086705e-15,7.940421336512508,0.7940421336512509,1.4265889142041387e-12
Naive Bayes (KS - inCV),Integrated-SelectFromModel (L1-LR selector) + SVM,45.0,1.5011633635877922e-17,8.527058213096344,0.8527058213096345,1.184417893870768e-14
Naive Bayes (KS - inCV),Integrated-SelectFromModel (L1-LR selector) + KNN,1.0,4.015929308708381e-18,8.678338317514347,0.8678338317514347,4.032484450422398e-15
Naive Bayes (KS - inCV),Integrated-SelectFromModel (L1-LR selector) + Naive Bayes,3.0,4.266082629108708e-18,8.671461662746108,0.8671461662746107,4.032484450422398e-15
Naive Bayes (KS - inCV),Integrated-SelectFromModel (RF selector) + RF,1353.0,5.584269599716251e-05,-4.029722671672951,-0.40297226716729506,0.01960078629500404
Naive Bayes (KS - inCV),Integrated-SelectFromModel (RF selector) + LR,519.5,5.364707406330197e-12,6.895575758875722,0.6895575758875723,3.2563773956424298e-09
Naive Bayes (KS - inCV),Integrated-SelectFromModel (RF selector) + KNN,3.0,4.2663227307182344e-18,8.671455255575378,0.8671455255575378,4.032484450422398e-15
Naive Bayes (KS - inCV),Integrated-RFECV (L1-LR) + LR,205.5,1.5213380793963024e-15,7.9752003674621745,0.7975200367462174,1.081671374450771e-12
Naive Bayes (KS - inCV),Integrated-RFECV (L1-LR) + KNN,1.0,4.015929308708381e-18,8.678338317514347,0.8678338317514347,4.032484450422398e-15
Naive Bayes (KS - inCV),Integrated-RFECV (L1-LR) + Naive Bayes,0.0,3.896340037647931e-18,8.681776644898465,0.8681776644898465,4.032484450422398e-15
Integrated-SelectFromModel (L1-LR selector) + LR,Integrated-SelectFromModel (L1-LR selector) + SVM,923.5,3.660768174874722e-08,5.506481305665304,0.5506481305665304,1.7204418081873222e-05
Integrated-SelectFromModel (L1-LR selector) + LR,Integrated-SelectFromModel (L1-LR selector) + KNN,383.5,1.7956788223562818e-13,7.363188974137299,0.7363188974137299,1.1456430886633078e-10
Integrated-SelectFromModel (L1-LR selector) + LR,Integrated-SelectFromModel (L1-LR selector) + Naive Bayes,61.0,2.4114800543560524e-17,8.472032414646208,0.8472032414646208,1.866385235529526e-14
Integrated-SelectFromModel (L1-LR selector) + LR,Integrated-SelectFromModel (RF selector) + RF,60.0,2.3410567064063736e-17,-8.475483264226812,-0.8475483264226812,1.816660004171346e-14
Integrated-SelectFromModel (L1-LR selector) + LR,Integrated-SelectFromModel (RF selector) + LR,947.0,9.651671628053029e-08,-5.333162780888032,-0.5333162780888032,4.3722072475080224e-05
Integrated-SelectFromModel (L1-LR selector) + LR,Integrated-SelectFromModel (RF selector) + KNN,321.0,3.507386885783358e-14,7.578067955308537,0.7578067955308537,2.321890118388583e-11
Integrated-SelectFromModel (L1-LR selector) + LR,Integrated-RFECV (L1-LR) + LR,2256.5,0.3558970662170423,-0.9232113671613138,-0.09232113671613137,1.0
Integrated-SelectFromModel (L1-LR selector) + LR,Integrated-RFECV (L1-LR) + KNN,268.5,8.587779178769786e-15,7.758591474940284,0.7758591474940284,5.891216516636073e-12
Integrated-SelectFromModel (L1-LR selector) + LR,Integrated-RFECV (L1-LR) + Naive Bayes,66.0,2.794235262551622e-17,8.454859531825178,0.8454859531825178,2.1543553874273005e-14
Integrated-SelectFromModel (L1-LR selector) + SVM,Integrated-SelectFromModel (L1-LR selector) + KNN,612.0,4.783742429152475e-11,6.577515425819071,0.657751542581907,2.7745706089084356e-08
Integrated-SelectFromModel (L1-LR selector) + SVM,Integrated-SelectFromModel (L1-LR selector) + Naive Bayes,224.5,2.5765336682460126e-15,7.909872147163927,0.7909872147163928,1.8009970341039627e-12
Integrated-SelectFromModel (L1-LR selector) + SVM,Integrated-SelectFromModel (RF selector) + RF,1.0,4.015702944049438e-18,-8.678344729780314,-0.8678344729780314,4.032484450422398e-15
Integrated-SelectFromModel (L1-LR selector) + SVM,Integrated-SelectFromModel (RF selector) + LR,363.0,1.0562585155979123e-13,-7.433669297062216,-0.7433669297062215,6.823430010762514e-11
Integrated-SelectFromModel (L1-LR selector) + SVM,Integrated-SelectFromModel (RF selector) + KNN,781.0,2.0169190930532754e-09,5.996438527249587,0.5996438527249587,1.0306456565502237e-06
Integrated-SelectFromModel (L1-LR selector) + SVM,Integrated-RFECV (L1-LR) + LR,815.0,6.8770958020603085e-09,-5.79389867711609,-0.5793898677116089,3.3766540388116114e-06
Integrated-SelectFromModel (L1-LR selector) + SVM,Integrated-RFECV (L1-LR) + KNN,851.5,8.71350722154937e-09,5.754040877321813,0.5754040877321813,4.2521915241160925e-06
Integrated-SelectFromModel (L1-LR selector) + SVM,Integrated-RFECV (L1-LR) + Naive Bayes,269.0,8.704949540472421e-15,7.7568723099779655,0.7756872309977966,5.962890435223608e-12
Integrated-SelectFromModel (L1-LR selector) + KNN,Integrated-SelectFromModel (L1-LR selector) + Naive Bayes,1949.5,0.047843161128605316,1.978758871627801,0.1978758871627801,1.0
Integrated-SelectFromModel (L1-LR selector) + KNN,Integrated-SelectFromModel (RF selector) + RF,2.0,4.139373908714419e-18,-8.674893580418985,-0.8674893580418985,4.032484450422398e-15
Integrated-SelectFromModel (L1-LR selector) + KNN,Integrated-SelectFromModel (RF selector) + LR,156.0,3.7805653457291924e-16,-8.145391554503597,-0.8145391554503597,2.752251571690852e-13
Integrated-SelectFromModel (L1-LR selector) + KNN,Integrated-SelectFromModel (RF selector) + KNN,2524.5,0.9986283054947737,0.0017191649623178652,0.00017191649623178652,1.0
Integrated-SelectFromModel (L1-LR selector) + KNN,Integrated-RFECV (L1-LR) + LR,332.0,4.690843471216412e-14,-7.540246382028869,-0.7540246382028869,3.063120786704317e-11
Integrated-SelectFromModel (L1-LR selector) + KNN,Integrated-RFECV (L1-LR) + KNN,2325.5,0.49274696376997384,-0.6859463131315815,-0.06859463131315816,1.0
Integrated-SelectFromModel (L1-LR selector) + KNN,Integrated-RFECV (L1-LR) + Naive Bayes,2214.5,0.285699977100629,1.067602230431768,0.10676022304317681,1.0
Integrated-SelectFromModel (L1-LR selector) + Naive Bayes,Integrated-SelectFromModel (RF selector) + RF,0.0,3.8965598450959084e-18,-8.681770230106196,-0.8681770230106196,4.032484450422398e-15
Integrated-SelectFromModel (L1-LR selector) + Naive Bayes,Integrated-SelectFromModel (RF selector) + LR,18.0,6.702409068617996e-18,-8.61988038292128,-0.8619880382921281,5.542584008251109e-15
Integrated-SelectFromModel (L1-LR selector) + Naive Bayes,Integrated-SelectFromModel (RF selector) + KNN,1853.5,0.02095254226905962,-2.3088385443928208,-0.23088385443928208,1.0
Integrated-SelectFromModel (L1-LR selector) + Naive Bayes,Integrated-RFECV (L1-LR) + LR,61.0,2.4113504335006795e-17,-8.472038674467255,-0.8472038674467255,1.866385235529526e-14
Integrated-SelectFromModel (L1-LR selector) + Naive Bayes,Integrated-RFECV (L1-LR) + KNN,1541.0,0.000716173136332072,-3.3833116461087123,-0.3383311646108712,0.20768831888255881
Integrated-SelectFromModel (L1-LR selector) + Naive Bayes,Integrated-RFECV (L1-LR) + Naive Bayes,1839.5,0.03784258787653619,-2.0765556710526596,-0.20765556710526595,1.0
Integrated-SelectFromModel (RF selector) + RF,Integrated-SelectFromModel (RF selector) + LR,158.0,4.0013592259408416e-16,8.138520918207789,0.8138520918207789,2.908988157258992e-13
Integrated-SelectFromModel (RF selector) + RF,Integrated-SelectFromModel (RF selector) + KNN,1.0,4.015929308708381e-18,8.678338317514347,0.8678338317514347,4.032484450422398e-15
Integrated-SelectFromModel (RF selector) + RF,Integrated-RFECV (L1-LR) + LR,69.0,3.052005841464884e-17,8.444557013520425,0.8444557013520425,2.340888480403566e-14
Integrated-SelectFromModel (RF selector) + RF,Integrated-RFECV (L1-LR) + KNN,1.0,4.015702944049438e-18,8.678344729780314,0.8678344729780314,4.032484450422398e-15
Integrated-SelectFromModel (RF selector) + RF,Integrated-RFECV (L1-LR) + Naive Bayes,0.0,3.896340037647931e-18,8.681776644898465,0.8681776644898465,4.032484450422398e-15
Integrated-SelectFromModel (RF selector) + LR,Integrated-SelectFromModel (RF selector) + KNN,66.0,2.794534475049663e-17,8.454847037546662,0.8454847037546662,2.1543553874273005e-14
Integrated-SelectFromModel (RF selector) + LR,Integrated-RFECV (L1-LR) + LR,1108.0,1.1041271586796573e-06,4.8721099032954935,0.48721099032954934,0.00046373340664545605
Integrated-SelectFromModel (RF selector) + LR,Integrated-RFECV (L1-LR) + KNN,136.0,2.1365801836383434e-16,8.214158051375724,0.8214158051375724,1.5725230151578207e-13
Integrated-SelectFromModel (RF selector) + LR,Integrated-RFECV (L1-LR) + Naive Bayes,16.0,9.272897098686052e-18,8.582629098936973,0.8582629098936974,7.436863473146213e-15
Integrated-SelectFromModel (RF selector) + KNN,Integrated-RFECV (L1-LR) + LR,301.0,2.059781926876359e-14,-7.646840102278885,-0.7646840102278885,1.3779941090802843e-11
Integrated-SelectFromModel (RF selector) + KNN,Integrated-RFECV (L1-LR) + KNN,2213.0,0.2833792893595821,-1.072758936486314,-0.1072758936486314,1.0
Integrated-SelectFromModel (RF selector) + KNN,Integrated-RFECV (L1-LR) + Naive Bayes,2078.5,0.12473147262281428,1.5352131770087776,0.15352131770087776,1.0
Integrated-RFECV (L1-LR) + LR,Integrated-RFECV (L1-LR) + KNN,187.0,9.071553783625815e-16,8.038809424068358,0.8038809424068358,6.522447170426961e-13
Integrated-RFECV (L1-LR) + LR,Integrated-RFECV (L1-LR) + Naive Bayes,73.0,3.433907108732613e-17,8.43077251652293,0.8430772516522931,2.6303728452891814e-14
Integrated-RFECV (L1-LR) + KNN,Integrated-RFECV (L1-LR) + Naive Bayes,1734.0,0.006533741925829223,2.719718970386778,0.2719718970386778,1.0
