Model_A,Model_B,W,p_value,z,r_effect,p_adj
Random Forest (All),Logistic Regression (All),484.0,2.256609459115412e-12,-7.017631376181306,-0.7017631376181306,5.686655836970839e-10
Random Forest (All),SVM (All),15.0,6.108357597355742e-18,-8.630501454257377,-0.8630501454257378,3.999442607232758e-15
Random Forest (All),K-Neighbors (All),0.0,3.8853646391776985e-18,8.68209740264247,0.8682097402642469,3.999442607232758e-15
Random Forest (All),Decision Tree (All),20.0,7.11668231406785e-18,8.613010097216101,0.8613010097216101,3.999442607232758e-15
Random Forest (All),Naive Bayes (All),1668.0,0.003212424003975313,2.9466443909706976,0.29466443909706974,0.31160512838560533
Random Forest (All),Random Forest (MW - inCV),1823.5,0.022969944342071048,2.273934178439555,0.22739341784395548,1.0
Random Forest (All),Random Forest (Wilcoxon - inCV),1498.5,0.0015817184777633519,3.1592571743680695,0.315925717436807,0.16608044016515194
Random Forest (All),Random Forest (Kruskal - inCV),386.0,1.9153290110443258e-13,7.354576840474121,0.7354576840474121,5.362921230924112e-11
Random Forest (All),Random Forest (Chi-square - inCV),1085.0,2.032507885304839e-06,4.750164951515382,0.4750164951515382,0.00027845358028676294
Random Forest (All),Random Forest (KS - inCV),877.0,1.9113271243220344e-07,5.207761168809935,0.5207761168809935,2.9625570426991532e-05
Random Forest (All),Logistic Regression (MW - inCV),28.0,9.044445868078013e-18,8.585497134485216,0.8585497134485216,4.377270240181537e-15
Random Forest (All),Logistic Regression (Wilcoxon - inCV),9.0,5.11254534956045e-18,8.650831698441399,0.8650831698441399,3.999442607232758e-15
Random Forest (All),Logistic Regression (Kruskal - inCV),0.0,3.8965598450959084e-18,8.681770230106196,0.8681770230106196,3.999442607232758e-15
Random Forest (All),Logistic Regression (Chi-square - inCV),12.0,5.596247901468035e-18,8.64051033198292,0.864051033198292,3.999442607232758e-15
Random Forest (All),Logistic Regression (KS - inCV),1.0,4.0161556854627e-18,8.67833190526259,0.8678331905262591,3.999442607232758e-15
Random Forest (All),SVM (MW - inCV),196.0,1.8003591654603517e-15,7.954376460543865,0.7954376460543865,6.049206795946782e-13
Random Forest (All),SVM (Wilcoxon - inCV),212.0,4.374133392281619e-15,7.843713817270764,0.7843713817270764,1.4084709523146815e-12
Random Forest (All),SVM (Kruskal - inCV),0.0,3.8965598450959084e-18,8.681770230106196,0.8681770230106196,3.999442607232758e-15
Random Forest (All),SVM (Chi-square - inCV),257.0,9.827495161865996e-15,7.74146862197731,0.774146862197731,3.0760059856640565e-12
Random Forest (All),SVM (KS - inCV),15.0,6.12472726248735e-18,8.630195357452102,0.8630195357452102,3.999442607232758e-15
Random Forest (All),K-Neighbors (MW - inCV),0.0,3.896340037647931e-18,8.681776644898465,0.8681776644898465,3.999442607232758e-15
Random Forest (All),K-Neighbors (Wilcoxon - inCV),0.0,3.8965598450959084e-18,8.681770230106196,0.8681770230106196,3.999442607232758e-15
Random Forest (All),K-Neighbors (Kruskal - inCV),0.0,3.8965598450959084e-18,8.681770230106196,0.8681770230106196,3.999442607232758e-15
Random Forest (All),K-Neighbors (Chi-square - inCV),0.0,3.8965598450959084e-18,8.681770230106196,0.8681770230106196,3.999442607232758e-15
Random Forest (All),K-Neighbors (KS - inCV),0.0,3.8965598450959084e-18,8.681770230106196,0.8681770230106196,3.999442607232758e-15
Random Forest (All),Decision Tree (MW - inCV),22.0,7.55704804907942e-18,8.606127083546857,0.8606127083546857,3.999442607232758e-15
Random Forest (All),Decision Tree (Wilcoxon - inCV),0.0,3.8965598450959084e-18,8.681770230106196,0.8681770230106196,3.999442607232758e-15
Random Forest (All),Decision Tree (Kruskal - inCV),0.0,3.8965598450959084e-18,8.681770230106196,0.8681770230106196,3.999442607232758e-15
Random Forest (All),Decision Tree (Chi-square - inCV),3.0,4.266082629108708e-18,8.671461662746108,0.8671461662746107,3.999442607232758e-15
Random Forest (All),Decision Tree (KS - inCV),22.0,7.556629054981239e-18,8.606133442447863,0.8606133442447863,3.999442607232758e-15
Random Forest (All),Naive Bayes (MW - inCV),0.0,3.8965598450959084e-18,8.681770230106196,0.8681770230106196,3.999442607232758e-15
Random Forest (All),Naive Bayes (Wilcoxon - inCV),0.0,3.8965598450959084e-18,8.681770230106196,0.8681770230106196,3.999442607232758e-15
Random Forest (All),Naive Bayes (Kruskal - inCV),0.0,3.896340037647931e-18,8.681776644898465,0.8681776644898465,3.999442607232758e-15
Random Forest (All),Naive Bayes (Chi-square - inCV),0.0,3.896340037647931e-18,8.681776644898465,0.8681776644898465,3.999442607232758e-15
Random Forest (All),Naive Bayes (KS - inCV),0.0,3.8965598450959084e-18,8.681770230106196,0.8681770230106196,3.999442607232758e-15
Random Forest (All),Integrated-SelectFromModel (L1-LR selector) + LR,1730.0,0.009315048045785871,2.600269844264536,0.2600269844264536,0.8197242280291567
Random Forest (All),Integrated-SelectFromModel (L1-LR selector) + SVM,32.0,1.0189598698491096e-17,-8.57178183629671,-0.857178183629671,4.8196801843862885e-15
Random Forest (All),Integrated-SelectFromModel (L1-LR selector) + KNN,0.0,3.895241176705637e-18,8.681808719073084,0.8681808719073084,3.999442607232758e-15
Random Forest (All),Integrated-SelectFromModel (L1-LR selector) + Naive Bayes,2.0,6.055964751718376e-18,8.631486621162372,0.8631486621162372,3.999442607232758e-15
Random Forest (All),Integrated-SelectFromModel (RF selector) + RF,912.5,1.7892954149718306e-06,-4.775872723440054,-0.47758727234400544,0.00024871206268108444
Random Forest (All),Integrated-SelectFromModel (RF selector) + LR,1126.0,2.4966329253021018e-06,-4.7084044955128,-0.47084044955128,0.00033704544491578375
Random Forest (All),Integrated-SelectFromModel (RF selector) + KNN,0.0,3.895241176705637e-18,8.681808719073084,0.8681808719073084,3.999442607232758e-15
Random Forest (All),Integrated-RFECV (L1-LR) + LR,1897.0,0.04365509157007092,2.017387491723352,0.2017387491723352,1.0
Random Forest (All),Integrated-RFECV (L1-LR) + KNN,0.0,3.895680685825537e-18,8.681795889360576,0.8681795889360575,3.999442607232758e-15
Random Forest (All),Integrated-RFECV (L1-LR) + Naive Bayes,33.0,2.2908233362933212e-17,8.478007942186165,0.8478007942186165,9.713090945883682e-15
Logistic Regression (All),SVM (All),428.0,5.583076604938986e-13,-7.210295059179328,-0.7210295059179328,1.4795153003088313e-10
Logistic Regression (All),K-Neighbors (All),0.0,3.887776709393054e-18,8.68202683288841,0.868202683288841,3.999442607232758e-15
Logistic Regression (All),Decision Tree (All),0.0,3.8965598450959084e-18,8.681770230106196,0.8681770230106196,3.999442607232758e-15
Logistic Regression (All),Naive Bayes (All),102.0,8.012096741807243e-17,8.331061096058342,0.8331061096058342,3.05260885862856e-14
Logistic Regression (All),Random Forest (MW - inCV),343.0,6.26479522754658e-14,7.502424808749196,0.7502424808749196,1.8167906159885085e-11
Logistic Regression (All),Random Forest (Wilcoxon - inCV),258.0,6.45706688194492e-15,7.794682420455742,0.7794682420455742,2.040433134694595e-12
Logistic Regression (All),Random Forest (Kruskal - inCV),35.0,1.114710784203997e-17,8.561435186454323,0.8561435186454324,5.1945522543906266e-15
Logistic Regression (All),Random Forest (Chi-square - inCV),257.0,6.283300445984622e-15,7.7981265071800845,0.7798126507180084,1.9980895418231098e-12
Logistic Regression (All),Random Forest (KS - inCV),173.0,6.11793706819051e-16,8.086946007446016,0.8086946007446016,2.1657497221394404e-13
Logistic Regression (All),Logistic Regression (MW - inCV),2.0,4.139373908714419e-18,8.674893580418985,0.8674893580418985,3.999442607232758e-15
Logistic Regression (All),Logistic Regression (Wilcoxon - inCV),1.0,4.0161556854627e-18,8.67833190526259,0.8678331905262591,3.999442607232758e-15
Logistic Regression (All),Logistic Regression (Kruskal - inCV),0.0,3.8965598450959084e-18,8.681770230106196,0.8681770230106196,3.999442607232758e-15
Logistic Regression (All),Logistic Regression (Chi-square - inCV),9.0,5.11254534956045e-18,8.650831698441399,0.8650831698441399,3.999442607232758e-15
Logistic Regression (All),Logistic Regression (KS - inCV),0.0,3.8965598450959084e-18,8.681770230106196,0.8681770230106196,3.999442607232758e-15
Logistic Regression (All),SVM (MW - inCV),20.0,7.117077537219981e-18,8.613003733234068,0.8613003733234068,3.999442607232758e-15
Logistic Regression (All),SVM (Wilcoxon - inCV),19.0,6.906672275406012e-18,8.616442058077675,0.8616442058077676,3.999442607232758e-15
Logistic Regression (All),SVM (Kruskal - inCV),1.0,4.0161556854627e-18,8.67833190526259,0.8678331905262591,3.999442607232758e-15
Logistic Regression (All),SVM (Chi-square - inCV),28.0,9.04394677723458e-18,8.585503478143153,0.8585503478143153,4.377270240181537e-15
Logistic Regression (All),SVM (KS - inCV),3.0,4.2663227307182344e-18,8.671455255575378,0.8671455255575378,3.999442607232758e-15
Logistic Regression (All),K-Neighbors (MW - inCV),0.0,3.8965598450959084e-18,8.681770230106196,0.8681770230106196,3.999442607232758e-15
Logistic Regression (All),K-Neighbors (Wilcoxon - inCV),0.0,3.896120241954008e-18,8.681783059704948,0.8681783059704948,3.999442607232758e-15
Logistic Regression (All),K-Neighbors (Kruskal - inCV),0.0,3.8965598450959084e-18,8.681770230106196,0.8681770230106196,3.999442607232758e-15
Logistic Regression (All),K-Neighbors (Chi-square - inCV),0.0,3.896340037647931e-18,8.681776644898465,0.8681776644898465,3.999442607232758e-15
Logistic Regression (All),K-Neighbors (KS - inCV),0.0,3.8965598450959084e-18,8.681770230106196,0.8681770230106196,3.999442607232758e-15
Logistic Regression (All),Decision Tree (MW - inCV),0.0,3.8965598450959084e-18,8.681770230106196,0.8681770230106196,3.999442607232758e-15
Logistic Regression (All),Decision Tree (Wilcoxon - inCV),0.0,3.8965598450959084e-18,8.681770230106196,0.8681770230106196,3.999442607232758e-15
Logistic Regression (All),Decision Tree (Kruskal - inCV),0.0,3.8965598450959084e-18,8.681770230106196,0.8681770230106196,3.999442607232758e-15
Logistic Regression (All),Decision Tree (Chi-square - inCV),0.0,3.8965598450959084e-18,8.681770230106196,0.8681770230106196,3.999442607232758e-15
Logistic Regression (All),Decision Tree (KS - inCV),0.0,3.8965598450959084e-18,8.681770230106196,0.8681770230106196,3.999442607232758e-15
Logistic Regression (All),Naive Bayes (MW - inCV),0.0,3.896340037647931e-18,8.681776644898465,0.8681776644898465,3.999442607232758e-15
Logistic Regression (All),Naive Bayes (Wilcoxon - inCV),0.0,3.8965598450959084e-18,8.681770230106196,0.8681770230106196,3.999442607232758e-15
Logistic Regression (All),Naive Bayes (Kruskal - inCV),0.0,3.896340037647931e-18,8.681776644898465,0.8681776644898465,3.999442607232758e-15
Logistic Regression (All),Naive Bayes (Chi-square - inCV),0.0,3.8965598450959084e-18,8.681770230106196,0.8681770230106196,3.999442607232758e-15
Logistic Regression (All),Naive Bayes (KS - inCV),0.0,3.8965598450959084e-18,8.681770230106196,0.8681770230106196,3.999442607232758e-15
Logistic Regression (All),Integrated-SelectFromModel (L1-LR selector) + LR,30.0,1.416683979982243e-17,8.533758507376467,0.8533758507376467,6.422643404781994e-15
Logistic Regression (All),Integrated-SelectFromModel (L1-LR selector) + SVM,458.0,1.1856842657780831e-12,-7.107027954221832,-0.7107027954221832,3.0590654057074545e-10
Logistic Regression (All),Integrated-SelectFromModel (L1-LR selector) + KNN,0.0,3.895460925389839e-18,8.681802304209718,0.8681802304209718,3.999442607232758e-15
Logistic Regression (All),Integrated-SelectFromModel (L1-LR selector) + Naive Bayes,0.0,3.8965598450959084e-18,8.681770230106196,0.8681770230106196,3.999442607232758e-15
Logistic Regression (All),Integrated-SelectFromModel (RF selector) + RF,668.0,1.714266460957264e-10,6.3849739523075035,0.6384973952307503,3.514246244962391e-08
Logistic Regression (All),Integrated-SelectFromModel (RF selector) + LR,1056.0,5.537616581613763e-06,4.543315912629338,0.4543315912629338,0.0007254277721914029
Logistic Regression (All),Integrated-SelectFromModel (RF selector) + KNN,0.0,3.894582001156701e-18,8.68182796374849,0.868182796374849,3.999442607232758e-15
Logistic Regression (All),Integrated-RFECV (L1-LR) + LR,42.0,2.0331827662952014e-17,8.491881495613526,0.8491881495613527,8.824013205721173e-15
Logistic Regression (All),Integrated-RFECV (L1-LR) + KNN,0.0,3.895680685825537e-18,8.681795889360576,0.8681795889360575,3.999442607232758e-15
Logistic Regression (All),Integrated-RFECV (L1-LR) + Naive Bayes,0.0,3.8965598450959084e-18,8.681770230106196,0.8681770230106196,3.999442607232758e-15
SVM (All),K-Neighbors (All),0.0,7.285297341499823e-19,8.870446843070937,0.8870446843070937,7.540282748452317e-16
SVM (All),Decision Tree (All),1.0,4.014571302161649e-18,8.678376791323355,0.8678376791323356,3.999442607232758e-15
SVM (All),Naive Bayes (All),0.0,3.892165928709803e-18,8.68189852865324,0.868189852865324,3.999442607232758e-15
SVM (All),Random Forest (MW - inCV),16.0,6.3049288131860495e-18,8.626878143762104,0.8626878143762104,3.999442607232758e-15
SVM (All),Random Forest (Wilcoxon - inCV),8.0,4.950484016608919e-18,8.65450663111281,0.8654506631112809,3.999442607232758e-15
SVM (All),Random Forest (Kruskal - inCV),0.0,3.8917267954882246e-18,8.681911358820786,0.8681911358820786,3.999442607232758e-15
SVM (All),Random Forest (Chi-square - inCV),6.0,4.664655289451856e-18,8.661287474265075,0.8661287474265075,3.999442607232758e-15
SVM (All),Random Forest (KS - inCV),3.0,4.2593649814876555e-18,8.671641069292932,0.8671641069292931,3.999442607232758e-15
SVM (All),Logistic Regression (MW - inCV),0.0,3.893263967270896e-18,8.681866453483236,0.8681866453483236,3.999442607232758e-15
SVM (All),Logistic Regression (Wilcoxon - inCV),0.0,3.894582001156701e-18,8.68182796374849,0.868182796374849,3.999442607232758e-15
SVM (All),Logistic Regression (Kruskal - inCV),0.0,3.89414260953766e-18,8.68184079360319,0.8681840793603189,3.999442607232758e-15
SVM (All),Logistic Regression (Chi-square - inCV),0.0,3.89414260953766e-18,8.68184079360319,0.8681840793603189,3.999442607232758e-15
SVM (All),Logistic Regression (KS - inCV),0.0,3.894582001156701e-18,8.68182796374849,0.868182796374849,3.999442607232758e-15
SVM (All),SVM (MW - inCV),2.0,4.134480589954728e-18,8.675028187338832,0.8675028187338831,3.999442607232758e-15
SVM (All),SVM (Wilcoxon - inCV),0.0,3.89414260953766e-18,8.68184079360319,0.8681840793603189,3.999442607232758e-15
SVM (All),SVM (Kruskal - inCV),0.0,3.893703264910611e-18,8.681853623514773,0.8681853623514773,3.999442607232758e-15
SVM (All),SVM (Chi-square - inCV),0.0,3.89392293135041e-18,8.681847208551874,0.8681847208551874,3.999442607232758e-15
SVM (All),SVM (KS - inCV),0.0,3.892165928709803e-18,8.68189852865324,0.868189852865324,3.999442607232758e-15
SVM (All),K-Neighbors (MW - inCV),0.0,3.893263967270896e-18,8.681866453483236,0.8681866453483236,3.999442607232758e-15
SVM (All),K-Neighbors (Wilcoxon - inCV),0.0,3.8904096776002905e-18,8.681949849664708,0.8681949849664707,3.999442607232758e-15
SVM (All),K-Neighbors (Kruskal - inCV),0.0,3.895241176705637e-18,8.681808719073084,0.8681808719073084,3.999442607232758e-15
SVM (All),K-Neighbors (Chi-square - inCV),0.0,3.892385512934327e-18,8.681892113590798,0.8681892113590799,3.999442607232758e-15
SVM (All),K-Neighbors (KS - inCV),0.0,3.895241176705637e-18,8.681808719073084,0.8681808719073084,3.999442607232758e-15
SVM (All),Decision Tree (MW - inCV),0.0,3.895021439772567e-18,8.681815133950662,0.8681815133950662,3.999442607232758e-15
SVM (All),Decision Tree (Wilcoxon - inCV),0.0,3.894582001156701e-18,8.68182796374849,0.868182796374849,3.999442607232758e-15
SVM (All),Decision Tree (Kruskal - inCV),0.0,3.895021439772567e-18,8.681815133950662,0.8681815133950662,3.999442607232758e-15
SVM (All),Decision Tree (Chi-square - inCV),0.0,3.893483610217646e-18,8.681860038491894,0.8681860038491894,3.999442607232758e-15
SVM (All),Decision Tree (KS - inCV),0.0,3.895021439772567e-18,8.681815133950662,0.8681815133950662,3.999442607232758e-15
SVM (All),Naive Bayes (MW - inCV),0.0,3.8912877092326295e-18,8.681924189045208,0.8681924189045208,3.999442607232758e-15
SVM (All),Naive Bayes (Wilcoxon - inCV),0.0,3.89414260953766e-18,8.68184079360319,0.8681840793603189,3.999442607232758e-15
SVM (All),Naive Bayes (Kruskal - inCV),0.0,3.8926051089021165e-18,8.681885698542576,0.8681885698542576,3.999442607232758e-15
SVM (All),Naive Bayes (Chi-square - inCV),0.0,3.893483610217646e-18,8.681860038491894,0.8681860038491894,3.999442607232758e-15
SVM (All),Naive Bayes (KS - inCV),0.0,3.893703264910611e-18,8.681853623514773,0.8681853623514773,3.999442607232758e-15
SVM (All),Integrated-SelectFromModel (L1-LR selector) + LR,13.0,5.7588363165393875e-18,8.637237937642858,0.8637237937642859,3.999442607232758e-15
SVM (All),Integrated-SelectFromModel (L1-LR selector) + SVM,1951.0,0.12562877539941114,1.53156920990879,0.15315692099087902,1.0
SVM (All),Integrated-SelectFromModel (L1-LR selector) + KNN,0.0,3.826818185998225e-18,8.683823689669577,0.8683823689669576,3.949276367950169e-15
SVM (All),Integrated-SelectFromModel (L1-LR selector) + Naive Bayes,0.0,3.891068183715535e-18,8.681930604178755,0.8681930604178755,3.999442607232758e-15
SVM (All),Integrated-SelectFromModel (RF selector) + RF,58.0,2.199830705791423e-17,8.48272346032377,0.848272346032377,9.393277113729376e-15
SVM (All),Integrated-SelectFromModel (RF selector) + LR,209.0,1.6743685709006173e-15,7.963354510914043,0.7963354510914044,5.659365769644087e-13
SVM (All),Integrated-SelectFromModel (RF selector) + KNN,0.0,3.504633521660466e-18,8.693816563399803,0.8693816563399803,3.623791061396922e-15
SVM (All),Integrated-RFECV (L1-LR) + LR,20.0,7.107203192086726e-18,8.613162837016942,0.8613162837016942,3.999442607232758e-15
SVM (All),Integrated-RFECV (L1-LR) + KNN,0.0,3.8391536724278815e-18,8.68345781052777,0.868345781052777,3.958167436273146e-15
SVM (All),Integrated-RFECV (L1-LR) + Naive Bayes,0.0,3.893263967270896e-18,8.681866453483236,0.8681866453483236,3.999442607232758e-15
K-Neighbors (All),Decision Tree (All),0.0,3.8930443360697965e-18,-8.681872868488796,-0.8681872868488796,3.999442607232758e-15
K-Neighbors (All),Naive Bayes (All),0.0,3.887557371640185e-18,-8.68203324824949,-0.8682033248249491,3.999442607232758e-15
K-Neighbors (All),Random Forest (MW - inCV),0.0,3.886241591437734e-18,-8.682071740714619,-0.8682071740714619,3.999442607232758e-15
K-Neighbors (All),Random Forest (Wilcoxon - inCV),0.0,3.882953987604619e-18,-8.682167974117386,-0.8682167974117385,3.999442607232758e-15
K-Neighbors (All),Random Forest (Kruskal - inCV),0.0,3.886241591437734e-18,-8.682071740714619,-0.8682071740714619,3.999442607232758e-15
K-Neighbors (All),Random Forest (Chi-square - inCV),0.0,3.8912877092326295e-18,-8.681924189045208,-0.8681924189045208,3.999442607232758e-15
K-Neighbors (All),Random Forest (KS - inCV),0.0,3.887996058876616e-18,-8.682020417541555,-0.8682020417541555,3.999442607232758e-15
K-Neighbors (All),Logistic Regression (MW - inCV),0.0,3.892165928709803e-18,-8.68189852865324,-0.868189852865324,3.999442607232758e-15
K-Neighbors (All),Logistic Regression (Wilcoxon - inCV),0.0,3.8919463562279835e-18,-8.681904943729903,-0.8681904943729902,3.999442607232758e-15
K-Neighbors (All),Logistic Regression (Kruskal - inCV),0.0,3.89414260953766e-18,-8.68184079360319,-0.8681840793603189,3.999442607232758e-15
K-Neighbors (All),Logistic Regression (Chi-square - inCV),0.0,3.8930443360697965e-18,-8.681872868488796,-0.8681872868488796,3.999442607232758e-15
K-Neighbors (All),Logistic Regression (KS - inCV),0.0,3.8926051089021165e-18,-8.681885698542576,-0.8681885698542576,3.999442607232758e-15
K-Neighbors (All),SVM (MW - inCV),0.0,3.8888735741311975e-18,-8.681994756296332,-0.8681994756296332,3.999442607232758e-15
K-Neighbors (All),SVM (Wilcoxon - inCV),0.0,3.8919463562279835e-18,-8.681904943729903,-0.8681904943729902,3.999442607232758e-15
K-Neighbors (All),SVM (Kruskal - inCV),0.0,3.8919463562279835e-18,-8.681904943729903,-0.8681904943729902,3.999442607232758e-15
K-Neighbors (All),SVM (Chi-square - inCV),0.0,3.892165928709803e-18,-8.68189852865324,-0.868189852865324,3.999442607232758e-15
K-Neighbors (All),SVM (KS - inCV),0.0,3.89150724648996e-18,-8.681917773925889,-0.8681917773925889,3.999442607232758e-15
K-Neighbors (All),K-Neighbors (MW - inCV),0.0,3.8912877092326295e-18,-8.681924189045208,-0.8681924189045208,3.999442607232758e-15
K-Neighbors (All),K-Neighbors (Wilcoxon - inCV),0.0,3.889312402158803e-18,-8.681981925759048,-0.8681981925759048,3.999442607232758e-15
K-Neighbors (All),K-Neighbors (Kruskal - inCV),0.0,3.89414260953766e-18,-8.68184079360319,-0.8681840793603189,3.999442607232758e-15
K-Neighbors (All),K-Neighbors (Chi-square - inCV),0.0,3.8899707322140255e-18,-8.681962680059783,-0.8681962680059783,3.999442607232758e-15
K-Neighbors (All),K-Neighbors (KS - inCV),0.0,3.8930443360697965e-18,-8.681872868488796,-0.8681872868488796,3.999442607232758e-15
K-Neighbors (All),Decision Tree (MW - inCV),0.0,3.894582001156701e-18,-8.68182796374849,-0.868182796374849,3.999442607232758e-15
K-Neighbors (All),Decision Tree (Wilcoxon - inCV),0.0,3.89392293135041e-18,-8.681847208551874,-0.8681847208551874,3.999442607232758e-15
K-Neighbors (All),Decision Tree (Kruskal - inCV),0.0,3.894362299472809e-18,-8.68183437866873,-0.868183437866873,3.999442607232758e-15
K-Neighbors (All),Decision Tree (Chi-square - inCV),0.0,3.893483610217646e-18,-8.681860038491894,-0.8681860038491894,3.999442607232758e-15
K-Neighbors (All),Decision Tree (KS - inCV),0.0,3.892165928709803e-18,-8.68189852865324,-0.868189852865324,3.999442607232758e-15
K-Neighbors (All),Naive Bayes (MW - inCV),0.0,3.888654177718331e-18,-8.682001171586306,-0.8682001171586305,3.999442607232758e-15
K-Neighbors (All),Naive Bayes (Wilcoxon - inCV),0.0,3.8919463562279835e-18,-8.681904943729903,-0.8681904943729902,3.999442607232758e-15
K-Neighbors (All),Naive Bayes (Kruskal - inCV),0.0,3.8919463562279835e-18,-8.681904943729903,-0.8681904943729902,3.999442607232758e-15
K-Neighbors (All),Naive Bayes (Chi-square - inCV),0.0,3.8912877092326295e-18,-8.681924189045208,-0.8681924189045208,3.999442607232758e-15
K-Neighbors (All),Naive Bayes (KS - inCV),0.0,3.890848669938197e-18,-8.681937019326519,-0.8681937019326519,3.999442607232758e-15
K-Neighbors (All),Integrated-SelectFromModel (L1-LR selector) + LR,0.0,3.890190199038486e-18,-8.681956264855135,-0.8681956264855135,3.999442607232758e-15
K-Neighbors (All),Integrated-SelectFromModel (L1-LR selector) + SVM,0.0,3.7911074730917534e-18,-8.684889495964619,-0.8684889495964618,3.916214019703781e-15
K-Neighbors (All),Integrated-SelectFromModel (L1-LR selector) + KNN,1.0,8.19588873222234e-18,-8.59681508708606,-0.859681508708606,3.999593701324502e-15
K-Neighbors (All),Integrated-SelectFromModel (L1-LR selector) + Naive Bayes,0.0,3.888654177718331e-18,-8.682001171586306,-0.8682001171586305,3.999442607232758e-15
K-Neighbors (All),Integrated-SelectFromModel (RF selector) + RF,0.0,3.887996058876616e-18,-8.682020417541555,-0.8682020417541555,3.999442607232758e-15
K-Neighbors (All),Integrated-SelectFromModel (RF selector) + LR,0.0,3.8840495625051566e-18,-8.682135895960911,-0.8682135895960912,3.999442607232758e-15
K-Neighbors (All),Integrated-SelectFromModel (RF selector) + KNN,22.0,3.1235762593893365e-14,-7.593093233582965,-0.7593093233582965,9.37072877816801e-12
K-Neighbors (All),Integrated-RFECV (L1-LR) + LR,0.0,3.887996058876616e-18,-8.682020417541555,-0.8682020417541555,3.999442607232758e-15
K-Neighbors (All),Integrated-RFECV (L1-LR) + KNN,0.0,7.921413572999367e-17,-8.332408410578203,-0.8332408410578204,3.025979984885758e-14
K-Neighbors (All),Integrated-RFECV (L1-LR) + Naive Bayes,0.0,3.891068183715535e-18,-8.681930604178755,-0.8681930604178755,3.999442607232758e-15
Decision Tree (All),Naive Bayes (All),68.0,2.964263914228315e-17,-8.447964140740961,-0.8447964140740961,1.224240996576294e-14
Decision Tree (All),Random Forest (MW - inCV),42.0,1.3731500834606288e-17,-8.537366894765498,-0.8537366894765498,6.2615643805804674e-15
Decision Tree (All),Random Forest (Wilcoxon - inCV),60.0,2.3413085997284582e-17,-8.475470739489811,-0.8475470739489811,9.903735376851379e-15
Decision Tree (All),Random Forest (Kruskal - inCV),139.0,2.328219678879701e-16,-8.203843076844906,-0.8203843076844907,8.428155237544519e-14
Decision Tree (All),Random Forest (Chi-square - inCV),43.0,2.0952890243957205e-17,-8.48838474026158,-0.848838474026158,9.030695695145555e-15
Decision Tree (All),Random Forest (KS - inCV),32.0,1.0192962404545369e-17,-8.571743835110793,-0.8571743835110792,4.8196801843862885e-15
Decision Tree (All),Logistic Regression (MW - inCV),740.5,1.413696572105615e-09,-6.053912229404711,-0.6053912229404711,2.572927761232219e-07
Decision Tree (All),Logistic Regression (Wilcoxon - inCV),1003.0,1.6665957602994508e-07,-5.233134278627906,-0.5233134278627907,2.616555343670138e-05
Decision Tree (All),Logistic Regression (Kruskal - inCV),131.0,1.8511572479713263e-16,8.231349675593757,0.8231349675593757,6.811912744668186e-14
Decision Tree (All),Logistic Regression (Chi-square - inCV),1140.5,1.932438641482047e-06,-4.7603642633116525,-0.4760364263311653,0.0002666765325245225
Decision Tree (All),Logistic Regression (KS - inCV),2053.0,0.14077738549311428,-1.4729022863447312,-0.1472902286344731,1.0
Decision Tree (All),SVM (MW - inCV),236.0,3.537195355033052e-15,-7.870325567015083,-0.7870325567015083,1.153125685740775e-12
Decision Tree (All),SVM (Wilcoxon - inCV),324.0,3.797351804308381e-14,-7.567752980777719,-0.7567752980777719,1.1202187822709724e-11
Decision Tree (All),SVM (Kruskal - inCV),662.0,1.497753301434673e-10,6.405603916612212,0.6405603916612213,3.100349333969773e-08
Decision Tree (All),SVM (Chi-square - inCV),268.0,1.328360225327466e-14,-7.703069540196263,-0.7703069540196263,4.1046330962618705e-12
Decision Tree (All),SVM (KS - inCV),704.0,3.820404764739855e-10,-6.261194166479248,-0.6261194166479248,7.526197386537514e-08
Decision Tree (All),K-Neighbors (MW - inCV),257.0,6.2835872740427154e-15,7.7981207452993475,0.7798120745299347,1.9980895418231098e-12
Decision Tree (All),K-Neighbors (Wilcoxon - inCV),121.0,1.388390715047386e-16,8.265732924029821,0.8265732924029822,5.178167087025723e-14
Decision Tree (All),K-Neighbors (Kruskal - inCV),136.0,2.1365801836383434e-16,8.214158051375724,0.8214158051375724,7.77715186844357e-14
Decision Tree (All),K-Neighbors (Chi-square - inCV),504.0,3.682640907990571e-12,6.948854508928564,0.6948854508928564,9.169775860896522e-10
Decision Tree (All),K-Neighbors (KS - inCV),75.0,3.641679657916183e-17,8.423895866835716,0.8423895866835716,1.471238581798138e-14
Decision Tree (All),Decision Tree (MW - inCV),1574.0,0.001662281955015342,-3.144751090039344,-0.3144751090039344,0.17287732332159558
Decision Tree (All),Decision Tree (Wilcoxon - inCV),1841.0,0.026908421965700702,-2.2128437192951655,-0.22128437192951655,1.0
Decision Tree (All),Decision Tree (Kruskal - inCV),2457.0,0.9499056860602577,0.06282521600522556,0.006282521600522556,1.0
Decision Tree (All),Decision Tree (Chi-square - inCV),2391.0,0.6449883613873455,0.46073552904325954,0.04607355290432595,1.0
Decision Tree (All),Decision Tree (KS - inCV),2198.0,0.3336388902050257,-0.9668102685248592,-0.09668102685248592,1.0
Decision Tree (All),Naive Bayes (MW - inCV),691.0,2.865466357096198e-10,6.305887763174165,0.6305887763174165,5.702278050621434e-08
Decision Tree (All),Naive Bayes (Wilcoxon - inCV),634.0,7.932643922218011e-11,6.5018722792597305,0.650187227925973,1.7213837311213082e-08
Decision Tree (All),Naive Bayes (Kruskal - inCV),69.0,3.0528209793531665e-17,8.444525815897356,0.8444525815897356,1.2547094225141515e-14
Decision Tree (All),Naive Bayes (Chi-square - inCV),837.0,6.479288991357657e-09,5.803892336007628,0.5803892336007628,1.1014791285308017e-06
Decision Tree (All),Naive Bayes (KS - inCV),425.5,5.246053374043911e-13,7.218768342956168,0.7218768342956168,1.4006962508697243e-10
Decision Tree (All),Integrated-SelectFromModel (L1-LR selector) + LR,32.0,1.0192962404545369e-17,-8.571743835110793,-0.8571743835110792,4.8196801843862885e-15
Decision Tree (All),Integrated-SelectFromModel (L1-LR selector) + SVM,0.0,3.896340037647931e-18,-8.681776644898465,-0.8681776644898465,3.999442607232758e-15
Decision Tree (All),Integrated-SelectFromModel (L1-LR selector) + KNN,0.0,3.895241176705637e-18,8.681808719073084,0.8681808719073084,3.999442607232758e-15
Decision Tree (All),Integrated-SelectFromModel (L1-LR selector) + Naive Bayes,1576.0,0.001702381066119627,-3.1377705104832074,-0.31377705104832077,0.17534524981032157
Decision Tree (All),Integrated-SelectFromModel (RF selector) + RF,10.0,5.269204481546392e-18,-8.647386981670133,-0.8647386981670133,3.999442607232758e-15
Decision Tree (All),Integrated-SelectFromModel (RF selector) + LR,1.0,4.015929308708381e-18,-8.678338317514347,-0.8678338317514347,3.999442607232758e-15
Decision Tree (All),Integrated-SelectFromModel (RF selector) + KNN,0.0,3.896340037647931e-18,8.681776644898465,0.8681776644898465,3.999442607232758e-15
Decision Tree (All),Integrated-RFECV (L1-LR) + LR,20.0,1.0469487273681503e-17,-8.568661405157147,-0.8568661405157147,4.910189531356625e-15
Decision Tree (All),Integrated-RFECV (L1-LR) + KNN,0.0,3.896340037647931e-18,8.681776644898465,0.8681776644898465,3.999442607232758e-15
Decision Tree (All),Integrated-RFECV (L1-LR) + Naive Bayes,2035.0,0.0920311845328354,-1.684779173367143,-0.1684779173367143,1.0
Naive Bayes (All),Random Forest (MW - inCV),2170.0,0.22223549128693643,-1.2206053194802773,-0.12206053194802773,1.0
Naive Bayes (All),Random Forest (Wilcoxon - inCV),2474.0,0.8608010376424908,0.1753545670239271,0.01753545670239271,1.0
Naive Bayes (All),Random Forest (Kruskal - inCV),890.0,1.8911179818691745e-08,5.621677734298831,0.5621677734298831,3.120344670084138e-06
Naive Bayes (All),Random Forest (Chi-square - inCV),2154.0,0.20209007180358796,1.2756194595078538,0.12756194595078538,1.0
Naive Bayes (All),Random Forest (KS - inCV),2302.0,0.44323228641200085,0.7667464401242305,0.07667464401242305,1.0
Naive Bayes (All),Logistic Regression (MW - inCV),144.0,2.6859459865305284e-16,8.186651452626872,0.8186651452626872,9.696265011375208e-14
Naive Bayes (All),Logistic Regression (Wilcoxon - inCV),85.0,4.8816168731894246e-17,8.389512618399651,0.8389512618399652,1.908712197417065e-14
Naive Bayes (All),Logistic Regression (Kruskal - inCV),0.0,3.896340037647931e-18,8.681776644898465,0.8681776644898465,3.999442607232758e-15
Naive Bayes (All),Logistic Regression (Chi-square - inCV),147.0,2.9258949970250214e-16,8.176342519433087,0.8176342519433086,1.0533221989290077e-13
Naive Bayes (All),Logistic Regression (KS - inCV),16.0,6.311606041551026e-18,8.626757032608491,0.8626757032608492,3.999442607232758e-15
Naive Bayes (All),SVM (MW - inCV),755.0,1.1588250768574917e-09,6.085839469889222,0.6085839469889222,2.1554146429549345e-07
Naive Bayes (All),SVM (Wilcoxon - inCV),696.0,5.32463652950227e-10,6.209225515183123,0.6209225515183123,1.027654850193938e-07
Naive Bayes (All),SVM (Kruskal - inCV),5.0,4.531861061109546e-18,8.664578605888165,0.8664578605888165,3.999442607232758e-15
Naive Bayes (All),SVM (Chi-square - inCV),706.0,3.9926982524816236e-10,6.254312890520069,0.6254312890520068,7.81134217314061e-08
Naive Bayes (All),SVM (KS - inCV),211.0,2.7442805359787764e-15,7.902016057546144,0.7902016057546144,9.001240158010386e-13
Naive Bayes (All),K-Neighbors (MW - inCV),0.0,3.896340037647931e-18,8.681776644898465,0.8681776644898465,3.999442607232758e-15
Naive Bayes (All),K-Neighbors (Wilcoxon - inCV),0.0,3.8965598450959084e-18,8.681770230106196,0.8681770230106196,3.999442607232758e-15
Naive Bayes (All),K-Neighbors (Kruskal - inCV),0.0,3.8965598450959084e-18,8.681770230106196,0.8681770230106196,3.999442607232758e-15
Naive Bayes (All),K-Neighbors (Chi-square - inCV),0.0,3.8965598450959084e-18,8.681770230106196,0.8681770230106196,3.999442607232758e-15
Naive Bayes (All),K-Neighbors (KS - inCV),0.0,3.8965598450959084e-18,8.681770230106196,0.8681770230106196,3.999442607232758e-15
Naive Bayes (All),Decision Tree (MW - inCV),119.0,1.3105832102334346e-16,8.272609573717032,0.8272609573717032,4.927792870477714e-14
Naive Bayes (All),Decision Tree (Wilcoxon - inCV),71.0,4.8343439832904744e-17,8.390656626475677,0.8390656626475677,1.895062841449866e-14
Naive Bayes (All),Decision Tree (Kruskal - inCV),82.0,4.4713463414559033e-17,8.399827592930471,0.8399827592930471,1.7795958438994495e-14
Naive Bayes (All),Decision Tree (Chi-square - inCV),53.0,1.903450784800175e-17,8.499539013395058,0.8499539013395058,8.299045421728763e-15
Naive Bayes (All),Decision Tree (KS - inCV),70.0,3.14398699044227e-17,8.441087491053748,0.8441087491053748,1.2890346660813308e-14
Naive Bayes (All),Naive Bayes (MW - inCV),0.0,3.8965598450959084e-18,8.681770230106196,0.8681770230106196,3.999442607232758e-15
Naive Bayes (All),Naive Bayes (Wilcoxon - inCV),0.0,3.8965598450959084e-18,8.681770230106196,0.8681770230106196,3.999442607232758e-15
Naive Bayes (All),Naive Bayes (Kruskal - inCV),0.0,3.8965598450959084e-18,8.681770230106196,0.8681770230106196,3.999442607232758e-15
Naive Bayes (All),Naive Bayes (Chi-square - inCV),0.0,3.8965598450959084e-18,8.681770230106196,0.8681770230106196,3.999442607232758e-15
Naive Bayes (All),Naive Bayes (KS - inCV),0.0,3.8965598450959084e-18,8.681770230106196,0.8681770230106196,3.999442607232758e-15
Naive Bayes (All),Integrated-SelectFromModel (L1-LR selector) + LR,2389.0,0.7640513610804953,0.30016492091385516,0.030016492091385516,1.0
Naive Bayes (All),Integrated-SelectFromModel (L1-LR selector) + SVM,3.0,4.265602464311227e-18,-8.671474477130175,-0.8671474477130175,3.999442607232758e-15
Naive Bayes (All),Integrated-SelectFromModel (L1-LR selector) + KNN,0.0,3.896340037647931e-18,8.681776644898465,0.8681776644898465,3.999442607232758e-15
Naive Bayes (All),Integrated-SelectFromModel (L1-LR selector) + Naive Bayes,0.0,3.8965598450959084e-18,8.681770230106196,0.8681770230106196,3.999442607232758e-15
Naive Bayes (All),Integrated-SelectFromModel (RF selector) + RF,1083.0,7.119895537749088e-07,-4.958064424480449,-0.49580644244804495,0.00010537445395868649
Naive Bayes (All),Integrated-SelectFromModel (RF selector) + LR,666.5,1.657329855141802e-10,-6.390140886497395,-0.6390140886497395,3.414099501592112e-08
Naive Bayes (All),Integrated-SelectFromModel (RF selector) + KNN,0.0,3.895021439772567e-18,8.681815133950662,0.8681815133950662,3.999442607232758e-15
Naive Bayes (All),Integrated-RFECV (L1-LR) + LR,2198.0,0.2608721129080632,-1.1243322238592972,-0.11243322238592972,1.0
Naive Bayes (All),Integrated-RFECV (L1-LR) + KNN,0.0,3.896340037647931e-18,8.681776644898465,0.8681776644898465,3.999442607232758e-15
Naive Bayes (All),Integrated-RFECV (L1-LR) + Naive Bayes,0.0,3.8965598450959084e-18,8.681770230106196,0.8681770230106196,3.999442607232758e-15
Random Forest (MW - inCV),Random Forest (Wilcoxon - inCV),1837.5,0.18240157272796742,1.3333969501837604,0.13333969501837603,1.0
Random Forest (MW - inCV),Random Forest (Kruskal - inCV),329.0,1.7399286088681462e-13,7.3673961618333275,0.7367396161833327,4.889199390919491e-11
Random Forest (MW - inCV),Random Forest (Chi-square - inCV),1387.0,0.00023322437073395558,3.6800104775542293,0.3680010477554229,0.026121129522203024
Random Forest (MW - inCV),Random Forest (KS - inCV),1482.0,0.010518839318715922,2.5582897939740645,0.25582897939740645,0.8941013420908533
Random Forest (MW - inCV),Logistic Regression (MW - inCV),8.0,4.9607636011294465e-18,8.654270025825518,0.8654270025825518,3.999442607232758e-15
Random Forest (MW - inCV),Logistic Regression (Wilcoxon - inCV),2.0,4.139140769112086e-18,8.674899990130227,0.8674899990130227,3.999442607232758e-15
Random Forest (MW - inCV),Logistic Regression (Kruskal - inCV),0.0,3.8965598450959084e-18,8.681770230106196,0.8681770230106196,3.999442607232758e-15
Random Forest (MW - inCV),Logistic Regression (Chi-square - inCV),17.0,6.503748926324486e-18,8.623325079368454,0.8623325079368455,3.999442607232758e-15
Random Forest (MW - inCV),Logistic Regression (KS - inCV),0.0,3.896340037647931e-18,8.681776644898465,0.8681776644898465,3.999442607232758e-15
Random Forest (MW - inCV),SVM (MW - inCV),265.0,1.2237458405694165e-14,7.713540409530465,0.7713540409530465,3.805849564170885e-12
Random Forest (MW - inCV),SVM (Wilcoxon - inCV),370.0,2.0261395885989218e-13,7.347059982833317,0.7347059982833317,5.6529294521909915e-11
Random Forest (MW - inCV),SVM (Kruskal - inCV),0.0,3.896340037647931e-18,8.681776644898465,0.8681776644898465,3.999442607232758e-15
Random Forest (MW - inCV),SVM (Chi-square - inCV),424.5,8.255516611671151e-13,7.156844639028167,0.7156844639028167,2.1629453522578414e-10
Random Forest (MW - inCV),SVM (KS - inCV),47.0,2.3624635499704045e-17,8.474423581149308,0.8474423581149308,9.922346909875698e-15
Random Forest (MW - inCV),K-Neighbors (MW - inCV),0.0,3.896340037647931e-18,8.681776644898465,0.8681776644898465,3.999442607232758e-15
Random Forest (MW - inCV),K-Neighbors (Wilcoxon - inCV),0.0,3.8965598450959084e-18,8.681770230106196,0.8681770230106196,3.999442607232758e-15
Random Forest (MW - inCV),K-Neighbors (Kruskal - inCV),0.0,3.8965598450959084e-18,8.681770230106196,0.8681770230106196,3.999442607232758e-15
Random Forest (MW - inCV),K-Neighbors (Chi-square - inCV),0.0,3.896120241954008e-18,8.681783059704948,0.8681783059704948,3.999442607232758e-15
Random Forest (MW - inCV),K-Neighbors (KS - inCV),0.0,3.8965598450959084e-18,8.681770230106196,0.8681770230106196,3.999442607232758e-15
Random Forest (MW - inCV),Decision Tree (MW - inCV),66.0,4.166543874019557e-17,8.408114477161112,0.8408114477161112,1.6707840934818424e-14
Random Forest (MW - inCV),Decision Tree (Wilcoxon - inCV),41.0,1.3329700507875106e-17,8.540798911518333,0.8540798911518334,6.105002832606799e-15
Random Forest (MW - inCV),Decision Tree (Kruskal - inCV),13.0,5.7672036158171394e-18,8.637072007139313,0.8637072007139313,3.999442607232758e-15
Random Forest (MW - inCV),Decision Tree (Chi-square - inCV),28.0,9.04394677723458e-18,8.585503478143153,0.8585503478143153,4.377270240181537e-15
Random Forest (MW - inCV),Decision Tree (KS - inCV),59.0,2.2730301494613286e-17,8.47891532923549,0.8478915329235489,9.660378135210647e-15
Random Forest (MW - inCV),Naive Bayes (MW - inCV),0.0,3.8965598450959084e-18,8.681770230106196,0.8681770230106196,3.999442607232758e-15
Random Forest (MW - inCV),Naive Bayes (Wilcoxon - inCV),0.0,3.8965598450959084e-18,8.681770230106196,0.8681770230106196,3.999442607232758e-15
Random Forest (MW - inCV),Naive Bayes (Kruskal - inCV),0.0,3.8965598450959084e-18,8.681770230106196,0.8681770230106196,3.999442607232758e-15
Random Forest (MW - inCV),Naive Bayes (Chi-square - inCV),0.0,3.896120241954008e-18,8.681783059704948,0.8681783059704948,3.999442607232758e-15
Random Forest (MW - inCV),Naive Bayes (KS - inCV),0.0,3.8965598450959084e-18,8.681770230106196,0.8681770230106196,3.999442607232758e-15
Random Forest (MW - inCV),Integrated-SelectFromModel (L1-LR selector) + LR,2204.0,0.34421564655371184,0.9458685298564508,0.09458685298564508,1.0
Random Forest (MW - inCV),Integrated-SelectFromModel (L1-LR selector) + SVM,29.0,9.317969593232732e-18,-8.582071491890515,-0.8582071491890515,4.472625404751711e-15
Random Forest (MW - inCV),Integrated-SelectFromModel (L1-LR selector) + KNN,0.0,3.894801714589673e-18,8.681821548842466,0.8681821548842465,3.999442607232758e-15
Random Forest (MW - inCV),Integrated-SelectFromModel (L1-LR selector) + Naive Bayes,13.0,5.7672036158171394e-18,8.637072007139313,0.8637072007139313,3.999442607232758e-15
Random Forest (MW - inCV),Integrated-SelectFromModel (RF selector) + RF,931.0,3.3066078538316643e-07,-5.105076463268598,-0.5105076463268599,4.992977859285813e-05
Random Forest (MW - inCV),Integrated-SelectFromModel (RF selector) + LR,873.0,1.3460606544893094e-08,-5.6801126416377965,-0.5680112641637797,2.2344606864522536e-06
Random Forest (MW - inCV),Integrated-SelectFromModel (RF selector) + KNN,0.0,3.895460925389839e-18,8.681802304209718,0.8681802304209718,3.999442607232758e-15
Random Forest (MW - inCV),Integrated-RFECV (L1-LR) + LR,2333.0,0.6201617289358989,0.49562114848566796,0.0495621148485668,1.0
Random Forest (MW - inCV),Integrated-RFECV (L1-LR) + KNN,0.0,3.895900458013434e-18,8.681789474525653,0.8681789474525653,3.999442607232758e-15
Random Forest (MW - inCV),Integrated-RFECV (L1-LR) + Naive Bayes,32.0,1.5047191612538282e-17,8.526784419968697,0.8526784419968697,6.7712362256422265e-15
Random Forest (Wilcoxon - inCV),Random Forest (Kruskal - inCV),440.0,1.2230764113696504e-12,7.102739698368551,0.7102739698368551,3.1433063772200017e-10
Random Forest (Wilcoxon - inCV),Random Forest (Chi-square - inCV),1598.0,0.016726827072521263,2.3926579425557652,0.23926579425557654,1.0
Random Forest (Wilcoxon - inCV),Random Forest (KS - inCV),2018.0,0.11069827615638081,1.5950624285771147,0.15950624285771148,1.0
Random Forest (Wilcoxon - inCV),Logistic Regression (MW - inCV),33.0,1.5508700026937093e-17,8.52328763804226,0.8523287638042261,6.947897612067818e-15
Random Forest (Wilcoxon - inCV),Logistic Regression (Wilcoxon - inCV),6.0,4.670421066702361e-18,8.661146680593756,0.8661146680593756,3.999442607232758e-15
Random Forest (Wilcoxon - inCV),Logistic Regression (Kruskal - inCV),0.0,3.8965598450959084e-18,8.681770230106196,0.8681770230106196,3.999442607232758e-15
Random Forest (Wilcoxon - inCV),Logistic Regression (Chi-square - inCV),25.0,8.267798584515514e-18,8.595812109016036,0.8595812109016036,4.0264179106590555e-15
Random Forest (Wilcoxon - inCV),Logistic Regression (KS - inCV),1.0,4.0161556854627e-18,8.67833190526259,0.8678331905262591,3.999442607232758e-15
Random Forest (Wilcoxon - inCV),SVM (MW - inCV),412.0,3.725407650063557e-13,7.265180394540354,0.7265180394540354,1.009585473167224e-10
Random Forest (Wilcoxon - inCV),SVM (Wilcoxon - inCV),324.0,6.021505788769837e-14,7.507613312624448,0.7507613312624448,1.7582796903207924e-11
Random Forest (Wilcoxon - inCV),SVM (Kruskal - inCV),0.0,3.8965598450959084e-18,8.681770230106196,0.8681770230106196,3.999442607232758e-15
Random Forest (Wilcoxon - inCV),SVM (Chi-square - inCV),531.0,7.080559838466176e-12,6.856019738151189,0.6856019738151189,1.6922538013934161e-09
Random Forest (Wilcoxon - inCV),SVM (KS - inCV),71.0,3.237665051616236e-17,8.43765540062607,0.8437655400626071,1.3242050061110404e-14
Random Forest (Wilcoxon - inCV),K-Neighbors (MW - inCV),0.0,3.8965598450959084e-18,8.681770230106196,0.8681770230106196,3.999442607232758e-15
Random Forest (Wilcoxon - inCV),K-Neighbors (Wilcoxon - inCV),0.0,3.896120241954008e-18,8.681783059704948,0.8681783059704948,3.999442607232758e-15
Random Forest (Wilcoxon - inCV),K-Neighbors (Kruskal - inCV),0.0,3.8965598450959084e-18,8.681770230106196,0.8681770230106196,3.999442607232758e-15
Random Forest (Wilcoxon - inCV),K-Neighbors (Chi-square - inCV),0.0,3.896340037647931e-18,8.681776644898465,0.8681776644898465,3.999442607232758e-15
Random Forest (Wilcoxon - inCV),K-Neighbors (KS - inCV),0.0,3.8965598450959084e-18,8.681770230106196,0.8681770230106196,3.999442607232758e-15
Random Forest (Wilcoxon - inCV),Decision Tree (MW - inCV),68.0,4.4218786358637305e-17,8.401133892290076,0.8401133892290076,1.7643295757096286e-14
Random Forest (Wilcoxon - inCV),Decision Tree (Wilcoxon - inCV),38.0,1.21899591074438e-17,8.551120204301972,0.8551120204301972,5.631761107639036e-15
Random Forest (Wilcoxon - inCV),Decision Tree (Kruskal - inCV),10.0,5.26890956269266e-18,8.647393371057284,0.8647393371057284,3.999442607232758e-15
Random Forest (Wilcoxon - inCV),Decision Tree (Chi-square - inCV),29.0,9.318483401001452e-18,8.582065150759037,0.8582065150759037,4.472625404751711e-15
Random Forest (Wilcoxon - inCV),Decision Tree (KS - inCV),61.0,2.4113504335006795e-17,8.472038674467255,0.8472038674467255,1.0103558316367847e-14
Random Forest (Wilcoxon - inCV),Naive Bayes (MW - inCV),0.0,3.8965598450959084e-18,8.681770230106196,0.8681770230106196,3.999442607232758e-15
Random Forest (Wilcoxon - inCV),Naive Bayes (Wilcoxon - inCV),0.0,3.8965598450959084e-18,8.681770230106196,0.8681770230106196,3.999442607232758e-15
Random Forest (Wilcoxon - inCV),Naive Bayes (Kruskal - inCV),0.0,3.896340037647931e-18,8.681776644898465,0.8681776644898465,3.999442607232758e-15
Random Forest (Wilcoxon - inCV),Naive Bayes (Chi-square - inCV),0.0,3.896340037647931e-18,8.681776644898465,0.8681776644898465,3.999442607232758e-15
Random Forest (Wilcoxon - inCV),Naive Bayes (KS - inCV),0.0,3.8965598450959084e-18,8.681770230106196,0.8681770230106196,3.999442607232758e-15
Random Forest (Wilcoxon - inCV),Integrated-SelectFromModel (L1-LR selector) + LR,2310.5,0.8122814604294863,-0.23748383232283257,-0.023748383232283257,1.0
Random Forest (Wilcoxon - inCV),Integrated-SelectFromModel (L1-LR selector) + SVM,18.0,6.701290778698224e-18,-8.619899490152795,-0.8619899490152795,3.999442607232758e-15
Random Forest (Wilcoxon - inCV),Integrated-SelectFromModel (L1-LR selector) + KNN,0.0,3.895900458013434e-18,8.681789474525653,0.8681789474525653,3.999442607232758e-15
Random Forest (Wilcoxon - inCV),Integrated-SelectFromModel (L1-LR selector) + Naive Bayes,9.0,5.11254534956045e-18,8.650831698441399,0.8650831698441399,3.999442607232758e-15
Random Forest (Wilcoxon - inCV),Integrated-SelectFromModel (RF selector) + RF,656.0,2.1694178378216558e-10,-6.348841940205919,-0.6348841940205918,4.3822240323997445e-08
Random Forest (Wilcoxon - inCV),Integrated-SelectFromModel (RF selector) + LR,633.0,1.2834177296964728e-10,-6.429123561255403,-0.6429123561255403,2.7080114096595576e-08
Random Forest (Wilcoxon - inCV),Integrated-SelectFromModel (RF selector) + KNN,0.0,3.893263967270896e-18,8.681866453483236,0.8681866453483236,3.999442607232758e-15
Random Forest (Wilcoxon - inCV),Integrated-RFECV (L1-LR) + LR,2199.5,0.42321868806692275,-0.8008496561649067,-0.08008496561649067,1.0
Random Forest (Wilcoxon - inCV),Integrated-RFECV (L1-LR) + KNN,0.0,3.895900458013434e-18,8.681789474525653,0.8681789474525653,3.999442607232758e-15
Random Forest (Wilcoxon - inCV),Integrated-RFECV (L1-LR) + Naive Bayes,42.0,1.3731500834606288e-17,8.537366894765498,0.8537366894765498,6.2615643805804674e-15
Random Forest (Kruskal - inCV),Random Forest (Chi-square - inCV),706.0,1.8455310998493661e-09,-6.010849997636603,-0.6010849997636603,3.285045357731872e-07
Random Forest (Kruskal - inCV),Random Forest (KS - inCV),573.0,3.168243816075901e-11,-6.638531157885496,-0.6638531157885497,7.096866148010019e-09
Random Forest (Kruskal - inCV),Logistic Regression (MW - inCV),524.5,1.6240841074130128e-11,6.736355713182342,0.6736355713182343,3.719152605975799e-09
Random Forest (Kruskal - inCV),Logistic Regression (Wilcoxon - inCV),469.0,1.5583405211656375e-12,7.069195878454789,0.7069195878454788,3.9737683289723755e-10
Random Forest (Kruskal - inCV),Logistic Regression (Kruskal - inCV),0.0,3.896120241954008e-18,8.681783059704948,0.8681783059704948,3.999442607232758e-15
Random Forest (Kruskal - inCV),Logistic Regression (Chi-square - inCV),499.0,3.2597229137929655e-12,6.9660461331465955,0.6966046133146595,8.149307284482414e-10
Random Forest (Kruskal - inCV),Logistic Regression (KS - inCV),121.0,1.388248548800462e-16,8.26574513882404,0.8265745138824039,5.178167087025723e-14
Random Forest (Kruskal - inCV),SVM (MW - inCV),2029.5,0.08843855421336873,1.703692477656951,0.17036924776569512,1.0
Random Forest (Kruskal - inCV),SVM (Wilcoxon - inCV),1961.5,0.05268456100738604,1.9374974809506076,0.19374974809506076,1.0
Random Forest (Kruskal - inCV),SVM (Kruskal - inCV),0.0,3.8965598450959084e-18,8.681770230106196,0.8681770230106196,3.999442607232758e-15
Random Forest (Kruskal - inCV),SVM (Chi-square - inCV),1952.0,0.06793743915108134,1.825421553929608,0.1825421553929608,1.0
Random Forest (Kruskal - inCV),SVM (KS - inCV),779.0,3.2286007131584997e-09,5.91953146360347,0.591953146360347,5.585479233764204e-07
Random Forest (Kruskal - inCV),K-Neighbors (MW - inCV),0.0,3.896120241954008e-18,8.681783059704948,0.8681783059704948,3.999442607232758e-15
Random Forest (Kruskal - inCV),K-Neighbors (Wilcoxon - inCV),0.0,3.896120241954008e-18,8.681783059704948,0.8681783059704948,3.999442607232758e-15
Random Forest (Kruskal - inCV),K-Neighbors (Kruskal - inCV),0.0,3.8965598450959084e-18,8.681770230106196,0.8681770230106196,3.999442607232758e-15
Random Forest (Kruskal - inCV),K-Neighbors (Chi-square - inCV),0.0,3.8965598450959084e-18,8.681770230106196,0.8681770230106196,3.999442607232758e-15
Random Forest (Kruskal - inCV),K-Neighbors (KS - inCV),0.0,3.8965598450959084e-18,8.681770230106196,0.8681770230106196,3.999442607232758e-15
Random Forest (Kruskal - inCV),Decision Tree (MW - inCV),328.5,6.787411014281808e-14,7.491918417065539,0.7491918417065538,1.9615617831274425e-11
Random Forest (Kruskal - inCV),Decision Tree (Wilcoxon - inCV),220.0,2.27525196017929e-15,7.925338764512786,0.7925338764512786,7.53108398819345e-13
Random Forest (Kruskal - inCV),Decision Tree (Kruskal - inCV),99.0,7.34271306658825e-17,8.34138223387076,0.834138223387076,2.819601817569888e-14
Random Forest (Kruskal - inCV),Decision Tree (Chi-square - inCV),208.0,1.631012778441796e-15,7.966598662636063,0.7966598662636063,5.529133318917688e-13
Random Forest (Kruskal - inCV),Decision Tree (KS - inCV),189.0,9.595359087770175e-16,8.031926834664585,0.8031926834664584,3.3295896034562504e-13
Random Forest (Kruskal - inCV),Naive Bayes (MW - inCV),0.0,3.8965598450959084e-18,8.681770230106196,0.8681770230106196,3.999442607232758e-15
Random Forest (Kruskal - inCV),Naive Bayes (Wilcoxon - inCV),0.0,3.8965598450959084e-18,8.681770230106196,0.8681770230106196,3.999442607232758e-15
Random Forest (Kruskal - inCV),Naive Bayes (Kruskal - inCV),0.0,3.896340037647931e-18,8.681776644898465,0.8681776644898465,3.999442607232758e-15
Random Forest (Kruskal - inCV),Naive Bayes (Chi-square - inCV),0.0,3.8965598450959084e-18,8.681770230106196,0.8681770230106196,3.999442607232758e-15
Random Forest (Kruskal - inCV),Naive Bayes (KS - inCV),0.0,3.8965598450959084e-18,8.681770230106196,0.8681770230106196,3.999442607232758e-15
Random Forest (Kruskal - inCV),Integrated-SelectFromModel (L1-LR selector) + LR,689.0,4.55668642750414e-10,-6.233657543629597,-0.6233657543629597,8.839971669358032e-08
Random Forest (Kruskal - inCV),Integrated-SelectFromModel (L1-LR selector) + SVM,0.0,3.896120241954008e-18,-8.681783059704948,-0.8681783059704948,3.999442607232758e-15
Random Forest (Kruskal - inCV),Integrated-SelectFromModel (L1-LR selector) + KNN,0.0,3.895460925389839e-18,8.681802304209718,0.8681802304209718,3.999442607232758e-15
Random Forest (Kruskal - inCV),Integrated-SelectFromModel (L1-LR selector) + Naive Bayes,168.0,5.312355559705196e-16,8.10413165638032,0.810413165638032,1.8858862236953447e-13
Random Forest (Kruskal - inCV),Integrated-SelectFromModel (RF selector) + RF,92.0,5.988251570620909e-17,-8.36545670663847,-0.836545670663847,2.3293077395836066e-14
Random Forest (Kruskal - inCV),Integrated-SelectFromModel (RF selector) + LR,94.0,6.348428415673146e-17,-8.358567694807194,-0.8358567694807194,2.4504933684498345e-14
Random Forest (Kruskal - inCV),Integrated-SelectFromModel (RF selector) + KNN,0.0,3.894801714589673e-18,8.681821548842466,0.8681821548842465,3.999442607232758e-15
Random Forest (Kruskal - inCV),Integrated-RFECV (L1-LR) + LR,727.0,6.325119948951002e-10,-6.182108068804333,-0.6182108068804333,1.2080979102496414e-07
Random Forest (Kruskal - inCV),Integrated-RFECV (L1-LR) + KNN,0.0,3.896340037647931e-18,8.681776644898465,0.8681776644898465,3.999442607232758e-15
Random Forest (Kruskal - inCV),Integrated-RFECV (L1-LR) + Naive Bayes,332.0,4.690843471216412e-14,7.540246382028869,0.7540246382028869,1.3791079805376252e-11
Random Forest (Chi-square - inCV),Random Forest (KS - inCV),2156.0,0.33958035314002066,-0.954994747573739,-0.0954994747573739,1.0
Random Forest (Chi-square - inCV),Logistic Regression (MW - inCV),73.0,3.433907108732613e-17,8.43077251652293,0.8430772516522931,1.3907323790367082e-14
Random Forest (Chi-square - inCV),Logistic Regression (Wilcoxon - inCV),72.0,3.3344510234599337e-17,8.434210841366534,0.8434210841366534,1.357121566548193e-14
Random Forest (Chi-square - inCV),Logistic Regression (Kruskal - inCV),0.0,3.8965598450959084e-18,8.681770230106196,0.8681770230106196,3.999442607232758e-15
Random Forest (Chi-square - inCV),Logistic Regression (Chi-square - inCV),4.0,4.396866285628059e-18,8.668023335361992,0.8668023335361992,3.999442607232758e-15
Random Forest (Chi-square - inCV),Logistic Regression (KS - inCV),2.0,4.139373908714419e-18,8.674893580418985,0.8674893580418985,3.999442607232758e-15
Random Forest (Chi-square - inCV),SVM (MW - inCV),651.0,1.1680660593623616e-10,6.443425517837513,0.6443425517837513,2.4763000458482068e-08
Random Forest (Chi-square - inCV),SVM (Wilcoxon - inCV),732.5,1.188151266865914e-09,6.081834568888848,0.6081834568888848,2.1980798437019408e-07
Random Forest (Chi-square - inCV),SVM (Kruskal - inCV),0.0,3.8965598450959084e-18,8.681770230106196,0.8681770230106196,3.999442607232758e-15
Random Forest (Chi-square - inCV),SVM (Chi-square - inCV),635.0,8.116041088360096e-11,6.4984339544161225,0.6498433954416123,1.7449488339974206e-08
Random Forest (Chi-square - inCV),SVM (KS - inCV),119.0,1.3105832102334346e-16,8.272609573717032,0.8272609573717032,4.927792870477714e-14
Random Forest (Chi-square - inCV),K-Neighbors (MW - inCV),0.0,3.8965598450959084e-18,8.681770230106196,0.8681770230106196,3.999442607232758e-15
Random Forest (Chi-square - inCV),K-Neighbors (Wilcoxon - inCV),0.0,3.896340037647931e-18,8.681776644898465,0.8681776644898465,3.999442607232758e-15
Random Forest (Chi-square - inCV),K-Neighbors (Kruskal - inCV),0.0,3.8965598450959084e-18,8.681770230106196,0.8681770230106196,3.999442607232758e-15
Random Forest (Chi-square - inCV),K-Neighbors (Chi-square - inCV),0.0,3.8965598450959084e-18,8.681770230106196,0.8681770230106196,3.999442607232758e-15
Random Forest (Chi-square - inCV),K-Neighbors (KS - inCV),0.0,3.896340037647931e-18,8.681776644898465,0.8681776644898465,3.999442607232758e-15
Random Forest (Chi-square - inCV),Decision Tree (MW - inCV),86.0,7.536471573283682e-17,8.338302279804653,0.8338302279804652,2.88646861256765e-14
Random Forest (Chi-square - inCV),Decision Tree (Wilcoxon - inCV),50.0,1.7415252083634357e-17,8.509853987925876,0.8509853987925876,7.680126168882752e-15
Random Forest (Chi-square - inCV),Decision Tree (Kruskal - inCV),14.0,5.94331234302936e-18,8.633633682295706,0.8633633682295706,3.999442607232758e-15
Random Forest (Chi-square - inCV),Decision Tree (Chi-square - inCV),20.0,1.5403654056813924e-17,8.524074443021451,0.8524074443021451,6.916240671509452e-15
Random Forest (Chi-square - inCV),Decision Tree (KS - inCV),40.0,1.2938800168252932e-17,8.544237236361942,0.8544237236361942,5.938909277228096e-15
Random Forest (Chi-square - inCV),Naive Bayes (MW - inCV),0.0,3.896340037647931e-18,8.681776644898465,0.8681776644898465,3.999442607232758e-15
Random Forest (Chi-square - inCV),Naive Bayes (Wilcoxon - inCV),0.0,3.8965598450959084e-18,8.681770230106196,0.8681770230106196,3.999442607232758e-15
Random Forest (Chi-square - inCV),Naive Bayes (Kruskal - inCV),0.0,3.8965598450959084e-18,8.681770230106196,0.8681770230106196,3.999442607232758e-15
Random Forest (Chi-square - inCV),Naive Bayes (Chi-square - inCV),0.0,3.8965598450959084e-18,8.681770230106196,0.8681770230106196,3.999442607232758e-15
Random Forest (Chi-square - inCV),Naive Bayes (KS - inCV),0.0,3.8965598450959084e-18,8.681770230106196,0.8681770230106196,3.999442607232758e-15
Random Forest (Chi-square - inCV),Integrated-SelectFromModel (L1-LR selector) + LR,1827.0,0.0671289496179218,-1.8308097161242876,-0.18308097161242876,1.0
Random Forest (Chi-square - inCV),Integrated-SelectFromModel (L1-LR selector) + SVM,13.0,5.766237570717318e-18,-8.63709115247859,-0.863709115247859,3.999442607232758e-15
Random Forest (Chi-square - inCV),Integrated-SelectFromModel (L1-LR selector) + KNN,0.0,3.895900458013434e-18,8.681789474525653,0.8681789474525653,3.999442607232758e-15
Random Forest (Chi-square - inCV),Integrated-SelectFromModel (L1-LR selector) + Naive Bayes,36.0,1.1485179010089616e-17,8.557990535736366,0.8557990535736366,5.3406082396916715e-15
Random Forest (Chi-square - inCV),Integrated-SelectFromModel (RF selector) + RF,508.0,2.9141371599307727e-11,-6.6508456753417216,-0.6650845675341721,6.585949981443546e-09
Random Forest (Chi-square - inCV),Integrated-SelectFromModel (RF selector) + LR,562.0,1.4842028987405554e-11,-6.7494366550240334,-0.6749436655024034,3.4136666671032773e-09
Random Forest (Chi-square - inCV),Integrated-SelectFromModel (RF selector) + KNN,0.0,3.895460925389839e-18,8.681802304209718,0.8681802304209718,3.999442607232758e-15
Random Forest (Chi-square - inCV),Integrated-RFECV (L1-LR) + LR,1897.0,0.030829381083950343,-2.1592680017848287,-0.21592680017848287,1.0
Random Forest (Chi-square - inCV),Integrated-RFECV (L1-LR) + KNN,0.0,3.896340037647931e-18,8.681776644898465,0.8681776644898465,3.999442607232758e-15
Random Forest (Chi-square - inCV),Integrated-RFECV (L1-LR) + Naive Bayes,63.0,2.5581057720235416e-17,8.465155764958993,0.8465155764958994,1.0667301069338168e-14
Random Forest (KS - inCV),Logistic Regression (MW - inCV),57.0,2.1426597410614454e-17,8.485785714020631,0.848578571402063,9.21294006163218e-15
Random Forest (KS - inCV),Logistic Regression (Wilcoxon - inCV),60.0,2.3413085997284582e-17,8.475470739489811,0.8475470739489811,9.903735376851379e-15
Random Forest (KS - inCV),Logistic Regression (Kruskal - inCV),0.0,3.8965598450959084e-18,8.681770230106196,0.8681770230106196,3.999442607232758e-15
Random Forest (KS - inCV),Logistic Regression (Chi-square - inCV),24.0,8.023842397878198e-18,8.599250433859643,0.8599250433859643,3.999442607232758e-15
Random Forest (KS - inCV),Logistic Regression (KS - inCV),0.0,3.8965598450959084e-18,8.681770230106196,0.8681770230106196,3.999442607232758e-15
Random Forest (KS - inCV),SVM (MW - inCV),475.0,4.787213844948273e-12,6.911746913786463,0.6911746913786463,1.177654605857275e-09
Random Forest (KS - inCV),SVM (Wilcoxon - inCV),554.0,5.461412336314258e-11,6.557781574793601,0.6557781574793601,1.2124335386617653e-08
Random Forest (KS - inCV),SVM (Kruskal - inCV),0.0,3.8965598450959084e-18,8.681770230106196,0.8681770230106196,3.999442607232758e-15
Random Forest (KS - inCV),SVM (Chi-square - inCV),601.0,6.11893719521001e-11,6.54080304409959,0.654080304409959,1.3461661829462023e-08
Random Forest (KS - inCV),SVM (KS - inCV),58.0,2.206835834063788e-17,8.482353656619606,0.8482353656619607,9.401120653111737e-15
Random Forest (KS - inCV),K-Neighbors (MW - inCV),0.0,3.896340037647931e-18,8.681776644898465,0.8681776644898465,3.999442607232758e-15
Random Forest (KS - inCV),K-Neighbors (Wilcoxon - inCV),0.0,3.8965598450959084e-18,8.681770230106196,0.8681770230106196,3.999442607232758e-15
Random Forest (KS - inCV),K-Neighbors (Kruskal - inCV),0.0,3.8965598450959084e-18,8.681770230106196,0.8681770230106196,3.999442607232758e-15
Random Forest (KS - inCV),K-Neighbors (Chi-square - inCV),0.0,3.8965598450959084e-18,8.681770230106196,0.8681770230106196,3.999442607232758e-15
Random Forest (KS - inCV),K-Neighbors (KS - inCV),0.0,3.8965598450959084e-18,8.681770230106196,0.8681770230106196,3.999442607232758e-15
Random Forest (KS - inCV),Decision Tree (MW - inCV),79.0,6.128111713820058e-17,8.36273430825113,0.836273430825113,2.3715792332483625e-14
Random Forest (KS - inCV),Decision Tree (Wilcoxon - inCV),39.0,1.2559216589141089e-17,8.547675561205548,0.8547675561205548,5.777239631004901e-15
Random Forest (KS - inCV),Decision Tree (Kruskal - inCV),5.0,6.6362779482151094e-18,8.621015751828168,0.8621015751828167,3.999442607232758e-15
Random Forest (KS - inCV),Decision Tree (Chi-square - inCV),60.0,2.3413085997284582e-17,8.475470739489811,0.8475470739489811,9.903735376851379e-15
Random Forest (KS - inCV),Decision Tree (KS - inCV),30.0,1.4166043793363257e-17,8.533765004839731,0.8533765004839731,6.422643404781994e-15
Random Forest (KS - inCV),Naive Bayes (MW - inCV),0.0,3.8965598450959084e-18,8.681770230106196,0.8681770230106196,3.999442607232758e-15
Random Forest (KS - inCV),Naive Bayes (Wilcoxon - inCV),0.0,3.8965598450959084e-18,8.681770230106196,0.8681770230106196,3.999442607232758e-15
Random Forest (KS - inCV),Naive Bayes (Kruskal - inCV),0.0,3.8965598450959084e-18,8.681770230106196,0.8681770230106196,3.999442607232758e-15
Random Forest (KS - inCV),Naive Bayes (Chi-square - inCV),0.0,3.8965598450959084e-18,8.681770230106196,0.8681770230106196,3.999442607232758e-15
Random Forest (KS - inCV),Naive Bayes (KS - inCV),0.0,3.8965598450959084e-18,8.681770230106196,0.8681770230106196,3.999442607232758e-15
Random Forest (KS - inCV),Integrated-SelectFromModel (L1-LR selector) + LR,2001.0,0.17665158638231204,-1.351136889621397,-0.1351136889621397,1.0
Random Forest (KS - inCV),Integrated-SelectFromModel (L1-LR selector) + SVM,9.0,5.111686266635132e-18,-8.650850874309391,-0.8650850874309391,3.999442607232758e-15
Random Forest (KS - inCV),Integrated-SelectFromModel (L1-LR selector) + KNN,0.0,3.895900458013434e-18,8.681789474525653,0.8681789474525653,3.999442607232758e-15
Random Forest (KS - inCV),Integrated-SelectFromModel (L1-LR selector) + Naive Bayes,7.0,4.813701823147399e-18,8.657701956200953,0.8657701956200953,3.999442607232758e-15
Random Forest (KS - inCV),Integrated-SelectFromModel (RF selector) + RF,390.5,5.546479893769018e-13,-7.211190488033562,-0.7211190488033562,1.475363651742559e-10
Random Forest (KS - inCV),Integrated-SelectFromModel (RF selector) + LR,428.0,5.588321712651697e-13,-7.210167197042652,-0.7210167197042652,1.4795153003088313e-10
Random Forest (KS - inCV),Integrated-SelectFromModel (RF selector) + KNN,0.0,3.895680685825537e-18,8.681795889360576,0.8681795889360575,3.999442607232758e-15
Random Forest (KS - inCV),Integrated-RFECV (L1-LR) + LR,1925.0,0.07613568190226613,-1.7735616740655153,-0.17735616740655152,1.0
Random Forest (KS - inCV),Integrated-RFECV (L1-LR) + KNN,0.0,3.896120241954008e-18,8.681783059704948,0.8681783059704948,3.999442607232758e-15
Random Forest (KS - inCV),Integrated-RFECV (L1-LR) + Naive Bayes,38.0,1.8029137623037857e-17,8.505836189151921,0.8505836189151921,7.878733141267544e-15
Logistic Regression (MW - inCV),Logistic Regression (Wilcoxon - inCV),1536.5,0.039772198886369244,2.0561070496784244,0.20561070496784245,1.0
Logistic Regression (MW - inCV),Logistic Regression (Kruskal - inCV),0.0,3.896340037647931e-18,8.681776644898465,0.8681776644898465,3.999442607232758e-15
Logistic Regression (MW - inCV),Logistic Regression (Chi-square - inCV),1762.0,0.10465659686526237,1.6226857606335028,0.16226857606335027,1.0
Logistic Regression (MW - inCV),Logistic Regression (KS - inCV),736.0,1.2821442077697143e-09,6.069618545364538,0.6069618545364538,2.3591453422962744e-07
Logistic Regression (MW - inCV),SVM (MW - inCV),447.0,9.010141543147884e-13,-7.144839025014129,-0.7144839025014129,2.351646942761598e-10
Logistic Regression (MW - inCV),SVM (Wilcoxon - inCV),1074.0,6.068971053695422e-07,-4.989009348072908,-0.49890093480729075,9.042766870006179e-05
Logistic Regression (MW - inCV),SVM (Kruskal - inCV),42.0,2.0332959088745956e-17,8.491875030039651,0.8491875030039651,8.824013205721173e-15
Logistic Regression (MW - inCV),SVM (Chi-square - inCV),1095.5,8.87421378440454e-07,-4.915088995596972,-0.4915088995596972,0.00012778867849542536
Logistic Regression (MW - inCV),SVM (KS - inCV),2192.0,0.40799608716466607,-0.8274252265414712,-0.08274252265414712,1.0
Logistic Regression (MW - inCV),K-Neighbors (MW - inCV),0.0,3.8965598450959084e-18,8.681770230106196,0.8681770230106196,3.999442607232758e-15
Logistic Regression (MW - inCV),K-Neighbors (Wilcoxon - inCV),0.0,3.896340037647931e-18,8.681776644898465,0.8681776644898465,3.999442607232758e-15
Logistic Regression (MW - inCV),K-Neighbors (Kruskal - inCV),1.0,4.0161556854627e-18,8.67833190526259,0.8678331905262591,3.999442607232758e-15
Logistic Regression (MW - inCV),K-Neighbors (Chi-square - inCV),0.0,3.8965598450959084e-18,8.681770230106196,0.8681770230106196,3.999442607232758e-15
Logistic Regression (MW - inCV),K-Neighbors (KS - inCV),0.0,3.8965598450959084e-18,8.681770230106196,0.8681770230106196,3.999442607232758e-15
Logistic Regression (MW - inCV),Decision Tree (MW - inCV),1304.5,2.7109709723066775e-05,4.196478572316267,0.41964785723162673,0.0031989457473218796
Logistic Regression (MW - inCV),Decision Tree (Wilcoxon - inCV),1181.0,3.81694910794296e-06,4.621108589807021,0.46211085898070214,0.0005076542313564136
Logistic Regression (MW - inCV),Decision Tree (Kruskal - inCV),695.0,1.444592101917545e-09,6.05043057229928,0.605043057229928,2.614711704470756e-07
Logistic Regression (MW - inCV),Decision Tree (Chi-square - inCV),921.5,3.520511748357282e-08,5.513357960433539,0.5513357960433539,5.6680239148552245e-06
Logistic Regression (MW - inCV),Decision Tree (KS - inCV),954.0,6.60460342547236e-08,5.401608329305677,0.5401608329305677,1.0501319446501052e-05
Logistic Regression (MW - inCV),Naive Bayes (MW - inCV),1.0,4.0161556854627e-18,8.67833190526259,0.8678331905262591,3.999442607232758e-15
Logistic Regression (MW - inCV),Naive Bayes (Wilcoxon - inCV),0.0,3.8965598450959084e-18,8.681770230106196,0.8681770230106196,3.999442607232758e-15
Logistic Regression (MW - inCV),Naive Bayes (Kruskal - inCV),0.0,3.8965598450959084e-18,8.681770230106196,0.8681770230106196,3.999442607232758e-15
Logistic Regression (MW - inCV),Naive Bayes (Chi-square - inCV),5.0,4.531861061109546e-18,8.664578605888165,0.8664578605888165,3.999442607232758e-15
Logistic Regression (MW - inCV),Naive Bayes (KS - inCV),0.0,3.896340037647931e-18,8.681776644898465,0.8681776644898465,3.999442607232758e-15
Logistic Regression (MW - inCV),Integrated-SelectFromModel (L1-LR selector) + LR,131.0,1.8511572479713263e-16,-8.231349675593757,-0.8231349675593757,6.811912744668186e-14
Logistic Regression (MW - inCV),Integrated-SelectFromModel (L1-LR selector) + SVM,0.0,3.896340037647931e-18,-8.681776644898465,-0.8681776644898465,3.999442607232758e-15
Logistic Regression (MW - inCV),Integrated-SelectFromModel (L1-LR selector) + KNN,0.0,3.896120241954008e-18,8.681783059704948,0.8681783059704948,3.999442607232758e-15
Logistic Regression (MW - inCV),Integrated-SelectFromModel (L1-LR selector) + Naive Bayes,1187.0,1.1401970334930505e-05,4.3887200988077595,0.43887200988077596,0.0014024423511964522
Logistic Regression (MW - inCV),Integrated-SelectFromModel (RF selector) + RF,7.0,4.813701823147399e-18,-8.657701956200953,-0.8657701956200953,3.999442607232758e-15
Logistic Regression (MW - inCV),Integrated-SelectFromModel (RF selector) + LR,15.0,6.12472726248735e-18,-8.630195357452102,-0.8630195357452102,3.999442607232758e-15
Logistic Regression (MW - inCV),Integrated-SelectFromModel (RF selector) + KNN,0.0,3.895680685825537e-18,8.681795889360576,0.8681795889360575,3.999442607232758e-15
Logistic Regression (MW - inCV),Integrated-RFECV (L1-LR) + LR,165.0,4.880034421013085e-16,-8.11444663091114,-0.811444663091114,1.7372922538806584e-13
Logistic Regression (MW - inCV),Integrated-RFECV (L1-LR) + KNN,0.0,3.896120241954008e-18,8.681783059704948,0.8681783059704948,3.999442607232758e-15
Logistic Regression (MW - inCV),Integrated-RFECV (L1-LR) + Naive Bayes,1298.0,2.4557924093657907e-05,4.218824583105071,0.4218824583105071,0.0029223929671452907
Logistic Regression (Wilcoxon - inCV),Logistic Regression (Kruskal - inCV),2.0,4.139373908714419e-18,8.674893580418985,0.8674893580418985,3.999442607232758e-15
Logistic Regression (Wilcoxon - inCV),Logistic Regression (Chi-square - inCV),2334.0,0.8784574619962066,-0.15292494756034464,-0.015292494756034464,1.0
Logistic Regression (Wilcoxon - inCV),Logistic Regression (KS - inCV),1015.0,5.786334634081839e-07,4.998215340628458,0.4998215340628458,8.679501951122759e-05
Logistic Regression (Wilcoxon - inCV),SVM (MW - inCV),509.0,6.794600981304452e-12,-6.861909703681853,-0.6861909703681853,1.6307042355130686e-09
Logistic Regression (Wilcoxon - inCV),SVM (Wilcoxon - inCV),174.0,6.293307461307002e-16,-8.083501707318682,-0.8083501707318682,2.208950918918758e-13
Logistic Regression (Wilcoxon - inCV),SVM (Kruskal - inCV),84.0,4.7408945782600864e-17,8.392950943243257,0.8392950943243257,1.863171569256214e-14
Logistic Regression (Wilcoxon - inCV),SVM (Chi-square - inCV),765.0,2.3959799206776316e-09,-5.968395520496424,-0.5968395520496423,4.1929648611858553e-07
Logistic Regression (Wilcoxon - inCV),SVM (KS - inCV),1862.5,0.032532644756834865,-2.1378041167543294,-0.21378041167543294,1.0
Logistic Regression (Wilcoxon - inCV),K-Neighbors (MW - inCV),0.0,3.8965598450959084e-18,8.681770230106196,0.8681770230106196,3.999442607232758e-15
Logistic Regression (Wilcoxon - inCV),K-Neighbors (Wilcoxon - inCV),0.0,3.8965598450959084e-18,8.681770230106196,0.8681770230106196,3.999442607232758e-15
Logistic Regression (Wilcoxon - inCV),K-Neighbors (Kruskal - inCV),0.0,3.8965598450959084e-18,8.681770230106196,0.8681770230106196,3.999442607232758e-15
Logistic Regression (Wilcoxon - inCV),K-Neighbors (Chi-square - inCV),11.0,5.430296382634715e-18,8.643948656826526,0.8643948656826526,3.999442607232758e-15
Logistic Regression (Wilcoxon - inCV),K-Neighbors (KS - inCV),0.0,3.8965598450959084e-18,8.681770230106196,0.8681770230106196,3.999442607232758e-15
Logistic Regression (Wilcoxon - inCV),Decision Tree (MW - inCV),1660.0,0.0029380046692335415,2.9741509897195484,0.29741509897195484,0.28792445758488705
Logistic Regression (Wilcoxon - inCV),Decision Tree (Wilcoxon - inCV),1322.0,9.216736148227501e-05,3.9103372055182586,0.39103372055182584,0.010599246570461626
Logistic Regression (Wilcoxon - inCV),Decision Tree (Kruskal - inCV),1002.0,2.729938570450693e-07,5.1411968430942885,0.5141196843094289,4.149506627085054e-05
Logistic Regression (Wilcoxon - inCV),Decision Tree (Chi-square - inCV),1156.0,4.150657455991768e-06,4.603692217271804,0.46036922172718037,0.0005478867841909134
Logistic Regression (Wilcoxon - inCV),Decision Tree (KS - inCV),1210.5,6.1932777904215155e-06,4.519681346423379,0.4519681346423379,0.0007865462793835324
Logistic Regression (Wilcoxon - inCV),Naive Bayes (MW - inCV),4.0,4.3971135541818935e-18,8.668016930731772,0.8668016930731772,3.999442607232758e-15
Logistic Regression (Wilcoxon - inCV),Naive Bayes (Wilcoxon - inCV),3.0,4.2663227307182344e-18,8.671455255575378,0.8671455255575378,3.999442607232758e-15
Logistic Regression (Wilcoxon - inCV),Naive Bayes (Kruskal - inCV),0.0,3.8965598450959084e-18,8.681770230106196,0.8681770230106196,3.999442607232758e-15
Logistic Regression (Wilcoxon - inCV),Naive Bayes (Chi-square - inCV),43.0,1.4146791640488975e-17,8.53392226183112,0.8533922261831121,6.422643404781994e-15
Logistic Regression (Wilcoxon - inCV),Naive Bayes (KS - inCV),0.0,3.8965598450959084e-18,8.681770230106196,0.8681770230106196,3.999442607232758e-15
Logistic Regression (Wilcoxon - inCV),Integrated-SelectFromModel (L1-LR selector) + LR,49.0,1.690539915320395e-17,-8.513298603076674,-0.8513298603076673,7.48909182486935e-15
Logistic Regression (Wilcoxon - inCV),Integrated-SelectFromModel (L1-LR selector) + SVM,0.0,3.896340037647931e-18,-8.681776644898465,-0.8681776644898465,3.999442607232758e-15
Logistic Regression (Wilcoxon - inCV),Integrated-SelectFromModel (L1-LR selector) + KNN,0.0,3.896340037647931e-18,8.681776644898465,0.8681776644898465,3.999442607232758e-15
Logistic Regression (Wilcoxon - inCV),Integrated-SelectFromModel (L1-LR selector) + Naive Bayes,1681.0,0.003708522618562532,2.9019461680038137,0.2901946168003814,0.35230964876344056
Logistic Regression (Wilcoxon - inCV),Integrated-SelectFromModel (RF selector) + RF,5.0,4.531351781913917e-18,-8.66459141008177,-0.8664591410081769,3.999442607232758e-15
Logistic Regression (Wilcoxon - inCV),Integrated-SelectFromModel (RF selector) + LR,5.0,4.531861061109546e-18,-8.664578605888165,-0.8664578605888165,3.999442607232758e-15
Logistic Regression (Wilcoxon - inCV),Integrated-SelectFromModel (RF selector) + KNN,0.0,3.895460925389839e-18,8.681802304209718,0.8681802304209718,3.999442607232758e-15
Logistic Regression (Wilcoxon - inCV),Integrated-RFECV (L1-LR) + LR,75.0,3.641679657916183e-17,-8.423895866835716,-0.8423895866835716,1.471238581798138e-14
Logistic Regression (Wilcoxon - inCV),Integrated-RFECV (L1-LR) + KNN,0.0,3.896120241954008e-18,8.681783059704948,0.8681783059704948,3.999442607232758e-15
Logistic Regression (Wilcoxon - inCV),Integrated-RFECV (L1-LR) + Naive Bayes,1634.0,0.0021872952496648154,3.063547435653315,0.3063547435653315,0.21872952496648154
Logistic Regression (Kruskal - inCV),Logistic Regression (Chi-square - inCV),3.0,4.2663227307182344e-18,-8.671455255575378,-0.8671455255575378,3.999442607232758e-15
Logistic Regression (Kruskal - inCV),Logistic Regression (KS - inCV),7.0,4.813701823147399e-18,-8.657701956200953,-0.8657701956200953,3.999442607232758e-15
Logistic Regression (Kruskal - inCV),SVM (MW - inCV),0.0,3.8965598450959084e-18,-8.681770230106196,-0.8681770230106196,3.999442607232758e-15
Logistic Regression (Kruskal - inCV),SVM (Wilcoxon - inCV),0.0,3.8965598450959084e-18,-8.681770230106196,-0.8681770230106196,3.999442607232758e-15
Logistic Regression (Kruskal - inCV),SVM (Kruskal - inCV),325.0,6.183850914656407e-14,-7.504128736362136,-0.7504128736362137,1.7995006161650145e-11
Logistic Regression (Kruskal - inCV),SVM (Chi-square - inCV),1.0,4.0161556854627e-18,-8.67833190526259,-0.8678331905262591,3.999442607232758e-15
Logistic Regression (Kruskal - inCV),SVM (KS - inCV),1.0,4.0161556854627e-18,-8.67833190526259,-0.8678331905262591,3.999442607232758e-15
Logistic Regression (Kruskal - inCV),K-Neighbors (MW - inCV),1688.0,0.00601691689575757,-2.7468580553395823,-0.2746858055339582,0.5575496682980122
Logistic Regression (Kruskal - inCV),K-Neighbors (Wilcoxon - inCV),1751.0,0.016841828605189946,-2.3901426779538424,-0.23901426779538423,1.0
Logistic Regression (Kruskal - inCV),K-Neighbors (Kruskal - inCV),2243.5,0.4190890285169543,-0.8080026988222486,-0.08080026988222486,1.0
Logistic Regression (Kruskal - inCV),K-Neighbors (Chi-square - inCV),768.0,1.5303220551276039e-09,-6.04113675021647,-0.604113675021647,2.754579699229687e-07
Logistic Regression (Kruskal - inCV),K-Neighbors (KS - inCV),2365.0,0.7010289402278836,0.3839318755874892,0.03839318755874892,1.0
Logistic Regression (Kruskal - inCV),Decision Tree (MW - inCV),55.0,2.0195637546078604e-17,-8.492662363707844,-0.8492662363707844,8.785102332544193e-15
Logistic Regression (Kruskal - inCV),Decision Tree (Wilcoxon - inCV),49.0,1.690539915320395e-17,-8.513298603076674,-0.8513298603076673,7.48909182486935e-15
Logistic Regression (Kruskal - inCV),Decision Tree (Kruskal - inCV),169.0,8.374083796548074e-16,-8.048608228225001,-0.8048608228225002,2.922555244995278e-13
Logistic Regression (Kruskal - inCV),Decision Tree (Chi-square - inCV),190.0,9.868085234330903e-16,-8.028488509820976,-0.8028488509820976,3.4143574910784923e-13
Logistic Regression (Kruskal - inCV),Decision Tree (KS - inCV),106.0,1.3565890521456654e-16,-8.268496484243292,-0.8268496484243292,5.0736430550247886e-14
Logistic Regression (Kruskal - inCV),Naive Bayes (MW - inCV),891.0,3.227614388078055e-08,-5.528619008459846,-0.5528619008459846,5.228735308686449e-06
Logistic Regression (Kruskal - inCV),Naive Bayes (Wilcoxon - inCV),907.0,2.6485745381729024e-08,-5.563209596955178,-0.5563209596955179,4.317176497221831e-06
Logistic Regression (Kruskal - inCV),Naive Bayes (Kruskal - inCV),1285.0,0.00022136252418316667,3.6933001087142086,0.36933001087142087,0.025013965232697832
Logistic Regression (Kruskal - inCV),Naive Bayes (Chi-square - inCV),639.0,1.472746787495623e-10,-6.408172032533003,-0.6408172032533004,3.063313317990896e-08
Logistic Regression (Kruskal - inCV),Naive Bayes (KS - inCV),1245.0,2.874436301943699e-05,-4.18319263354264,-0.41831926335426395,0.003363090473274128
Logistic Regression (Kruskal - inCV),Integrated-SelectFromModel (L1-LR selector) + LR,0.0,3.8965598450959084e-18,-8.681770230106196,-0.8681770230106196,3.999442607232758e-15
Logistic Regression (Kruskal - inCV),Integrated-SelectFromModel (L1-LR selector) + SVM,0.0,3.896120241954008e-18,-8.681783059704948,-0.8681783059704948,3.999442607232758e-15
Logistic Regression (Kruskal - inCV),Integrated-SelectFromModel (L1-LR selector) + KNN,0.0,3.896340037647931e-18,8.681776644898465,0.8681776644898465,3.999442607232758e-15
Logistic Regression (Kruskal - inCV),Integrated-SelectFromModel (L1-LR selector) + Naive Bayes,29.0,9.318997235593406e-18,-8.58205880964161,-0.8582058809641611,4.472625404751711e-15
Logistic Regression (Kruskal - inCV),Integrated-SelectFromModel (RF selector) + RF,0.0,3.8965598450959084e-18,-8.681770230106196,-0.8681770230106196,3.999442607232758e-15
Logistic Regression (Kruskal - inCV),Integrated-SelectFromModel (RF selector) + LR,0.0,3.896340037647931e-18,-8.681776644898465,-0.8681776644898465,3.999442607232758e-15
Logistic Regression (Kruskal - inCV),Integrated-SelectFromModel (RF selector) + KNN,0.0,3.896120241954008e-18,8.681783059704948,0.8681783059704948,3.999442607232758e-15
Logistic Regression (Kruskal - inCV),Integrated-RFECV (L1-LR) + LR,0.0,3.8965598450959084e-18,-8.681770230106196,-0.8681770230106196,3.999442607232758e-15
Logistic Regression (Kruskal - inCV),Integrated-RFECV (L1-LR) + KNN,0.0,3.8965598450959084e-18,8.681770230106196,0.8681770230106196,3.999442607232758e-15
Logistic Regression (Kruskal - inCV),Integrated-RFECV (L1-LR) + Naive Bayes,212.0,1.822758080253685e-15,-7.9528453632616385,-0.7952845363261638,6.106239568849844e-13
Logistic Regression (Chi-square - inCV),Logistic Regression (KS - inCV),762.0,1.0487472757164917e-08,5.722650729442383,0.5722650729442382,1.751407950446541e-06
Logistic Regression (Chi-square - inCV),SVM (MW - inCV),524.0,5.9813458931494725e-12,-6.880093095620525,-0.6880093095620525,1.4474857061421724e-09
Logistic Regression (Chi-square - inCV),SVM (Wilcoxon - inCV),818.0,7.320128832744351e-09,-5.783410162258816,-0.5783410162258816,1.2371017727337953e-06
Logistic Regression (Chi-square - inCV),SVM (Kruskal - inCV),129.0,1.7478232297301266e-16,8.23822632528097,0.823822632528097,6.466945950001468e-14
Logistic Regression (Chi-square - inCV),SVM (Chi-square - inCV),284.0,3.234549202042075e-14,-7.588570118366425,-0.7588570118366424,9.671302114105804e-12
Logistic Regression (Chi-square - inCV),SVM (KS - inCV),1716.5,0.008111602578982469,-2.6473888280196647,-0.26473888280196645,0.7300442321084222
Logistic Regression (Chi-square - inCV),K-Neighbors (MW - inCV),0.0,3.8965598450959084e-18,8.681770230106196,0.8681770230106196,3.999442607232758e-15
Logistic Regression (Chi-square - inCV),K-Neighbors (Wilcoxon - inCV),3.0,4.2663227307182344e-18,8.671455255575378,0.8671455255575378,3.999442607232758e-15
Logistic Regression (Chi-square - inCV),K-Neighbors (Kruskal - inCV),3.0,4.2663227307182344e-18,8.671455255575378,0.8671455255575378,3.999442607232758e-15
Logistic Regression (Chi-square - inCV),K-Neighbors (Chi-square - inCV),16.0,6.311254441539981e-18,8.626763406752572,0.8626763406752571,3.999442607232758e-15
Logistic Regression (Chi-square - inCV),K-Neighbors (KS - inCV),0.0,3.8965598450959084e-18,8.681770230106196,0.8681770230106196,3.999442607232758e-15
Logistic Regression (Chi-square - inCV),Decision Tree (MW - inCV),1669.0,0.003248321221764568,2.943206066127091,0.2943206066127091,0.31183883728939854
Logistic Regression (Chi-square - inCV),Decision Tree (Wilcoxon - inCV),1532.0,0.0006395631729325215,3.414256569701169,0.3414256569701169,0.06907282267671232
Logistic Regression (Chi-square - inCV),Decision Tree (Kruskal - inCV),995.0,2.396318531337623e-07,5.165628871540765,0.5165628871540765,3.666367352946564e-05
Logistic Regression (Chi-square - inCV),Decision Tree (Chi-square - inCV),1110.0,1.1432398190614794e-06,4.865229653703077,0.4865229653703077,0.0001623400543067301
Logistic Regression (Chi-square - inCV),Decision Tree (KS - inCV),1204.0,5.571587179671876e-06,4.542027118404074,0.4542027118404074,0.0007254277721914029
Logistic Regression (Chi-square - inCV),Naive Bayes (MW - inCV),65.0,2.7135201386354882e-17,8.458279115271779,0.8458279115271778,1.1288243776723631e-14
Logistic Regression (Chi-square - inCV),Naive Bayes (Wilcoxon - inCV),37.0,1.1832715745334613e-17,8.55455221089276,0.8554552210892761,5.490380105835261e-15
Logistic Regression (Chi-square - inCV),Naive Bayes (Kruskal - inCV),0.0,3.8965598450959084e-18,8.681770230106196,0.8681770230106196,3.999442607232758e-15
Logistic Regression (Chi-square - inCV),Naive Bayes (Chi-square - inCV),132.0,1.905059820296527e-16,8.22791135075015,0.822791135075015,6.953468344082324e-14
Logistic Regression (Chi-square - inCV),Naive Bayes (KS - inCV),15.0,6.1243858043261234e-18,8.63020173413669,0.8630201734136691,3.999442607232758e-15
Logistic Regression (Chi-square - inCV),Integrated-SelectFromModel (L1-LR selector) + LR,157.0,3.8895150867593455e-16,-8.14195322965999,-0.814195322965999,1.3924464010598458e-13
Logistic Regression (Chi-square - inCV),Integrated-SelectFromModel (L1-LR selector) + SVM,0.0,3.896120241954008e-18,-8.681783059704948,-0.8681783059704948,3.999442607232758e-15
Logistic Regression (Chi-square - inCV),Integrated-SelectFromModel (L1-LR selector) + KNN,0.0,3.8965598450959084e-18,8.681770230106196,0.8681770230106196,3.999442607232758e-15
Logistic Regression (Chi-square - inCV),Integrated-SelectFromModel (L1-LR selector) + Naive Bayes,1760.0,0.008530490516653232,2.6303185053589067,0.2630318505358907,0.7592136559821376
Logistic Regression (Chi-square - inCV),Integrated-SelectFromModel (RF selector) + RF,4.0,4.3971135541818935e-18,-8.668016930731772,-0.8668016930731772,3.999442607232758e-15
Logistic Regression (Chi-square - inCV),Integrated-SelectFromModel (RF selector) + LR,10.0,5.26890956269266e-18,-8.647393371057284,-0.8647393371057284,3.999442607232758e-15
Logistic Regression (Chi-square - inCV),Integrated-SelectFromModel (RF selector) + KNN,0.0,3.895680685825537e-18,8.681795889360576,0.8681795889360575,3.999442607232758e-15
Logistic Regression (Chi-square - inCV),Integrated-RFECV (L1-LR) + LR,179.0,7.245464848115237e-16,-8.06631008310065,-0.806631008310065,2.535912696840333e-13
Logistic Regression (Chi-square - inCV),Integrated-RFECV (L1-LR) + KNN,0.0,3.896340037647931e-18,8.681776644898465,0.8681776644898465,3.999442607232758e-15
Logistic Regression (Chi-square - inCV),Integrated-RFECV (L1-LR) + Naive Bayes,1650.0,0.0026251122102243347,3.008534238155613,0.3008534238155613,0.25988610881220914
Logistic Regression (KS - inCV),SVM (MW - inCV),82.0,4.4713463414559033e-17,-8.399827592930471,-0.8399827592930471,1.7795958438994495e-14
Logistic Regression (KS - inCV),SVM (Wilcoxon - inCV),216.0,4.896840756298326e-15,-7.82953335350484,-0.7829533353504841,1.5669890420154645e-12
Logistic Regression (KS - inCV),SVM (Kruskal - inCV),355.0,1.367864360272246e-13,7.399414329504339,0.7399414329504339,3.912092070378623e-11
Logistic Regression (KS - inCV),SVM (Chi-square - inCV),243.5,4.3452978032491124e-15,-7.844543926865682,-0.7844543926865681,1.4035311904494634e-12
Logistic Regression (KS - inCV),SVM (KS - inCV),205.5,2.3519387118626966e-15,-7.92121868240645,-0.792121868240645,7.761397749146899e-13
Logistic Regression (KS - inCV),K-Neighbors (MW - inCV),103.0,8.248184779150681e-17,8.327622771214736,0.8327622771214737,3.126062031298108e-14
Logistic Regression (KS - inCV),K-Neighbors (Wilcoxon - inCV),69.0,4.555521038405363e-17,8.39763720603181,0.8397637206031809,1.8039863312085236e-14
Logistic Regression (KS - inCV),K-Neighbors (Kruskal - inCV),8.0,4.9610417082651575e-18,8.654263631357347,0.8654263631357347,3.999442607232758e-15
Logistic Regression (KS - inCV),K-Neighbors (Chi-square - inCV),303.0,3.431411718563903e-14,7.580909397963879,0.7580909397963879,1.0225606921320432e-11
Logistic Regression (KS - inCV),K-Neighbors (KS - inCV),11.0,5.429992686030886e-18,8.643955043673165,0.8643955043673165,3.999442607232758e-15
Logistic Regression (KS - inCV),Decision Tree (MW - inCV),2213.0,0.3604773288705698,0.914455921853838,0.0914455921853838,1.0
Logistic Regression (KS - inCV),Decision Tree (Wilcoxon - inCV),2302.0,0.6616532458163585,-0.4376317579352106,-0.043763175793521056,1.0
Logistic Regression (KS - inCV),Decision Tree (Kruskal - inCV),2153.0,0.20087704004784346,1.2790568418215864,0.12790568418215864,1.0
Logistic Regression (KS - inCV),Decision Tree (Chi-square - inCV),2297.0,0.5344206380921761,0.6212720535220745,0.06212720535220745,1.0
Logistic Regression (KS - inCV),Decision Tree (KS - inCV),2188.0,0.40001214994434775,0.8415995344907896,0.08415995344907896,1.0
Logistic Regression (KS - inCV),Naive Bayes (MW - inCV),198.0,2.9425718039737567e-15,7.893317739276774,0.7893317739276774,9.622209798994185e-13
Logistic Regression (KS - inCV),Naive Bayes (Wilcoxon - inCV),210.0,4.134088410861153e-15,7.850794815428817,0.7850794815428818,1.3394446451190137e-12
Logistic Regression (KS - inCV),Naive Bayes (Kruskal - inCV),0.0,3.8965598450959084e-18,8.681770230106196,0.8681770230106196,3.999442607232758e-15
Logistic Regression (KS - inCV),Naive Bayes (Chi-square - inCV),373.0,2.1910594588996064e-13,7.336589113499112,0.7336589113499112,6.06923470115191e-11
Logistic Regression (KS - inCV),Naive Bayes (KS - inCV),82.0,6.696709363240581e-17,8.352263438916925,0.8352263438916925,2.5782331048476236e-14
Logistic Regression (KS - inCV),Integrated-SelectFromModel (L1-LR selector) + LR,32.0,1.0192962404545369e-17,-8.571743835110793,-0.8571743835110792,4.8196801843862885e-15
Logistic Regression (KS - inCV),Integrated-SelectFromModel (L1-LR selector) + SVM,0.0,3.896340037647931e-18,-8.681776644898465,-0.8681776644898465,3.999442607232758e-15
Logistic Regression (KS - inCV),Integrated-SelectFromModel (L1-LR selector) + KNN,0.0,3.895900458013434e-18,8.681789474525653,0.8681789474525653,3.999442607232758e-15
Logistic Regression (KS - inCV),Integrated-SelectFromModel (L1-LR selector) + Naive Bayes,1936.0,0.04284956892471004,-2.0251733328841777,-0.20251733328841776,1.0
Logistic Regression (KS - inCV),Integrated-SelectFromModel (RF selector) + RF,0.0,3.8965598450959084e-18,-8.681770230106196,-0.8681770230106196,3.999442607232758e-15
Logistic Regression (KS - inCV),Integrated-SelectFromModel (RF selector) + LR,0.0,3.8965598450959084e-18,-8.681770230106196,-0.8681770230106196,3.999442607232758e-15
Logistic Regression (KS - inCV),Integrated-SelectFromModel (RF selector) + KNN,0.0,3.896120241954008e-18,8.681783059704948,0.8681783059704948,3.999442607232758e-15
Logistic Regression (KS - inCV),Integrated-RFECV (L1-LR) + LR,20.0,7.117077537219981e-18,-8.613003733234068,-0.8613003733234068,3.999442607232758e-15
Logistic Regression (KS - inCV),Integrated-RFECV (L1-LR) + KNN,0.0,3.895900458013434e-18,8.681789474525653,0.8681789474525653,3.999442607232758e-15
Logistic Regression (KS - inCV),Integrated-RFECV (L1-LR) + Naive Bayes,2296.0,0.4310615640798099,-0.787376389185869,-0.0787376389185869,1.0
SVM (MW - inCV),SVM (Wilcoxon - inCV),1796.0,0.39819101476106644,0.8448564097314147,0.08448564097314147,1.0
SVM (MW - inCV),SVM (Kruskal - inCV),2.0,4.139373908714419e-18,8.674893580418985,0.8674893580418985,3.999442607232758e-15
SVM (MW - inCV),SVM (Chi-square - inCV),2312.5,0.570596975638267,-0.5671725207715569,-0.05671725207715569,1.0
SVM (MW - inCV),SVM (KS - inCV),761.0,3.6729131446671753e-09,5.898288524439661,0.5898288524439661,6.317410608827541e-07
SVM (MW - inCV),K-Neighbors (MW - inCV),0.0,3.8965598450959084e-18,8.681770230106196,0.8681770230106196,3.999442607232758e-15
SVM (MW - inCV),K-Neighbors (Wilcoxon - inCV),0.0,3.8965598450959084e-18,8.681770230106196,0.8681770230106196,3.999442607232758e-15
SVM (MW - inCV),K-Neighbors (Kruskal - inCV),0.0,3.8965598450959084e-18,8.681770230106196,0.8681770230106196,3.999442607232758e-15
SVM (MW - inCV),K-Neighbors (Chi-square - inCV),0.0,3.896340037647931e-18,8.681776644898465,0.8681776644898465,3.999442607232758e-15
SVM (MW - inCV),K-Neighbors (KS - inCV),0.0,3.896340037647931e-18,8.681776644898465,0.8681776644898465,3.999442607232758e-15
SVM (MW - inCV),Decision Tree (MW - inCV),483.0,2.2019231974921518e-12,7.021059330644299,0.7021059330644299,5.570865689655144e-10
SVM (MW - inCV),Decision Tree (Wilcoxon - inCV),443.5,1.3360023589022235e-12,7.090529082753339,0.709052908275334,3.420166038789692e-10
SVM (MW - inCV),Decision Tree (Kruskal - inCV),167.0,1.2125770523521367e-15,8.003168625883992,0.8003168625883992,4.17126506009135e-13
SVM (MW - inCV),Decision Tree (Chi-square - inCV),216.0,2.0366656656333666e-15,7.939092063887211,0.7939092063887211,6.761730009902777e-13
SVM (MW - inCV),Decision Tree (KS - inCV),277.0,1.0809348947755852e-14,7.729354248427218,0.7729354248427218,3.372516871699826e-12
SVM (MW - inCV),Naive Bayes (MW - inCV),0.0,3.896340037647931e-18,8.681776644898465,0.8681776644898465,3.999442607232758e-15
SVM (MW - inCV),Naive Bayes (Wilcoxon - inCV),0.0,3.896340037647931e-18,8.681776644898465,0.8681776644898465,3.999442607232758e-15
SVM (MW - inCV),Naive Bayes (Kruskal - inCV),0.0,3.8965598450959084e-18,8.681770230106196,0.8681770230106196,3.999442607232758e-15
SVM (MW - inCV),Naive Bayes (Chi-square - inCV),0.0,3.896340037647931e-18,8.681776644898465,0.8681776644898465,3.999442607232758e-15
SVM (MW - inCV),Naive Bayes (KS - inCV),0.0,3.896340037647931e-18,8.681776644898465,0.8681776644898465,3.999442607232758e-15
SVM (MW - inCV),Integrated-SelectFromModel (L1-LR selector) + LR,597.0,5.572800140876698e-11,-6.554769193901437,-0.6554769193901437,1.2315888311337503e-08
SVM (MW - inCV),Integrated-SelectFromModel (L1-LR selector) + SVM,5.0,4.531606414731291e-18,-8.664585007977873,-0.8664585007977873,3.999442607232758e-15
SVM (MW - inCV),Integrated-SelectFromModel (L1-LR selector) + KNN,0.0,3.896340037647931e-18,8.681776644898465,0.8681776644898465,3.999442607232758e-15
SVM (MW - inCV),Integrated-SelectFromModel (L1-LR selector) + Naive Bayes,255.0,1.456089344706398e-14,7.6913338509989835,0.7691333850998984,4.4701942882486425e-12
SVM (MW - inCV),Integrated-SelectFromModel (RF selector) + RF,36.0,2.5095164873871808e-17,-8.467390501796658,-0.8467390501796658,1.0489778917278416e-14
SVM (MW - inCV),Integrated-SelectFromModel (RF selector) + LR,83.0,4.6041751652443625e-17,-8.396389268086866,-0.8396389268086866,1.814045015106279e-14
SVM (MW - inCV),Integrated-SelectFromModel (RF selector) + KNN,0.0,3.895460925389839e-18,8.681802304209718,0.8681802304209718,3.999442607232758e-15
SVM (MW - inCV),Integrated-RFECV (L1-LR) + LR,582.0,2.378601237013467e-11,-6.680665171127264,-0.6680665171127264,5.3994248080205705e-09
SVM (MW - inCV),Integrated-RFECV (L1-LR) + KNN,0.0,3.8965598450959084e-18,8.681770230106196,0.8681770230106196,3.999442607232758e-15
SVM (MW - inCV),Integrated-RFECV (L1-LR) + Naive Bayes,404.0,3.038212698779638e-13,7.292692381714709,0.7292692381714709,8.324702794656208e-11
SVM (Wilcoxon - inCV),SVM (Kruskal - inCV),8.0,4.9610417082651575e-18,8.654263631357347,0.8654263631357347,3.999442607232758e-15
SVM (Wilcoxon - inCV),SVM (Chi-square - inCV),2327.5,0.9985421405063246,-0.0018271569303037812,-0.0001827156930303781,1.0
SVM (Wilcoxon - inCV),SVM (KS - inCV),1132.0,1.671223910705868e-06,4.789590046076658,0.4789590046076658,0.00023397134749882152
SVM (Wilcoxon - inCV),K-Neighbors (MW - inCV),0.0,3.896340037647931e-18,8.681776644898465,0.8681776644898465,3.999442607232758e-15
SVM (Wilcoxon - inCV),K-Neighbors (Wilcoxon - inCV),0.0,3.8965598450959084e-18,8.681770230106196,0.8681770230106196,3.999442607232758e-15
SVM (Wilcoxon - inCV),K-Neighbors (Kruskal - inCV),0.0,3.8965598450959084e-18,8.681770230106196,0.8681770230106196,3.999442607232758e-15
SVM (Wilcoxon - inCV),K-Neighbors (Chi-square - inCV),1.0,4.0161556854627e-18,8.67833190526259,0.8678331905262591,3.999442607232758e-15
SVM (Wilcoxon - inCV),K-Neighbors (KS - inCV),0.0,3.8965598450959084e-18,8.681770230106196,0.8681770230106196,3.999442607232758e-15
SVM (Wilcoxon - inCV),Decision Tree (MW - inCV),499.0,8.688948600119406e-12,6.826701066090551,0.682670106609055,2.0505918696281797e-09
SVM (Wilcoxon - inCV),Decision Tree (Wilcoxon - inCV),441.0,7.752071273837308e-13,7.165468974075766,0.7165468974075766,2.038794745019212e-10
SVM (Wilcoxon - inCV),Decision Tree (Kruskal - inCV),249.0,7.886808114759143e-15,7.769385045979556,0.7769385045979555,2.48434455614913e-12
SVM (Wilcoxon - inCV),Decision Tree (Chi-square - inCV),237.0,3.63574062749329e-15,7.866887242171476,0.7866887242171476,1.1816157039353191e-12
SVM (Wilcoxon - inCV),Decision Tree (KS - inCV),323.0,3.698169679402043e-14,7.5711913056213245,0.7571191305621324,1.0983563947824067e-11
SVM (Wilcoxon - inCV),Naive Bayes (MW - inCV),0.0,3.8965598450959084e-18,8.681770230106196,0.8681770230106196,3.999442607232758e-15
SVM (Wilcoxon - inCV),Naive Bayes (Wilcoxon - inCV),0.0,3.896340037647931e-18,8.681776644898465,0.8681776644898465,3.999442607232758e-15
SVM (Wilcoxon - inCV),Naive Bayes (Kruskal - inCV),0.0,3.8965598450959084e-18,8.681770230106196,0.8681770230106196,3.999442607232758e-15
SVM (Wilcoxon - inCV),Naive Bayes (Chi-square - inCV),3.0,4.266082629108708e-18,8.671461662746108,0.8671461662746107,3.999442607232758e-15
SVM (Wilcoxon - inCV),Naive Bayes (KS - inCV),0.0,3.8965598450959084e-18,8.681770230106196,0.8681770230106196,3.999442607232758e-15
SVM (Wilcoxon - inCV),Integrated-SelectFromModel (L1-LR selector) + LR,549.0,1.0896438230153124e-11,-6.7941349110175695,-0.679413491101757,2.538870107625678e-09
SVM (Wilcoxon - inCV),Integrated-SelectFromModel (L1-LR selector) + SVM,0.0,3.8965598450959084e-18,-8.681770230106196,-0.8681770230106196,3.999442607232758e-15
SVM (Wilcoxon - inCV),Integrated-SelectFromModel (L1-LR selector) + KNN,0.0,3.896340037647931e-18,8.681776644898465,0.8681776644898465,3.999442607232758e-15
SVM (Wilcoxon - inCV),Integrated-SelectFromModel (L1-LR selector) + Naive Bayes,532.0,7.252908342049419e-12,6.852581413307584,0.6852581413307585,1.7189392770657124e-09
SVM (Wilcoxon - inCV),Integrated-SelectFromModel (RF selector) + RF,69.0,4.555521038405363e-17,-8.39763720603181,-0.8397637206031809,1.8039863312085236e-14
SVM (Wilcoxon - inCV),Integrated-SelectFromModel (RF selector) + LR,67.0,2.8782421504419467e-17,-8.451402465584566,-0.8451402465584567,1.1944704924334078e-14
SVM (Wilcoxon - inCV),Integrated-SelectFromModel (RF selector) + KNN,0.0,3.895460925389839e-18,8.681802304209718,0.8681802304209718,3.999442607232758e-15
SVM (Wilcoxon - inCV),Integrated-RFECV (L1-LR) + LR,503.0,5.866620010545957e-12,-6.882851442350263,-0.6882851442350263,1.4255886625626676e-09
SVM (Wilcoxon - inCV),Integrated-RFECV (L1-LR) + KNN,0.0,3.895900458013434e-18,8.681789474525653,0.8681789474525653,3.999442607232758e-15
SVM (Wilcoxon - inCV),Integrated-RFECV (L1-LR) + Naive Bayes,634.0,7.932643922218011e-11,6.5018722792597305,0.650187227925973,1.7213837311213082e-08
SVM (Kruskal - inCV),SVM (Chi-square - inCV),0.0,3.8965598450959084e-18,-8.681770230106196,-0.8681770230106196,3.999442607232758e-15
SVM (Kruskal - inCV),SVM (KS - inCV),21.0,7.333806979251821e-18,-8.609565408390463,-0.8609565408390463,3.999442607232758e-15
SVM (Kruskal - inCV),K-Neighbors (MW - inCV),1740.0,0.006953041443523982,2.699085002231035,0.26990850022310353,0.6327267713606824
SVM (Kruskal - inCV),K-Neighbors (Wilcoxon - inCV),1475.0,0.00048249705414557515,3.4902897780680835,0.34902897780680836,0.05259217890186769
SVM (Kruskal - inCV),K-Neighbors (Kruskal - inCV),801.0,3.072593914674031e-09,5.927672030377458,0.5927672030377458,5.346313411532814e-07
SVM (Kruskal - inCV),K-Neighbors (Chi-square - inCV),2283.0,0.6135871269893515,-0.5049597206944738,-0.05049597206944738,1.0
SVM (Kruskal - inCV),K-Neighbors (KS - inCV),803.0,5.354305043938235e-09,5.83576895218488,0.583576895218488,9.155861625134382e-07
SVM (Kruskal - inCV),Decision Tree (MW - inCV),402.0,2.8870248185031213e-13,-7.299563642976419,-0.7299563642976419,7.939318250883584e-11
SVM (Kruskal - inCV),Decision Tree (Wilcoxon - inCV),355.0,1.367864360272246e-13,-7.399414329504339,-0.7399414329504339,3.912092070378623e-11
SVM (Kruskal - inCV),Decision Tree (Kruskal - inCV),637.0,1.4068185995195726e-10,-6.415152612089139,-0.6415152612089139,2.9402508729959068e-08
SVM (Kruskal - inCV),Decision Tree (Chi-square - inCV),701.0,5.949078594437964e-10,-6.191774066292782,-0.6191774066292781,1.1422230901320891e-07
SVM (Kruskal - inCV),Decision Tree (KS - inCV),561.0,1.4494881762402343e-11,-6.7528699928429985,-0.6752869992842998,3.348317687114941e-09
SVM (Kruskal - inCV),Naive Bayes (MW - inCV),2345.0,0.7754465279755096,-0.2852579474800361,-0.028525794748003607,1.0
SVM (Kruskal - inCV),Naive Bayes (Wilcoxon - inCV),2393.0,0.908313275945573,0.0,0.0,1.0
SVM (Kruskal - inCV),Naive Bayes (Kruskal - inCV),358.0,1.479938189013884e-13,7.388949085990066,0.7388949085990066,4.1882250749092916e-11
SVM (Kruskal - inCV),Naive Bayes (Chi-square - inCV),2006.0,0.13713884338063595,-1.4865305461847844,-0.14865305461847844,1.0
SVM (Kruskal - inCV),Naive Bayes (KS - inCV),1950.0,0.04803747233781292,1.9770367850736883,0.19770367850736884,1.0
SVM (Kruskal - inCV),Integrated-SelectFromModel (L1-LR selector) + LR,6.0,4.670683307897806e-18,-8.661140281044558,-0.8661140281044558,3.999442607232758e-15
SVM (Kruskal - inCV),Integrated-SelectFromModel (L1-LR selector) + SVM,0.0,3.896340037647931e-18,-8.681776644898465,-0.8681776644898465,3.999442607232758e-15
SVM (Kruskal - inCV),Integrated-SelectFromModel (L1-LR selector) + KNN,0.0,3.895900458013434e-18,8.681789474525653,0.8681789474525653,3.999442607232758e-15
SVM (Kruskal - inCV),Integrated-SelectFromModel (L1-LR selector) + Naive Bayes,323.0,3.698169679402043e-14,-7.5711913056213245,-0.7571191305621324,1.0983563947824067e-11
SVM (Kruskal - inCV),Integrated-SelectFromModel (RF selector) + RF,0.0,3.8965598450959084e-18,-8.681770230106196,-0.8681770230106196,3.999442607232758e-15
SVM (Kruskal - inCV),Integrated-SelectFromModel (RF selector) + LR,1.0,4.0161556854627e-18,-8.67833190526259,-0.8678331905262591,3.999442607232758e-15
SVM (Kruskal - inCV),Integrated-SelectFromModel (RF selector) + KNN,0.0,3.895680685825537e-18,8.681795889360576,0.8681795889360575,3.999442607232758e-15
SVM (Kruskal - inCV),Integrated-RFECV (L1-LR) + LR,7.0,4.813701823147399e-18,-8.657701956200953,-0.8657701956200953,3.999442607232758e-15
SVM (Kruskal - inCV),Integrated-RFECV (L1-LR) + KNN,0.0,3.896340037647931e-18,8.681776644898465,0.8681776644898465,3.999442607232758e-15
SVM (Kruskal - inCV),Integrated-RFECV (L1-LR) + Naive Bayes,646.0,1.0428011665322128e-10,-6.460612381136452,-0.6460612381136452,2.2211664847136132e-08
SVM (Chi-square - inCV),SVM (KS - inCV),1047.0,1.0352292311191798e-06,4.884820877033909,0.4884820877033909,0.0001480377800500427
SVM (Chi-square - inCV),K-Neighbors (MW - inCV),0.0,3.8965598450959084e-18,8.681770230106196,0.8681770230106196,3.999442607232758e-15
SVM (Chi-square - inCV),K-Neighbors (Wilcoxon - inCV),0.0,3.8965598450959084e-18,8.681770230106196,0.8681770230106196,3.999442607232758e-15
SVM (Chi-square - inCV),K-Neighbors (Kruskal - inCV),0.0,3.8965598450959084e-18,8.681770230106196,0.8681770230106196,3.999442607232758e-15
SVM (Chi-square - inCV),K-Neighbors (Chi-square - inCV),0.0,3.8965598450959084e-18,8.681770230106196,0.8681770230106196,3.999442607232758e-15
SVM (Chi-square - inCV),K-Neighbors (KS - inCV),0.0,3.8965598450959084e-18,8.681770230106196,0.8681770230106196,3.999442607232758e-15
SVM (Chi-square - inCV),Decision Tree (MW - inCV),531.0,7.080559838466176e-12,6.856019738151189,0.6856019738151189,1.6922538013934161e-09
SVM (Chi-square - inCV),Decision Tree (Wilcoxon - inCV),410.0,9.192945481471304e-13,7.14207941796289,0.714207941796289,2.390165825182539e-10
SVM (Chi-square - inCV),Decision Tree (Kruskal - inCV),269.0,1.3651498397887262e-14,7.699579250418195,0.7699579250418195,4.204661506549277e-12
SVM (Chi-square - inCV),Decision Tree (Chi-square - inCV),173.0,6.118237096853962e-16,8.086940032162289,0.8086940032162289,2.1657497221394404e-13
SVM (Chi-square - inCV),Decision Tree (KS - inCV),307.0,2.4176619990204415e-14,7.626204503119027,0.7626204503119027,7.325515857031938e-12
SVM (Chi-square - inCV),Naive Bayes (MW - inCV),8.0,4.9610417082651575e-18,8.654263631357347,0.8654263631357347,3.999442607232758e-15
SVM (Chi-square - inCV),Naive Bayes (Wilcoxon - inCV),0.0,3.8965598450959084e-18,8.681770230106196,0.8681770230106196,3.999442607232758e-15
SVM (Chi-square - inCV),Naive Bayes (Kruskal - inCV),1.0,4.0161556854627e-18,8.67833190526259,0.8678331905262591,3.999442607232758e-15
SVM (Chi-square - inCV),Naive Bayes (Chi-square - inCV),17.0,6.503748926324486e-18,8.623325079368454,0.8623325079368455,3.999442607232758e-15
SVM (Chi-square - inCV),Naive Bayes (KS - inCV),2.0,4.139373908714419e-18,8.674893580418985,0.8674893580418985,3.999442607232758e-15
SVM (Chi-square - inCV),Integrated-SelectFromModel (L1-LR selector) + LR,670.0,1.7930711033640755e-10,-6.378092584889899,-0.6378092584889898,3.6399343398290735e-08
SVM (Chi-square - inCV),Integrated-SelectFromModel (L1-LR selector) + SVM,1.0,4.015929308708381e-18,-8.678338317514347,-0.8678338317514347,3.999442607232758e-15
SVM (Chi-square - inCV),Integrated-SelectFromModel (L1-LR selector) + KNN,0.0,3.896120241954008e-18,8.681783059704948,0.8681783059704948,3.999442607232758e-15
SVM (Chi-square - inCV),Integrated-SelectFromModel (L1-LR selector) + Naive Bayes,391.0,2.1780705099798336e-13,7.33738521625609,0.7337385216256089,6.055036017743937e-11
SVM (Chi-square - inCV),Integrated-SelectFromModel (RF selector) + RF,131.0,1.8510632458337464e-16,-8.231355757578978,-0.8231355757578978,6.811912744668186e-14
SVM (Chi-square - inCV),Integrated-SelectFromModel (RF selector) + LR,91.0,5.816713162471362e-17,-8.368882669338012,-0.8368882669338011,2.268518133363831e-14
SVM (Chi-square - inCV),Integrated-SelectFromModel (RF selector) + KNN,0.0,3.8965598450959084e-18,8.681770230106196,0.8681770230106196,3.999442607232758e-15
SVM (Chi-square - inCV),Integrated-RFECV (L1-LR) + LR,674.0,3.257250081993638e-10,-6.28601189030062,-0.628601189030062,6.449355162347403e-08
SVM (Chi-square - inCV),Integrated-RFECV (L1-LR) + KNN,0.0,3.896340037647931e-18,8.681776644898465,0.8681776644898465,3.999442607232758e-15
SVM (Chi-square - inCV),Integrated-RFECV (L1-LR) + Naive Bayes,541.0,9.00091927939511e-12,6.821636489715127,0.6821636489715127,2.115216030657851e-09
SVM (KS - inCV),K-Neighbors (MW - inCV),0.0,3.8965598450959084e-18,8.681770230106196,0.8681770230106196,3.999442607232758e-15
SVM (KS - inCV),K-Neighbors (Wilcoxon - inCV),0.0,3.8965598450959084e-18,8.681770230106196,0.8681770230106196,3.999442607232758e-15
SVM (KS - inCV),K-Neighbors (Kruskal - inCV),0.0,3.8965598450959084e-18,8.681770230106196,0.8681770230106196,3.999442607232758e-15
SVM (KS - inCV),K-Neighbors (Chi-square - inCV),10.0,5.269204481546392e-18,8.647386981670133,0.8647386981670133,3.999442607232758e-15
SVM (KS - inCV),K-Neighbors (KS - inCV),0.0,3.8965598450959084e-18,8.681770230106196,0.8681770230106196,3.999442607232758e-15
SVM (KS - inCV),Decision Tree (MW - inCV),1158.0,7.072867112814577e-06,4.491483831440319,0.4491483831440319,0.0008911812562146368
SVM (KS - inCV),Decision Tree (Wilcoxon - inCV),1088.0,7.777363585662208e-07,4.940872800262419,0.49408728002624186,0.00011277177199210202
SVM (KS - inCV),Decision Tree (Kruskal - inCV),592.0,3.005892629867598e-11,6.6462819226912,0.66462819226912,6.763258417202096e-09
SVM (KS - inCV),Decision Tree (Chi-square - inCV),683.0,3.9853786597656173e-10,6.254599282298008,0.6254599282298008,7.81134217314061e-08
SVM (KS - inCV),Decision Tree (KS - inCV),781.0,2.0169190930532754e-09,5.996438527249587,0.5996438527249587,3.5698494410645674e-07
SVM (KS - inCV),Naive Bayes (MW - inCV),1.0,4.015929308708381e-18,8.678338317514347,0.8678338317514347,3.999442607232758e-15
SVM (KS - inCV),Naive Bayes (Wilcoxon - inCV),13.0,5.766881583747939e-18,8.637078388904927,0.8637078388904926,3.999442607232758e-15
SVM (KS - inCV),Naive Bayes (Kruskal - inCV),0.0,3.8965598450959084e-18,8.681770230106196,0.8681770230106196,3.999442607232758e-15
SVM (KS - inCV),Naive Bayes (Chi-square - inCV),5.0,4.531861061109546e-18,8.664578605888165,0.8664578605888165,3.999442607232758e-15
SVM (KS - inCV),Naive Bayes (KS - inCV),0.0,3.8965598450959084e-18,8.681770230106196,0.8681770230106196,3.999442607232758e-15
SVM (KS - inCV),Integrated-SelectFromModel (L1-LR selector) + LR,187.0,1.396331156967579e-15,-7.985783012219777,-0.7985783012219777,4.747525933689769e-13
SVM (KS - inCV),Integrated-SelectFromModel (L1-LR selector) + SVM,1.0,4.0154765914850665e-18,-8.678351142060492,-0.8678351142060492,3.999442607232758e-15
SVM (KS - inCV),Integrated-SelectFromModel (L1-LR selector) + KNN,0.0,3.895680685825537e-18,8.681795889360576,0.8681795889360575,3.999442607232758e-15
SVM (KS - inCV),Integrated-SelectFromModel (L1-LR selector) + Naive Bayes,1056.0,7.318279349477914e-07,4.952721195078611,0.49527211950786115,0.00010744164317213966
SVM (KS - inCV),Integrated-SelectFromModel (RF selector) + RF,0.0,3.896340037647931e-18,-8.681776644898465,-0.8681776644898465,3.999442607232758e-15
SVM (KS - inCV),Integrated-SelectFromModel (RF selector) + LR,13.0,5.766559568715046e-18,-8.637084770684686,-0.8637084770684685,3.999442607232758e-15
SVM (KS - inCV),Integrated-SelectFromModel (RF selector) + KNN,0.0,3.895900458013434e-18,8.681789474525653,0.8681789474525653,3.999442607232758e-15
SVM (KS - inCV),Integrated-RFECV (L1-LR) + LR,162.0,4.48175992046407e-16,-8.124779615169947,-0.8124779615169947,1.599988291605673e-13
SVM (KS - inCV),Integrated-RFECV (L1-LR) + KNN,0.0,3.896340037647931e-18,8.681776644898465,0.8681776644898465,3.999442607232758e-15
SVM (KS - inCV),Integrated-RFECV (L1-LR) + Naive Bayes,1209.0,6.04415458757801e-06,4.524838837499556,0.4524838837499556,0.0007736517872099853
K-Neighbors (MW - inCV),K-Neighbors (Wilcoxon - inCV),1738.0,0.1600044483267553,1.4050565996823468,0.14050565996823466,1.0
K-Neighbors (MW - inCV),K-Neighbors (Kruskal - inCV),1693.5,0.009489397528805952,2.593900390441473,0.2593900390441473,0.8255775850061179
K-Neighbors (MW - inCV),K-Neighbors (Chi-square - inCV),1204.5,1.5135240271295884e-05,-4.326710897170818,-0.4326710897170818,0.001831364072826802
K-Neighbors (MW - inCV),K-Neighbors (KS - inCV),1157.5,2.5773570203634644e-06,4.701912697781644,0.4701912697781644,0.00034536584072870425
K-Neighbors (MW - inCV),Decision Tree (MW - inCV),126.0,1.6033143162930619e-16,-8.248547394499571,-0.8248547394499571,5.948296113447259e-14
K-Neighbors (MW - inCV),Decision Tree (Wilcoxon - inCV),153.0,3.471444579736632e-16,-8.155706529034415,-0.8155706529034414,1.2462486041254508e-13
K-Neighbors (MW - inCV),Decision Tree (Kruskal - inCV),382.0,2.7689155363814474e-13,-7.30518206753765,-0.730518206753765,7.642206880412795e-11
K-Neighbors (MW - inCV),Decision Tree (Chi-square - inCV),310.0,2.6188160136777405e-14,-7.615889528588209,-0.7615889528588209,7.908824361306777e-12
K-Neighbors (MW - inCV),Decision Tree (KS - inCV),283.0,1.270816126860476e-14,-7.708724299365581,-0.7708724299365581,3.939529993267476e-12
K-Neighbors (MW - inCV),Naive Bayes (MW - inCV),1448.5,0.00021444744975762038,-3.7013594290032463,-0.37013594290032464,0.024447009272368724
K-Neighbors (MW - inCV),Naive Bayes (Wilcoxon - inCV),1499.0,0.0004191367330321353,-3.527731715835228,-0.35277317158352284,0.046105040633534884
K-Neighbors (MW - inCV),Naive Bayes (Kruskal - inCV),781.0,2.0168640909969307e-09,5.996442957902146,0.5996442957902146,3.5698494410645674e-07
K-Neighbors (MW - inCV),Naive Bayes (Chi-square - inCV),1159.0,7.191508902142222e-06,-4.4879402544529885,-0.44879402544529884,0.0008989386127677778
K-Neighbors (MW - inCV),Naive Bayes (KS - inCV),2175.0,0.3747204210058266,-0.8876660353260747,-0.08876660353260747,1.0
K-Neighbors (MW - inCV),Integrated-SelectFromModel (L1-LR selector) + LR,0.0,3.8965598450959084e-18,-8.681770230106196,-0.8681770230106196,3.999442607232758e-15
K-Neighbors (MW - inCV),Integrated-SelectFromModel (L1-LR selector) + SVM,0.0,3.896120241954008e-18,-8.681783059704948,-0.8681783059704948,3.999442607232758e-15
K-Neighbors (MW - inCV),Integrated-SelectFromModel (L1-LR selector) + KNN,0.0,3.8965598450959084e-18,8.681770230106196,0.8681770230106196,3.999442607232758e-15
K-Neighbors (MW - inCV),Integrated-SelectFromModel (L1-LR selector) + Naive Bayes,37.0,1.1832715745334613e-17,-8.55455221089276,-0.8554552210892761,5.490380105835261e-15
K-Neighbors (MW - inCV),Integrated-SelectFromModel (RF selector) + RF,0.0,3.8965598450959084e-18,-8.681770230106196,-0.8681770230106196,3.999442607232758e-15
K-Neighbors (MW - inCV),Integrated-SelectFromModel (RF selector) + LR,0.0,3.896120241954008e-18,-8.681783059704948,-0.8681783059704948,3.999442607232758e-15
K-Neighbors (MW - inCV),Integrated-SelectFromModel (RF selector) + KNN,0.0,3.895680685825537e-18,8.681795889360576,0.8681795889360575,3.999442607232758e-15
K-Neighbors (MW - inCV),Integrated-RFECV (L1-LR) + LR,0.0,3.8965598450959084e-18,-8.681770230106196,-0.8681770230106196,3.999442607232758e-15
K-Neighbors (MW - inCV),Integrated-RFECV (L1-LR) + KNN,0.0,3.896340037647931e-18,8.681776644898465,0.8681776644898465,3.999442607232758e-15
K-Neighbors (MW - inCV),Integrated-RFECV (L1-LR) + Naive Bayes,306.0,2.354049957607283e-14,-7.629642827962634,-0.7629642827962634,7.156311871126141e-12
K-Neighbors (Wilcoxon - inCV),K-Neighbors (Kruskal - inCV),1949.0,0.06637336172417761,1.8358938210820857,0.18358938210820858,1.0
K-Neighbors (Wilcoxon - inCV),K-Neighbors (Chi-square - inCV),1000.0,7.30895531783263e-07,-4.952969183925043,-0.4952969183925043,0.00010744164317213966
K-Neighbors (Wilcoxon - inCV),K-Neighbors (KS - inCV),1396.0,0.0002641739574774881,3.6481125084558643,0.3648112508455864,0.02932330928000118
K-Neighbors (Wilcoxon - inCV),Decision Tree (MW - inCV),68.0,2.964263914228315e-17,-8.447964140740961,-0.8447964140740961,1.224240996576294e-14
K-Neighbors (Wilcoxon - inCV),Decision Tree (Wilcoxon - inCV),34.0,1.5983274333351862e-17,-8.519797348264193,-0.8519797348264193,7.12854035267493e-15
K-Neighbors (Wilcoxon - inCV),Decision Tree (Kruskal - inCV),291.0,1.5758341826816587e-14,-7.681217700616729,-0.7681217700616729,4.822052599005876e-12
K-Neighbors (Wilcoxon - inCV),Decision Tree (Chi-square - inCV),173.0,6.118237096853962e-16,-8.086940032162289,-0.8086940032162289,2.1657497221394404e-13
K-Neighbors (Wilcoxon - inCV),Decision Tree (KS - inCV),136.0,2.1365801836383434e-16,-8.214158051375724,-0.8214158051375724,7.77715186844357e-14
K-Neighbors (Wilcoxon - inCV),Naive Bayes (MW - inCV),1169.0,8.487446701799313e-06,-4.452504484579693,-0.4452504484579693,0.0010524433910231148
K-Neighbors (Wilcoxon - inCV),Naive Bayes (Wilcoxon - inCV),1280.0,1.8629428688391447e-05,-4.280714430289986,-0.42807144302899863,0.0022355314426069734
K-Neighbors (Wilcoxon - inCV),Naive Bayes (Kruskal - inCV),937.0,4.75974096749115e-08,5.460059851646986,0.5460059851646986,7.61558554798584e-06
K-Neighbors (Wilcoxon - inCV),Naive Bayes (Chi-square - inCV),994.0,2.351999020953855e-07,-5.169119161318832,-0.5169119161318833,3.622078492268937e-05
K-Neighbors (Wilcoxon - inCV),Naive Bayes (KS - inCV),1959.0,0.07170453093046945,-1.8009895254831316,-0.18009895254831315,1.0
K-Neighbors (Wilcoxon - inCV),Integrated-SelectFromModel (L1-LR selector) + LR,0.0,3.8965598450959084e-18,-8.681770230106196,-0.8681770230106196,3.999442607232758e-15
K-Neighbors (Wilcoxon - inCV),Integrated-SelectFromModel (L1-LR selector) + SVM,0.0,3.896340037647931e-18,-8.681776644898465,-0.8681776644898465,3.999442607232758e-15
K-Neighbors (Wilcoxon - inCV),Integrated-SelectFromModel (L1-LR selector) + KNN,0.0,3.896340037647931e-18,8.681776644898465,0.8681776644898465,3.999442607232758e-15
K-Neighbors (Wilcoxon - inCV),Integrated-SelectFromModel (L1-LR selector) + Naive Bayes,28.0,9.044445868078013e-18,-8.585497134485216,-0.8585497134485216,4.377270240181537e-15
K-Neighbors (Wilcoxon - inCV),Integrated-SelectFromModel (RF selector) + RF,0.0,3.8965598450959084e-18,-8.681770230106196,-0.8681770230106196,3.999442607232758e-15
K-Neighbors (Wilcoxon - inCV),Integrated-SelectFromModel (RF selector) + LR,0.0,3.896340037647931e-18,-8.681776644898465,-0.8681776644898465,3.999442607232758e-15
K-Neighbors (Wilcoxon - inCV),Integrated-SelectFromModel (RF selector) + KNN,0.0,3.895241176705637e-18,8.681808719073084,0.8681808719073084,3.999442607232758e-15
K-Neighbors (Wilcoxon - inCV),Integrated-RFECV (L1-LR) + LR,0.0,3.8965598450959084e-18,-8.681770230106196,-0.8681770230106196,3.999442607232758e-15
K-Neighbors (Wilcoxon - inCV),Integrated-RFECV (L1-LR) + KNN,0.0,3.896340037647931e-18,8.681776644898465,0.8681776644898465,3.999442607232758e-15
K-Neighbors (Wilcoxon - inCV),Integrated-RFECV (L1-LR) + Naive Bayes,333.0,4.816144054657832e-14,-7.536808057185262,-0.7536808057185261,1.4111302080147448e-11
K-Neighbors (Kruskal - inCV),K-Neighbors (Chi-square - inCV),823.0,8.119493635799515e-09,-5.765958713368475,-0.5765958713368475,1.3640749308143185e-06
K-Neighbors (Kruskal - inCV),K-Neighbors (KS - inCV),2114.0,0.20767130669270228,1.2599946098825785,0.12599946098825784,1.0
K-Neighbors (Kruskal - inCV),Decision Tree (MW - inCV),81.0,4.342298919012428e-17,-8.403265917774076,-0.8403265917774076,1.7369195676049712e-14
K-Neighbors (Kruskal - inCV),Decision Tree (Wilcoxon - inCV),50.0,1.7415252083634357e-17,-8.509853987925876,-0.8509853987925876,7.680126168882752e-15
K-Neighbors (Kruskal - inCV),Decision Tree (Kruskal - inCV),246.0,4.653394762147336e-15,-7.835942318579019,-0.7835942318579019,1.4937397186492947e-12
K-Neighbors (Kruskal - inCV),Decision Tree (Chi-square - inCV),213.0,1.8739746414302816e-15,-7.949412912081286,-0.7949412912081286,6.259075302377141e-13
K-Neighbors (Kruskal - inCV),Decision Tree (KS - inCV),111.0,1.040096387925698e-16,-8.300116172465884,-0.8300116172465885,3.9211633824798815e-14
K-Neighbors (Kruskal - inCV),Naive Bayes (MW - inCV),962.0,1.2861511153359626e-07,-5.280808434217012,-0.5280808434217013,2.032118762230821e-05
K-Neighbors (Kruskal - inCV),Naive Bayes (Wilcoxon - inCV),980.0,1.8087796959335842e-07,-5.217987191098322,-0.5217987191098322,2.8216963256563915e-05
K-Neighbors (Kruskal - inCV),Naive Bayes (Kruskal - inCV),1308.0,4.637791119850855e-05,4.073168171005454,0.4073168171005454,0.005379837699026992
K-Neighbors (Kruskal - inCV),Naive Bayes (Chi-square - inCV),738.0,8.032375048416745e-10,-6.144286495524662,-0.6144286495524662,1.5100865091023481e-07
K-Neighbors (Kruskal - inCV),Naive Bayes (KS - inCV),1512.0,0.0012076904205909956,-3.2370575779256265,-0.32370575779256267,0.12922287500323654
K-Neighbors (Kruskal - inCV),Integrated-SelectFromModel (L1-LR selector) + LR,0.0,3.8965598450959084e-18,-8.681770230106196,-0.8681770230106196,3.999442607232758e-15
K-Neighbors (Kruskal - inCV),Integrated-SelectFromModel (L1-LR selector) + SVM,0.0,3.896340037647931e-18,-8.681776644898465,-0.8681776644898465,3.999442607232758e-15
K-Neighbors (Kruskal - inCV),Integrated-SelectFromModel (L1-LR selector) + KNN,0.0,3.895680685825537e-18,8.681795889360576,0.8681795889360575,3.999442607232758e-15
K-Neighbors (Kruskal - inCV),Integrated-SelectFromModel (L1-LR selector) + Naive Bayes,34.0,1.082004916926409e-17,-8.56486718542358,-0.856486718542358,5.05296296204633e-15
K-Neighbors (Kruskal - inCV),Integrated-SelectFromModel (RF selector) + RF,0.0,3.8965598450959084e-18,-8.681770230106196,-0.8681770230106196,3.999442607232758e-15
K-Neighbors (Kruskal - inCV),Integrated-SelectFromModel (RF selector) + LR,0.0,3.896340037647931e-18,-8.681776644898465,-0.8681776644898465,3.999442607232758e-15
K-Neighbors (Kruskal - inCV),Integrated-SelectFromModel (RF selector) + KNN,0.0,3.895680685825537e-18,8.681795889360576,0.8681795889360575,3.999442607232758e-15
K-Neighbors (Kruskal - inCV),Integrated-RFECV (L1-LR) + LR,0.0,3.8965598450959084e-18,-8.681770230106196,-0.8681770230106196,3.999442607232758e-15
K-Neighbors (Kruskal - inCV),Integrated-RFECV (L1-LR) + KNN,0.0,3.8965598450959084e-18,8.681770230106196,0.8681770230106196,3.999442607232758e-15
K-Neighbors (Kruskal - inCV),Integrated-RFECV (L1-LR) + Naive Bayes,196.0,1.167230343096855e-15,-8.00785856075934,-0.800785856075934,4.02694468368415e-13
K-Neighbors (Chi-square - inCV),K-Neighbors (KS - inCV),354.0,1.332374531789658e-13,7.402904619282406,0.7402904619282407,3.8239149062363184e-11
K-Neighbors (Chi-square - inCV),Decision Tree (MW - inCV),253.0,5.6341272539181534e-15,-7.811879816716558,-0.7811879816716558,1.797286593999891e-12
K-Neighbors (Chi-square - inCV),Decision Tree (Wilcoxon - inCV),272.0,9.442591079843008e-15,-7.746545872645252,-0.7746545872645252,2.9649735990707047e-12
K-Neighbors (Chi-square - inCV),Decision Tree (Kruskal - inCV),554.0,2.0161796701336447e-11,-6.70484666366879,-0.670484666366879,4.59688964790471e-09
K-Neighbors (Chi-square - inCV),Decision Tree (Chi-square - inCV),596.0,3.2998432362469086e-11,-6.632528623316774,-0.6632528623316774,7.358650416830606e-09
K-Neighbors (Chi-square - inCV),Decision Tree (KS - inCV),476.0,1.8529162237314765e-12,-7.045127604549545,-0.7045127604549545,4.70640720827795e-10
K-Neighbors (Chi-square - inCV),Naive Bayes (MW - inCV),2350.0,0.7890532108509929,-0.2675402725113814,-0.02675402725113814,1.0
K-Neighbors (Chi-square - inCV),Naive Bayes (Wilcoxon - inCV),2345.0,0.6500176496037444,-0.45373767114885105,-0.045373767114885104,1.0
K-Neighbors (Chi-square - inCV),Naive Bayes (Kruskal - inCV),215.0,1.9809780081603543e-15,7.942530388730817,0.7942530388730817,6.59665676717398e-13
K-Neighbors (Chi-square - inCV),Naive Bayes (Chi-square - inCV),2184.0,0.2410085551039166,-1.172469637984307,-0.11724696379843069,1.0
K-Neighbors (Chi-square - inCV),Naive Bayes (KS - inCV),1618.0,0.0018173532336093058,3.1185629373952106,0.31185629373952106,0.18537002982814918
K-Neighbors (Chi-square - inCV),Integrated-SelectFromModel (L1-LR selector) + LR,0.0,3.8965598450959084e-18,-8.681770230106196,-0.8681770230106196,3.999442607232758e-15
K-Neighbors (Chi-square - inCV),Integrated-SelectFromModel (L1-LR selector) + SVM,0.0,3.895680685825537e-18,-8.681795889360576,-0.8681795889360575,3.999442607232758e-15
K-Neighbors (Chi-square - inCV),Integrated-SelectFromModel (L1-LR selector) + KNN,0.0,3.8965598450959084e-18,8.681770230106196,0.8681770230106196,3.999442607232758e-15
K-Neighbors (Chi-square - inCV),Integrated-SelectFromModel (L1-LR selector) + Naive Bayes,106.0,8.998385137455785e-17,-8.317307796683917,-0.8317307796683917,3.401389581958287e-14
K-Neighbors (Chi-square - inCV),Integrated-SelectFromModel (RF selector) + RF,0.0,3.8965598450959084e-18,-8.681770230106196,-0.8681770230106196,3.999442607232758e-15
K-Neighbors (Chi-square - inCV),Integrated-SelectFromModel (RF selector) + LR,0.0,3.8965598450959084e-18,-8.681770230106196,-0.8681770230106196,3.999442607232758e-15
K-Neighbors (Chi-square - inCV),Integrated-SelectFromModel (RF selector) + KNN,0.0,3.895021439772567e-18,8.681815133950662,0.8681815133950662,3.999442607232758e-15
K-Neighbors (Chi-square - inCV),Integrated-RFECV (L1-LR) + LR,0.0,3.8965598450959084e-18,-8.681770230106196,-0.8681770230106196,3.999442607232758e-15
K-Neighbors (Chi-square - inCV),Integrated-RFECV (L1-LR) + KNN,0.0,3.8965598450959084e-18,8.681770230106196,0.8681770230106196,3.999442607232758e-15
K-Neighbors (Chi-square - inCV),Integrated-RFECV (L1-LR) + Naive Bayes,514.0,4.69577753662547e-12,-6.914481478442236,-0.6914481478442236,1.1598570515464911e-09
K-Neighbors (KS - inCV),Decision Tree (MW - inCV),41.0,1.3329700507875106e-17,-8.540798911518333,-0.8540798911518334,6.105002832606799e-15
K-Neighbors (KS - inCV),Decision Tree (Wilcoxon - inCV),43.0,1.4146791640488975e-17,-8.53392226183112,-0.8533922261831121,6.422643404781994e-15
K-Neighbors (KS - inCV),Decision Tree (Kruskal - inCV),199.0,1.2692585134298068e-15,-7.99754358622852,-0.799754358622852,4.3535567010642373e-13
K-Neighbors (KS - inCV),Decision Tree (Chi-square - inCV),102.0,8.012096741807243e-17,-8.331061096058342,-0.8331061096058342,3.05260885862856e-14
K-Neighbors (KS - inCV),Decision Tree (KS - inCV),35.0,1.6472172752746797e-17,-8.516307058486126,-0.8516307058486126,7.313644702219578e-15
K-Neighbors (KS - inCV),Naive Bayes (MW - inCV),685.0,2.5075552925101713e-10,-6.3265177122358045,-0.6326517712235804,5.0151105850203425e-08
K-Neighbors (KS - inCV),Naive Bayes (Wilcoxon - inCV),602.0,1.0352455336902738e-10,-6.461712636395598,-0.6461712636395598,2.215425442097186e-08
K-Neighbors (KS - inCV),Naive Bayes (Kruskal - inCV),1512.0,0.0012076904205909956,3.2370575779256265,0.32370575779256267,0.12922287500323654
K-Neighbors (KS - inCV),Naive Bayes (Chi-square - inCV),529.0,6.747817107930336e-12,-6.862896387838404,-0.6862896387838404,1.626223923011211e-09
K-Neighbors (KS - inCV),Naive Bayes (KS - inCV),1123.0,2.371562316699227e-06,-4.718871779948049,-0.47188717799480495,0.00032253247507109487
K-Neighbors (KS - inCV),Integrated-SelectFromModel (L1-LR selector) + LR,0.0,3.8965598450959084e-18,-8.681770230106196,-0.8681770230106196,3.999442607232758e-15
K-Neighbors (KS - inCV),Integrated-SelectFromModel (L1-LR selector) + SVM,0.0,3.895900458013434e-18,-8.681789474525653,-0.8681789474525653,3.999442607232758e-15
K-Neighbors (KS - inCV),Integrated-SelectFromModel (L1-LR selector) + KNN,0.0,3.896340037647931e-18,8.681776644898465,0.8681776644898465,3.999442607232758e-15
K-Neighbors (KS - inCV),Integrated-SelectFromModel (L1-LR selector) + Naive Bayes,5.0,4.531861061109546e-18,-8.664578605888165,-0.8664578605888165,3.999442607232758e-15
K-Neighbors (KS - inCV),Integrated-SelectFromModel (RF selector) + RF,0.0,3.896340037647931e-18,-8.681776644898465,-0.8681776644898465,3.999442607232758e-15
K-Neighbors (KS - inCV),Integrated-SelectFromModel (RF selector) + LR,0.0,3.8965598450959084e-18,-8.681770230106196,-0.8681770230106196,3.999442607232758e-15
K-Neighbors (KS - inCV),Integrated-SelectFromModel (RF selector) + KNN,0.0,3.896340037647931e-18,8.681776644898465,0.8681776644898465,3.999442607232758e-15
K-Neighbors (KS - inCV),Integrated-RFECV (L1-LR) + LR,0.0,3.8965598450959084e-18,-8.681770230106196,-0.8681770230106196,3.999442607232758e-15
K-Neighbors (KS - inCV),Integrated-RFECV (L1-LR) + KNN,0.0,3.8965598450959084e-18,8.681770230106196,0.8681770230106196,3.999442607232758e-15
K-Neighbors (KS - inCV),Integrated-RFECV (L1-LR) + Naive Bayes,186.0,8.820960641579043e-16,-8.042241809195405,-0.8042241809195405,3.069694303269507e-13
Decision Tree (MW - inCV),Decision Tree (Wilcoxon - inCV),1510.5,0.1648265113764651,1.3890205165810996,0.13890205165810995,1.0
Decision Tree (MW - inCV),Decision Tree (Kruskal - inCV),1650.0,0.0059951577236345395,2.7480461103652485,0.27480461103652487,0.5575496682980122
Decision Tree (MW - inCV),Decision Tree (Chi-square - inCV),1506.0,0.013707586667487545,2.464836285518391,0.2464836285518391,1.0
Decision Tree (MW - inCV),Decision Tree (KS - inCV),1549.0,0.009953696484018792,2.577433733233831,0.2577433733233831,0.8560178976256161
Decision Tree (MW - inCV),Naive Bayes (MW - inCV),349.5,7.427668954584254e-14,7.480081224149152,0.7480081224149152,2.139168658920265e-11
Decision Tree (MW - inCV),Naive Bayes (Wilcoxon - inCV),297.0,1.8508407532991145e-14,7.660587751555093,0.7660587751555094,5.645064297562299e-12
Decision Tree (MW - inCV),Naive Bayes (Kruskal - inCV),20.0,7.117077537219981e-18,8.613003733234068,0.8613003733234068,3.999442607232758e-15
Decision Tree (MW - inCV),Naive Bayes (Chi-square - inCV),424.5,5.115065434349056e-13,7.222206670340286,0.7222206670340287,1.375952601839896e-10
Decision Tree (MW - inCV),Naive Bayes (KS - inCV),200.0,1.3051821803023527e-15,7.994105261384914,0.7994105261384914,4.463723056634046e-13
Decision Tree (MW - inCV),Integrated-SelectFromModel (L1-LR selector) + LR,67.0,2.8782421504419467e-17,-8.451402465584566,-0.8451402465584567,1.1944704924334078e-14
Decision Tree (MW - inCV),Integrated-SelectFromModel (L1-LR selector) + SVM,0.0,3.8965598450959084e-18,-8.681770230106196,-0.8681770230106196,3.999442607232758e-15
Decision Tree (MW - inCV),Integrated-SelectFromModel (L1-LR selector) + KNN,0.0,3.895900458013434e-18,8.681789474525653,0.8681789474525653,3.999442607232758e-15
Decision Tree (MW - inCV),Integrated-SelectFromModel (L1-LR selector) + Naive Bayes,2379.0,0.615670737630266,0.5019954271665366,0.05019954271665365,1.0
Decision Tree (MW - inCV),Integrated-SelectFromModel (RF selector) + RF,11.0,5.430296382634715e-18,-8.643948656826526,-0.8643948656826526,3.999442607232758e-15
Decision Tree (MW - inCV),Integrated-SelectFromModel (RF selector) + LR,1.0,4.0161556854627e-18,-8.67833190526259,-0.8678331905262591,3.999442607232758e-15
Decision Tree (MW - inCV),Integrated-SelectFromModel (RF selector) + KNN,0.0,3.895680685825537e-18,8.681795889360576,0.8681795889360575,3.999442607232758e-15
Decision Tree (MW - inCV),Integrated-RFECV (L1-LR) + LR,48.0,1.6411171183886415e-17,-8.516736930460791,-0.8516736930460791,7.302971176829454e-15
Decision Tree (MW - inCV),Integrated-RFECV (L1-LR) + KNN,0.0,3.896340037647931e-18,8.681776644898465,0.8681776644898465,3.999442607232758e-15
Decision Tree (MW - inCV),Integrated-RFECV (L1-LR) + Naive Bayes,2353.0,0.6702423987542299,0.4258153529243063,0.042581535292430625,1.0
Decision Tree (Wilcoxon - inCV),Decision Tree (Kruskal - inCV),1704.0,0.010567310196252299,2.5566907963583354,0.2556690796358335,0.8941013420908533
Decision Tree (Wilcoxon - inCV),Decision Tree (Chi-square - inCV),2028.5,0.1594863561351566,1.406801168039979,0.1406801168039979,1.0
Decision Tree (Wilcoxon - inCV),Decision Tree (KS - inCV),1973.0,0.10883068386597321,1.6034711036045144,0.16034711036045143,1.0
Decision Tree (Wilcoxon - inCV),Naive Bayes (MW - inCV),407.0,3.2800105956902744e-13,7.282372018758385,0.7282372018758385,8.954428926234449e-11
Decision Tree (Wilcoxon - inCV),Naive Bayes (Wilcoxon - inCV),378.0,1.558314759335337e-13,7.382083439222972,0.7382083439222973,4.3944476213256504e-11
Decision Tree (Wilcoxon - inCV),Naive Bayes (Kruskal - inCV),31.0,9.893009181510366e-18,8.575182159954398,0.8575182159954398,4.6892863520359135e-15
Decision Tree (Wilcoxon - inCV),Naive Bayes (Chi-square - inCV),448.0,9.238460412207423e-13,7.141400700170522,0.7141400700170523,2.3927612467617226e-10
Decision Tree (Wilcoxon - inCV),Naive Bayes (KS - inCV),211.0,1.7728365833323264e-15,7.956283688105242,0.7956283688105242,5.97445928582994e-13
Decision Tree (Wilcoxon - inCV),Integrated-SelectFromModel (L1-LR selector) + LR,47.0,1.5932071996658114e-17,-8.520168962456697,-0.8520168962456698,7.121636182506177e-15
Decision Tree (Wilcoxon - inCV),Integrated-SelectFromModel (L1-LR selector) + SVM,0.0,3.8965598450959084e-18,-8.681770230106196,-0.8681770230106196,3.999442607232758e-15
Decision Tree (Wilcoxon - inCV),Integrated-SelectFromModel (L1-LR selector) + KNN,0.0,3.896340037647931e-18,8.681776644898465,0.8681776644898465,3.999442607232758e-15
Decision Tree (Wilcoxon - inCV),Integrated-SelectFromModel (L1-LR selector) + Naive Bayes,2308.0,0.4555970482246179,0.7461164910625919,0.0746116491062592,1.0
Decision Tree (Wilcoxon - inCV),Integrated-SelectFromModel (RF selector) + RF,0.0,3.8965598450959084e-18,-8.681770230106196,-0.8681770230106196,3.999442607232758e-15
Decision Tree (Wilcoxon - inCV),Integrated-SelectFromModel (RF selector) + LR,0.0,3.8965598450959084e-18,-8.681770230106196,-0.8681770230106196,3.999442607232758e-15
Decision Tree (Wilcoxon - inCV),Integrated-SelectFromModel (RF selector) + KNN,0.0,3.896340037647931e-18,8.681776644898465,0.8681776644898465,3.999442607232758e-15
Decision Tree (Wilcoxon - inCV),Integrated-RFECV (L1-LR) + LR,22.0,7.55704804907942e-18,-8.606127083546857,-0.8606127083546857,3.999442607232758e-15
Decision Tree (Wilcoxon - inCV),Integrated-RFECV (L1-LR) + KNN,0.0,3.8965598450959084e-18,8.681770230106196,0.8681770230106196,3.999442607232758e-15
Decision Tree (Wilcoxon - inCV),Integrated-RFECV (L1-LR) + Naive Bayes,2523.0,0.9945132706275845,0.0068766496872128095,0.000687664968721281,1.0
Decision Tree (Kruskal - inCV),Decision Tree (Chi-square - inCV),2351.0,0.5496607761509097,0.5982685227875162,0.05982685227875162,1.0
Decision Tree (Kruskal - inCV),Decision Tree (KS - inCV),2207.0,0.43877021132320826,-0.774271571731526,-0.0774271571731526,1.0
Decision Tree (Kruskal - inCV),Naive Bayes (MW - inCV),728.0,6.464396115495318e-10,6.178669743960727,0.6178669743960727,1.2282352619441104e-07
Decision Tree (Kruskal - inCV),Naive Bayes (Wilcoxon - inCV),628.0,6.91440354759327e-11,6.522502228321368,0.6522502228321369,1.514254376922926e-08
Decision Tree (Kruskal - inCV),Naive Bayes (Kruskal - inCV),57.0,2.1426597410614454e-17,8.485785714020631,0.848578571402063,9.21294006163218e-15
Decision Tree (Kruskal - inCV),Naive Bayes (Chi-square - inCV),732.0,7.052036774337939e-10,6.164916444586303,0.6164916444586303,1.3328349503498705e-07
Decision Tree (Kruskal - inCV),Naive Bayes (KS - inCV),409.0,3.451515349849933e-13,7.275495369071173,0.7275495369071173,9.388121751591818e-11
Decision Tree (Kruskal - inCV),Integrated-SelectFromModel (L1-LR selector) + LR,38.0,1.219062650217942e-17,-8.551113886049155,-0.8551113886049155,5.631761107639036e-15
Decision Tree (Kruskal - inCV),Integrated-SelectFromModel (L1-LR selector) + SVM,0.0,3.8965598450959084e-18,-8.681770230106196,-0.8681770230106196,3.999442607232758e-15
Decision Tree (Kruskal - inCV),Integrated-SelectFromModel (L1-LR selector) + KNN,0.0,3.8965598450959084e-18,8.681770230106196,0.8681770230106196,3.999442607232758e-15
Decision Tree (Kruskal - inCV),Integrated-SelectFromModel (L1-LR selector) + Naive Bayes,1692.0,0.004181634937971656,-2.864124594724143,-0.28641245947241434,0.3930736841693357
Decision Tree (Kruskal - inCV),Integrated-SelectFromModel (RF selector) + RF,0.0,3.896340037647931e-18,-8.681776644898465,-0.8681776644898465,3.999442607232758e-15
Decision Tree (Kruskal - inCV),Integrated-SelectFromModel (RF selector) + LR,0.0,3.8965598450959084e-18,-8.681770230106196,-0.8681770230106196,3.999442607232758e-15
Decision Tree (Kruskal - inCV),Integrated-SelectFromModel (RF selector) + KNN,0.0,3.896120241954008e-18,8.681783059704948,0.8681783059704948,3.999442607232758e-15
Decision Tree (Kruskal - inCV),Integrated-RFECV (L1-LR) + LR,30.0,9.601770743442904e-18,-8.578620484798005,-0.8578620484798005,4.579792308020987e-15
Decision Tree (Kruskal - inCV),Integrated-RFECV (L1-LR) + KNN,0.0,3.896120241954008e-18,8.681783059704948,0.8681783059704948,3.999442607232758e-15
Decision Tree (Kruskal - inCV),Integrated-RFECV (L1-LR) + Naive Bayes,2041.0,0.09608261214226987,-1.664149224305505,-0.1664149224305505,1.0
Decision Tree (Chi-square - inCV),Decision Tree (KS - inCV),2142.0,0.8676263181169608,0.16667431290167992,0.01666743129016799,1.0
Decision Tree (Chi-square - inCV),Naive Bayes (MW - inCV),681.0,2.2936133911529326e-10,6.340271011610229,0.6340271011610229,4.610162916217394e-08
Decision Tree (Chi-square - inCV),Naive Bayes (Wilcoxon - inCV),588.0,7.449191086497186e-11,6.511322714218214,0.6511322714218214,1.6239236568563864e-08
Decision Tree (Chi-square - inCV),Naive Bayes (Kruskal - inCV),71.0,3.2378376991430734e-17,8.437649166210141,0.8437649166210142,1.3242050061110404e-14
Decision Tree (Chi-square - inCV),Naive Bayes (Chi-square - inCV),773.0,1.7021609690509306e-09,6.023945125998439,0.6023945125998439,3.046868134601166e-07
Decision Tree (Chi-square - inCV),Naive Bayes (KS - inCV),423.0,4.924776637550388e-13,7.227358821260684,0.7227358821260684,1.3296896921386046e-10
Decision Tree (Chi-square - inCV),Integrated-SelectFromModel (L1-LR selector) + LR,56.0,2.0802135592284143e-17,-8.489224038864236,-0.8489224038864236,8.98652257586675e-15
Decision Tree (Chi-square - inCV),Integrated-SelectFromModel (L1-LR selector) + SVM,0.0,3.8965598450959084e-18,-8.681770230106196,-0.8681770230106196,3.999442607232758e-15
Decision Tree (Chi-square - inCV),Integrated-SelectFromModel (L1-LR selector) + KNN,0.0,3.896340037647931e-18,8.681776644898465,0.8681776644898465,3.999442607232758e-15
Decision Tree (Chi-square - inCV),Integrated-SelectFromModel (L1-LR selector) + Naive Bayes,1820.0,0.015349726048923271,-2.4240208058033335,-0.24240208058033336,1.0
Decision Tree (Chi-square - inCV),Integrated-SelectFromModel (RF selector) + RF,4.0,4.3971135541818935e-18,-8.668016930731772,-0.8668016930731772,3.999442607232758e-15
Decision Tree (Chi-square - inCV),Integrated-SelectFromModel (RF selector) + LR,1.0,4.0161556854627e-18,-8.67833190526259,-0.8678331905262591,3.999442607232758e-15
Decision Tree (Chi-square - inCV),Integrated-SelectFromModel (RF selector) + KNN,0.0,3.896340037647931e-18,8.681776644898465,0.8681776644898465,3.999442607232758e-15
Decision Tree (Chi-square - inCV),Integrated-RFECV (L1-LR) + LR,33.0,1.0501887534614503e-17,-8.568305510267185,-0.8568305510267186,4.914883366199588e-15
Decision Tree (Chi-square - inCV),Integrated-RFECV (L1-LR) + KNN,0.0,3.896340037647931e-18,8.681776644898465,0.8681776644898465,3.999442607232758e-15
Decision Tree (Chi-square - inCV),Integrated-RFECV (L1-LR) + Naive Bayes,2165.0,0.21579136199294846,-1.2377969436983092,-0.12377969436983091,1.0
Decision Tree (KS - inCV),Naive Bayes (MW - inCV),659.0,1.3998031019240994e-10,6.41591415816957,0.641591415816957,2.9395865140406088e-08
Decision Tree (KS - inCV),Naive Bayes (Wilcoxon - inCV),540.0,1.4411094723735302e-11,6.7537107205617435,0.6753710720561743,3.34337397590659e-09
Decision Tree (KS - inCV),Naive Bayes (Kruskal - inCV),50.0,1.7415252083634357e-17,8.509853987925876,0.8509853987925876,7.680126168882752e-15
Decision Tree (KS - inCV),Naive Bayes (Chi-square - inCV),762.0,1.3463441048126483e-09,6.061766699278109,0.6061766699278108,2.4638097118071463e-07
Decision Tree (KS - inCV),Naive Bayes (KS - inCV),375.0,1.4420366559544155e-13,7.392398413753792,0.7392398413753792,4.09538410291054e-11
Decision Tree (KS - inCV),Integrated-SelectFromModel (L1-LR selector) + LR,30.0,9.601770743442904e-18,-8.578620484798005,-0.8578620484798005,4.579792308020987e-15
Decision Tree (KS - inCV),Integrated-SelectFromModel (L1-LR selector) + SVM,0.0,3.8965598450959084e-18,-8.681770230106196,-0.8681770230106196,3.999442607232758e-15
Decision Tree (KS - inCV),Integrated-SelectFromModel (L1-LR selector) + KNN,0.0,3.896120241954008e-18,8.681783059704948,0.8681783059704948,3.999442607232758e-15
Decision Tree (KS - inCV),Integrated-SelectFromModel (L1-LR selector) + Naive Bayes,1848.0,0.019925599285423416,-2.327745919121543,-0.2327745919121543,1.0
Decision Tree (KS - inCV),Integrated-SelectFromModel (RF selector) + RF,11.0,5.430296382634715e-18,-8.643948656826526,-0.8643948656826526,3.999442607232758e-15
Decision Tree (KS - inCV),Integrated-SelectFromModel (RF selector) + LR,0.0,3.8965598450959084e-18,-8.681770230106196,-0.8681770230106196,3.999442607232758e-15
Decision Tree (KS - inCV),Integrated-SelectFromModel (RF selector) + KNN,0.0,3.895900458013434e-18,8.681789474525653,0.8681789474525653,3.999442607232758e-15
Decision Tree (KS - inCV),Integrated-RFECV (L1-LR) + LR,22.0,7.556629054981239e-18,-8.606133442447863,-0.8606133442447863,3.999442607232758e-15
Decision Tree (KS - inCV),Integrated-RFECV (L1-LR) + KNN,0.0,3.8965598450959084e-18,8.681770230106196,0.8681770230106196,3.999442607232758e-15
Decision Tree (KS - inCV),Integrated-RFECV (L1-LR) + Naive Bayes,2168.0,0.219641494682706,-1.2274819691674899,-0.12274819691674899,1.0
Naive Bayes (MW - inCV),Naive Bayes (Wilcoxon - inCV),1832.0,0.48544580234074486,0.6975705533170756,0.06975705533170756,1.0
Naive Bayes (MW - inCV),Naive Bayes (Kruskal - inCV),22.0,7.55704804907942e-18,8.606127083546857,0.8606127083546857,3.999442607232758e-15
Naive Bayes (MW - inCV),Naive Bayes (Chi-square - inCV),1835.0,0.07161202460941915,-1.8015767332794699,-0.180157673327947,1.0
Naive Bayes (MW - inCV),Naive Bayes (KS - inCV),822.0,2.225951346635784e-08,5.593454846648369,0.5593454846648369,3.650560208482686e-06
Naive Bayes (MW - inCV),Integrated-SelectFromModel (L1-LR selector) + LR,0.0,3.8965598450959084e-18,-8.681770230106196,-0.8681770230106196,3.999442607232758e-15
Naive Bayes (MW - inCV),Integrated-SelectFromModel (L1-LR selector) + SVM,0.0,3.896120241954008e-18,-8.681783059704948,-0.8681783059704948,3.999442607232758e-15
Naive Bayes (MW - inCV),Integrated-SelectFromModel (L1-LR selector) + KNN,0.0,3.896120241954008e-18,8.681783059704948,0.8681783059704948,3.999442607232758e-15
Naive Bayes (MW - inCV),Integrated-SelectFromModel (L1-LR selector) + Naive Bayes,76.0,3.750168121901122e-17,-8.420457541992109,-0.8420457541992109,1.507567585004251e-14
Naive Bayes (MW - inCV),Integrated-SelectFromModel (RF selector) + RF,0.0,3.8965598450959084e-18,-8.681770230106196,-0.8681770230106196,3.999442607232758e-15
Naive Bayes (MW - inCV),Integrated-SelectFromModel (RF selector) + LR,0.0,3.8965598450959084e-18,-8.681770230106196,-0.8681770230106196,3.999442607232758e-15
Naive Bayes (MW - inCV),Integrated-SelectFromModel (RF selector) + KNN,0.0,3.896120241954008e-18,8.681783059704948,0.8681783059704948,3.999442607232758e-15
Naive Bayes (MW - inCV),Integrated-RFECV (L1-LR) + LR,0.0,3.8965598450959084e-18,-8.681770230106196,-0.8681770230106196,3.999442607232758e-15
Naive Bayes (MW - inCV),Integrated-RFECV (L1-LR) + KNN,0.0,3.895900458013434e-18,8.681789474525653,0.8681789474525653,3.999442607232758e-15
Naive Bayes (MW - inCV),Integrated-RFECV (L1-LR) + Naive Bayes,543.0,9.442136734669708e-12,-6.814759840027914,-0.6814759840027914,2.2094599959127115e-09
Naive Bayes (Wilcoxon - inCV),Naive Bayes (Kruskal - inCV),14.0,8.727023169444331e-18,8.589603143825556,0.8589603143825556,4.2326062371805005e-15
Naive Bayes (Wilcoxon - inCV),Naive Bayes (Chi-square - inCV),1503.0,0.013267007241276378,-2.476520320955202,-0.24765203209552017,1.0
Naive Bayes (Wilcoxon - inCV),Naive Bayes (KS - inCV),1206.0,5.756151905537158e-06,4.53515381965191,0.45351538196519103,0.0007425435958142934
Naive Bayes (Wilcoxon - inCV),Integrated-SelectFromModel (L1-LR selector) + LR,0.0,3.896340037647931e-18,-8.681776644898465,-0.8681776644898465,3.999442607232758e-15
Naive Bayes (Wilcoxon - inCV),Integrated-SelectFromModel (L1-LR selector) + SVM,0.0,3.896120241954008e-18,-8.681783059704948,-0.8681783059704948,3.999442607232758e-15
Naive Bayes (Wilcoxon - inCV),Integrated-SelectFromModel (L1-LR selector) + KNN,0.0,3.896340037647931e-18,8.681776644898465,0.8681776644898465,3.999442607232758e-15
Naive Bayes (Wilcoxon - inCV),Integrated-SelectFromModel (L1-LR selector) + Naive Bayes,57.0,2.142544200379577e-17,-8.485791984003727,-0.8485791984003728,9.21294006163218e-15
Naive Bayes (Wilcoxon - inCV),Integrated-SelectFromModel (RF selector) + RF,0.0,3.896340037647931e-18,-8.681776644898465,-0.8681776644898465,3.999442607232758e-15
Naive Bayes (Wilcoxon - inCV),Integrated-SelectFromModel (RF selector) + LR,0.0,3.8965598450959084e-18,-8.681770230106196,-0.8681770230106196,3.999442607232758e-15
Naive Bayes (Wilcoxon - inCV),Integrated-SelectFromModel (RF selector) + KNN,0.0,3.896120241954008e-18,8.681783059704948,0.8681783059704948,3.999442607232758e-15
Naive Bayes (Wilcoxon - inCV),Integrated-RFECV (L1-LR) + LR,0.0,3.8965598450959084e-18,-8.681770230106196,-0.8681770230106196,3.999442607232758e-15
Naive Bayes (Wilcoxon - inCV),Integrated-RFECV (L1-LR) + KNN,0.0,3.896120241954008e-18,8.681783059704948,0.8681783059704948,3.999442607232758e-15
Naive Bayes (Wilcoxon - inCV),Integrated-RFECV (L1-LR) + Naive Bayes,493.0,2.8147507892817304e-12,-6.986676082208234,-0.6986676082208234,7.065024481097143e-10
Naive Bayes (Kruskal - inCV),Naive Bayes (Chi-square - inCV),15.0,6.12472726248735e-18,-8.630195357452102,-0.8630195357452102,3.999442607232758e-15
Naive Bayes (Kruskal - inCV),Naive Bayes (KS - inCV),130.0,1.7986674251763057e-16,-8.234794084963097,-0.8234794084963097,6.637082798900568e-14
Naive Bayes (Kruskal - inCV),Integrated-SelectFromModel (L1-LR selector) + LR,0.0,3.896120241954008e-18,-8.681783059704948,-0.8681783059704948,3.999442607232758e-15
Naive Bayes (Kruskal - inCV),Integrated-SelectFromModel (L1-LR selector) + SVM,0.0,3.896120241954008e-18,-8.681783059704948,-0.8681783059704948,3.999442607232758e-15
Naive Bayes (Kruskal - inCV),Integrated-SelectFromModel (L1-LR selector) + KNN,0.0,3.896340037647931e-18,8.681776644898465,0.8681776644898465,3.999442607232758e-15
Naive Bayes (Kruskal - inCV),Integrated-SelectFromModel (L1-LR selector) + Naive Bayes,1.0,4.0161556854627e-18,-8.67833190526259,-0.8678331905262591,3.999442607232758e-15
Naive Bayes (Kruskal - inCV),Integrated-SelectFromModel (RF selector) + RF,0.0,3.8965598450959084e-18,-8.681770230106196,-0.8681770230106196,3.999442607232758e-15
Naive Bayes (Kruskal - inCV),Integrated-SelectFromModel (RF selector) + LR,0.0,3.896340037647931e-18,-8.681776644898465,-0.8681776644898465,3.999442607232758e-15
Naive Bayes (Kruskal - inCV),Integrated-SelectFromModel (RF selector) + KNN,0.0,3.895460925389839e-18,8.681802304209718,0.8681802304209718,3.999442607232758e-15
Naive Bayes (Kruskal - inCV),Integrated-RFECV (L1-LR) + LR,0.0,3.896340037647931e-18,-8.681776644898465,-0.8681776644898465,3.999442607232758e-15
Naive Bayes (Kruskal - inCV),Integrated-RFECV (L1-LR) + KNN,0.0,3.896340037647931e-18,8.681776644898465,0.8681776644898465,3.999442607232758e-15
Naive Bayes (Kruskal - inCV),Integrated-RFECV (L1-LR) + Naive Bayes,72.0,3.3344510234599337e-17,-8.434210841366534,-0.8434210841366534,1.357121566548193e-14
Naive Bayes (Chi-square - inCV),Naive Bayes (KS - inCV),697.0,9.063666727236116e-10,6.125082436641775,0.6125082436641776,1.6949056779931536e-07
Naive Bayes (Chi-square - inCV),Integrated-SelectFromModel (L1-LR selector) + LR,0.0,3.8965598450959084e-18,-8.681770230106196,-0.8681770230106196,3.999442607232758e-15
Naive Bayes (Chi-square - inCV),Integrated-SelectFromModel (L1-LR selector) + SVM,0.0,3.8965598450959084e-18,-8.681770230106196,-0.8681770230106196,3.999442607232758e-15
Naive Bayes (Chi-square - inCV),Integrated-SelectFromModel (L1-LR selector) + KNN,0.0,3.8965598450959084e-18,8.681770230106196,0.8681770230106196,3.999442607232758e-15
Naive Bayes (Chi-square - inCV),Integrated-SelectFromModel (L1-LR selector) + Naive Bayes,202.0,1.3800602760081443e-15,-7.9872286116977005,-0.7987228611697701,4.706005541187772e-13
Naive Bayes (Chi-square - inCV),Integrated-SelectFromModel (RF selector) + RF,0.0,3.896340037647931e-18,-8.681776644898465,-0.8681776644898465,3.999442607232758e-15
Naive Bayes (Chi-square - inCV),Integrated-SelectFromModel (RF selector) + LR,0.0,3.896340037647931e-18,-8.681776644898465,-0.8681776644898465,3.999442607232758e-15
Naive Bayes (Chi-square - inCV),Integrated-SelectFromModel (RF selector) + KNN,0.0,3.895021439772567e-18,8.681815133950662,0.8681815133950662,3.999442607232758e-15
Naive Bayes (Chi-square - inCV),Integrated-RFECV (L1-LR) + LR,0.0,3.8965598450959084e-18,-8.681770230106196,-0.8681770230106196,3.999442607232758e-15
Naive Bayes (Chi-square - inCV),Integrated-RFECV (L1-LR) + KNN,0.0,3.896120241954008e-18,8.681783059704948,0.8681783059704948,3.999442607232758e-15
Naive Bayes (Chi-square - inCV),Integrated-RFECV (L1-LR) + Naive Bayes,669.0,1.7532632363263363e-10,-6.381530909733506,-0.6381530909733506,3.576657002105726e-08
Naive Bayes (KS - inCV),Integrated-SelectFromModel (L1-LR selector) + LR,0.0,3.896120241954008e-18,-8.681783059704948,-0.8681783059704948,3.999442607232758e-15
Naive Bayes (KS - inCV),Integrated-SelectFromModel (L1-LR selector) + SVM,0.0,3.896340037647931e-18,-8.681776644898465,-0.8681776644898465,3.999442607232758e-15
Naive Bayes (KS - inCV),Integrated-SelectFromModel (L1-LR selector) + KNN,0.0,3.895680685825537e-18,8.681795889360576,0.8681795889360575,3.999442607232758e-15
Naive Bayes (KS - inCV),Integrated-SelectFromModel (L1-LR selector) + Naive Bayes,30.0,9.601241735893055e-18,-8.578626823374917,-0.8578626823374916,4.579792308020987e-15
Naive Bayes (KS - inCV),Integrated-SelectFromModel (RF selector) + RF,0.0,3.8965598450959084e-18,-8.681770230106196,-0.8681770230106196,3.999442607232758e-15
Naive Bayes (KS - inCV),Integrated-SelectFromModel (RF selector) + LR,0.0,3.8965598450959084e-18,-8.681770230106196,-0.8681770230106196,3.999442607232758e-15
Naive Bayes (KS - inCV),Integrated-SelectFromModel (RF selector) + KNN,0.0,3.895460925389839e-18,8.681802304209718,0.8681802304209718,3.999442607232758e-15
Naive Bayes (KS - inCV),Integrated-RFECV (L1-LR) + LR,0.0,3.8965598450959084e-18,-8.681770230106196,-0.8681770230106196,3.999442607232758e-15
Naive Bayes (KS - inCV),Integrated-RFECV (L1-LR) + KNN,0.0,3.896340037647931e-18,8.681776644898465,0.8681776644898465,3.999442607232758e-15
Naive Bayes (KS - inCV),Integrated-RFECV (L1-LR) + Naive Bayes,314.0,2.9128186065970377e-14,-7.602136229213783,-0.7602136229213783,8.767584005857084e-12
Integrated-SelectFromModel (L1-LR selector) + LR,Integrated-SelectFromModel (L1-LR selector) + SVM,24.0,8.022954074212965e-18,-8.599263141513694,-0.8599263141513693,3.999442607232758e-15
Integrated-SelectFromModel (L1-LR selector) + LR,Integrated-SelectFromModel (L1-LR selector) + KNN,0.0,3.896340037647931e-18,8.681776644898465,0.8681776644898465,3.999442607232758e-15
Integrated-SelectFromModel (L1-LR selector) + LR,Integrated-SelectFromModel (L1-LR selector) + Naive Bayes,0.0,3.8965598450959084e-18,8.681770230106196,0.8681770230106196,3.999442607232758e-15
Integrated-SelectFromModel (L1-LR selector) + LR,Integrated-SelectFromModel (RF selector) + RF,1089.0,1.3145242169943657e-06,-4.837545315626939,-0.48375453156269393,0.00018534791459620556
Integrated-SelectFromModel (L1-LR selector) + LR,Integrated-SelectFromModel (RF selector) + LR,438.5,5.026090464317516e-12,-6.904837565535943,-0.6904837565535943,1.2313921637577915e-09
Integrated-SelectFromModel (L1-LR selector) + LR,Integrated-SelectFromModel (RF selector) + KNN,0.0,3.895241176705637e-18,8.681808719073084,0.8681808719073084,3.999442607232758e-15
Integrated-SelectFromModel (L1-LR selector) + LR,Integrated-RFECV (L1-LR) + LR,1941.5,0.44186603045560735,0.0,0.0,1.0
Integrated-SelectFromModel (L1-LR selector) + LR,Integrated-RFECV (L1-LR) + KNN,0.0,3.896120241954008e-18,8.681783059704948,0.8681783059704948,3.999442607232758e-15
Integrated-SelectFromModel (L1-LR selector) + LR,Integrated-RFECV (L1-LR) + Naive Bayes,3.0,4.2663227307182344e-18,8.671455255575378,0.8671455255575378,3.999442607232758e-15
Integrated-SelectFromModel (L1-LR selector) + SVM,Integrated-SelectFromModel (L1-LR selector) + KNN,0.0,3.892824716613678e-18,8.681879283508577,0.8681879283508577,3.999442607232758e-15
Integrated-SelectFromModel (L1-LR selector) + SVM,Integrated-SelectFromModel (L1-LR selector) + Naive Bayes,0.0,3.895021439772567e-18,8.681815133950662,0.8681815133950662,3.999442607232758e-15
Integrated-SelectFromModel (L1-LR selector) + SVM,Integrated-SelectFromModel (RF selector) + RF,92.0,5.98793763389102e-17,8.365462887731056,0.8365462887731056,2.3293077395836066e-14
Integrated-SelectFromModel (L1-LR selector) + SVM,Integrated-SelectFromModel (RF selector) + LR,222.0,2.404435624392263e-15,7.9184738164358395,0.7918473816435839,7.910593204250544e-13
Integrated-SelectFromModel (L1-LR selector) + SVM,Integrated-SelectFromModel (RF selector) + KNN,0.0,3.8847070480899926e-18,8.68211664923769,0.868211664923769,3.999442607232758e-15
Integrated-SelectFromModel (L1-LR selector) + SVM,Integrated-RFECV (L1-LR) + LR,26.0,8.518601699424549e-18,8.592380132911392,0.8592380132911392,4.140040425920331e-15
Integrated-SelectFromModel (L1-LR selector) + SVM,Integrated-RFECV (L1-LR) + KNN,0.0,3.893263967270896e-18,8.681866453483236,0.8681866453483236,3.999442607232758e-15
Integrated-SelectFromModel (L1-LR selector) + SVM,Integrated-RFECV (L1-LR) + Naive Bayes,0.0,3.896340037647931e-18,8.681776644898465,0.8681776644898465,3.999442607232758e-15
Integrated-SelectFromModel (L1-LR selector) + KNN,Integrated-SelectFromModel (L1-LR selector) + Naive Bayes,0.0,3.896340037647931e-18,-8.681776644898465,-0.8681776644898465,3.999442607232758e-15
Integrated-SelectFromModel (L1-LR selector) + KNN,Integrated-SelectFromModel (RF selector) + RF,0.0,3.896120241954008e-18,-8.681783059704948,-0.8681783059704948,3.999442607232758e-15
Integrated-SelectFromModel (L1-LR selector) + KNN,Integrated-SelectFromModel (RF selector) + LR,0.0,3.896340037647931e-18,-8.681776644898465,-0.8681776644898465,3.999442607232758e-15
Integrated-SelectFromModel (L1-LR selector) + KNN,Integrated-SelectFromModel (RF selector) + KNN,237.5,5.125659895001434e-13,7.221925379157209,0.7221925379157209,1.375952601839896e-10
Integrated-SelectFromModel (L1-LR selector) + KNN,Integrated-RFECV (L1-LR) + LR,0.0,3.895900458013434e-18,-8.681789474525653,-0.8681789474525653,3.999442607232758e-15
Integrated-SelectFromModel (L1-LR selector) + KNN,Integrated-RFECV (L1-LR) + KNN,1255.0,0.012116678947822321,0.0,0.0,1.0
Integrated-SelectFromModel (L1-LR selector) + KNN,Integrated-RFECV (L1-LR) + Naive Bayes,0.0,3.896120241954008e-18,-8.681783059704948,-0.8681783059704948,3.999442607232758e-15
Integrated-SelectFromModel (L1-LR selector) + Naive Bayes,Integrated-SelectFromModel (RF selector) + RF,0.0,3.896340037647931e-18,-8.681776644898465,-0.8681776644898465,3.999442607232758e-15
Integrated-SelectFromModel (L1-LR selector) + Naive Bayes,Integrated-SelectFromModel (RF selector) + LR,0.0,3.895900458013434e-18,-8.681789474525653,-0.8681789474525653,3.999442607232758e-15
Integrated-SelectFromModel (L1-LR selector) + Naive Bayes,Integrated-SelectFromModel (RF selector) + KNN,0.0,3.894801714589673e-18,8.681821548842466,0.8681821548842465,3.999442607232758e-15
Integrated-SelectFromModel (L1-LR selector) + Naive Bayes,Integrated-RFECV (L1-LR) + LR,1.0,4.015929308708381e-18,-8.678338317514347,-0.8678338317514347,3.999442607232758e-15
Integrated-SelectFromModel (L1-LR selector) + Naive Bayes,Integrated-RFECV (L1-LR) + KNN,0.0,3.8965598450959084e-18,8.681770230106196,0.8681770230106196,3.999442607232758e-15
Integrated-SelectFromModel (L1-LR selector) + Naive Bayes,Integrated-RFECV (L1-LR) + Naive Bayes,1791.5,0.6041315710796935,0.0,0.0,1.0
Integrated-SelectFromModel (RF selector) + RF,Integrated-SelectFromModel (RF selector) + LR,1632.0,0.0021375339473879472,-3.0704263540175556,-0.3070426354017556,0.21589092868618268
Integrated-SelectFromModel (RF selector) + RF,Integrated-SelectFromModel (RF selector) + KNN,0.0,3.8930443360697965e-18,8.681872868488796,0.8681872868488796,3.999442607232758e-15
Integrated-SelectFromModel (RF selector) + RF,Integrated-RFECV (L1-LR) + LR,1263.0,1.4302031763748798e-05,4.339172364890155,0.4339172364890155,0.0017448478751773534
Integrated-SelectFromModel (RF selector) + RF,Integrated-RFECV (L1-LR) + KNN,0.0,3.896120241954008e-18,8.681783059704948,0.8681783059704948,3.999442607232758e-15
Integrated-SelectFromModel (RF selector) + RF,Integrated-RFECV (L1-LR) + Naive Bayes,1.0,4.0161556854627e-18,8.67833190526259,0.8678331905262591,3.999442607232758e-15
Integrated-SelectFromModel (RF selector) + LR,Integrated-SelectFromModel (RF selector) + KNN,0.0,3.894582001156701e-18,8.68182796374849,0.868182796374849,3.999442607232758e-15
Integrated-SelectFromModel (RF selector) + LR,Integrated-RFECV (L1-LR) + LR,509.0,4.159071174689285e-12,6.9316680063822975,0.6931668006382298,1.0314496513229427e-09
Integrated-SelectFromModel (RF selector) + LR,Integrated-RFECV (L1-LR) + KNN,0.0,3.895680685825537e-18,8.681795889360576,0.8681795889360575,3.999442607232758e-15
Integrated-SelectFromModel (RF selector) + LR,Integrated-RFECV (L1-LR) + Naive Bayes,0.0,5.6968930314943314e-18,8.638473777905249,0.8638473777905249,3.999442607232758e-15
Integrated-SelectFromModel (RF selector) + KNN,Integrated-RFECV (L1-LR) + LR,0.0,3.894801714589673e-18,-8.681821548842466,-0.8681821548842465,3.999442607232758e-15
Integrated-SelectFromModel (RF selector) + KNN,Integrated-RFECV (L1-LR) + KNN,284.0,5.229459385442181e-12,-6.899204369470963,-0.6899204369470964,1.2759880900478921e-09
Integrated-SelectFromModel (RF selector) + KNN,Integrated-RFECV (L1-LR) + Naive Bayes,0.0,3.895460925389839e-18,-8.681802304209718,-0.8681802304209718,3.999442607232758e-15
Integrated-RFECV (L1-LR) + LR,Integrated-RFECV (L1-LR) + KNN,0.0,3.895900458013434e-18,8.681789474525653,0.8681789474525653,3.999442607232758e-15
Integrated-RFECV (L1-LR) + LR,Integrated-RFECV (L1-LR) + Naive Bayes,37.0,1.7494659265736714e-17,8.50932647892999,0.850932647892999,7.680126168882752e-15
Integrated-RFECV (L1-LR) + KNN,Integrated-RFECV (L1-LR) + Naive Bayes,0.0,3.895900458013434e-18,-8.681789474525653,-0.8681789474525653,3.999442607232758e-15
